"*Beginning for the 2015-16 season, reports from public health and clinical laboratories are presented separately in the weekly influenza update, FluView. Data from clinical laboratories include the weekly total number of specimens tested, the number of positive influenza test, and the percent positive by influenza type."
REGION TYPE,REGION,YEAR,WEEK,TOTAL SPECIMENS,TOTAL A,TOTAL B,PERCENT POSITIVE,PERCENT A,PERCENT B
HHS Regions,Region 1,2019,40,1071,3,1,0.373483,0.280112,0.0933707
HHS Regions,Region 2,2019,40,1723,7,0,0.406268,0.406268,0
HHS Regions,Region 3,2019,40,1119,5,4,0.80429,0.446828,0.357462
HHS Regions,Region 4,2019,40,3153,30,37,2.12496,0.951475,1.17349
HHS Regions,Region 5,2019,40,3819,12,7,0.497512,0.314218,0.183294
HHS Regions,Region 6,2019,40,2693,24,46,2.59933,0.891199,1.70813
HHS Regions,Region 7,2019,40,1071,2,1,0.280112,0.186741,0.0933707
HHS Regions,Region 8,2019,40,1098,12,3,1.36612,1.0929,0.273224
HHS Regions,Region 9,2019,40,2373,21,20,1.72777,0.884956,0.842815
HHS Regions,Region 10,2019,40,1731,20,5,1.44425,1.1554,0.28885
HHS Regions,Region 1,2019,41,1192,8,2,0.838926,0.671141,0.167785
HHS Regions,Region 2,2019,41,1919,7,5,0.625326,0.364773,0.260552
HHS Regions,Region 3,2019,41,1171,1,5,0.512383,0.0853971,0.426985
HHS Regions,Region 4,2019,41,3386,36,59,2.80567,1.0632,1.74247
HHS Regions,Region 5,2019,41,4119,14,5,0.461277,0.339888,0.121389
HHS Regions,Region 6,2019,41,3268,17,73,2.75398,0.520196,2.23378
HHS Regions,Region 7,2019,41,1243,7,0,0.563154,0.563154,0
HHS Regions,Region 8,2019,41,1151,10,5,1.30321,0.86881,0.434405
HHS Regions,Region 9,2019,41,2509,33,19,2.07254,1.31527,0.757274
HHS Regions,Region 10,2019,41,2155,13,8,0.974478,0.603248,0.37123
HHS Regions,Region 1,2019,42,1170,5,0,0.42735,0.42735,0
HHS Regions,Region 2,2019,42,2056,7,4,0.535019,0.340467,0.194553
HHS Regions,Region 3,2019,42,1389,9,2,0.791937,0.647948,0.143988
HHS Regions,Region 4,2019,42,3512,40,32,2.05011,1.13895,0.911162
HHS Regions,Region 5,2019,42,4404,13,9,0.499546,0.295186,0.20436
HHS Regions,Region 6,2019,42,3333,26,95,3.63036,0.780078,2.85029
HHS Regions,Region 7,2019,42,1365,0,0,0,0,0
HHS Regions,Region 8,2019,42,1333,10,13,1.72543,0.750188,0.975244
HHS Regions,Region 9,2019,42,2532,38,24,2.44866,1.50079,0.947867
HHS Regions,Region 10,2019,42,2037,24,8,1.57094,1.1782,0.392734
HHS Regions,Region 1,2019,43,1315,9,3,0.912548,0.684411,0.228137
HHS Regions,Region 2,2019,43,2104,18,7,1.18821,0.855513,0.3327
HHS Regions,Region 3,2019,43,1500,4,9,0.866667,0.266667,0.6
HHS Regions,Region 4,2019,43,3852,49,76,3.24507,1.27207,1.973
HHS Regions,Region 5,2019,43,5022,20,19,0.776583,0.398248,0.378335
HHS Regions,Region 6,2019,43,3440,33,169,5.87209,0.959302,4.91279
HHS Regions,Region 7,2019,43,1454,3,0,0.206327,0.206327,0
HHS Regions,Region 8,2019,43,1340,12,15,2.01493,0.895522,1.1194
HHS Regions,Region 9,2019,43,2609,36,42,2.98965,1.37984,1.60981
HHS Regions,Region 10,2019,43,1994,17,14,1.55466,0.852558,0.702106
HHS Regions,Region 1,2019,44,1280,4,2,0.46875,0.3125,0.15625
HHS Regions,Region 2,2019,44,2208,24,8,1.44928,1.08696,0.362319
HHS Regions,Region 3,2019,44,1505,4,5,0.598007,0.265781,0.332226
HHS Regions,Region 4,2019,44,3970,47,88,3.4005,1.18388,2.21662
HHS Regions,Region 5,2019,44,5114,18,19,0.723504,0.351975,0.371529
HHS Regions,Region 6,2019,44,3856,43,324,9.51763,1.11515,8.40249
HHS Regions,Region 7,2019,44,1462,3,2,0.341997,0.205198,0.136799
HHS Regions,Region 8,2019,44,1301,11,19,2.30592,0.845503,1.46042
HHS Regions,Region 9,2019,44,2635,49,62,4.21252,1.85958,2.35294
HHS Regions,Region 10,2019,44,2086,18,27,2.15724,0.862895,1.29434
HHS Regions,Region 1,2019,45,1366,5,4,0.658858,0.366032,0.292826
HHS Regions,Region 2,2019,45,2444,27,16,1.75941,1.10475,0.654664
HHS Regions,Region 3,2019,45,1717,7,14,1.22306,0.407688,0.815376
HHS Regions,Region 4,2019,45,4605,69,129,4.29967,1.49837,2.8013
HHS Regions,Region 5,2019,45,5617,31,16,0.836746,0.551896,0.28485
HHS Regions,Region 6,2019,45,5019,90,623,14.206,1.79319,12.4128
HHS Regions,Region 7,2019,45,1059,7,1,0.75543,0.661001,0.0944287
HHS Regions,Region 8,2019,45,1515,25,55,5.28053,1.65017,3.63036
HHS Regions,Region 9,2019,45,3339,141,167,9.22432,4.22282,5.0015
HHS Regions,Region 10,2019,45,2161,12,50,2.86904,0.555298,2.31374
HHS Regions,Region 1,2019,46,1583,7,5,0.758054,0.442198,0.315856
HHS Regions,Region 2,2019,46,2442,27,27,2.2113,1.10565,1.10565
HHS Regions,Region 3,2019,46,1901,7,13,1.05208,0.368227,0.683851
HHS Regions,Region 4,2019,46,5305,101,230,6.2394,1.90386,4.33553
HHS Regions,Region 5,2019,46,5681,46,49,1.67224,0.809717,0.862524
HHS Regions,Region 6,2019,46,5692,114,775,15.6184,2.00281,13.6156
HHS Regions,Region 7,2019,46,1085,20,12,2.94931,1.84332,1.10599
HHS Regions,Region 8,2019,46,1641,22,79,6.15478,1.34065,4.81414
HHS Regions,Region 9,2019,46,3786,165,274,11.5954,4.35816,7.23719
HHS Regions,Region 10,2019,46,2323,26,125,6.50022,1.11924,5.38097
HHS Regions,Region 1,2019,47,1694,18,9,1.59386,1.06257,0.531287
HHS Regions,Region 2,2019,47,2598,50,35,3.27175,1.92456,1.34719
HHS Regions,Region 3,2019,47,1884,10,19,1.53928,0.530786,1.00849
HHS Regions,Region 4,2019,47,6124,213,440,10.663,3.47812,7.18485
HHS Regions,Region 5,2019,47,6422,99,116,3.34787,1.54158,1.80629
HHS Regions,Region 6,2019,47,7341,216,1311,20.801,2.94238,17.8586
HHS Regions,Region 7,2019,47,2072,62,22,4.05405,2.99228,1.06178
HHS Regions,Region 8,2019,47,1880,28,118,7.76596,1.48936,6.2766
HHS Regions,Region 9,2019,47,3966,176,340,13.0106,4.43772,8.57287
HHS Regions,Region 10,2019,47,2516,31,171,8.02862,1.23211,6.7965
HHS Regions,Region 1,2019,48,1670,46,19,3.89222,2.75449,1.13772
HHS Regions,Region 2,2019,48,2642,91,71,6.13172,3.44436,2.68736
HHS Regions,Region 3,2019,48,1976,23,42,3.28947,1.16397,2.12551
HHS Regions,Region 4,2019,48,6004,273,521,13.2245,4.54697,8.67755
HHS Regions,Region 5,2019,48,6585,114,218,5.04176,1.73121,3.31055
HHS Regions,Region 6,2019,48,6081,230,987,20.0132,3.78227,16.2309
HHS Regions,Region 7,2019,48,2072,59,52,5.35714,2.84749,2.50965
HHS Regions,Region 8,2019,48,1899,37,188,11.8483,1.94839,9.89995
HHS Regions,Region 9,2019,48,3608,170,372,15.0222,4.71175,10.3104
HHS Regions,Region 10,2019,48,2861,36,323,12.5481,1.2583,11.2898
HHS Regions,Region 1,2019,49,2073,55,49,5.01688,2.65316,2.36372
HHS Regions,Region 2,2019,49,3044,115,98,6.99737,3.77792,3.21945
HHS Regions,Region 3,2019,49,2224,34,103,6.16007,1.52878,4.63129
HHS Regions,Region 4,2019,49,6507,296,425,11.0804,4.54895,6.53143
HHS Regions,Region 5,2019,49,8217,182,409,7.19241,2.21492,4.97749
HHS Regions,Region 6,2019,49,6986,297,990,18.4226,4.25136,14.1712
HHS Regions,Region 7,2019,49,2326,67,91,6.79278,2.88048,3.9123
HHS Regions,Region 8,2019,49,2265,77,230,13.5541,3.39956,10.1545
HHS Regions,Region 9,2019,49,4454,236,495,16.4122,5.29861,11.1136
HHS Regions,Region 10,2019,49,3833,67,571,16.6449,1.74798,14.8969
HHS Regions,Region 1,2019,50,2155,86,71,7.28538,3.99072,3.29466
HHS Regions,Region 2,2019,50,3356,211,217,12.7533,6.28725,6.46603
HHS Regions,Region 3,2019,50,2414,56,125,7.49793,2.3198,5.17813
HHS Regions,Region 4,2019,50,7298,602,651,17.1691,8.24884,8.92025
HHS Regions,Region 5,2019,50,9002,282,795,11.964,3.13264,8.83137
HHS Regions,Region 6,2019,50,5696,329,975,22.8933,5.77598,17.1173
HHS Regions,Region 7,2019,50,2882,130,288,14.5038,4.51076,9.99306
HHS Regions,Region 8,2019,50,2547,75,331,15.9403,2.94464,12.9957
HHS Regions,Region 9,2019,50,4763,279,582,18.0768,5.85765,12.2192
HHS Regions,Region 10,2019,50,4798,108,1062,24.3852,2.25094,22.1342
HHS Regions,Region 1,2019,51,2339,140,164,12.997,5.98546,7.01154
HHS Regions,Region 2,2019,51,3852,279,281,14.5379,7.24299,7.29491
HHS Regions,Region 3,2019,51,2895,124,275,13.7824,4.28325,9.49914
HHS Regions,Region 4,2019,51,8219,964,861,22.2046,11.7289,10.4757
HHS Regions,Region 5,2019,51,11492,560,1688,19.5614,4.87296,14.6885
HHS Regions,Region 6,2019,51,7910,626,1832,31.0746,7.91403,23.1606
HHS Regions,Region 7,2019,51,3374,192,561,22.3177,5.69057,16.6271
HHS Regions,Region 8,2019,51,3241,176,550,22.4005,5.43042,16.9701
HHS Regions,Region 9,2019,51,4911,468,831,26.4508,9.52963,16.9212
HHS Regions,Region 10,2019,51,6247,168,1536,27.2771,2.68929,24.5878
HHS Regions,Region 1,2019,52,3088,294,297,19.1386,9.52073,9.61788
HHS Regions,Region 2,2019,52,4347,489,531,23.4645,11.2491,12.2153
HHS Regions,Region 3,2019,52,3729,215,556,20.6758,5.76562,14.9102
HHS Regions,Region 4,2019,52,10192,1617,1127,26.9231,15.8654,11.0577
HHS Regions,Region 5,2019,52,14409,1034,2830,26.8166,7.17607,19.6405
HHS Regions,Region 6,2019,52,8631,1001,2118,36.1372,11.5977,24.5395
HHS Regions,Region 7,2019,52,4038,321,809,27.9842,7.94948,20.0347
HHS Regions,Region 8,2019,52,3626,298,685,27.1098,8.21842,18.8913
HHS Regions,Region 9,2019,52,5243,498,682,22.5062,9.49838,13.0078
HHS Regions,Region 10,2019,52,6721,213,1629,27.4066,3.16917,24.2375
HHS Regions,Region 1,2020,1,3613,357,466,22.7789,9.88099,12.8979
HHS Regions,Region 2,2020,1,5331,579,628,22.6412,10.861,11.7802
HHS Regions,Region 3,2020,1,4002,275,532,20.1649,6.87156,13.2934
HHS Regions,Region 4,2020,1,8846,1049,684,19.5908,11.8585,7.73231
HHS Regions,Region 5,2020,1,14992,972,2477,23.0056,6.48346,16.5221
HHS Regions,Region 6,2020,1,7925,794,1543,29.489,10.0189,19.47
HHS Regions,Region 7,2020,1,3934,294,619,23.2079,7.47331,15.7346
HHS Regions,Region 8,2020,1,3986,355,724,27.0697,8.90617,18.1636
HHS Regions,Region 9,2020,1,5635,661,691,23.9929,11.7303,12.2626
HHS Regions,Region 10,2020,1,6913,309,1300,23.275,4.46984,18.8051
HHS Regions,Region 1,2020,2,3978,414,614,25.8421,10.4072,15.4349
HHS Regions,Region 2,2020,2,5242,594,536,21.5567,11.3316,10.2251
HHS Regions,Region 3,2020,2,3741,303,464,20.5025,8.09944,12.4031
HHS Regions,Region 4,2020,2,7232,892,437,18.3767,12.3341,6.04259
HHS Regions,Region 5,2020,2,14086,1071,2049,22.1497,7.60329,14.5464
HHS Regions,Region 6,2020,2,7020,973,1160,30.3846,13.8604,16.5242
HHS Regions,Region 7,2020,2,3489,263,502,21.9261,7.53798,14.3881
HHS Regions,Region 8,2020,2,3868,400,577,25.2585,10.3413,14.9173
HHS Regions,Region 9,2020,2,6086,863,674,25.2547,14.1801,11.0746
HHS Regions,Region 10,2020,2,5975,336,915,20.9372,5.62343,15.3138
HHS Regions,Region 1,2020,3,4176,506,833,32.0642,12.1169,19.9473
HHS Regions,Region 2,2020,3,5113,668,546,23.7434,13.0647,10.6787
HHS Regions,Region 3,2020,3,3713,392,471,23.2427,10.5575,12.6852
HHS Regions,Region 4,2020,3,6683,877,359,18.4947,13.1228,5.37184
HHS Regions,Region 5,2020,3,13490,1473,2144,26.8125,10.9192,15.8933
HHS Regions,Region 6,2020,3,7639,1376,1071,32.033,18.0128,14.0202
HHS Regions,Region 7,2020,3,3463,277,599,25.296,7.99884,17.2971
HHS Regions,Region 8,2020,3,4123,579,657,29.9782,14.0432,15.935
HHS Regions,Region 9,2020,3,6627,1166,743,28.8064,17.5947,11.2117
HHS Regions,Region 10,2020,3,5289,398,597,18.8126,7.52505,11.2876
HHS Regions,Region 1,2020,4,4872,575,1160,35.6117,11.8021,23.8095
HHS Regions,Region 2,2020,4,5026,711,558,25.2487,14.1464,11.1023
HHS Regions,Region 3,2020,4,3866,450,547,25.7889,11.6399,14.149
HHS Regions,Region 4,2020,4,6882,906,389,18.8172,13.1648,5.65243
HHS Regions,Region 5,2020,4,14976,1952,2631,30.6023,13.0342,17.5681
HHS Regions,Region 6,2020,4,8059,1620,807,30.1154,20.1017,10.0136
HHS Regions,Region 7,2020,4,3585,460,654,31.0739,12.8312,18.2427
HHS Regions,Region 8,2020,4,4647,753,726,31.827,16.204,15.623
HHS Regions,Region 9,2020,4,7171,1465,726,30.5536,20.4295,10.1241
HHS Regions,Region 10,2020,4,5418,586,566,21.2625,10.8158,10.4467
HHS Regions,Region 1,2020,5,5581,807,1336,38.3981,14.4598,23.9384
HHS Regions,Region 2,2020,5,5504,840,657,27.1984,15.2616,11.9368
HHS Regions,Region 3,2020,5,4754,743,715,30.6689,15.6289,15.04
HHS Regions,Region 4,2020,5,7860,1176,446,20.6361,14.9618,5.6743
HHS Regions,Region 5,2020,5,17196,2776,3041,33.8276,16.1433,17.6843
HHS Regions,Region 6,2020,5,9767,2158,1075,33.1013,22.0948,11.0065
HHS Regions,Region 7,2020,5,4058,662,717,33.9823,16.3135,17.6688
HHS Regions,Region 8,2020,5,4941,864,664,30.9249,17.4863,13.4386
HHS Regions,Region 9,2020,5,7447,1507,612,28.4544,20.2363,8.21807
HHS Regions,Region 10,2020,5,5116,569,408,19.097,11.122,7.97498
HHS Regions,Region 1,2020,6,5607,902,1177,37.0787,16.087,20.9916
HHS Regions,Region 2,2020,6,5256,827,658,28.2534,15.7344,12.519
HHS Regions,Region 3,2020,6,4725,696,813,31.9365,14.7302,17.2063
HHS Regions,Region 4,2020,6,8184,1235,498,21.1755,15.0904,6.08504
HHS Regions,Region 5,2020,6,18179,3782,2881,36.6522,20.8042,15.848
HHS Regions,Region 6,2020,6,8906,1879,661,28.5201,21.0981,7.42196
HHS Regions,Region 7,2020,6,4415,812,809,36.7157,18.3918,18.3239
HHS Regions,Region 8,2020,6,4827,998,515,31.3445,20.6754,10.6692
HHS Regions,Region 9,2020,6,7174,1345,507,25.8154,18.7483,7.06719
HHS Regions,Region 10,2020,6,4595,484,268,16.3656,10.5332,5.83243
HHS Regions,Region 1,2020,7,4955,821,912,34.9748,16.5691,18.4057
HHS Regions,Region 2,2020,7,5146,856,477,25.9036,16.6343,9.26934
HHS Regions,Region 3,2020,7,4454,738,624,30.5793,16.5694,14.0099
HHS Regions,Region 4,2020,7,7511,963,348,17.4544,12.8212,4.6332
HHS Regions,Region 5,2020,7,17624,4133,2462,37.4206,23.451,13.9696
HHS Regions,Region 6,2020,7,8348,1808,538,28.1025,21.6579,6.44466
HHS Regions,Region 7,2020,7,4600,947,690,35.587,20.587,15
HHS Regions,Region 8,2020,7,5079,1134,460,31.3841,22.3272,9.0569
HHS Regions,Region 9,2020,7,6958,1455,437,27.1917,20.9112,6.28054
HHS Regions,Region 10,2020,7,4582,517,232,16.3466,11.2833,5.06329
HHS Regions,Region 1,2020,8,4465,785,588,30.7503,17.5812,13.1691
HHS Regions,Region 2,2020,8,4687,711,354,22.7224,15.1696,7.55281
HHS Regions,Region 3,2020,8,4053,671,407,26.5976,16.5556,10.0419
HHS Regions,Region 4,2020,8,6677,707,294,14.9918,10.5886,4.40318
HHS Regions,Region 5,2020,8,17952,4396,2139,36.4026,24.4875,11.9151
HHS Regions,Region 6,2020,8,8201,1779,448,27.1552,21.6925,5.46275
HHS Regions,Region 7,2020,8,4297,927,611,35.7924,21.5732,14.2192
HHS Regions,Region 8,2020,8,4598,1061,358,30.8612,23.0753,7.78599
HHS Regions,Region 9,2020,8,6065,1142,364,24.831,18.8293,6.00165
HHS Regions,Region 10,2020,8,4217,535,192,17.2397,12.6867,4.553
HHS Regions,Region 1,2020,9,4096,664,429,26.6846,16.2109,10.4736
HHS Regions,Region 2,2020,9,4885,755,308,21.7605,15.4555,6.30502
HHS Regions,Region 3,2020,9,4044,684,277,23.7636,16.9139,6.84965
HHS Regions,Region 4,2020,9,5927,590,215,13.5819,9.95445,3.62747
HHS Regions,Region 5,2020,9,16704,3991,1560,33.2316,23.8925,9.33908
HHS Regions,Region 6,2020,9,6791,1312,280,23.4428,19.3197,4.1231
HHS Regions,Region 7,2020,9,4320,879,513,32.2222,20.3472,11.875
HHS Regions,Region 8,2020,9,4512,1005,290,28.7012,22.2739,6.4273
HHS Regions,Region 9,2020,9,6253,1092,334,22.8051,17.4636,5.34144
HHS Regions,Region 10,2020,9,4895,741,157,18.3453,15.1379,3.20735
HHS Regions,Region 1,2020,10,3693,539,252,21.4189,14.5952,6.82372
HHS Regions,Region 2,2020,10,4894,614,189,16.4078,12.546,3.86187
HHS Regions,Region 3,2020,10,3959,665,228,22.5562,16.7972,5.75903
HHS Regions,Region 4,2020,10,7062,710,213,13.07,10.0538,3.01614
HHS Regions,Region 5,2020,10,16773,3836,1242,30.2748,22.8701,7.40476
HHS Regions,Region 6,2020,10,7429,1219,298,20.42,16.4087,4.01131
HHS Regions,Region 7,2020,10,2904,553,320,30.062,19.0427,11.0193
HHS Regions,Region 8,2020,10,4751,1049,194,26.1629,22.0796,4.08335
HHS Regions,Region 9,2020,10,6143,877,281,18.8507,14.2764,4.57431
HHS Regions,Region 10,2020,10,6541,988,161,17.5661,15.1047,2.4614
HHS Regions,Region 1,2020,11,3792,475,214,18.1698,12.5264,5.64346
HHS Regions,Region 2,2020,11,5322,532,145,12.7208,9.99624,2.72454
HHS Regions,Region 3,2020,11,4462,600,150,16.8086,13.4469,3.36172
HHS Regions,Region 4,2020,11,8894,604,264,9.75939,6.7911,2.96829
HHS Regions,Region 5,2020,11,19354,3294,966,22.011,17.0197,4.99122
HHS Regions,Region 6,2020,11,7870,856,259,14.1677,10.8767,3.29098
HHS Regions,Region 7,2020,11,4313,561,311,20.2179,13.0072,7.21076
HHS Regions,Region 8,2020,11,5930,871,139,17.032,14.688,2.34401
HHS Regions,Region 9,2020,11,6116,488,131,10.121,7.97907,2.14192
HHS Regions,Region 10,2020,11,8363,796,111,10.8454,9.51812,1.32727
HHS Regions,Region 1,2020,12,3644,201,100,8.26015,5.51592,2.74424
HHS Regions,Region 2,2020,12,5439,260,93,6.49016,4.78029,1.70987
HHS Regions,Region 3,2020,12,5011,354,72,8.5013,7.06446,1.43684
HHS Regions,Region 4,2020,12,9656,302,148,4.66031,3.12759,1.53273
HHS Regions,Region 5,2020,12,19954,1501,509,10.0732,7.5223,2.55087
HHS Regions,Region 6,2020,12,7895,315,97,5.21849,3.98987,1.22863
HHS Regions,Region 7,2020,12,4416,208,146,8.0163,4.71014,3.30616
HHS Regions,Region 8,2020,12,6878,556,101,9.5522,8.08375,1.46845
HHS Regions,Region 9,2020,12,4112,134,45,4.35311,3.25875,1.09436
HHS Regions,Region 10,2020,12,6085,300,41,5.60394,4.93016,0.673788
HHS Regions,Region 1,2020,13,2284,32,18,2.18914,1.40105,0.788091
HHS Regions,Region 2,2020,13,3509,44,12,1.5959,1.25392,0.341978
HHS Regions,Region 3,2020,13,3716,75,15,2.42196,2.0183,0.40366
HHS Regions,Region 4,2020,13,6204,65,53,1.902,1.04771,0.854288
HHS Regions,Region 5,2020,13,11598,237,98,2.88843,2.04346,0.844973
HHS Regions,Region 6,2020,13,5369,50,27,1.43416,0.931272,0.502887
HHS Regions,Region 7,2020,13,1156,22,12,2.94118,1.90311,1.03806
HHS Regions,Region 8,2020,13,4706,125,21,3.10242,2.65618,0.446239
HHS Regions,Region 9,2020,13,2364,45,11,2.36887,1.90355,0.465313
HHS Regions,Region 10,2020,13,3848,64,13,2.00104,1.6632,0.337838
HHS Regions,Region 1,2020,14,2384,13,11,1.00671,0.545302,0.461409
HHS Regions,Region 2,2020,14,2040,12,8,0.980392,0.588235,0.392157
HHS Regions,Region 3,2020,14,2090,21,7,1.33971,1.00478,0.334928
HHS Regions,Region 4,2020,14,4156,19,14,0.794033,0.45717,0.336862
HHS Regions,Region 5,2020,14,8404,48,40,1.04712,0.571157,0.475964
HHS Regions,Region 6,2020,14,2565,9,13,0.8577,0.350877,0.506823
HHS Regions,Region 7,2020,14,1782,10,10,1.12233,0.561167,0.561167
HHS Regions,Region 8,2020,14,2890,14,4,0.622837,0.484429,0.138408
HHS Regions,Region 9,2020,14,1642,40,14,3.28867,2.43605,0.852619
HHS Regions,Region 10,2020,14,2885,10,1,0.381282,0.34662,0.034662
HHS Regions,Region 1,2020,15,1570,1,5,0.382166,0.0636943,0.318471
HHS Regions,Region 2,2020,15,1240,0,0,0,0,0
HHS Regions,Region 3,2020,15,1049,4,1,0.476644,0.381316,0.0953289
HHS Regions,Region 4,2020,15,3081,13,11,0.778968,0.421941,0.357027
HHS Regions,Region 5,2020,15,4539,15,8,0.50672,0.330469,0.17625
HHS Regions,Region 6,2020,15,1960,8,10,0.918367,0.408163,0.510204
HHS Regions,Region 7,2020,15,1189,3,1,0.336417,0.252313,0.0841043
HHS Regions,Region 8,2020,15,1769,2,2,0.226116,0.113058,0.113058
HHS Regions,Region 9,2020,15,1268,28,8,2.83912,2.2082,0.630915
HHS Regions,Region 10,2020,15,1907,1,0,0.0524384,0.0524384,0
HHS Regions,Region 1,2020,16,1456,7,12,1.30495,0.480769,0.824176
HHS Regions,Region 2,2020,16,722,1,0,0.138504,0.138504,0
HHS Regions,Region 3,2020,16,691,1,0,0.144718,0.144718,0
HHS Regions,Region 4,2020,16,2188,11,1,0.548446,0.502742,0.0457038
HHS Regions,Region 5,2020,16,3177,3,4,0.220334,0.0944287,0.125905
HHS Regions,Region 6,2020,16,1586,1,4,0.315259,0.0630517,0.252207
HHS Regions,Region 7,2020,16,804,5,2,0.870647,0.621891,0.248756
HHS Regions,Region 8,2020,16,1397,2,1,0.214746,0.143164,0.071582
HHS Regions,Region 9,2020,16,1199,27,8,2.9191,2.25188,0.667223
HHS Regions,Region 10,2020,16,1223,0,0,0,0,0
HHS Regions,Region 1,2020,17,1237,1,1,0.161681,0.0808407,0.0808407
HHS Regions,Region 2,2020,17,510,1,0,0.196078,0.196078,0
HHS Regions,Region 3,2020,17,636,0,0,0,0,0
HHS Regions,Region 4,2020,17,1933,5,1,0.310398,0.258665,0.0517331
HHS Regions,Region 5,2020,17,2890,4,4,0.276817,0.138408,0.138408
HHS Regions,Region 6,2020,17,1497,3,1,0.267201,0.200401,0.0668003
HHS Regions,Region 7,2020,17,733,0,0,0,0,0
HHS Regions,Region 8,2020,17,1232,3,1,0.324675,0.243506,0.0811688
HHS Regions,Region 9,2020,17,1071,1,0,0.0933707,0.0933707,0
HHS Regions,Region 10,2020,17,1083,2,0,0.184672,0.184672,0
HHS Regions,Region 1,2020,18,841,2,2,0.475624,0.237812,0.237812
HHS Regions,Region 2,2020,18,513,0,0,0,0,0
HHS Regions,Region 3,2020,18,487,0,0,0,0,0
HHS Regions,Region 4,2020,18,1675,5,0,0.298507,0.298507,0
HHS Regions,Region 5,2020,18,2174,5,3,0.367985,0.229991,0.137994
HHS Regions,Region 6,2020,18,1577,2,0,0.126823,0.126823,0
HHS Regions,Region 7,2020,18,504,2,1,0.595238,0.396825,0.198413
HHS Regions,Region 8,2020,18,1007,1,0,0.0993049,0.0993049,0
HHS Regions,Region 9,2020,18,698,0,0,0,0,0
HHS Regions,Region 10,2020,18,792,2,2,0.505051,0.252525,0.252525
HHS Regions,Region 1,2020,19,718,0,1,0.139276,0,0.139276
HHS Regions,Region 2,2020,19,432,1,0,0.231481,0.231481,0
HHS Regions,Region 3,2020,19,438,0,0,0,0,0
HHS Regions,Region 4,2020,19,1564,7,6,0.831202,0.44757,0.383632
HHS Regions,Region 5,2020,19,1927,3,2,0.259471,0.155682,0.103788
HHS Regions,Region 6,2020,19,1098,3,4,0.637523,0.273224,0.364299
HHS Regions,Region 7,2020,19,474,0,2,0.421941,0,0.421941
HHS Regions,Region 8,2020,19,924,0,0,0,0,0
HHS Regions,Region 9,2020,19,678,0,0,0,0,0
HHS Regions,Region 10,2020,19,638,0,0,0,0,0
HHS Regions,Region 1,2020,20,598,0,2,0.334448,0,0.334448
HHS Regions,Region 2,2020,20,469,1,1,0.426439,0.21322,0.21322
HHS Regions,Region 3,2020,20,442,1,0,0.226244,0.226244,0
HHS Regions,Region 4,2020,20,1343,7,2,0.670141,0.521221,0.14892
HHS Regions,Region 5,2020,20,1776,2,2,0.225225,0.112613,0.112613
HHS Regions,Region 6,2020,20,871,1,3,0.459242,0.114811,0.344432
HHS Regions,Region 7,2020,20,181,0,0,0,0,0
HHS Regions,Region 8,2020,20,848,0,0,0,0,0
HHS Regions,Region 9,2020,20,642,1,0,0.155763,0.155763,0
HHS Regions,Region 10,2020,20,674,1,0,0.148368,0.148368,0
HHS Regions,Region 1,2020,21,548,1,1,0.364964,0.182482,0.182482
HHS Regions,Region 2,2020,21,396,0,0,0,0,0
HHS Regions,Region 3,2020,21,564,0,0,0,0,0
HHS Regions,Region 4,2020,21,1247,3,3,0.481155,0.240577,0.240577
HHS Regions,Region 5,2020,21,1487,2,0,0.134499,0.134499,0
HHS Regions,Region 6,2020,21,1049,1,3,0.381316,0.0953289,0.285987
HHS Regions,Region 7,2020,21,407,1,1,0.4914,0.2457,0.2457
HHS Regions,Region 8,2020,21,757,0,0,0,0,0
HHS Regions,Region 9,2020,21,605,0,0,0,0,0
HHS Regions,Region 10,2020,21,463,0,0,0,0,0
HHS Regions,Region 1,2020,22,398,0,1,0.251256,0,0.251256
HHS Regions,Region 2,2020,22,353,0,0,0,0,0
HHS Regions,Region 3,2020,22,427,0,0,0,0,0
HHS Regions,Region 4,2020,22,1110,5,0,0.45045,0.45045,0
HHS Regions,Region 5,2020,22,1266,0,2,0.157978,0,0.157978
HHS Regions,Region 6,2020,22,959,1,0,0.104275,0.104275,0
HHS Regions,Region 7,2020,22,137,0,0,0,0,0
HHS Regions,Region 8,2020,22,616,1,0,0.162338,0.162338,0
HHS Regions,Region 9,2020,22,414,0,0,0,0,0
HHS Regions,Region 10,2020,22,374,0,0,0,0,0
HHS Regions,Region 1,2020,23,507,0,0,0,0,0
HHS Regions,Region 2,2020,23,382,0,0,0,0,0
HHS Regions,Region 3,2020,23,417,0,0,0,0,0
HHS Regions,Region 4,2020,23,1095,1,5,0.547945,0.0913242,0.456621
HHS Regions,Region 5,2020,23,1227,1,0,0.0814996,0.0814996,0
HHS Regions,Region 6,2020,23,748,0,1,0.13369,0,0.13369
HHS Regions,Region 7,2020,23,375,1,0,0.266667,0.266667,0
HHS Regions,Region 8,2020,23,599,6,6,2.00334,1.00167,1.00167
HHS Regions,Region 9,2020,23,465,0,0,0,0,0
HHS Regions,Region 10,2020,23,366,0,0,0,0,0
HHS Regions,Region 1,2020,24,359,0,0,0,0,0
HHS Regions,Region 2,2020,24,436,0,1,0.229358,0,0.229358
HHS Regions,Region 3,2020,24,422,0,0,0,0,0
HHS Regions,Region 4,2020,24,958,5,2,0.730689,0.521921,0.208768
HHS Regions,Region 5,2020,24,1019,1,1,0.196271,0.0981354,0.0981354
HHS Regions,Region 6,2020,24,899,2,4,0.667408,0.222469,0.444939
HHS Regions,Region 7,2020,24,329,0,0,0,0,0
HHS Regions,Region 8,2020,24,498,0,0,0,0,0
HHS Regions,Region 9,2020,24,450,0,0,0,0,0
HHS Regions,Region 10,2020,24,348,0,0,0,0,0
HHS Regions,Region 1,2020,25,279,0,0,0,0,0
HHS Regions,Region 2,2020,25,365,0,0,0,0,0
HHS Regions,Region 3,2020,25,387,0,0,0,0,0
HHS Regions,Region 4,2020,25,1092,2,1,0.274725,0.18315,0.0915751
HHS Regions,Region 5,2020,25,950,6,3,0.947368,0.631579,0.315789
HHS Regions,Region 6,2020,25,934,4,4,0.856531,0.428266,0.428266
HHS Regions,Region 7,2020,25,118,0,0,0,0,0
HHS Regions,Region 8,2020,25,509,0,0,0,0,0
HHS Regions,Region 9,2020,25,312,0,0,0,0,0
HHS Regions,Region 10,2020,25,301,0,0,0,0,0
HHS Regions,Region 1,2020,26,293,0,0,0,0,0
HHS Regions,Region 2,2020,26,389,0,0,0,0,0
HHS Regions,Region 3,2020,26,400,0,0,0,0,0
HHS Regions,Region 4,2020,26,1151,2,0,0.173762,0.173762,0
HHS Regions,Region 5,2020,26,1110,1,2,0.27027,0.0900901,0.18018
HHS Regions,Region 6,2020,26,847,6,4,1.18064,0.708383,0.472255
HHS Regions,Region 7,2020,26,362,0,1,0.276243,0,0.276243
HHS Regions,Region 8,2020,26,541,0,0,0,0,0
HHS Regions,Region 9,2020,26,295,0,0,0,0,0
HHS Regions,Region 10,2020,26,279,0,0,0,0,0
HHS Regions,Region 1,2020,27,237,0,0,0,0,0
HHS Regions,Region 2,2020,27,369,1,0,0.271003,0.271003,0
HHS Regions,Region 3,2020,27,439,0,0,0,0,0
HHS Regions,Region 4,2020,27,1390,3,1,0.28777,0.215827,0.0719424
HHS Regions,Region 5,2020,27,1004,1,1,0.199203,0.0996016,0.0996016
HHS Regions,Region 6,2020,27,906,1,3,0.441501,0.110375,0.331126
HHS Regions,Region 7,2020,27,346,0,0,0,0,0
HHS Regions,Region 8,2020,27,533,0,0,0,0,0
HHS Regions,Region 9,2020,27,784,2,0,0.255102,0.255102,0
HHS Regions,Region 10,2020,27,250,0,0,0,0,0
HHS Regions,Region 1,2020,28,259,0,0,0,0,0
HHS Regions,Region 2,2020,28,469,0,0,0,0,0
HHS Regions,Region 3,2020,28,491,0,0,0,0,0
HHS Regions,Region 4,2020,28,1318,0,2,0.151745,0,0.151745
HHS Regions,Region 5,2020,28,1174,2,1,0.255537,0.170358,0.0851789
HHS Regions,Region 6,2020,28,840,1,2,0.357143,0.119048,0.238095
HHS Regions,Region 7,2020,28,201,0,0,0,0,0
HHS Regions,Region 8,2020,28,468,0,0,0,0,0
HHS Regions,Region 9,2020,28,842,2,0,0.23753,0.23753,0
HHS Regions,Region 10,2020,28,260,1,0,0.384615,0.384615,0
HHS Regions,Region 1,2020,29,244,0,0,0,0,0
HHS Regions,Region 2,2020,29,462,0,0,0,0,0
HHS Regions,Region 3,2020,29,442,0,0,0,0,0
HHS Regions,Region 4,2020,29,1043,4,4,0.767018,0.383509,0.383509
HHS Regions,Region 5,2020,29,1095,2,0,0.182648,0.182648,0
HHS Regions,Region 6,2020,29,829,4,5,1.08565,0.482509,0.603136
HHS Regions,Region 7,2020,29,425,0,2,0.470588,0,0.470588
HHS Regions,Region 8,2020,29,635,1,1,0.314961,0.15748,0.15748
HHS Regions,Region 9,2020,29,765,0,0,0,0,0
HHS Regions,Region 10,2020,29,236,0,0,0,0,0
HHS Regions,Region 1,2020,30,241,0,0,0,0,0
HHS Regions,Region 2,2020,30,520,1,1,0.384615,0.192308,0.192308
HHS Regions,Region 3,2020,30,456,0,0,0,0,0
HHS Regions,Region 4,2020,30,1004,1,0,0.0996016,0.0996016,0
HHS Regions,Region 5,2020,30,986,3,0,0.30426,0.30426,0
HHS Regions,Region 6,2020,30,491,0,3,0.610998,0,0.610998
HHS Regions,Region 7,2020,30,459,0,0,0,0,0
HHS Regions,Region 8,2020,30,922,0,0,0,0,0
HHS Regions,Region 9,2020,30,792,0,0,0,0,0
HHS Regions,Region 10,2020,30,171,0,0,0,0,0
HHS Regions,Region 1,2020,31,222,0,0,0,0,0
HHS Regions,Region 2,2020,31,490,0,0,0,0,0
HHS Regions,Region 3,2020,31,550,0,0,0,0,0
HHS Regions,Region 4,2020,31,842,0,1,0.118765,0,0.118765
HHS Regions,Region 5,2020,31,1034,0,0,0,0,0
HHS Regions,Region 6,2020,31,779,0,3,0.385109,0,0.385109
HHS Regions,Region 7,2020,31,418,0,1,0.239234,0,0.239234
HHS Regions,Region 8,2020,31,834,1,0,0.119904,0.119904,0
HHS Regions,Region 9,2020,31,759,2,0,0.263505,0.263505,0
HHS Regions,Region 10,2020,31,177,0,0,0,0,0
HHS Regions,Region 1,2020,32,242,0,0,0,0,0
HHS Regions,Region 2,2020,32,467,0,0,0,0,0
HHS Regions,Region 3,2020,32,528,0,0,0,0,0
HHS Regions,Region 4,2020,32,954,2,0,0.209644,0.209644,0
HHS Regions,Region 5,2020,32,1104,1,0,0.0905797,0.0905797,0
HHS Regions,Region 6,2020,32,771,0,3,0.389105,0,0.389105
HHS Regions,Region 7,2020,32,464,1,0,0.215517,0.215517,0
HHS Regions,Region 8,2020,32,844,0,0,0,0,0
HHS Regions,Region 9,2020,32,807,2,1,0.371747,0.247831,0.123916
HHS Regions,Region 10,2020,32,149,1,0,0.671141,0.671141,0
HHS Regions,Region 1,2020,33,267,0,0,0,0,0
HHS Regions,Region 2,2020,33,536,0,0,0,0,0
HHS Regions,Region 3,2020,33,608,0,0,0,0,0
HHS Regions,Region 4,2020,33,950,2,1,0.315789,0.210526,0.105263
HHS Regions,Region 5,2020,33,1040,1,1,0.192308,0.0961538,0.0961538
HHS Regions,Region 6,2020,33,504,0,2,0.396825,0,0.396825
HHS Regions,Region 7,2020,33,463,0,0,0,0,0
HHS Regions,Region 8,2020,33,782,0,0,0,0,0
HHS Regions,Region 9,2020,33,797,1,0,0.125471,0.125471,0
HHS Regions,Region 10,2020,33,173,0,0,0,0,0
HHS Regions,Region 1,2020,34,289,0,0,0,0,0
HHS Regions,Region 2,2020,34,682,0,0,0,0,0
HHS Regions,Region 3,2020,34,534,0,0,0,0,0
HHS Regions,Region 4,2020,34,907,1,4,0.551268,0.110254,0.441014
HHS Regions,Region 5,2020,34,1065,4,1,0.469484,0.375587,0.0938967
HHS Regions,Region 6,2020,34,583,0,2,0.343053,0,0.343053
HHS Regions,Region 7,2020,34,515,0,0,0,0,0
HHS Regions,Region 8,2020,34,703,0,0,0,0,0
HHS Regions,Region 9,2020,34,750,1,1,0.266667,0.133333,0.133333
HHS Regions,Region 10,2020,34,210,0,0,0,0,0
HHS Regions,Region 1,2020,35,291,0,0,0,0,0
HHS Regions,Region 2,2020,35,664,0,0,0,0,0
HHS Regions,Region 3,2020,35,591,0,0,0,0,0
HHS Regions,Region 4,2020,35,974,4,12,1.64271,0.410678,1.23203
HHS Regions,Region 5,2020,35,1080,2,0,0.185185,0.185185,0
HHS Regions,Region 6,2020,35,667,1,1,0.29985,0.149925,0.149925
HHS Regions,Region 7,2020,35,516,0,0,0,0,0
HHS Regions,Region 8,2020,35,694,0,0,0,0,0
HHS Regions,Region 9,2020,35,787,0,0,0,0,0
HHS Regions,Region 10,2020,35,179,0,0,0,0,0
HHS Regions,Region 1,2020,36,324,0,0,0,0,0
HHS Regions,Region 2,2020,36,683,0,0,0,0,0
HHS Regions,Region 3,2020,36,558,0,0,0,0,0
HHS Regions,Region 4,2020,36,928,1,1,0.215517,0.107759,0.107759
HHS Regions,Region 5,2020,36,1151,3,0,0.260643,0.260643,0
HHS Regions,Region 6,2020,36,805,2,4,0.745342,0.248447,0.496894
HHS Regions,Region 7,2020,36,576,0,0,0,0,0
HHS Regions,Region 8,2020,36,706,0,0,0,0,0
HHS Regions,Region 9,2020,36,638,1,1,0.31348,0.15674,0.15674
HHS Regions,Region 10,2020,36,174,0,0,0,0,0
HHS Regions,Region 1,2020,37,408,0,1,0.245098,0,0.245098
HHS Regions,Region 2,2020,37,757,0,0,0,0,0
HHS Regions,Region 3,2020,37,653,0,0,0,0,0
HHS Regions,Region 4,2020,37,934,4,2,0.642398,0.428266,0.214133
HHS Regions,Region 5,2020,37,1182,0,0,0,0,0
HHS Regions,Region 6,2020,37,813,1,3,0.492005,0.123001,0.369004
HHS Regions,Region 7,2020,37,533,0,0,0,0,0
HHS Regions,Region 8,2020,37,910,0,0,0,0,0
HHS Regions,Region 9,2020,37,700,2,0,0.285714,0.285714,0
HHS Regions,Region 10,2020,37,169,0,0,0,0,0
HHS Regions,Region 1,2020,38,394,0,0,0,0,0
HHS Regions,Region 2,2020,38,850,2,2,0.470588,0.235294,0.235294
HHS Regions,Region 3,2020,38,801,0,0,0,0,0
HHS Regions,Region 4,2020,38,1003,1,8,0.897308,0.0997009,0.797607
HHS Regions,Region 5,2020,38,1380,2,2,0.289855,0.144928,0.144928
HHS Regions,Region 6,2020,38,921,7,5,1.30293,0.760043,0.542888
HHS Regions,Region 7,2020,38,582,1,0,0.171821,0.171821,0
HHS Regions,Region 8,2020,38,1121,0,1,0.0892061,0,0.0892061
HHS Regions,Region 9,2020,38,748,1,0,0.13369,0.13369,0
HHS Regions,Region 10,2020,38,283,0,0,0,0,0
HHS Regions,Region 1,2020,39,558,0,0,0,0,0
HHS Regions,Region 2,2020,39,880,0,0,0,0,0
HHS Regions,Region 3,2020,39,803,0,0,0,0,0
HHS Regions,Region 4,2020,39,1109,3,2,0.450857,0.270514,0.180343
HHS Regions,Region 5,2020,39,1520,0,0,0,0,0
HHS Regions,Region 6,2020,39,1160,8,7,1.2931,0.689655,0.603448
HHS Regions,Region 7,2020,39,757,0,0,0,0,0
HHS Regions,Region 8,2020,39,1188,0,0,0,0,0
HHS Regions,Region 9,2020,39,738,0,0,0,0,0
HHS Regions,Region 10,2020,39,306,0,0,0,0,0
HHS Regions,Region 1,2020,40,653,0,0,0,0,0
HHS Regions,Region 2,2020,40,1064,0,0,0,0,0
HHS Regions,Region 3,2020,40,1380,4,3,0.507246,0.289855,0.217391
HHS Regions,Region 4,2020,40,1503,5,6,0.73187,0.332668,0.399202
HHS Regions,Region 5,2020,40,2368,2,2,0.168919,0.0844595,0.0844595
HHS Regions,Region 6,2020,40,1513,7,10,1.1236,0.462657,0.660939
HHS Regions,Region 7,2020,40,859,0,0,0,0,0
HHS Regions,Region 8,2020,40,1394,0,0,0,0,0
HHS Regions,Region 9,2020,40,877,1,0,0.114025,0.114025,0
HHS Regions,Region 10,2020,40,589,0,0,0,0,0
HHS Regions,Region 1,2020,41,788,0,1,0.126904,0,0.126904
HHS Regions,Region 2,2020,41,1441,0,0,0,0,0
HHS Regions,Region 3,2020,41,1499,0,1,0.0667111,0,0.0667111
HHS Regions,Region 4,2020,41,1801,8,8,0.888395,0.444198,0.444198
HHS Regions,Region 5,2020,41,3134,9,3,0.382897,0.287173,0.0957243
HHS Regions,Region 6,2020,41,1808,11,10,1.1615,0.608407,0.553097
HHS Regions,Region 7,2020,41,953,0,1,0.104932,0,0.104932
HHS Regions,Region 8,2020,41,1558,0,0,0,0,0
HHS Regions,Region 9,2020,41,1121,1,2,0.267618,0.0892061,0.178412
HHS Regions,Region 10,2020,41,821,1,2,0.365408,0.121803,0.243605
HHS Regions,Region 1,2020,42,733,0,2,0.272851,0,0.272851
HHS Regions,Region 2,2020,42,1717,2,3,0.291206,0.116482,0.174723
HHS Regions,Region 3,2020,42,1555,1,0,0.0643087,0.0643087,0
HHS Regions,Region 4,2020,42,1773,9,6,0.846024,0.507614,0.338409
HHS Regions,Region 5,2020,42,3084,5,4,0.291829,0.162127,0.129702
HHS Regions,Region 6,2020,42,1778,4,9,0.731159,0.224972,0.506187
HHS Regions,Region 7,2020,42,599,1,0,0.166945,0.166945,0
HHS Regions,Region 8,2020,42,1555,2,1,0.192926,0.128617,0.0643087
HHS Regions,Region 9,2020,42,1447,1,0,0.0691085,0.0691085,0
HHS Regions,Region 10,2020,42,871,2,1,0.344432,0.229621,0.114811
HHS Regions,Region 1,2020,43,856,0,0,0,0,0
HHS Regions,Region 2,2020,43,1704,4,2,0.352113,0.234742,0.117371
HHS Regions,Region 3,2020,43,1672,0,0,0,0,0
HHS Regions,Region 4,2020,43,1905,2,5,0.367454,0.104987,0.262467
HHS Regions,Region 5,2020,43,3422,6,6,0.350672,0.175336,0.175336
HHS Regions,Region 6,2020,43,1803,4,7,0.610094,0.221852,0.388242
HHS Regions,Region 7,2020,43,1061,0,0,0,0,0
HHS Regions,Region 8,2020,43,1737,1,0,0.0575705,0.0575705,0
HHS Regions,Region 9,2020,43,1448,2,0,0.138122,0.138122,0
HHS Regions,Region 10,2020,43,1003,2,1,0.299103,0.199402,0.0997009
HHS Regions,Region 1,2020,44,987,0,0,0,0,0
HHS Regions,Region 2,2020,44,3772,0,0,0,0,0
HHS Regions,Region 3,2020,44,1674,0,1,0.0597372,0,0.0597372
HHS Regions,Region 4,2020,44,2051,7,2,0.43881,0.341297,0.0975134
HHS Regions,Region 5,2020,44,3729,4,0,0.107267,0.107267,0
HHS Regions,Region 6,2020,44,2005,5,8,0.648379,0.249377,0.399002
HHS Regions,Region 7,2020,44,1153,0,0,0,0,0
HHS Regions,Region 8,2020,44,2431,0,2,0.0822707,0,0.0822707
HHS Regions,Region 9,2020,44,1592,5,4,0.565327,0.31407,0.251256
HHS Regions,Region 10,2020,44,1158,1,2,0.259067,0.0863558,0.172712
HHS Regions,Region 1,2020,45,1123,0,0,0,0,0
HHS Regions,Region 2,2020,45,2620,4,0,0.152672,0.152672,0
HHS Regions,Region 3,2020,45,1743,1,1,0.114745,0.0573723,0.0573723
HHS Regions,Region 4,2020,45,2133,10,9,0.890764,0.468823,0.421941
HHS Regions,Region 5,2020,45,9371,11,2,0.138726,0.117383,0.0213424
HHS Regions,Region 6,2020,45,2363,4,10,0.592467,0.169276,0.423191
HHS Regions,Region 7,2020,45,884,0,0,0,0,0
HHS Regions,Region 8,2020,45,3452,0,0,0,0,0
HHS Regions,Region 9,2020,45,1642,0,2,0.121803,0,0.121803
HHS Regions,Region 10,2020,45,1856,1,1,0.107759,0.0538793,0.0538793
HHS Regions,Region 1,2020,46,1276,1,1,0.15674,0.0783699,0.0783699
HHS Regions,Region 2,2020,46,3447,3,0,0.0870322,0.0870322,0
HHS Regions,Region 3,2020,46,1936,0,3,0.154959,0,0.154959
HHS Regions,Region 4,2020,46,2360,4,9,0.550847,0.169492,0.381356
HHS Regions,Region 5,2020,46,9970,6,6,0.120361,0.0601805,0.0601805
HHS Regions,Region 6,2020,46,3138,9,16,0.796686,0.286807,0.509879
HHS Regions,Region 7,2020,46,1159,0,1,0.0862813,0,0.0862813
HHS Regions,Region 8,2020,46,3577,2,1,0.0838692,0.0559128,0.0279564
HHS Regions,Region 9,2020,46,5579,6,3,0.161319,0.107546,0.0537731
HHS Regions,Region 10,2020,46,2465,1,4,0.20284,0.040568,0.162272
HHS Regions,Region 1,2020,47,1414,1,1,0.141443,0.0707214,0.0707214
HHS Regions,Region 2,2020,47,4285,1,1,0.0466744,0.0233372,0.0233372
HHS Regions,Region 3,2020,47,1991,0,2,0.100452,0,0.100452
HHS Regions,Region 4,2020,47,2234,8,17,1.11907,0.358102,0.760967
HHS Regions,Region 5,2020,47,10375,13,5,0.173494,0.125301,0.0481928
HHS Regions,Region 6,2020,47,3550,6,24,0.84507,0.169014,0.676056
HHS Regions,Region 7,2020,47,1149,0,0,0,0,0
HHS Regions,Region 8,2020,47,3162,0,1,0.0316256,0,0.0316256
HHS Regions,Region 9,2020,47,7425,3,2,0.0673401,0.040404,0.026936
HHS Regions,Region 10,2020,47,3161,2,1,0.0949067,0.0632711,0.0316356
HHS Regions,Region 1,2020,48,1769,0,0,0,0,0
HHS Regions,Region 2,2020,48,3696,0,1,0.0270563,0,0.0270563
HHS Regions,Region 3,2020,48,2103,0,1,0.0475511,0,0.0475511
HHS Regions,Region 4,2020,48,2378,9,10,0.798991,0.378469,0.420521
HHS Regions,Region 5,2020,48,9222,4,5,0.0975927,0.0433745,0.0542182
HHS Regions,Region 6,2020,48,3042,4,18,0.723208,0.131492,0.591716
HHS Regions,Region 7,2020,48,1074,0,0,0,0,0
HHS Regions,Region 8,2020,48,2560,0,0,0,0,0
HHS Regions,Region 9,2020,48,6376,2,0,0.0313676,0.0313676,0
HHS Regions,Region 10,2020,48,3056,0,1,0.0327225,0,0.0327225
HHS Regions,Region 1,2020,49,1940,2,1,0.154639,0.103093,0.0515464
HHS Regions,Region 2,2020,49,5145,2,0,0.0388727,0.0388727,0
HHS Regions,Region 3,2020,49,2236,0,2,0.0894454,0,0.0894454
HHS Regions,Region 4,2020,49,3034,10,15,0.823995,0.329598,0.494397
HHS Regions,Region 5,2020,49,9585,5,0,0.0521648,0.0521648,0
HHS Regions,Region 6,2020,49,3039,7,31,1.25041,0.230339,1.02007
HHS Regions,Region 7,2020,49,1881,0,3,0.15949,0,0.15949
HHS Regions,Region 8,2020,49,4116,1,3,0.0971817,0.0242954,0.0728863
HHS Regions,Region 9,2020,49,7994,2,6,0.100075,0.0250188,0.0750563
HHS Regions,Region 10,2020,49,3556,2,4,0.168729,0.056243,0.112486
HHS Regions,Region 1,2020,50,1585,0,0,0,0,0
HHS Regions,Region 2,2020,50,4614,3,2,0.108366,0.0650195,0.0433463
HHS Regions,Region 3,2020,50,2328,1,1,0.0859107,0.0429553,0.0429553
HHS Regions,Region 4,2020,50,3561,7,13,0.56164,0.196574,0.365066
HHS Regions,Region 5,2020,50,9571,7,4,0.114931,0.0731376,0.0417929
HHS Regions,Region 6,2020,50,2964,5,42,1.5857,0.168691,1.417
HHS Regions,Region 7,2020,50,2612,1,1,0.0765697,0.0382848,0.0382848
HHS Regions,Region 8,2020,50,2392,0,1,0.041806,0,0.041806
HHS Regions,Region 9,2020,50,8926,1,7,0.0896258,0.0112032,0.0784226
HHS Regions,Region 10,2020,50,3225,1,5,0.186047,0.0310078,0.155039
HHS Regions,Region 1,2020,51,1677,1,2,0.178891,0.0596303,0.119261
HHS Regions,Region 2,2020,51,4646,2,0,0.0430478,0.0430478,0
HHS Regions,Region 3,2020,51,2135,2,4,0.28103,0.0936768,0.187354
HHS Regions,Region 4,2020,51,3494,11,13,0.686892,0.314825,0.372066
HHS Regions,Region 5,2020,51,8599,2,3,0.0581463,0.0232585,0.0348878
HHS Regions,Region 6,2020,51,3006,12,55,2.22888,0.399202,1.82967
HHS Regions,Region 7,2020,51,2437,0,2,0.0820681,0,0.0820681
HHS Regions,Region 8,2020,51,2160,0,0,0,0,0
HHS Regions,Region 9,2020,51,9676,5,2,0.0723439,0.0516742,0.0206697
HHS Regions,Region 10,2020,51,3087,1,0,0.0323939,0.0323939,0
HHS Regions,Region 1,2020,52,1884,0,0,0,0,0
HHS Regions,Region 2,2020,52,4664,1,1,0.0428816,0.0214408,0.0214408
HHS Regions,Region 3,2020,52,2081,2,5,0.336377,0.0961076,0.240269
HHS Regions,Region 4,2020,52,3166,7,10,0.536955,0.221099,0.315856
HHS Regions,Region 5,2020,52,7469,6,9,0.20083,0.080332,0.120498
HHS Regions,Region 6,2020,52,2767,11,36,1.69859,0.397542,1.30105
HHS Regions,Region 7,2020,52,2038,1,1,0.0981354,0.0490677,0.0490677
HHS Regions,Region 8,2020,52,1857,0,0,0,0,0
HHS Regions,Region 9,2020,52,7534,5,1,0.079639,0.0663658,0.0132732
HHS Regions,Region 10,2020,52,2850,1,4,0.175439,0.0350877,0.140351
HHS Regions,Region 1,2020,53,1691,0,1,0.0591366,0,0.0591366
HHS Regions,Region 2,2020,53,4996,1,1,0.040032,0.020016,0.020016
HHS Regions,Region 3,2020,53,2409,1,0,0.041511,0.041511,0
HHS Regions,Region 4,2020,53,3664,11,10,0.573144,0.300218,0.272926
HHS Regions,Region 5,2020,53,7733,2,1,0.0387948,0.0258632,0.0129316
HHS Regions,Region 6,2020,53,5524,8,56,1.15858,0.144823,1.01376
HHS Regions,Region 7,2020,53,2224,0,0,0,0,0
HHS Regions,Region 8,2020,53,1837,0,1,0.0544366,0,0.0544366
HHS Regions,Region 9,2020,53,7313,10,1,0.150417,0.136743,0.0136743
HHS Regions,Region 10,2020,53,3080,1,2,0.0974026,0.0324675,0.0649351
HHS Regions,Region 1,2021,1,1730,0,0,0,0,0
HHS Regions,Region 2,2021,1,5571,1,1,0.0359002,0.0179501,0.0179501
HHS Regions,Region 3,2021,1,2484,0,1,0.0402576,0,0.0402576
HHS Regions,Region 4,2021,1,3499,9,6,0.428694,0.257216,0.171478
HHS Regions,Region 5,2021,1,8723,1,3,0.0458558,0.0114639,0.0343918
HHS Regions,Region 6,2021,1,5947,11,75,1.44611,0.184967,1.26114
HHS Regions,Region 7,2021,1,2442,0,1,0.04095,0,0.04095
HHS Regions,Region 8,2021,1,2092,0,0,0,0,0
HHS Regions,Region 9,2021,1,9200,4,4,0.0869565,0.0434783,0.0434783
HHS Regions,Region 10,2021,1,3283,2,4,0.18276,0.0609199,0.12184
HHS Regions,Region 1,2021,2,1749,0,0,0,0,0
HHS Regions,Region 2,2021,2,4834,2,0,0.0413736,0.0413736,0
HHS Regions,Region 3,2021,2,2575,3,4,0.271845,0.116505,0.15534
HHS Regions,Region 4,2021,2,3492,8,6,0.400916,0.229095,0.171821
HHS Regions,Region 5,2021,2,7837,0,2,0.02552,0,0.02552
HHS Regions,Region 6,2021,2,5332,9,33,0.787697,0.168792,0.618905
HHS Regions,Region 7,2021,2,2298,0,0,0,0,0
HHS Regions,Region 8,2021,2,1726,0,0,0,0,0
HHS Regions,Region 9,2021,2,8729,2,0,0.0229121,0.0229121,0
HHS Regions,Region 10,2021,2,3235,0,3,0.0927357,0,0.0927357
HHS Regions,Region 1,2021,3,1652,0,1,0.0605327,0,0.0605327
HHS Regions,Region 2,2021,3,4563,1,1,0.0438308,0.0219154,0.0219154
HHS Regions,Region 3,2021,3,2646,1,2,0.113379,0.0377929,0.0755858
HHS Regions,Region 4,2021,3,3335,7,12,0.569715,0.209895,0.35982
HHS Regions,Region 5,2021,3,7450,2,3,0.0671141,0.0268456,0.0402685
HHS Regions,Region 6,2021,3,5109,8,42,0.978665,0.156586,0.822079
HHS Regions,Region 7,2021,3,2102,1,0,0.0475737,0.0475737,0
HHS Regions,Region 8,2021,3,1717,0,0,0,0,0
HHS Regions,Region 9,2021,3,7501,1,0,0.0133316,0.0133316,0
HHS Regions,Region 10,2021,3,2927,0,1,0.0341647,0,0.0341647
HHS Regions,Region 1,2021,4,1654,0,0,0,0,0
HHS Regions,Region 2,2021,4,3614,2,0,0.0553403,0.0553403,0
HHS Regions,Region 3,2021,4,2194,3,2,0.227894,0.136737,0.0911577
HHS Regions,Region 4,2021,4,3058,4,13,0.555919,0.130804,0.425114
HHS Regions,Region 5,2021,4,7237,0,3,0.0414536,0,0.0414536
HHS Regions,Region 6,2021,4,5103,2,28,0.587889,0.0391926,0.548697
HHS Regions,Region 7,2021,4,2017,0,1,0.0495786,0,0.0495786
HHS Regions,Region 8,2021,4,1628,0,0,0,0,0
HHS Regions,Region 9,2021,4,6861,0,1,0.0145751,0,0.0145751
HHS Regions,Region 10,2021,4,3089,1,2,0.0971188,0.0323729,0.0647459
HHS Regions,Region 1,2021,5,1445,0,0,0,0,0
HHS Regions,Region 2,2021,5,4221,1,0,0.0236911,0.0236911,0
HHS Regions,Region 3,2021,5,2572,0,0,0,0,0
HHS Regions,Region 4,2021,5,3093,9,3,0.387973,0.29098,0.0969932
HHS Regions,Region 5,2021,5,6396,3,5,0.125078,0.0469043,0.0781739
HHS Regions,Region 6,2021,5,5061,4,41,0.889152,0.0790358,0.810117
HHS Regions,Region 7,2021,5,2557,0,1,0.0391083,0,0.0391083
HHS Regions,Region 8,2021,5,1582,0,0,0,0,0
HHS Regions,Region 9,2021,5,6630,2,2,0.0603318,0.0301659,0.0301659
HHS Regions,Region 10,2021,5,3002,2,1,0.0999334,0.0666223,0.0333111
HHS Regions,Region 1,2021,6,1432,0,2,0.139665,0,0.139665
HHS Regions,Region 2,2021,6,4082,0,0,0,0,0
HHS Regions,Region 3,2021,6,2422,0,1,0.0412882,0,0.0412882
HHS Regions,Region 4,2021,6,2901,3,7,0.344709,0.103413,0.241296
HHS Regions,Region 5,2021,6,6711,2,4,0.0894055,0.0298018,0.0596036
HHS Regions,Region 6,2021,6,4667,4,18,0.471395,0.0857082,0.385687
HHS Regions,Region 7,2021,6,2162,0,1,0.0462535,0,0.0462535
HHS Regions,Region 8,2021,6,1572,0,0,0,0,0
HHS Regions,Region 9,2021,6,6310,2,2,0.0633914,0.0316957,0.0316957
HHS Regions,Region 10,2021,6,1830,0,0,0,0,0
HHS Regions,Region 1,2021,7,1340,1,0,0.0746269,0.0746269,0
HHS Regions,Region 2,2021,7,3934,2,1,0.0762583,0.0508388,0.0254194
HHS Regions,Region 3,2021,7,2220,2,1,0.135135,0.0900901,0.045045
HHS Regions,Region 4,2021,7,2630,3,2,0.190114,0.114068,0.0760456
HHS Regions,Region 5,2021,7,6122,1,2,0.0490036,0.0163345,0.0326691
HHS Regions,Region 6,2021,7,3570,9,6,0.420168,0.252101,0.168067
HHS Regions,Region 7,2021,7,2211,0,0,0,0,0
HHS Regions,Region 8,2021,7,1778,0,0,0,0,0
HHS Regions,Region 9,2021,7,6133,1,7,0.130442,0.0163052,0.114137
HHS Regions,Region 10,2021,7,2486,0,3,0.120676,0,0.120676
HHS Regions,Region 1,2021,8,1416,0,0,0,0,0
HHS Regions,Region 2,2021,8,4321,4,2,0.138857,0.0925712,0.0462856
HHS Regions,Region 3,2021,8,2351,0,0,0,0,0
HHS Regions,Region 4,2021,8,2649,6,5,0.415251,0.226501,0.18875
HHS Regions,Region 5,2021,8,6270,3,5,0.127592,0.0478469,0.0797448
HHS Regions,Region 6,2021,8,4597,2,8,0.217533,0.0435066,0.174027
HHS Regions,Region 7,2021,8,2387,0,1,0.0418936,0,0.0418936
HHS Regions,Region 8,2021,8,1635,1,0,0.0611621,0.0611621,0
HHS Regions,Region 9,2021,8,6192,0,3,0.0484496,0,0.0484496
HHS Regions,Region 10,2021,8,2510,1,1,0.0796813,0.0398406,0.0398406
HHS Regions,Region 1,2021,9,1356,0,1,0.0737463,0,0.0737463
HHS Regions,Region 2,2021,9,4203,0,0,0,0,0
HHS Regions,Region 3,2021,9,2359,0,1,0.0423908,0,0.0423908
HHS Regions,Region 4,2021,9,2678,7,5,0.448096,0.261389,0.186706
HHS Regions,Region 5,2021,9,6195,3,4,0.112994,0.0484262,0.0645682
HHS Regions,Region 6,2021,9,4493,2,2,0.0890274,0.0445137,0.0445137
HHS Regions,Region 7,2021,9,2441,1,0,0.0409668,0.0409668,0
HHS Regions,Region 8,2021,9,1396,0,0,0,0,0
HHS Regions,Region 9,2021,9,6595,0,4,0.060652,0,0.060652
HHS Regions,Region 10,2021,9,2468,1,0,0.0405186,0.0405186,0
HHS Regions,Region 1,2021,10,1623,0,3,0.184843,0,0.184843
HHS Regions,Region 2,2021,10,4081,2,2,0.0980152,0.0490076,0.0490076
HHS Regions,Region 3,2021,10,2202,0,0,0,0,0
HHS Regions,Region 4,2021,10,2700,7,3,0.37037,0.259259,0.111111
HHS Regions,Region 5,2021,10,6011,1,3,0.0665447,0.0166362,0.0499085
HHS Regions,Region 6,2021,10,4650,4,9,0.27957,0.0860215,0.193548
HHS Regions,Region 7,2021,10,2398,0,0,0,0,0
HHS Regions,Region 8,2021,10,1593,0,0,0,0,0
HHS Regions,Region 9,2021,10,6166,0,1,0.016218,0,0.016218
HHS Regions,Region 10,2021,10,2767,1,0,0.0361402,0.0361402,0
HHS Regions,Region 1,2021,11,1421,2,2,0.281492,0.140746,0.140746
HHS Regions,Region 2,2021,11,4020,1,1,0.0497512,0.0248756,0.0248756
HHS Regions,Region 3,2021,11,2577,0,1,0.0388048,0,0.0388048
HHS Regions,Region 4,2021,11,2665,8,2,0.375235,0.300188,0.0750469
HHS Regions,Region 5,2021,11,6155,2,3,0.0812348,0.0324939,0.0487409
HHS Regions,Region 6,2021,11,4705,8,5,0.276302,0.170032,0.10627
HHS Regions,Region 7,2021,11,2337,1,2,0.12837,0.0427899,0.0855798
HHS Regions,Region 8,2021,11,1709,0,0,0,0,0
HHS Regions,Region 9,2021,11,6163,3,1,0.0649035,0.0486776,0.0162259
HHS Regions,Region 10,2021,11,2928,1,2,0.102459,0.034153,0.068306
HHS Regions,Region 1,2021,12,1591,0,0,0,0,0
HHS Regions,Region 2,2021,12,4017,0,1,0.0248942,0,0.0248942
HHS Regions,Region 3,2021,12,2389,1,2,0.125576,0.0418585,0.083717
HHS Regions,Region 4,2021,12,2924,3,6,0.307798,0.102599,0.205198
HHS Regions,Region 5,2021,12,6328,4,4,0.126422,0.0632111,0.0632111
HHS Regions,Region 6,2021,12,4943,3,3,0.121384,0.0606919,0.0606919
HHS Regions,Region 7,2021,12,2353,0,1,0.0424989,0,0.0424989
HHS Regions,Region 8,2021,12,2035,0,0,0,0,0
HHS Regions,Region 9,2021,12,6208,1,0,0.0161082,0.0161082,0
HHS Regions,Region 10,2021,12,2975,1,0,0.0336134,0.0336134,0
HHS Regions,Region 1,2021,13,1555,0,2,0.128617,0,0.128617
HHS Regions,Region 2,2021,13,4205,1,0,0.0237812,0.0237812,0
HHS Regions,Region 3,2021,13,3251,2,0,0.0615195,0.0615195,0
HHS Regions,Region 4,2021,13,2516,7,3,0.397456,0.278219,0.119237
HHS Regions,Region 5,2021,13,5675,1,1,0.0352423,0.0176211,0.0176211
HHS Regions,Region 6,2021,13,4684,1,3,0.0853971,0.0213493,0.0640478
HHS Regions,Region 7,2021,13,1057,0,0,0,0,0
HHS Regions,Region 8,2021,13,1872,0,0,0,0,0
HHS Regions,Region 9,2021,13,4184,0,0,0,0,0
HHS Regions,Region 10,2021,13,2901,1,0,0.0344709,0.0344709,0
HHS Regions,Region 1,2021,14,1597,0,0,0,0,0
HHS Regions,Region 2,2021,14,4424,0,0,0,0,0
HHS Regions,Region 3,2021,14,2394,0,1,0.0417711,0,0.0417711
HHS Regions,Region 4,2021,14,2888,7,6,0.450139,0.242382,0.207756
HHS Regions,Region 5,2021,14,6041,0,0,0,0,0
HHS Regions,Region 6,2021,14,4948,0,5,0.101051,0,0.101051
HHS Regions,Region 7,2021,14,2115,0,1,0.0472813,0,0.0472813
HHS Regions,Region 8,2021,14,1938,0,0,0,0,0
HHS Regions,Region 9,2021,14,2002,2,1,0.14985,0.0999001,0.04995
HHS Regions,Region 10,2021,14,3173,1,0,0.0315159,0.0315159,0
HHS Regions,Region 1,2021,15,1334,0,1,0.0749625,0,0.0749625
HHS Regions,Region 2,2021,15,4660,0,1,0.0214592,0,0.0214592
HHS Regions,Region 3,2021,15,2568,0,1,0.0389408,0,0.0389408
HHS Regions,Region 4,2021,15,3002,4,4,0.266489,0.133245,0.133245
HHS Regions,Region 5,2021,15,5473,3,2,0.0913576,0.0548145,0.036543
HHS Regions,Region 6,2021,15,4681,1,1,0.0427259,0.021363,0.021363
HHS Regions,Region 7,2021,15,1139,0,2,0.175593,0,0.175593
HHS Regions,Region 8,2021,15,2078,0,0,0,0,0
HHS Regions,Region 9,2021,15,1942,0,1,0.0514933,0,0.0514933
HHS Regions,Region 10,2021,15,3361,0,0,0,0,0
HHS Regions,Region 1,2021,16,1230,0,0,0,0,0
HHS Regions,Region 2,2021,16,4502,1,0,0.0222124,0.0222124,0
HHS Regions,Region 3,2021,16,2270,0,1,0.0440529,0,0.0440529
HHS Regions,Region 4,2021,16,2902,5,4,0.310131,0.172295,0.137836
HHS Regions,Region 5,2021,16,4730,4,4,0.169133,0.0845666,0.0845666
HHS Regions,Region 6,2021,16,5197,0,5,0.0962094,0,0.0962094
HHS Regions,Region 7,2021,16,2500,1,0,0.04,0.04,0
HHS Regions,Region 8,2021,16,2039,0,0,0,0,0
HHS Regions,Region 9,2021,16,2276,0,2,0.0878735,0,0.0878735
HHS Regions,Region 10,2021,16,2922,1,0,0.0342231,0.0342231,0
HHS Regions,Region 1,2021,17,1271,0,1,0.0786782,0,0.0786782
HHS Regions,Region 2,2021,17,4697,0,0,0,0,0
HHS Regions,Region 3,2021,17,2116,0,0,0,0,0
HHS Regions,Region 4,2021,17,2726,5,4,0.330154,0.183419,0.146735
HHS Regions,Region 5,2021,17,4911,5,2,0.142537,0.101812,0.0407249
HHS Regions,Region 6,2021,17,5278,4,2,0.113679,0.0757863,0.0378931
HHS Regions,Region 7,2021,17,2541,0,0,0,0,0
HHS Regions,Region 8,2021,17,2094,0,0,0,0,0
HHS Regions,Region 9,2021,17,2446,2,0,0.0817661,0.0817661,0
HHS Regions,Region 10,2021,17,3167,0,1,0.0315756,0,0.0315756
HHS Regions,Region 1,2021,18,1168,2,3,0.428082,0.171233,0.256849
HHS Regions,Region 2,2021,18,4597,0,0,0,0,0
HHS Regions,Region 3,2021,18,1946,0,1,0.0513875,0,0.0513875
HHS Regions,Region 4,2021,18,2761,5,8,0.470844,0.181094,0.28975
HHS Regions,Region 5,2021,18,4467,0,1,0.0223864,0,0.0223864
HHS Regions,Region 6,2021,18,5186,3,1,0.0771307,0.0578481,0.0192827
HHS Regions,Region 7,2021,18,2643,0,0,0,0,0
HHS Regions,Region 8,2021,18,1841,0,0,0,0,0
HHS Regions,Region 9,2021,18,2389,0,1,0.0418585,0,0.0418585
HHS Regions,Region 10,2021,18,3178,0,0,0,0,0
HHS Regions,Region 1,2021,19,1075,2,0,0.186047,0.186047,0
HHS Regions,Region 2,2021,19,3974,1,0,0.0251636,0.0251636,0
HHS Regions,Region 3,2021,19,1912,0,1,0.0523013,0,0.0523013
HHS Regions,Region 4,2021,19,2832,10,8,0.635593,0.353107,0.282486
HHS Regions,Region 5,2021,19,4328,2,1,0.0693161,0.0462107,0.0231054
HHS Regions,Region 6,2021,19,4900,2,1,0.0612245,0.0408163,0.0204082
HHS Regions,Region 7,2021,19,3035,0,0,0,0,0
HHS Regions,Region 8,2021,19,1872,0,0,0,0,0
HHS Regions,Region 9,2021,19,1968,0,1,0.050813,0,0.050813
HHS Regions,Region 10,2021,19,3139,0,1,0.0318573,0,0.0318573
HHS Regions,Region 1,2021,20,916,0,0,0,0,0
HHS Regions,Region 2,2021,20,4228,3,0,0.0709555,0.0709555,0
HHS Regions,Region 3,2021,20,1953,0,0,0,0,0
HHS Regions,Region 4,2021,20,2598,12,7,0.731332,0.461894,0.269438
HHS Regions,Region 5,2021,20,4059,3,7,0.246366,0.0739098,0.172456
HHS Regions,Region 6,2021,20,5015,2,4,0.119641,0.0398804,0.0797607
HHS Regions,Region 7,2021,20,3189,0,0,0,0,0
HHS Regions,Region 8,2021,20,1636,0,0,0,0,0
HHS Regions,Region 9,2021,20,1865,2,2,0.214477,0.107239,0.107239
HHS Regions,Region 10,2021,20,2957,1,0,0.0338181,0.0338181,0
HHS Regions,Region 1,2021,21,805,0,0,0,0,0
HHS Regions,Region 2,2021,21,3767,0,0,0,0,0
HHS Regions,Region 3,2021,21,1899,1,0,0.0526593,0.0526593,0
HHS Regions,Region 4,2021,21,2048,5,5,0.488281,0.244141,0.244141
HHS Regions,Region 5,2021,21,3700,0,13,0.351351,0,0.351351
HHS Regions,Region 6,2021,21,3025,6,3,0.297521,0.198347,0.0991736
HHS Regions,Region 7,2021,21,2915,0,0,0,0,0
HHS Regions,Region 8,2021,21,1599,0,1,0.0625391,0,0.0625391
HHS Regions,Region 9,2021,21,1854,1,0,0.0539374,0.0539374,0
HHS Regions,Region 10,2021,21,2962,1,1,0.0675219,0.033761,0.033761
HHS Regions,Region 1,2021,22,791,0,0,0,0,0
HHS Regions,Region 2,2021,22,3303,1,0,0.0302755,0.0302755,0
HHS Regions,Region 3,2021,22,1850,0,0,0,0,0
HHS Regions,Region 4,2021,22,1955,4,3,0.358056,0.204604,0.153453
HHS Regions,Region 5,2021,22,3515,1,8,0.256046,0.0284495,0.227596
HHS Regions,Region 6,2021,22,3051,1,3,0.131105,0.0327761,0.0983284
HHS Regions,Region 7,2021,22,2995,0,0,0,0,0
HHS Regions,Region 8,2021,22,1625,0,0,0,0,0
HHS Regions,Region 9,2021,22,1858,0,0,0,0,0
HHS Regions,Region 10,2021,22,2943,0,1,0.0339789,0,0.0339789
HHS Regions,Region 1,2021,23,770,0,0,0,0,0
HHS Regions,Region 2,2021,23,3120,1,1,0.0641026,0.0320513,0.0320513
HHS Regions,Region 3,2021,23,1884,0,0,0,0,0
HHS Regions,Region 4,2021,23,1837,2,3,0.272183,0.108873,0.16331
HHS Regions,Region 5,2021,23,3477,2,9,0.316365,0.0575209,0.258844
HHS Regions,Region 6,2021,23,5115,3,4,0.136852,0.058651,0.0782014
HHS Regions,Region 7,2021,23,3271,0,1,0.0305717,0,0.0305717
HHS Regions,Region 8,2021,23,1260,0,0,0,0,0
HHS Regions,Region 9,2021,23,1682,0,0,0,0,0
HHS Regions,Region 10,2021,23,2842,0,0,0,0,0
HHS Regions,Region 1,2021,24,817,0,0,0,0,0
HHS Regions,Region 2,2021,24,3109,7,2,0.289482,0.225153,0.0643294
HHS Regions,Region 3,2021,24,1961,3,0,0.152983,0.152983,0
HHS Regions,Region 4,2021,24,1892,2,1,0.158562,0.105708,0.0528541
HHS Regions,Region 5,2021,24,3572,3,8,0.307951,0.0839866,0.223964
HHS Regions,Region 6,2021,24,5023,2,1,0.0597253,0.0398168,0.0199084
HHS Regions,Region 7,2021,24,2542,0,0,0,0,0
HHS Regions,Region 8,2021,24,896,0,0,0,0,0
HHS Regions,Region 9,2021,24,1769,0,0,0,0,0
HHS Regions,Region 10,2021,24,2859,0,0,0,0,0
HHS Regions,Region 1,2021,25,879,0,0,0,0,0
HHS Regions,Region 2,2021,25,3227,1,1,0.0619771,0.0309885,0.0309885
HHS Regions,Region 3,2021,25,1690,0,0,0,0,0
HHS Regions,Region 4,2021,25,1781,3,2,0.280741,0.168445,0.112296
HHS Regions,Region 5,2021,25,3533,2,10,0.339655,0.0566091,0.283046
HHS Regions,Region 6,2021,25,3388,2,3,0.14758,0.0590319,0.0885478
HHS Regions,Region 7,2021,25,2347,1,1,0.0852152,0.0426076,0.0426076
HHS Regions,Region 8,2021,25,941,0,0,0,0,0
HHS Regions,Region 9,2021,25,1783,2,0,0.11217,0.11217,0
HHS Regions,Region 10,2021,25,2797,1,0,0.0357526,0.0357526,0
HHS Regions,Region 1,2021,26,820,0,0,0,0,0
HHS Regions,Region 2,2021,26,3095,0,1,0.0323102,0,0.0323102
HHS Regions,Region 3,2021,26,1506,0,0,0,0,0
HHS Regions,Region 4,2021,26,1664,2,5,0.420673,0.120192,0.300481
HHS Regions,Region 5,2021,26,3544,0,1,0.0282167,0,0.0282167
HHS Regions,Region 6,2021,26,5119,1,4,0.0976753,0.0195351,0.0781403
HHS Regions,Region 7,2021,26,2261,0,0,0,0,0
HHS Regions,Region 8,2021,26,939,0,0,0,0,0
HHS Regions,Region 9,2021,26,1553,0,0,0,0,0
HHS Regions,Region 10,2021,26,2255,0,2,0.0886918,0,0.0886918
HHS Regions,Region 1,2021,27,873,0,0,0,0,0
HHS Regions,Region 2,2021,27,2368,3,0,0.126689,0.126689,0
HHS Regions,Region 3,2021,27,1554,0,0,0,0,0
HHS Regions,Region 4,2021,27,1498,0,1,0.0667557,0,0.0667557
HHS Regions,Region 5,2021,27,3721,0,0,0,0,0
HHS Regions,Region 6,2021,27,5630,2,5,0.124334,0.035524,0.0888099
HHS Regions,Region 7,2021,27,3672,0,0,0,0,0
HHS Regions,Region 8,2021,27,1028,0,0,0,0,0
HHS Regions,Region 9,2021,27,1784,0,0,0,0,0
HHS Regions,Region 10,2021,27,2936,0,3,0.10218,0,0.10218
HHS Regions,Region 1,2021,28,988,1,2,0.303644,0.101215,0.202429
HHS Regions,Region 2,2021,28,3085,1,1,0.0648298,0.0324149,0.0324149
HHS Regions,Region 3,2021,28,1616,0,1,0.0618812,0,0.0618812
HHS Regions,Region 4,2021,28,1762,1,1,0.113507,0.0567537,0.0567537
HHS Regions,Region 5,2021,28,3872,2,1,0.0774793,0.0516529,0.0258264
HHS Regions,Region 6,2021,28,5975,3,10,0.217573,0.0502092,0.167364
HHS Regions,Region 7,2021,28,2542,0,0,0,0,0
HHS Regions,Region 8,2021,28,1213,1,0,0.0824402,0.0824402,0
HHS Regions,Region 9,2021,28,2075,1,1,0.0963855,0.0481928,0.0481928
HHS Regions,Region 10,2021,28,3127,1,0,0.0319795,0.0319795,0
HHS Regions,Region 1,2021,29,1147,0,1,0.087184,0,0.087184
HHS Regions,Region 2,2021,29,3374,0,0,0,0,0
HHS Regions,Region 3,2021,29,1773,1,0,0.0564016,0.0564016,0
HHS Regions,Region 4,2021,29,1874,2,3,0.266809,0.106724,0.160085
HHS Regions,Region 5,2021,29,4038,1,1,0.0495295,0.0247647,0.0247647
HHS Regions,Region 6,2021,29,6802,1,8,0.132314,0.0147016,0.117612
HHS Regions,Region 7,2021,29,2409,0,0,0,0,0
HHS Regions,Region 8,2021,29,1356,0,0,0,0,0
HHS Regions,Region 9,2021,29,1691,0,0,0,0,0
HHS Regions,Region 10,2021,29,3254,0,0,0,0,0
HHS Regions,Region 1,2021,30,1283,0,0,0,0,0
HHS Regions,Region 2,2021,30,3476,0,0,0,0,0
HHS Regions,Region 3,2021,30,1987,0,0,0,0,0
HHS Regions,Region 4,2021,30,2281,1,5,0.263043,0.0438404,0.219202
HHS Regions,Region 5,2021,30,4523,3,0,0.0663277,0.0663277,0
HHS Regions,Region 6,2021,30,7359,6,6,0.163066,0.0815328,0.0815328
HHS Regions,Region 7,2021,30,1788,0,1,0.0559284,0,0.0559284
HHS Regions,Region 8,2021,30,1583,0,0,0,0,0
HHS Regions,Region 9,2021,30,2065,1,0,0.0484262,0.0484262,0
HHS Regions,Region 10,2021,30,3931,0,0,0,0,0
HHS Regions,Region 1,2021,31,1352,0,0,0,0,0
HHS Regions,Region 2,2021,31,3853,0,0,0,0,0
HHS Regions,Region 3,2021,31,2060,0,0,0,0,0
HHS Regions,Region 4,2021,31,1406,1,6,0.497866,0.0711238,0.426743
HHS Regions,Region 5,2021,31,4967,3,0,0.0603986,0.0603986,0
HHS Regions,Region 6,2021,31,4919,8,7,0.30494,0.162635,0.142305
HHS Regions,Region 7,2021,31,1892,0,1,0.0528541,0,0.0528541
HHS Regions,Region 8,2021,31,1865,0,1,0.0536193,0,0.0536193
HHS Regions,Region 9,2021,31,2270,2,3,0.220264,0.0881057,0.132159
HHS Regions,Region 10,2021,31,4305,0,0,0,0,0
HHS Regions,Region 1,2021,32,1471,0,0,0,0,0
HHS Regions,Region 2,2021,32,4199,0,0,0,0,0
HHS Regions,Region 3,2021,32,2346,0,0,0,0,0
HHS Regions,Region 4,2021,32,2007,4,3,0.348779,0.199302,0.149477
HHS Regions,Region 5,2021,32,5785,0,1,0.0172861,0,0.0172861
HHS Regions,Region 6,2021,32,8542,3,7,0.117069,0.0351206,0.081948
HHS Regions,Region 7,2021,32,1912,0,0,0,0,0
HHS Regions,Region 8,2021,32,2219,0,0,0,0,0
HHS Regions,Region 9,2021,32,2424,1,0,0.0412541,0.0412541,0
HHS Regions,Region 10,2021,32,4286,0,0,0,0,0
HHS Regions,Region 1,2021,33,1530,0,0,0,0,0
HHS Regions,Region 2,2021,33,4285,2,0,0.0466744,0.0466744,0
HHS Regions,Region 3,2021,33,2873,0,0,0,0,0
HHS Regions,Region 4,2021,33,1515,5,3,0.528053,0.330033,0.19802
HHS Regions,Region 5,2021,33,6349,2,2,0.063002,0.031501,0.031501
HHS Regions,Region 6,2021,33,5635,5,4,0.159716,0.0887311,0.0709849
HHS Regions,Region 7,2021,33,2030,0,0,0,0,0
HHS Regions,Region 8,2021,33,2307,0,0,0,0,0
HHS Regions,Region 9,2021,33,2607,0,0,0,0,0
HHS Regions,Region 10,2021,33,4339,0,1,0.0230468,0,0.0230468
HHS Regions,Region 1,2021,34,1428,0,0,0,0,0
HHS Regions,Region 2,2021,34,4707,0,0,0,0,0
HHS Regions,Region 3,2021,34,3492,0,0,0,0,0
HHS Regions,Region 4,2021,34,2197,4,5,0.40965,0.182066,0.227583
HHS Regions,Region 5,2021,34,7356,2,2,0.0543774,0.0271887,0.0271887
HHS Regions,Region 6,2021,34,10164,4,2,0.0590319,0.0393546,0.0196773
HHS Regions,Region 7,2021,34,2150,0,0,0,0,0
HHS Regions,Region 8,2021,34,2501,1,1,0.079968,0.039984,0.039984
HHS Regions,Region 9,2021,34,2738,1,1,0.073046,0.036523,0.036523
HHS Regions,Region 10,2021,34,3374,1,0,0.0296384,0.0296384,0
HHS Regions,Region 1,2021,35,1558,0,0,0,0,0
HHS Regions,Region 2,2021,35,4628,1,0,0.0216076,0.0216076,0
HHS Regions,Region 3,2021,35,3523,0,1,0.0283849,0,0.0283849
HHS Regions,Region 4,2021,35,1929,4,2,0.311042,0.207361,0.103681
HHS Regions,Region 5,2021,35,7664,5,3,0.104384,0.0652401,0.0391441
HHS Regions,Region 6,2021,35,9823,5,4,0.0916217,0.0509009,0.0407208
HHS Regions,Region 7,2021,35,2421,0,1,0.0413052,0,0.0413052
HHS Regions,Region 8,2021,35,2886,0,0,0,0,0
HHS Regions,Region 9,2021,35,2378,6,2,0.336417,0.252313,0.0841043
HHS Regions,Region 10,2021,35,4307,1,0,0.023218,0.023218,0
HHS Regions,Region 1,2021,36,1420,0,0,0,0,0
HHS Regions,Region 2,2021,36,4479,1,0,0.0223264,0.0223264,0
HHS Regions,Region 3,2021,36,3492,0,0,0,0,0
HHS Regions,Region 4,2021,36,1727,0,0,0,0,0
HHS Regions,Region 5,2021,36,8487,1,2,0.0353482,0.0117827,0.0235655
HHS Regions,Region 6,2021,36,5167,5,5,0.193536,0.096768,0.096768
HHS Regions,Region 7,2021,36,2789,0,0,0,0,0
HHS Regions,Region 8,2021,36,2668,0,0,0,0,0
HHS Regions,Region 9,2021,36,2441,3,2,0.204834,0.1229,0.0819336
HHS Regions,Region 10,2021,36,4242,1,0,0.0235738,0.0235738,0
HHS Regions,Region 1,2021,37,1556,1,1,0.128535,0.0642674,0.0642674
HHS Regions,Region 2,2021,37,4944,1,1,0.0404531,0.0202265,0.0202265
HHS Regions,Region 3,2021,37,3708,2,0,0.0539374,0.0539374,0
HHS Regions,Region 4,2021,37,2728,5,2,0.256598,0.183284,0.0733138
HHS Regions,Region 5,2021,37,9934,1,0,0.0100664,0.0100664,0
HHS Regions,Region 6,2021,37,8205,1,4,0.0609385,0.0121877,0.0487508
HHS Regions,Region 7,2021,37,3076,0,1,0.0325098,0,0.0325098
HHS Regions,Region 8,2021,37,2668,0,2,0.0749625,0,0.0749625
HHS Regions,Region 9,2021,37,2337,0,2,0.0855798,0,0.0855798
HHS Regions,Region 10,2021,37,4354,0,1,0.0229674,0,0.0229674
HHS Regions,Region 1,2021,38,1790,0,0,0,0,0
HHS Regions,Region 2,2021,38,5389,0,0,0,0,0
HHS Regions,Region 3,2021,38,3587,3,1,0.111514,0.0836353,0.0278784
HHS Regions,Region 4,2021,38,2854,0,3,0.105116,0,0.105116
HHS Regions,Region 5,2021,38,7633,5,5,0.13101,0.065505,0.065505
HHS Regions,Region 6,2021,38,7807,3,5,0.102472,0.0384271,0.0640451
HHS Regions,Region 7,2021,38,2375,0,0,0,0,0
HHS Regions,Region 8,2021,38,2585,0,1,0.0386847,0,0.0386847
HHS Regions,Region 9,2021,38,2050,1,2,0.146341,0.0487805,0.097561
HHS Regions,Region 10,2021,38,4564,0,0,0,0,0
HHS Regions,Region 1,2021,39,2079,1,2,0.1443,0.0481,0.0962001
HHS Regions,Region 2,2021,39,5507,3,2,0.0907935,0.0544761,0.0363174
HHS Regions,Region 3,2021,39,3508,0,2,0.0570125,0,0.0570125
HHS Regions,Region 4,2021,39,2889,4,5,0.311526,0.138456,0.17307
HHS Regions,Region 5,2021,39,10784,9,2,0.102003,0.083457,0.018546
HHS Regions,Region 6,2021,39,7742,4,6,0.129166,0.0516662,0.0774994
HHS Regions,Region 7,2021,39,2246,0,1,0.0445236,0,0.0445236
HHS Regions,Region 8,2021,39,2992,1,0,0.0334225,0.0334225,0
HHS Regions,Region 9,2021,39,2266,7,3,0.441306,0.308914,0.132392
HHS Regions,Region 10,2021,39,4243,0,0,0,0,0
HHS Regions,Region 1,2021,40,2090,1,1,0.0956938,0.0478469,0.0478469
HHS Regions,Region 2,2021,40,5647,5,3,0.141668,0.0885426,0.0531256
HHS Regions,Region 3,2021,40,3103,1,2,0.0966806,0.0322269,0.0644538
HHS Regions,Region 4,2021,40,3205,8,7,0.468019,0.24961,0.218409
HHS Regions,Region 5,2021,40,10822,13,10,0.21253,0.120126,0.0924044
HHS Regions,Region 6,2021,40,11678,5,5,0.0856311,0.0428156,0.0428156
HHS Regions,Region 7,2021,40,2677,0,1,0.0373552,0,0.0373552
HHS Regions,Region 8,2021,40,3030,1,2,0.0990099,0.0330033,0.0660066
HHS Regions,Region 9,2021,40,2667,6,5,0.412448,0.224972,0.187477
HHS Regions,Region 10,2021,40,4769,1,1,0.0419375,0.0209688,0.0209688
HHS Regions,Region 1,2021,41,2203,0,1,0.0453926,0,0.0453926
HHS Regions,Region 2,2021,41,5294,4,2,0.113336,0.0755572,0.0377786
HHS Regions,Region 3,2021,41,3173,2,2,0.126064,0.0630318,0.0630318
HHS Regions,Region 4,2021,41,3588,1,8,0.250836,0.0278707,0.222965
HHS Regions,Region 5,2021,41,9720,7,7,0.144033,0.0720165,0.0720165
HHS Regions,Region 6,2021,41,8638,3,6,0.104191,0.0347303,0.0694605
HHS Regions,Region 7,2021,41,2493,0,0,0,0,0
HHS Regions,Region 8,2021,41,2884,0,2,0.0693481,0,0.0693481
HHS Regions,Region 9,2021,41,2996,7,4,0.367156,0.233645,0.133511
HHS Regions,Region 10,2021,41,5324,0,0,0,0,0
HHS Regions,Region 1,2021,42,2175,0,1,0.045977,0,0.045977
HHS Regions,Region 2,2021,42,5296,4,4,0.151057,0.0755287,0.0755287
HHS Regions,Region 3,2021,42,3319,0,1,0.0301296,0,0.0301296
HHS Regions,Region 4,2021,42,3579,1,4,0.139704,0.0279408,0.111763
HHS Regions,Region 5,2021,42,9728,9,12,0.215872,0.0925164,0.123355
HHS Regions,Region 6,2021,42,9555,5,12,0.177917,0.0523286,0.125589
HHS Regions,Region 7,2021,42,3208,1,1,0.0623441,0.0311721,0.0311721
HHS Regions,Region 8,2021,42,3543,1,1,0.0564493,0.0282247,0.0282247
HHS Regions,Region 9,2021,42,3123,5,1,0.192123,0.160102,0.0320205
HHS Regions,Region 10,2021,42,5387,0,2,0.0371264,0,0.0371264
HHS Regions,Region 1,2021,43,1925,3,0,0.155844,0.155844,0
HHS Regions,Region 2,2021,43,5521,2,2,0.0724506,0.0362253,0.0362253
HHS Regions,Region 3,2021,43,2967,42,0,1.41557,1.41557,0
HHS Regions,Region 4,2021,43,3902,12,9,0.538186,0.307535,0.230651
HHS Regions,Region 5,2021,43,9978,10,4,0.140309,0.10022,0.0400882
HHS Regions,Region 6,2021,43,9058,7,9,0.176639,0.0772798,0.0993597
HHS Regions,Region 7,2021,43,3232,0,2,0.0618812,0,0.0618812
HHS Regions,Region 8,2021,43,3072,2,1,0.0976563,0.0651042,0.0325521
HHS Regions,Region 9,2021,43,6505,19,2,0.322829,0.292083,0.0307456
HHS Regions,Region 10,2021,43,5754,2,4,0.104275,0.0347584,0.0695169
HHS Regions,Region 1,2021,44,2201,8,1,0.408905,0.363471,0.0454339
HHS Regions,Region 2,2021,44,5720,16,1,0.297203,0.27972,0.0174825
HHS Regions,Region 3,2021,44,3337,15,0,0.449506,0.449506,0
HHS Regions,Region 4,2021,44,4445,28,11,0.87739,0.629921,0.247469
HHS Regions,Region 5,2021,44,12133,24,11,0.288469,0.197808,0.0906618
HHS Regions,Region 6,2021,44,9140,4,4,0.0875274,0.0437637,0.0437637
HHS Regions,Region 7,2021,44,3492,3,1,0.114548,0.0859107,0.0286369
HHS Regions,Region 8,2021,44,3980,3,1,0.100503,0.0753769,0.0251256
HHS Regions,Region 9,2021,44,6807,23,5,0.411341,0.337887,0.0734538
HHS Regions,Region 10,2021,44,5780,0,2,0.0346021,0,0.0346021
HHS Regions,Region 1,2021,45,2409,59,3,2.57368,2.44915,0.124533
HHS Regions,Region 2,2021,45,6240,45,2,0.753205,0.721154,0.0320513
HHS Regions,Region 3,2021,45,3304,29,2,0.938257,0.877724,0.0605327
HHS Regions,Region 4,2021,45,5053,63,10,1.44469,1.24678,0.197902
HHS Regions,Region 5,2021,45,14182,34,4,0.267945,0.239741,0.0282048
HHS Regions,Region 6,2021,45,10905,28,4,0.293443,0.256763,0.0366804
HHS Regions,Region 7,2021,45,3655,7,0,0.191518,0.191518,0
HHS Regions,Region 8,2021,45,4514,8,2,0.221533,0.177226,0.0443066
HHS Regions,Region 9,2021,45,6965,33,2,0.502513,0.473798,0.028715
HHS Regions,Region 10,2021,45,6041,3,7,0.165536,0.0496607,0.115875
HHS Regions,Region 1,2021,46,2788,72,1,2.61836,2.5825,0.035868
HHS Regions,Region 2,2021,46,5980,66,7,1.22074,1.10368,0.117057
HHS Regions,Region 3,2021,46,3763,30,1,0.823811,0.797236,0.0265745
HHS Regions,Region 4,2021,46,4911,75,14,1.81226,1.52718,0.285074
HHS Regions,Region 5,2021,46,21808,251,7,1.18305,1.15095,0.0320983
HHS Regions,Region 6,2021,46,11566,112,6,1.02023,0.968356,0.0518762
HHS Regions,Region 7,2021,46,4487,8,1,0.200579,0.178293,0.0222866
HHS Regions,Region 8,2021,46,4588,19,1,0.43592,0.414124,0.021796
HHS Regions,Region 9,2021,46,6843,47,4,0.745287,0.686833,0.0584539
HHS Regions,Region 10,2021,46,6171,7,3,0.162048,0.113434,0.0486145
HHS Regions,Region 1,2021,47,2825,95,1,3.39823,3.36283,0.0353982
HHS Regions,Region 2,2021,47,5667,90,0,1.58814,1.58814,0
HHS Regions,Region 3,2021,47,3714,49,1,1.34626,1.31933,0.0269251
HHS Regions,Region 4,2021,47,5175,127,7,2.58937,2.45411,0.135266
HHS Regions,Region 5,2021,47,22343,617,8,2.7973,2.76149,0.0358054
HHS Regions,Region 6,2021,47,10271,153,9,1.57726,1.48963,0.0876254
HHS Regions,Region 7,2021,47,4343,45,1,1.05918,1.03615,0.0230256
HHS Regions,Region 8,2021,47,4054,16,2,0.444006,0.394672,0.049334
HHS Regions,Region 9,2021,47,7502,77,5,1.09304,1.02639,0.0666489
HHS Regions,Region 10,2021,47,5994,16,5,0.35035,0.266934,0.0834168
HHS Regions,Region 1,2021,48,4331,273,1,6.32648,6.30339,0.0230894
HHS Regions,Region 2,2021,48,7271,222,3,3.09448,3.05323,0.0412598
HHS Regions,Region 3,2021,48,4117,108,1,2.64756,2.62327,0.0242895
HHS Regions,Region 4,2021,48,7310,247,15,3.58413,3.37893,0.205198
HHS Regions,Region 5,2021,48,21395,787,13,3.73919,3.67843,0.0607619
HHS Regions,Region 6,2021,48,13257,340,16,2.68537,2.56468,0.120691
HHS Regions,Region 7,2021,48,6529,155,1,2.38934,2.37402,0.0153163
HHS Regions,Region 8,2021,48,4749,59,1,1.26342,1.24237,0.0210571
HHS Regions,Region 9,2021,48,9134,184,11,2.13488,2.01445,0.120429
HHS Regions,Region 10,2021,48,7155,20,9,0.405311,0.279525,0.125786
HHS Regions,Region 1,2021,49,4714,489,5,10.4794,10.3734,0.106067
HHS Regions,Region 2,2021,49,7614,317,1,4.17652,4.16338,0.0131337
HHS Regions,Region 3,2021,49,4790,174,3,3.6952,3.63257,0.0626305
HHS Regions,Region 4,2021,49,6499,366,5,5.70857,5.63164,0.0769349
HHS Regions,Region 5,2021,49,32856,1423,25,4.40711,4.33102,0.0760896
HHS Regions,Region 6,2021,49,13689,595,5,4.38308,4.34656,0.0365257
HHS Regions,Region 7,2021,49,6968,248,0,3.55913,3.55913,0
HHS Regions,Region 8,2021,49,4187,74,0,1.76738,1.76738,0
HHS Regions,Region 9,2021,49,9299,190,2,2.06474,2.04323,0.0215077
HHS Regions,Region 10,2021,49,7166,37,5,0.586101,0.516327,0.0697739
HHS Regions,Region 1,2021,50,5391,513,3,9.57151,9.51586,0.0556483
HHS Regions,Region 2,2021,50,7804,448,2,5.76627,5.74065,0.0256279
HHS Regions,Region 3,2021,50,5471,361,0,6.59843,6.59843,0
HHS Regions,Region 4,2021,50,7378,531,12,7.35972,7.19707,0.162646
HHS Regions,Region 5,2021,50,38342,2846,20,7.47483,7.42267,0.0521621
HHS Regions,Region 6,2021,50,14606,1013,10,7.00397,6.93551,0.068465
HHS Regions,Region 7,2021,50,7811,471,1,6.04276,6.02996,0.0128025
HHS Regions,Region 8,2021,50,4054,206,0,5.0814,5.0814,0
HHS Regions,Region 9,2021,50,9674,244,5,2.57391,2.52222,0.0516849
HHS Regions,Region 10,2021,50,7665,48,8,0.730594,0.626223,0.104371
HHS Regions,Region 1,2021,51,6278,442,5,7.1201,7.04046,0.0796432
HHS Regions,Region 2,2021,51,10151,405,3,4.01931,3.98975,0.0295537
HHS Regions,Region 3,2021,51,6112,305,2,5.02291,4.99018,0.0327225
HHS Regions,Region 4,2021,51,11119,506,27,4.7936,4.55077,0.242828
HHS Regions,Region 5,2021,51,46067,3270,12,7.12441,7.09836,0.026049
HHS Regions,Region 6,2021,51,15118,1005,13,6.73369,6.6477,0.0859902
HHS Regions,Region 7,2021,51,8626,655,0,7.59332,7.59332,0
HHS Regions,Region 8,2021,51,5005,333,0,6.65335,6.65335,0
HHS Regions,Region 9,2021,51,10462,243,4,2.36093,2.32269,0.0382336
HHS Regions,Region 10,2021,51,7966,76,12,1.10469,0.954055,0.15064
HHS Regions,Region 1,2021,52,7545,356,3,4.75812,4.71836,0.0397614
HHS Regions,Region 2,2021,52,11240,284,6,2.58007,2.52669,0.0533808
HHS Regions,Region 3,2021,52,7336,282,1,3.85769,3.84406,0.0136314
HHS Regions,Region 4,2021,52,19391,407,42,2.31551,2.09891,0.216595
HHS Regions,Region 5,2021,52,49186,2786,31,5.72724,5.66421,0.0630261
HHS Regions,Region 6,2021,52,18898,822,15,4.42904,4.34967,0.0793735
HHS Regions,Region 7,2021,52,9042,566,1,6.27074,6.25968,0.0110595
HHS Regions,Region 8,2021,52,6654,362,2,5.47039,5.44034,0.0300571
HHS Regions,Region 9,2021,52,8471,156,0,1.84158,1.84158,0
HHS Regions,Region 10,2021,52,9277,67,8,0.808451,0.722216,0.0862348
HHS Regions,Region 1,2022,1,6552,163,1,2.50305,2.48779,0.0152625
HHS Regions,Region 2,2022,1,11116,136,2,1.24145,1.22346,0.0179921
HHS Regions,Region 3,2022,1,6852,127,1,1.86807,1.85347,0.0145943
HHS Regions,Region 4,2022,1,15137,147,20,1.10326,0.97113,0.132127
HHS Regions,Region 5,2022,1,46567,1595,21,3.47027,3.42517,0.0450963
HHS Regions,Region 6,2022,1,19955,546,9,2.78126,2.73616,0.0451015
HHS Regions,Region 7,2022,1,12556,405,0,3.22555,3.22555,0
HHS Regions,Region 8,2022,1,6421,278,1,4.34512,4.32954,0.0155739
HHS Regions,Region 9,2022,1,15231,165,1,1.08988,1.08332,0.00656556
HHS Regions,Region 10,2022,1,10485,44,12,0.534096,0.419647,0.114449
HHS Regions,Region 1,2022,2,5363,70,1,1.32389,1.30524,0.0186463
HHS Regions,Region 2,2022,2,9241,52,0,0.56271,0.56271,0
HHS Regions,Region 3,2022,2,7251,104,2,1.46187,1.43428,0.0275824
HHS Regions,Region 4,2022,2,13648,106,13,0.871923,0.776671,0.0952521
HHS Regions,Region 5,2022,2,35221,989,29,2.89032,2.80798,0.0823372
HHS Regions,Region 6,2022,2,19284,462,9,2.44244,2.39577,0.0466708
HHS Regions,Region 7,2022,2,10822,270,0,2.49492,2.49492,0
HHS Regions,Region 8,2022,2,7138,410,4,5.79994,5.74391,0.0560381
HHS Regions,Region 9,2022,2,12672,87,2,0.702336,0.686553,0.0157828
HHS Regions,Region 10,2022,2,8784,50,12,0.705829,0.569217,0.136612
HHS Regions,Region 1,2022,3,4095,56,0,1.36752,1.36752,0
HHS Regions,Region 2,2022,3,7185,32,2,0.473208,0.445372,0.0278358
HHS Regions,Region 3,2022,3,5346,54,1,1.02881,1.0101,0.0187056
HHS Regions,Region 4,2022,3,12153,98,16,0.93804,0.806385,0.131655
HHS Regions,Region 5,2022,3,30764,937,10,3.07827,3.04577,0.0325055
HHS Regions,Region 6,2022,3,15624,346,16,2.31695,2.21454,0.102407
HHS Regions,Region 7,2022,3,8863,241,2,2.74174,2.71917,0.0225657
HHS Regions,Region 8,2022,3,5892,340,2,5.80448,5.77054,0.0339443
HHS Regions,Region 9,2022,3,9679,64,0,0.661225,0.661225,0
HHS Regions,Region 10,2022,3,7170,22,23,0.627615,0.306834,0.320781
HHS Regions,Region 1,2022,4,3445,38,1,1.13208,1.10305,0.0290276
HHS Regions,Region 2,2022,4,6098,22,0,0.360774,0.360774,0
HHS Regions,Region 3,2022,4,5251,59,0,1.1236,1.1236,0
HHS Regions,Region 4,2022,4,10036,96,9,1.04623,0.956556,0.0896772
HHS Regions,Region 5,2022,4,24529,731,12,3.02907,2.98015,0.0489217
HHS Regions,Region 6,2022,4,12464,284,2,2.29461,2.27856,0.0160462
HHS Regions,Region 7,2022,4,7086,221,1,3.13294,3.11883,0.0141123
HHS Regions,Region 8,2022,4,4118,193,2,4.73531,4.68674,0.0485673
HHS Regions,Region 9,2022,4,7158,46,1,0.656608,0.642638,0.0139704
HHS Regions,Region 10,2022,4,6939,32,18,0.720565,0.461162,0.259403
HHS Regions,Region 1,2022,5,3053,41,0,1.34294,1.34294,0
HHS Regions,Region 2,2022,5,5475,36,1,0.675799,0.657534,0.0182648
HHS Regions,Region 3,2022,5,4323,61,3,1.48045,1.41106,0.0693963
HHS Regions,Region 4,2022,5,7811,86,5,1.16502,1.10101,0.0640123
HHS Regions,Region 5,2022,5,18570,612,14,3.37103,3.29564,0.0753904
HHS Regions,Region 6,2022,5,8975,278,6,3.16435,3.09749,0.0668524
HHS Regions,Region 7,2022,5,5402,212,2,3.9615,3.92447,0.0370233
HHS Regions,Region 8,2022,5,3323,188,2,5.71772,5.65754,0.0601866
HHS Regions,Region 9,2022,5,6372,39,3,0.659134,0.612053,0.047081
HHS Regions,Region 10,2022,5,5589,17,5,0.39363,0.304169,0.0894614
HHS Regions,Region 1,2022,6,2955,35,0,1.18443,1.18443,0
HHS Regions,Region 2,2022,6,5806,30,1,0.53393,0.516707,0.0172236
HHS Regions,Region 3,2022,6,3913,89,3,2.35114,2.27447,0.0766675
HHS Regions,Region 4,2022,6,7030,103,13,1.65007,1.46515,0.184922
HHS Regions,Region 5,2022,6,16311,640,17,4.02796,3.92373,0.104224
HHS Regions,Region 6,2022,6,9078,401,5,4.47235,4.41727,0.0550782
HHS Regions,Region 7,2022,6,5178,267,1,5.17574,5.15643,0.0193125
HHS Regions,Region 8,2022,6,4417,220,0,4.98076,4.98076,0
HHS Regions,Region 9,2022,6,5157,38,1,0.756254,0.736863,0.0193911
HHS Regions,Region 10,2022,6,4955,32,6,0.766902,0.645812,0.12109
HHS Regions,Region 1,2022,7,2861,38,0,1.32821,1.32821,0
HHS Regions,Region 2,2022,7,5638,47,1,0.851366,0.833629,0.0177368
HHS Regions,Region 3,2022,7,3734,97,3,2.67809,2.59775,0.0803428
HHS Regions,Region 4,2022,7,8301,168,9,2.13227,2.02385,0.108421
HHS Regions,Region 5,2022,7,15031,849,27,5.82796,5.64833,0.179629
HHS Regions,Region 6,2022,7,9420,593,6,6.35881,6.29512,0.0636943
HHS Regions,Region 7,2022,7,5134,415,2,8.12232,8.08337,0.038956
HHS Regions,Region 8,2022,7,2874,215,1,7.51566,7.48086,0.0347947
HHS Regions,Region 9,2022,7,5055,49,0,0.969337,0.969337,0
HHS Regions,Region 10,2022,7,4905,54,16,1.42712,1.10092,0.326198
HHS Regions,Region 1,2022,8,2650,38,0,1.43396,1.43396,0
HHS Regions,Region 2,2022,8,5379,55,0,1.02249,1.02249,0
HHS Regions,Region 3,2022,8,3878,160,0,4.12584,4.12584,0
HHS Regions,Region 4,2022,8,8538,160,7,1.95596,1.87398,0.0819864
HHS Regions,Region 5,2022,8,14590,897,16,6.25771,6.14805,0.109664
HHS Regions,Region 6,2022,8,9176,774,5,8.48954,8.43505,0.05449
HHS Regions,Region 7,2022,8,4925,470,0,9.54315,9.54315,0
HHS Regions,Region 8,2022,8,2298,132,0,5.74413,5.74413,0
HHS Regions,Region 9,2022,8,4924,62,1,1.27945,1.25914,0.0203087
HHS Regions,Region 10,2022,8,4770,65,4,1.44654,1.36268,0.0838574
HHS Regions,Region 1,2022,9,2833,55,0,1.9414,1.9414,0
HHS Regions,Region 2,2022,9,5723,75,0,1.3105,1.3105,0
HHS Regions,Region 3,2022,9,3806,160,0,4.20389,4.20389,0
HHS Regions,Region 4,2022,9,7539,173,5,2.36106,2.29473,0.0663218
HHS Regions,Region 5,2022,9,13421,1051,30,8.05454,7.83101,0.22353
HHS Regions,Region 6,2022,9,10149,1230,3,12.149,12.1194,0.0295596
HHS Regions,Region 7,2022,9,5017,524,0,10.4445,10.4445,0
HHS Regions,Region 8,2022,9,2360,117,1,5,4.95763,0.0423729
HHS Regions,Region 9,2022,9,5138,97,0,1.88789,1.88789,0
HHS Regions,Region 10,2022,9,5093,130,4,2.63106,2.55252,0.0785392
HHS Regions,Region 1,2022,10,3006,70,1,2.36194,2.32868,0.0332668
HHS Regions,Region 2,2022,10,5937,114,0,1.92016,1.92016,0
HHS Regions,Region 3,2022,10,3669,218,4,6.0507,5.94167,0.109022
HHS Regions,Region 4,2022,10,8324,146,8,1.85007,1.75396,0.0961076
HHS Regions,Region 5,2022,10,13674,1200,13,8.87085,8.77578,0.0950709
HHS Regions,Region 6,2022,10,10810,1536,15,14.3478,14.2091,0.13876
HHS Regions,Region 7,2022,10,4370,553,3,12.7231,12.6545,0.0686499
HHS Regions,Region 8,2022,10,2177,123,0,5.64998,5.64998,0
HHS Regions,Region 9,2022,10,5149,116,0,2.25286,2.25286,0
HHS Regions,Region 10,2022,10,4893,130,10,2.86123,2.65686,0.204374
HHS Regions,Region 1,2022,11,3391,124,1,3.68623,3.65674,0.0294898
HHS Regions,Region 2,2022,11,6340,216,0,3.40694,3.40694,0
HHS Regions,Region 3,2022,11,3409,224,0,6.57084,6.57084,0
HHS Regions,Region 4,2022,11,7470,219,12,3.09237,2.93173,0.160643
HHS Regions,Region 5,2022,11,13873,1433,14,10.4303,10.3294,0.100915
HHS Regions,Region 6,2022,11,10889,1798,10,16.6039,16.5121,0.0918358
HHS Regions,Region 7,2022,11,4545,441,0,9.70297,9.70297,0
HHS Regions,Region 8,2022,11,2031,137,1,6.79468,6.74545,0.0492368
HHS Regions,Region 9,2022,11,5538,185,2,3.37667,3.34056,0.0361141
HHS Regions,Region 10,2022,11,5095,174,12,3.65064,3.41511,0.235525
HHS Regions,Region 1,2022,12,3348,165,0,4.92832,4.92832,0
HHS Regions,Region 2,2022,12,6908,424,0,6.13781,6.13781,0
HHS Regions,Region 3,2022,12,3456,239,0,6.91551,6.91551,0
HHS Regions,Region 4,2022,12,7842,229,9,3.03494,2.92017,0.114767
HHS Regions,Region 5,2022,12,15931,1728,8,10.897,10.8468,0.0502166
HHS Regions,Region 6,2022,12,11387,1735,5,15.2806,15.2367,0.0439097
HHS Regions,Region 7,2022,12,4464,370,0,8.28853,8.28853,0
HHS Regions,Region 8,2022,12,2023,121,0,5.98122,5.98122,0
HHS Regions,Region 9,2022,12,5712,266,0,4.65686,4.65686,0
HHS Regions,Region 10,2022,12,5510,206,14,3.99274,3.73866,0.254083
HHS Regions,Region 1,2022,13,3748,225,0,6.0032,6.0032,0
HHS Regions,Region 2,2022,13,7702,618,1,8.03687,8.02389,0.0129836
HHS Regions,Region 3,2022,13,3237,183,1,5.68428,5.65338,0.0308928
HHS Regions,Region 4,2022,13,7626,298,5,3.97325,3.90768,0.0655652
HHS Regions,Region 5,2022,13,14964,1575,82,11.0732,10.5253,0.547982
HHS Regions,Region 6,2022,13,11232,1722,13,15.4469,15.3312,0.115741
HHS Regions,Region 7,2022,13,4697,328,1,7.00447,6.98318,0.0212902
HHS Regions,Region 8,2022,13,1976,168,0,8.50202,8.50202,0
HHS Regions,Region 9,2022,13,5749,255,0,4.43555,4.43555,0
HHS Regions,Region 10,2022,13,5471,192,12,3.72875,3.50941,0.219338
HHS Regions,Region 1,2022,14,4464,424,0,9.49821,9.49821,0
HHS Regions,Region 2,2022,14,8600,933,0,10.8488,10.8488,0
HHS Regions,Region 3,2022,14,3405,301,0,8.83994,8.83994,0
HHS Regions,Region 4,2022,14,7142,336,4,4.76057,4.70456,0.0560067
HHS Regions,Region 5,2022,14,17438,2052,7,11.8075,11.7674,0.0401422
HHS Regions,Region 6,2022,14,11378,1629,14,14.4401,14.3171,0.123044
HHS Regions,Region 7,2022,14,4524,351,1,7.78073,7.75862,0.0221043
HHS Regions,Region 8,2022,14,1931,153,1,7.97514,7.92336,0.0517866
HHS Regions,Region 9,2022,14,6250,311,2,5.008,4.976,0.032
HHS Regions,Region 10,2022,14,5365,170,5,3.26188,3.16869,0.0931966
HHS Regions,Region 1,2022,15,4782,501,1,10.4977,10.4768,0.0209118
HHS Regions,Region 2,2022,15,8340,910,0,10.9113,10.9113,0
HHS Regions,Region 3,2022,15,3689,273,0,7.40038,7.40038,0
HHS Regions,Region 4,2022,15,6987,370,2,5.32417,5.29555,0.0286246
HHS Regions,Region 5,2022,15,16285,1993,7,12.2812,12.2383,0.0429843
HHS Regions,Region 6,2022,15,11261,1703,6,15.1763,15.123,0.0532812
HHS Regions,Region 7,2022,15,4344,305,0,7.02118,7.02118,0
HHS Regions,Region 8,2022,15,2074,200,1,9.69142,9.6432,0.048216
HHS Regions,Region 9,2022,15,5855,327,2,5.61913,5.58497,0.0341588
HHS Regions,Region 10,2022,15,5872,262,7,4.58106,4.46185,0.11921
HHS Regions,Region 1,2022,16,4928,461,0,9.35471,9.35471,0
HHS Regions,Region 2,2022,16,8620,676,0,7.84223,7.84223,0
HHS Regions,Region 3,2022,16,3672,217,0,5.90959,5.90959,0
HHS Regions,Region 4,2022,16,7222,421,9,5.95403,5.82941,0.124619
HHS Regions,Region 5,2022,16,18247,1850,23,10.2647,10.1387,0.126048
HHS Regions,Region 6,2022,16,10493,1394,6,13.3422,13.285,0.057181
HHS Regions,Region 7,2022,16,3718,229,0,6.15923,6.15923,0
HHS Regions,Region 8,2022,16,2132,217,0,10.1782,10.1782,0
HHS Regions,Region 9,2022,16,6226,459,1,7.38837,7.37231,0.0160617
HHS Regions,Region 10,2022,16,6657,379,13,5.88854,5.69326,0.195283
HHS Regions,Region 1,2022,17,5198,407,1,7.84917,7.82993,0.0192382
HHS Regions,Region 2,2022,17,8383,564,0,6.7279,6.7279,0
HHS Regions,Region 3,2022,17,3761,219,0,5.82292,5.82292,0
HHS Regions,Region 4,2022,17,7450,508,13,6.99329,6.81879,0.174497
HHS Regions,Region 5,2022,17,20572,1928,16,9.44974,9.37196,0.0777756
HHS Regions,Region 6,2022,17,10534,1212,7,11.5721,11.5056,0.0664515
HHS Regions,Region 7,2022,17,4500,247,0,5.48889,5.48889,0
HHS Regions,Region 8,2022,17,2579,233,0,9.03451,9.03451,0
HHS Regions,Region 9,2022,17,7091,537,2,7.60118,7.57298,0.0282048
HHS Regions,Region 10,2022,17,6903,380,4,5.5628,5.50485,0.0579458
HHS Regions,Region 1,2022,18,5579,590,2,10.6112,10.5754,0.0358487
HHS Regions,Region 2,2022,18,8434,649,0,7.69504,7.69504,0
HHS Regions,Region 3,2022,18,3963,244,0,6.15695,6.15695,0
HHS Regions,Region 4,2022,18,7787,544,8,7.08874,6.986,0.102735
HHS Regions,Region 5,2022,18,21222,2062,21,9.81529,9.71633,0.0989539
HHS Regions,Region 6,2022,18,10344,1095,13,10.7115,10.5858,0.125677
HHS Regions,Region 7,2022,18,4627,152,0,3.28507,3.28507,0
HHS Regions,Region 8,2022,18,2588,264,0,10.2009,10.2009,0
HHS Regions,Region 9,2022,18,7766,669,3,8.6531,8.61447,0.0386299
HHS Regions,Region 10,2022,18,7582,433,4,5.76365,5.71089,0.0527565
HHS Regions,Region 1,2022,19,6142,741,3,12.1133,12.0645,0.048844
HHS Regions,Region 2,2022,19,8494,517,0,6.08665,6.08665,0
HHS Regions,Region 3,2022,19,4230,172,0,4.06619,4.06619,0
HHS Regions,Region 4,2022,19,9067,621,3,6.8821,6.84901,0.033087
HHS Regions,Region 5,2022,19,22797,1645,37,7.37816,7.21586,0.162302
HHS Regions,Region 6,2022,19,10024,850,5,8.52953,8.47965,0.0498803
HHS Regions,Region 7,2022,19,4531,129,0,2.84705,2.84705,0
HHS Regions,Region 8,2022,19,2527,165,1,6.56905,6.52948,0.0395726
HHS Regions,Region 9,2022,19,8894,811,2,9.14099,9.11851,0.0224871
HHS Regions,Region 10,2022,19,7848,435,12,5.69572,5.54281,0.152905
HHS Regions,Region 1,2022,20,5629,449,2,8.01208,7.97655,0.0355303
HHS Regions,Region 2,2022,20,7997,430,0,5.37702,5.37702,0
HHS Regions,Region 3,2022,20,4286,146,0,3.40644,3.40644,0
HHS Regions,Region 4,2022,20,8666,535,3,6.20817,6.17355,0.034618
HHS Regions,Region 5,2022,20,21131,992,5,4.71819,4.69452,0.0236619
HHS Regions,Region 6,2022,20,10907,680,7,6.29871,6.23453,0.064179
HHS Regions,Region 7,2022,20,4320,70,0,1.62037,1.62037,0
HHS Regions,Region 8,2022,20,3439,166,0,4.82698,4.82698,0
HHS Regions,Region 9,2022,20,9890,1123,4,11.3953,11.3549,0.0404449
HHS Regions,Region 10,2022,20,8443,468,6,5.61412,5.54305,0.0710648
HHS Regions,Region 1,2022,21,5195,268,0,5.15881,5.15881,0
HHS Regions,Region 2,2022,21,7653,293,6,3.90696,3.82856,0.0784006
HHS Regions,Region 3,2022,21,4258,96,0,2.25458,2.25458,0
HHS Regions,Region 4,2022,21,9518,927,4,9.78147,9.73944,0.0420256
HHS Regions,Region 5,2022,21,18932,621,6,3.31185,3.28016,0.0316924
HHS Regions,Region 6,2022,21,10743,508,15,4.86829,4.72866,0.139626
HHS Regions,Region 7,2022,21,4165,51,0,1.22449,1.22449,0
HHS Regions,Region 8,2022,21,2304,162,1,7.07465,7.03125,0.0434028
HHS Regions,Region 9,2022,21,11039,1327,2,12.0391,12.021,0.0181176
HHS Regions,Region 10,2022,21,9035,503,5,5.62258,5.56724,0.0553403
HHS Regions,Region 1,2022,22,4791,163,1,3.42308,3.40221,0.0208725
HHS Regions,Region 2,2022,22,6913,179,0,2.58932,2.58932,0
HHS Regions,Region 3,2022,22,3880,75,0,1.93299,1.93299,0
HHS Regions,Region 4,2022,22,9365,857,11,9.26855,9.15109,0.117459
HHS Regions,Region 5,2022,22,16932,362,10,2.19702,2.13796,0.0590598
HHS Regions,Region 6,2022,22,10473,339,10,3.33238,3.23689,0.0954836
HHS Regions,Region 7,2022,22,4065,43,0,1.05781,1.05781,0
HHS Regions,Region 8,2022,22,2774,96,0,3.46071,3.46071,0
HHS Regions,Region 9,2022,22,10522,1291,0,12.2695,12.2695,0
HHS Regions,Region 10,2022,22,8443,380,14,4.66659,4.50077,0.165818
HHS Regions,Region 1,2022,23,4850,81,3,1.73196,1.6701,0.0618557
HHS Regions,Region 2,2022,23,7018,83,1,1.19692,1.18267,0.0142491
HHS Regions,Region 3,2022,23,3671,44,0,1.19858,1.19858,0
HHS Regions,Region 4,2022,23,9098,527,6,5.85843,5.79248,0.0659486
HHS Regions,Region 5,2022,23,15630,218,11,1.46513,1.39475,0.0703775
HHS Regions,Region 6,2022,23,10679,203,6,1.95711,1.90093,0.056185
HHS Regions,Region 7,2022,23,4015,15,0,0.373599,0.373599,0
HHS Regions,Region 8,2022,23,2670,58,0,2.17228,2.17228,0
HHS Regions,Region 9,2022,23,10211,984,2,9.65625,9.63667,0.0195867
HHS Regions,Region 10,2022,23,7201,238,5,3.37453,3.3051,0.0694348
HHS Regions,Region 1,2022,24,4433,64,0,1.44372,1.44372,0
HHS Regions,Region 2,2022,24,6448,56,0,0.868486,0.868486,0
HHS Regions,Region 3,2022,24,3511,34,3,1.05383,0.968385,0.0854457
HHS Regions,Region 4,2022,24,8759,320,11,3.77897,3.65339,0.125585
HHS Regions,Region 5,2022,24,13956,145,16,1.15363,1.03898,0.114646
HHS Regions,Region 6,2022,24,10741,139,5,1.34066,1.29411,0.0465506
HHS Regions,Region 7,2022,24,3840,14,0,0.364583,0.364583,0
HHS Regions,Region 8,2022,24,2391,26,0,1.08741,1.08741,0
HHS Regions,Region 9,2022,24,8680,574,1,6.62442,6.6129,0.0115207
HHS Regions,Region 10,2022,24,6717,228,6,3.4837,3.39437,0.0893256
HHS Regions,Region 1,2022,25,3903,40,1,1.05047,1.02485,0.0256213
HHS Regions,Region 2,2022,25,6325,41,0,0.648221,0.648221,0
HHS Regions,Region 3,2022,25,3456,30,1,0.896991,0.868056,0.0289352
HHS Regions,Region 4,2022,25,7661,146,5,1.97102,1.90576,0.0652656
HHS Regions,Region 5,2022,25,13006,102,13,0.884207,0.784253,0.0999539
HHS Regions,Region 6,2022,25,11023,84,11,0.861834,0.762043,0.0997913
HHS Regions,Region 7,2022,25,3926,9,0,0.229241,0.229241,0
HHS Regions,Region 8,2022,25,2384,19,0,0.79698,0.79698,0
HHS Regions,Region 9,2022,25,7957,449,3,5.68053,5.64283,0.0377027
HHS Regions,Region 10,2022,25,6869,164,6,2.47489,2.38754,0.087349
HHS Regions,Region 1,2022,26,4010,15,3,0.448878,0.374065,0.074813
HHS Regions,Region 2,2022,26,6318,32,0,0.506489,0.506489,0
HHS Regions,Region 3,2022,26,3124,10,0,0.320102,0.320102,0
HHS Regions,Region 4,2022,26,8482,136,17,1.80382,1.6034,0.200424
HHS Regions,Region 5,2022,26,12003,57,11,0.566525,0.474881,0.0916438
HHS Regions,Region 6,2022,26,10637,66,5,0.667481,0.620476,0.0470057
HHS Regions,Region 7,2022,26,3925,8,0,0.203822,0.203822,0
HHS Regions,Region 8,2022,26,2305,9,0,0.390456,0.390456,0
HHS Regions,Region 9,2022,26,7843,353,1,4.51358,4.50083,0.0127502
HHS Regions,Region 10,2022,26,5782,94,0,1.62574,1.62574,0
HHS Regions,Region 1,2022,27,3715,8,0,0.215343,0.215343,0
HHS Regions,Region 2,2022,27,6273,16,0,0.255061,0.255061,0
HHS Regions,Region 3,2022,27,3489,6,0,0.171969,0.171969,0
HHS Regions,Region 4,2022,27,7694,102,10,1.45568,1.32571,0.129971
HHS Regions,Region 5,2022,27,10863,26,1,0.24855,0.239345,0.00920556
HHS Regions,Region 6,2022,27,10726,47,14,0.568712,0.438188,0.130524
HHS Regions,Region 7,2022,27,3940,7,0,0.177665,0.177665,0
HHS Regions,Region 8,2022,27,2316,5,0,0.215889,0.215889,0
HHS Regions,Region 9,2022,27,7952,290,3,3.68461,3.64688,0.0377264
HHS Regions,Region 10,2022,27,7028,86,2,1.25213,1.22368,0.0284576
HHS Regions,Region 1,2022,28,3580,11,2,0.363128,0.307263,0.0558659
HHS Regions,Region 2,2022,28,6216,14,1,0.241313,0.225225,0.0160875
HHS Regions,Region 3,2022,28,3612,8,3,0.30454,0.221484,0.0830565
HHS Regions,Region 4,2022,28,7587,68,17,1.12034,0.89627,0.224067
HHS Regions,Region 5,2022,28,10231,36,15,0.498485,0.351872,0.146613
HHS Regions,Region 6,2022,28,10551,44,9,0.502322,0.417022,0.0853
HHS Regions,Region 7,2022,28,4317,7,1,0.185314,0.16215,0.0231642
HHS Regions,Region 8,2022,28,2134,2,0,0.0937207,0.0937207,0
HHS Regions,Region 9,2022,28,7378,166,1,2.26349,2.24993,0.0135538
HHS Regions,Region 10,2022,28,5952,82,1,1.39449,1.37769,0.0168011
HHS Regions,Region 1,2022,29,3423,5,1,0.175285,0.146071,0.0292141
HHS Regions,Region 2,2022,29,6306,9,0,0.142721,0.142721,0
HHS Regions,Region 3,2022,29,3646,8,0,0.219419,0.219419,0
HHS Regions,Region 4,2022,29,9108,62,11,0.801493,0.68072,0.120773
HHS Regions,Region 5,2022,29,10268,24,4,0.272692,0.233736,0.038956
HHS Regions,Region 6,2022,29,10487,37,13,0.476781,0.352818,0.123963
HHS Regions,Region 7,2022,29,4403,7,1,0.181694,0.158983,0.0227118
HHS Regions,Region 8,2022,29,2223,3,0,0.134953,0.134953,0
HHS Regions,Region 9,2022,29,6985,165,7,2.46242,2.3622,0.100215
HHS Regions,Region 10,2022,29,5402,28,1,0.536838,0.518327,0.0185117
HHS Regions,Region 1,2022,30,3424,9,1,0.292056,0.26285,0.0292056
HHS Regions,Region 2,2022,30,6249,8,0,0.12802,0.12802,0
HHS Regions,Region 3,2022,30,3438,9,0,0.26178,0.26178,0
HHS Regions,Region 4,2022,30,7007,29,17,0.656486,0.413872,0.242615
HHS Regions,Region 5,2022,30,10236,29,4,0.322392,0.283314,0.0390778
HHS Regions,Region 6,2022,30,9721,37,5,0.432054,0.380619,0.051435
HHS Regions,Region 7,2022,30,4054,4,1,0.123335,0.098668,0.024667
HHS Regions,Region 8,2022,30,1987,3,0,0.150981,0.150981,0
HHS Regions,Region 9,2022,30,6238,111,3,1.82751,1.77942,0.0480923
HHS Regions,Region 10,2022,30,5583,29,0,0.519434,0.519434,0
HHS Regions,Region 1,2022,31,3212,4,0,0.124533,0.124533,0
HHS Regions,Region 2,2022,31,6176,6,1,0.113342,0.0971503,0.0161917
HHS Regions,Region 3,2022,31,3479,9,0,0.258695,0.258695,0
HHS Regions,Region 4,2022,31,6458,23,14,0.572933,0.356147,0.216785
HHS Regions,Region 5,2022,31,9284,25,0,0.26928,0.26928,0
HHS Regions,Region 6,2022,31,9165,33,10,0.469176,0.360065,0.109111
HHS Regions,Region 7,2022,31,3897,3,0,0.0769823,0.0769823,0
HHS Regions,Region 8,2022,31,1851,3,2,0.270124,0.162075,0.10805
HHS Regions,Region 9,2022,31,6466,112,1,1.7476,1.73214,0.0154655
HHS Regions,Region 10,2022,31,4841,22,1,0.475108,0.454452,0.0206569
HHS Regions,Region 1,2022,32,3207,8,0,0.249454,0.249454,0
HHS Regions,Region 2,2022,32,5276,9,0,0.170584,0.170584,0
HHS Regions,Region 3,2022,32,3350,6,0,0.179104,0.179104,0
HHS Regions,Region 4,2022,32,5849,28,11,0.666781,0.478714,0.188066
HHS Regions,Region 5,2022,32,8407,12,3,0.178423,0.142738,0.0356845
HHS Regions,Region 6,2022,32,8850,24,10,0.384181,0.271186,0.112994
HHS Regions,Region 7,2022,32,3892,4,0,0.102775,0.102775,0
HHS Regions,Region 8,2022,32,1787,2,0,0.111919,0.111919,0
HHS Regions,Region 9,2022,32,6442,109,2,1.72307,1.69202,0.0310463
HHS Regions,Region 10,2022,32,5109,22,1,0.450186,0.430613,0.0195733
HHS Regions,Region 1,2022,33,3352,5,0,0.149165,0.149165,0
HHS Regions,Region 2,2022,33,4904,13,0,0.26509,0.26509,0
HHS Regions,Region 3,2022,33,3254,3,0,0.0921942,0.0921942,0
HHS Regions,Region 4,2022,33,6092,27,17,0.722259,0.443204,0.279054
HHS Regions,Region 5,2022,33,8801,17,4,0.238609,0.19316,0.0454494
HHS Regions,Region 6,2022,33,10013,37,9,0.459403,0.36952,0.0898832
HHS Regions,Region 7,2022,33,3724,9,0,0.241676,0.241676,0
HHS Regions,Region 8,2022,33,1764,1,0,0.0566893,0.0566893,0
HHS Regions,Region 9,2022,33,6749,95,3,1.45207,1.40762,0.044451
HHS Regions,Region 10,2022,33,4983,16,1,0.34116,0.321092,0.0200682
HHS Regions,Region 1,2022,34,3279,10,1,0.335468,0.304971,0.0304971
HHS Regions,Region 2,2022,34,4794,11,0,0.229453,0.229453,0
HHS Regions,Region 3,2022,34,3464,6,0,0.17321,0.17321,0
HHS Regions,Region 4,2022,34,7514,47,19,0.87836,0.625499,0.252861
HHS Regions,Region 5,2022,34,9546,13,8,0.219987,0.136183,0.0838047
HHS Regions,Region 6,2022,34,11832,61,7,0.574713,0.515551,0.0591616
HHS Regions,Region 7,2022,34,3763,3,0,0.0797236,0.0797236,0
HHS Regions,Region 8,2022,34,2424,1,0,0.0412541,0.0412541,0
HHS Regions,Region 9,2022,34,7039,134,5,1.97471,1.90368,0.0710328
HHS Regions,Region 10,2022,34,3841,14,1,0.390523,0.364488,0.0260349
HHS Regions,Region 1,2022,35,3203,11,1,0.374649,0.343428,0.0312207
HHS Regions,Region 2,2022,35,4777,15,0,0.314005,0.314005,0
HHS Regions,Region 3,2022,35,3847,6,0,0.155966,0.155966,0
HHS Regions,Region 4,2022,35,7005,46,12,0.82798,0.656674,0.171306
HHS Regions,Region 5,2022,35,10344,23,3,0.251353,0.222351,0.0290023
HHS Regions,Region 6,2022,35,12729,95,15,0.864168,0.746327,0.117841
HHS Regions,Region 7,2022,35,4182,3,0,0.071736,0.071736,0
HHS Regions,Region 8,2022,35,1972,1,0,0.0507099,0.0507099,0
HHS Regions,Region 9,2022,35,7462,121,2,1.64835,1.62155,0.0268025
HHS Regions,Region 10,2022,35,4478,14,2,0.357302,0.31264,0.0446628
HHS Regions,Region 1,2022,36,3383,11,0,0.325155,0.325155,0
HHS Regions,Region 2,2022,36,4889,14,0,0.286357,0.286357,0
HHS Regions,Region 3,2022,36,3946,9,0,0.228079,0.228079,0
HHS Regions,Region 4,2022,36,6758,78,4,1.21338,1.15419,0.0591891
HHS Regions,Region 5,2022,36,11093,18,3,0.189309,0.162264,0.0270441
HHS Regions,Region 6,2022,36,11825,119,6,1.05708,1.00634,0.05074
HHS Regions,Region 7,2022,36,4194,5,0,0.119218,0.119218,0
HHS Regions,Region 8,2022,36,1961,4,1,0.254972,0.203978,0.0509944
HHS Regions,Region 9,2022,36,7182,154,7,2.24172,2.14425,0.0974659
HHS Regions,Region 10,2022,36,4517,16,1,0.376356,0.354217,0.0221386
HHS Regions,Region 1,2022,37,3782,7,0,0.185087,0.185087,0
HHS Regions,Region 2,2022,37,5607,23,0,0.410202,0.410202,0
HHS Regions,Region 3,2022,37,3993,12,1,0.32557,0.300526,0.0250438
HHS Regions,Region 4,2022,37,6731,114,14,1.90165,1.69366,0.207993
HHS Regions,Region 5,2022,37,10814,27,1,0.258924,0.249676,0.00924727
HHS Regions,Region 6,2022,37,12451,164,13,1.42157,1.31716,0.104409
HHS Regions,Region 7,2022,37,4224,5,0,0.118371,0.118371,0
HHS Regions,Region 8,2022,37,1838,0,2,0.108814,0,0.108814
HHS Regions,Region 9,2022,37,7530,140,4,1.91235,1.85923,0.0531208
HHS Regions,Region 10,2022,37,5299,11,2,0.245329,0.207586,0.037743
HHS Regions,Region 1,2022,38,3962,18,0,0.454316,0.454316,0
HHS Regions,Region 2,2022,38,6268,22,0,0.350989,0.350989,0
HHS Regions,Region 3,2022,38,4289,19,0,0.442994,0.442994,0
HHS Regions,Region 4,2022,38,6550,214,28,3.69466,3.26718,0.427481
HHS Regions,Region 5,2022,38,13633,73,15,0.645493,0.535465,0.110027
HHS Regions,Region 6,2022,38,12435,239,14,2.03458,1.92199,0.112585
HHS Regions,Region 7,2022,38,3993,3,1,0.100175,0.0751315,0.0250438
HHS Regions,Region 8,2022,38,2195,2,0,0.0911162,0.0911162,0
HHS Regions,Region 9,2022,38,8317,167,6,2.08008,2.00794,0.0721414
HHS Regions,Region 10,2022,38,5813,18,1,0.326854,0.309651,0.0172028
HHS Regions,Region 1,2022,39,4230,18,0,0.425532,0.425532,0
HHS Regions,Region 2,2022,39,6489,21,2,0.354446,0.323625,0.0308214
HHS Regions,Region 3,2022,39,4205,40,0,0.951249,0.951249,0
HHS Regions,Region 4,2022,39,4817,364,28,8.13785,7.55657,0.581275
HHS Regions,Region 5,2022,39,12129,77,25,0.84096,0.634842,0.206118
HHS Regions,Region 6,2022,39,12767,404,17,3.29756,3.16441,0.133156
HHS Regions,Region 7,2022,39,3762,6,1,0.186071,0.15949,0.0265816
HHS Regions,Region 8,2022,39,1984,2,0,0.100806,0.100806,0
HHS Regions,Region 9,2022,39,8620,290,6,3.43387,3.36427,0.0696056
HHS Regions,Region 10,2022,39,7894,46,4,0.633392,0.582721,0.0506714
HHS Regions,Region 1,2022,40,4684,30,0,0.640478,0.640478,0
HHS Regions,Region 2,2022,40,7652,31,1,0.418191,0.405123,0.0130685
HHS Regions,Region 3,2022,40,4540,67,1,1.4978,1.47577,0.0220264
HHS Regions,Region 4,2022,40,7553,619,38,8.69853,8.19542,0.503111
HHS Regions,Region 5,2022,40,13976,127,22,1.06611,0.908701,0.157413
HHS Regions,Region 6,2022,40,12793,680,22,5.48738,5.31541,0.171969
HHS Regions,Region 7,2022,40,6454,28,11,0.604276,0.433839,0.170437
HHS Regions,Region 8,2022,40,2023,3,0,0.148295,0.148295,0
HHS Regions,Region 9,2022,40,12272,356,7,2.95795,2.90091,0.0570404
HHS Regions,Region 10,2022,40,6302,43,3,0.729927,0.682323,0.0476039
HHS Regions,Region 1,2022,41,4707,35,2,0.786063,0.743573,0.0424899
HHS Regions,Region 2,2022,41,7827,58,1,0.753801,0.741025,0.0127763
HHS Regions,Region 3,2022,41,4993,151,0,3.02423,3.02423,0
HHS Regions,Region 4,2022,41,7598,708,30,9.71308,9.31824,0.394841
HHS Regions,Region 5,2022,41,16209,263,18,1.7336,1.62256,0.111049
HHS Regions,Region 6,2022,41,17476,1138,21,6.63195,6.51179,0.120165
HHS Regions,Region 7,2022,41,6570,38,3,0.624049,0.578387,0.0456621
HHS Regions,Region 8,2022,41,1893,11,2,0.686741,0.581088,0.105652
HHS Regions,Region 9,2022,41,14044,520,6,3.74537,3.70265,0.0427229
HHS Regions,Region 10,2022,41,6738,39,5,0.653013,0.578807,0.074206
HHS Regions,Region 1,2022,42,5231,61,2,1.20436,1.16613,0.0382336
HHS Regions,Region 2,2022,42,8523,116,1,1.37276,1.36102,0.011733
HHS Regions,Region 3,2022,42,5565,288,0,5.1752,5.1752,0
HHS Regions,Region 4,2022,42,9582,1376,22,14.5899,14.3603,0.229597
HHS Regions,Region 5,2022,42,18630,566,18,3.13473,3.03811,0.0966184
HHS Regions,Region 6,2022,42,14587,1699,31,11.8599,11.6474,0.212518
HHS Regions,Region 7,2022,42,7164,101,10,1.54941,1.40983,0.139587
HHS Regions,Region 8,2022,42,1916,29,2,1.61795,1.51357,0.104384
HHS Regions,Region 9,2022,42,16036,745,15,4.73934,4.6458,0.0935395
HHS Regions,Region 10,2022,42,8193,99,7,1.29379,1.20835,0.0854388
HHS Regions,Region 1,2022,43,5885,124,4,2.17502,2.10705,0.0679694
HHS Regions,Region 2,2022,43,9955,335,1,3.37519,3.36514,0.0100452
HHS Regions,Region 3,2022,43,6541,806,1,12.3376,12.3223,0.0152882
HHS Regions,Region 4,2022,43,12122,2069,38,17.3816,17.0681,0.31348
HHS Regions,Region 5,2022,43,21677,1291,13,6.01559,5.95562,0.0599714
HHS Regions,Region 6,2022,43,18346,3037,24,16.6848,16.554,0.130819
HHS Regions,Region 7,2022,43,7289,270,13,3.88256,3.70421,0.178351
HHS Regions,Region 8,2022,43,2197,50,0,2.27583,2.27583,0
HHS Regions,Region 9,2022,43,19859,1109,9,5.62969,5.58437,0.0453195
HHS Regions,Region 10,2022,43,8980,250,10,2.89532,2.78396,0.111359
HHS Regions,Region 1,2022,44,6461,298,2,4.64324,4.61229,0.030955
HHS Regions,Region 2,2022,44,11015,734,4,6.69995,6.66364,0.0363141
HHS Regions,Region 3,2022,44,7681,1393,2,18.1617,18.1357,0.0260383
HHS Regions,Region 4,2022,44,15250,3369,45,22.3869,22.0918,0.295082
HHS Regions,Region 5,2022,44,25932,2811,32,10.9633,10.8399,0.1234
HHS Regions,Region 6,2022,44,21945,4641,24,21.2577,21.1483,0.109364
HHS Regions,Region 7,2022,44,9110,620,15,6.97036,6.80571,0.164654
HHS Regions,Region 8,2022,44,2807,180,3,6.51942,6.41254,0.106876
HHS Regions,Region 9,2022,44,22469,2240,10,10.0138,9.96929,0.0445058
HHS Regions,Region 10,2022,44,10957,667,8,6.16045,6.08743,0.0730127
HHS Regions,Region 1,2022,45,6828,467,2,6.86878,6.83948,0.0292912
HHS Regions,Region 2,2022,45,10969,1140,5,10.4385,10.3929,0.045583
HHS Regions,Region 3,2022,45,7491,1481,1,19.7837,19.7704,0.0133494
HHS Regions,Region 4,2022,45,13784,2660,66,19.7766,19.2977,0.478816
HHS Regions,Region 5,2022,45,27452,3943,45,14.5272,14.3633,0.163922
HHS Regions,Region 6,2022,45,23230,4882,25,21.1235,21.0159,0.107619
HHS Regions,Region 7,2022,45,9735,933,12,9.70724,9.58398,0.123267
HHS Regions,Region 8,2022,45,3239,358,1,11.0837,11.0528,0.0308737
HHS Regions,Region 9,2022,45,27972,3863,18,13.8746,13.8102,0.0643501
HHS Regions,Region 10,2022,45,13426,1611,13,12.0959,11.9991,0.0968271
HHS Regions,Region 1,2022,46,7749,815,3,10.5562,10.5175,0.0387147
HHS Regions,Region 2,2022,46,12395,1740,1,14.046,14.0379,0.00806777
HHS Regions,Region 3,2022,46,7243,1531,5,21.2067,21.1377,0.0690322
HHS Regions,Region 4,2022,46,11775,1929,56,16.8577,16.3822,0.475584
HHS Regions,Region 5,2022,46,31250,6648,58,21.4592,21.2736,0.1856
HHS Regions,Region 6,2022,46,23809,4983,29,21.0509,20.9291,0.121803
HHS Regions,Region 7,2022,46,11081,1780,18,16.226,16.0635,0.16244
HHS Regions,Region 8,2022,46,4155,687,2,16.5824,16.5343,0.0481348
HHS Regions,Region 9,2022,46,32549,5401,11,16.6272,16.5934,0.0337952
HHS Regions,Region 10,2022,46,15769,3236,6,20.5593,20.5213,0.0380493
HHS Regions,Region 1,2022,47,8740,1959,4,22.46,22.4142,0.0457666
HHS Regions,Region 2,2022,47,12720,3094,4,24.3553,24.3239,0.0314465
HHS Regions,Region 3,2022,47,7241,2052,6,28.4215,28.3386,0.0828615
HHS Regions,Region 4,2022,47,12472,2465,61,20.2534,19.7643,0.489096
HHS Regions,Region 5,2022,47,32308,9674,34,30.0483,29.943,0.105237
HHS Regions,Region 6,2022,47,22090,5739,28,26.1068,25.9801,0.126754
HHS Regions,Region 7,2022,47,11794,3238,13,27.5649,27.4546,0.110226
HHS Regions,Region 8,2022,47,4344,904,2,20.8564,20.8103,0.0460405
HHS Regions,Region 9,2022,47,29484,6151,10,20.8961,20.8622,0.0339167
HHS Regions,Region 10,2022,47,16767,5320,17,31.8304,31.729,0.10139
HHS Regions,Region 1,2022,48,11472,3069,6,26.8044,26.7521,0.0523013
HHS Regions,Region 2,2022,48,15728,4119,2,26.2017,26.189,0.0127162
HHS Regions,Region 3,2022,48,8739,2237,2,25.6208,25.5979,0.0228859
HHS Regions,Region 4,2022,48,12479,2092,48,17.1488,16.7642,0.384646
HHS Regions,Region 5,2022,48,41958,12681,26,30.285,30.2231,0.0619667
HHS Regions,Region 6,2022,48,24135,5437,34,22.6683,22.5274,0.140874
HHS Regions,Region 7,2022,48,15021,4185,21,28.0008,27.861,0.139804
HHS Regions,Region 8,2022,48,4585,1117,2,24.4057,24.3621,0.0436205
HHS Regions,Region 9,2022,48,36829,7766,17,21.1328,21.0866,0.0461593
HHS Regions,Region 10,2022,48,20839,6132,14,29.4928,29.4256,0.0671817
HHS Regions,Region 1,2022,49,10722,3049,4,28.4742,28.4369,0.0373065
HHS Regions,Region 2,2022,49,14902,3793,5,25.4865,25.453,0.0335525
HHS Regions,Region 3,2022,49,7724,1748,4,22.6825,22.6308,0.0517866
HHS Regions,Region 4,2022,49,11548,1424,39,12.6689,12.3311,0.337721
HHS Regions,Region 5,2022,49,41400,13090,48,31.7343,31.6184,0.115942
HHS Regions,Region 6,2022,49,23902,6125,56,25.8598,25.6255,0.23429
HHS Regions,Region 7,2022,49,15950,5098,12,32.0376,31.9624,0.0752351
HHS Regions,Region 8,2022,49,4523,1157,5,25.6909,25.5804,0.110546
HHS Regions,Region 9,2022,49,33057,6835,18,20.7309,20.6764,0.0544514
HHS Regions,Region 10,2022,49,18772,5408,17,28.8994,28.8089,0.0905604
HHS Regions,Region 1,2022,50,10539,2758,15,26.3118,26.1695,0.142328
HHS Regions,Region 2,2022,50,14431,3168,2,21.9666,21.9527,0.0138591
HHS Regions,Region 3,2022,50,7457,1275,2,17.1248,17.098,0.0268204
HHS Regions,Region 4,2022,50,10891,851,40,8.18107,7.81379,0.367276
HHS Regions,Region 5,2022,50,43173,13437,42,31.2209,31.1236,0.097283
HHS Regions,Region 6,2022,50,21586,5035,65,23.6264,23.3253,0.301121
HHS Regions,Region 7,2022,50,14187,5080,25,35.9836,35.8074,0.176218
HHS Regions,Region 8,2022,50,4715,1191,4,25.3446,25.2598,0.0848356
HHS Regions,Region 9,2022,50,30044,5411,10,18.0435,18.0103,0.0332845
HHS Regions,Region 10,2022,50,15802,3867,11,24.5412,24.4716,0.0696114
HHS Regions,Region 1,2022,51,10017,2307,14,23.1706,23.0308,0.139762
HHS Regions,Region 2,2022,51,13129,2417,3,18.4325,18.4096,0.0228502
HHS Regions,Region 3,2022,51,6271,777,1,12.4063,12.3904,0.0159464
HHS Regions,Region 4,2022,51,10173,745,31,7.62803,7.32331,0.304728
HHS Regions,Region 5,2022,51,33032,9007,29,27.3553,27.2675,0.0877937
HHS Regions,Region 6,2022,51,19694,3922,33,20.0823,19.9147,0.167564
HHS Regions,Region 7,2022,51,12187,3647,8,29.991,29.9253,0.0656437
HHS Regions,Region 8,2022,51,3961,875,7,22.2671,22.0904,0.176723
HHS Regions,Region 9,2022,51,28016,4610,9,16.487,16.4549,0.0321245
HHS Regions,Region 10,2022,51,14904,3002,8,20.1959,20.1422,0.0536769
HHS Regions,Region 1,2022,52,9299,1504,10,16.2813,16.1738,0.107538
HHS Regions,Region 2,2022,52,11633,1585,5,13.668,13.625,0.0429812
HHS Regions,Region 3,2022,52,6247,652,1,10.453,10.437,0.0160077
HHS Regions,Region 4,2022,52,11065,669,46,6.46182,6.04609,0.415725
HHS Regions,Region 5,2022,52,28050,5414,24,19.3868,19.3012,0.0855615
HHS Regions,Region 6,2022,52,19132,2732,38,14.4784,14.2797,0.19862
HHS Regions,Region 7,2022,52,10979,2323,18,21.3225,21.1586,0.163949
HHS Regions,Region 8,2022,52,3880,714,6,18.5567,18.4021,0.154639
HHS Regions,Region 9,2022,52,24251,2976,18,12.3459,12.2717,0.0742237
HHS Regions,Region 10,2022,52,14221,1932,7,13.6348,13.5855,0.049223
HHS Regions,Region 1,2023,1,8398,789,20,9.63325,9.39509,0.238152
HHS Regions,Region 2,2023,1,11243,883,9,7.93383,7.85378,0.0800498
HHS Regions,Region 3,2023,1,6644,364,0,5.47863,5.47863,0
HHS Regions,Region 4,2023,1,10448,436,35,4.50804,4.17305,0.334992
HHS Regions,Region 5,2023,1,24520,2767,20,11.3662,11.2847,0.0815661
HHS Regions,Region 6,2023,1,17481,1458,40,8.5693,8.34048,0.22882
HHS Regions,Region 7,2023,1,8932,1106,11,12.5056,12.3824,0.123153
HHS Regions,Region 8,2023,1,3111,394,4,12.7933,12.6647,0.128576
HHS Regions,Region 9,2023,1,18282,1348,9,7.4226,7.37337,0.0492287
HHS Regions,Region 10,2023,1,11943,723,5,6.09562,6.05376,0.0418655
HHS Regions,Region 1,2023,2,7495,337,24,4.81654,4.49633,0.320213
HHS Regions,Region 2,2023,2,10694,342,13,3.31962,3.19805,0.121563
HHS Regions,Region 3,2023,2,5671,129,4,2.34527,2.27473,0.0705343
HHS Regions,Region 4,2023,2,9492,272,24,3.11842,2.86557,0.252845
HHS Regions,Region 5,2023,2,21199,1281,20,6.13708,6.04274,0.0943441
HHS Regions,Region 6,2023,2,15003,712,29,4.93901,4.74572,0.193295
HHS Regions,Region 7,2023,2,8307,584,22,7.29505,7.03022,0.264837
HHS Regions,Region 8,2023,2,2596,208,2,8.08937,8.01233,0.0770416
HHS Regions,Region 9,2023,2,17346,632,13,3.71844,3.64349,0.0749452
HHS Regions,Region 10,2023,2,11407,355,5,3.15596,3.11212,0.0438327
HHS Regions,Region 1,2023,3,6772,217,30,3.64737,3.20437,0.443001
HHS Regions,Region 2,2023,3,9696,175,10,1.908,1.80487,0.103135
HHS Regions,Region 3,2023,3,5483,95,1,1.75087,1.73263,0.0182382
HHS Regions,Region 4,2023,3,8236,204,19,2.70763,2.47693,0.230695
HHS Regions,Region 5,2023,3,19680,817,29,4.29878,4.15142,0.147358
HHS Regions,Region 6,2023,3,21682,451,29,2.21382,2.08007,0.133751
HHS Regions,Region 7,2023,3,7642,352,15,4.80241,4.60612,0.196284
HHS Regions,Region 8,2023,3,2456,142,7,6.06678,5.78176,0.285016
HHS Regions,Region 9,2023,3,15065,342,13,2.35646,2.27016,0.0862927
HHS Regions,Region 10,2023,3,10078,187,5,1.90514,1.85553,0.049613
HHS Regions,Region 1,2023,4,6954,125,19,2.07075,1.79753,0.273224
HHS Regions,Region 2,2023,4,9470,100,22,1.28828,1.05597,0.232313
HHS Regions,Region 3,2023,4,5525,85,0,1.53846,1.53846,0
HHS Regions,Region 4,2023,4,8987,158,26,2.0474,1.7581,0.289307
HHS Regions,Region 5,2023,4,19189,481,35,2.68904,2.50664,0.182396
HHS Regions,Region 6,2023,4,14899,330,28,2.40285,2.21491,0.187932
HHS Regions,Region 7,2023,4,7470,213,19,3.10576,2.85141,0.254351
HHS Regions,Region 8,2023,4,2301,88,2,3.91134,3.82442,0.0869187
HHS Regions,Region 9,2023,4,15872,268,16,1.78931,1.68851,0.100806
HHS Regions,Region 10,2023,4,8949,95,2,1.08392,1.06157,0.0223489
HHS Regions,Region 1,2023,5,6343,80,12,1.45042,1.26123,0.189185
HHS Regions,Region 2,2023,5,9798,65,23,0.898142,0.663401,0.234742
HHS Regions,Region 3,2023,5,5397,66,3,1.27849,1.2229,0.0555864
HHS Regions,Region 4,2023,5,8774,159,32,2.17689,1.81217,0.364714
HHS Regions,Region 5,2023,5,18487,322,24,1.87159,1.74176,0.129821
HHS Regions,Region 6,2023,5,14074,253,59,2.21685,1.79764,0.419213
HHS Regions,Region 7,2023,5,6868,120,20,2.03844,1.74723,0.291206
HHS Regions,Region 8,2023,5,2285,54,6,2.62582,2.36324,0.262582
HHS Regions,Region 9,2023,5,15888,234,21,1.60498,1.47281,0.132175
HHS Regions,Region 10,2023,5,9254,73,0,0.788848,0.788848,0
HHS Regions,Region 1,2023,6,6509,61,14,1.15225,0.937164,0.215087
HHS Regions,Region 2,2023,6,10147,54,42,0.946092,0.532177,0.413915
HHS Regions,Region 3,2023,6,5649,48,5,0.938219,0.849708,0.0885112
HHS Regions,Region 4,2023,6,9394,124,37,1.71386,1.31999,0.393868
HHS Regions,Region 5,2023,6,18780,292,46,1.79979,1.55485,0.244941
HHS Regions,Region 6,2023,6,14156,159,65,1.58237,1.1232,0.459169
HHS Regions,Region 7,2023,6,7222,73,26,1.37081,1.0108,0.360011
HHS Regions,Region 8,2023,6,2400,41,6,1.95833,1.70833,0.25
HHS Regions,Region 9,2023,6,16179,192,23,1.32888,1.18672,0.14216
HHS Regions,Region 10,2023,6,10318,67,5,0.69781,0.649351,0.048459
HHS Regions,Region 1,2023,7,6534,45,30,1.14784,0.688705,0.459137
HHS Regions,Region 2,2023,7,10221,52,28,0.782702,0.508756,0.273946
HHS Regions,Region 3,2023,7,5389,51,3,1.00204,0.946372,0.055669
HHS Regions,Region 4,2023,7,8852,78,52,1.46859,0.881157,0.587438
HHS Regions,Region 5,2023,7,17172,174,37,1.22874,1.01328,0.215467
HHS Regions,Region 6,2023,7,13285,139,45,1.38502,1.04629,0.338728
HHS Regions,Region 7,2023,7,7071,64,29,1.31523,0.905105,0.410126
HHS Regions,Region 8,2023,7,2393,30,12,1.75512,1.25366,0.501463
HHS Regions,Region 9,2023,7,15340,111,16,0.827901,0.723598,0.104302
HHS Regions,Region 10,2023,7,9716,36,9,0.463154,0.370523,0.0926307
HHS Regions,Region 1,2023,8,6062,60,23,1.36919,0.989772,0.379413
HHS Regions,Region 2,2023,8,9461,57,26,0.877286,0.602473,0.274812
HHS Regions,Region 3,2023,8,5083,22,2,0.472162,0.432815,0.0393468
HHS Regions,Region 4,2023,8,8364,74,36,1.31516,0.884744,0.430416
HHS Regions,Region 5,2023,8,16674,140,24,0.983567,0.839631,0.143937
HHS Regions,Region 6,2023,8,13797,142,48,1.37711,1.02921,0.347902
HHS Regions,Region 7,2023,8,7172,46,23,0.962075,0.641383,0.320692
HHS Regions,Region 8,2023,8,2394,26,3,1.21136,1.08605,0.125313
HHS Regions,Region 9,2023,8,15144,126,28,1.0169,0.832013,0.184892
HHS Regions,Region 10,2023,8,8545,32,6,0.444705,0.374488,0.0702165
HHS Regions,Region 1,2023,9,5908,39,14,0.897089,0.660122,0.236967
HHS Regions,Region 2,2023,9,9503,42,28,0.736609,0.441966,0.294644
HHS Regions,Region 3,2023,9,4896,19,6,0.510621,0.388072,0.122549
HHS Regions,Region 4,2023,9,7182,40,23,0.877193,0.556948,0.320245
HHS Regions,Region 5,2023,9,16776,139,41,1.07296,0.828565,0.244397
HHS Regions,Region 6,2023,9,13265,150,47,1.48511,1.1308,0.354316
HHS Regions,Region 7,2023,9,7159,38,29,0.935885,0.5308,0.405085
HHS Regions,Region 8,2023,9,2333,16,7,0.985855,0.685812,0.300043
HHS Regions,Region 9,2023,9,15044,94,29,0.817602,0.624834,0.192768
HHS Regions,Region 10,2023,9,8574,32,3,0.408211,0.373221,0.0349895
HHS Regions,Region 1,2023,10,5963,31,25,0.939125,0.519873,0.419252
HHS Regions,Region 2,2023,10,9263,62,41,1.11195,0.66933,0.442621
HHS Regions,Region 3,2023,10,4743,19,4,0.484925,0.40059,0.0843348
HHS Regions,Region 4,2023,10,6712,27,24,0.759833,0.402265,0.357569
HHS Regions,Region 5,2023,10,15463,113,49,1.04766,0.730777,0.316885
HHS Regions,Region 6,2023,10,12665,138,59,1.55547,1.08962,0.465851
HHS Regions,Region 7,2023,10,6922,41,42,1.19908,0.592314,0.606761
HHS Regions,Region 8,2023,10,2237,16,9,1.11757,0.715244,0.402325
HHS Regions,Region 9,2023,10,13319,105,38,1.07365,0.788347,0.285307
HHS Regions,Region 10,2023,10,9089,50,7,0.627132,0.550116,0.0770162
HHS Regions,Region 1,2023,11,5792,28,20,0.828729,0.483425,0.345304
HHS Regions,Region 2,2023,11,9021,50,43,1.03093,0.554262,0.476666
HHS Regions,Region 3,2023,11,4521,18,4,0.486618,0.398142,0.088476
HHS Regions,Region 4,2023,11,7105,41,30,0.999296,0.577058,0.422238
HHS Regions,Region 5,2023,11,14277,106,33,0.973594,0.742453,0.231141
HHS Regions,Region 6,2023,11,11575,99,51,1.2959,0.855292,0.440605
HHS Regions,Region 7,2023,11,6845,32,35,0.978817,0.467495,0.511322
HHS Regions,Region 8,2023,11,2128,13,11,1.12782,0.610902,0.516917
HHS Regions,Region 9,2023,11,13801,66,28,0.68111,0.478226,0.202884
HHS Regions,Region 10,2023,11,9243,37,9,0.497674,0.400303,0.097371
HHS Regions,Region 1,2023,12,5807,24,22,0.792147,0.413294,0.378853
HHS Regions,Region 2,2023,12,9404,54,51,1.11655,0.574224,0.542322
HHS Regions,Region 3,2023,12,4321,26,3,0.671141,0.601713,0.0694284
HHS Regions,Region 4,2023,12,7028,45,44,1.26636,0.640296,0.626067
HHS Regions,Region 5,2023,12,14971,99,54,1.02198,0.661278,0.360697
HHS Regions,Region 6,2023,12,11165,90,44,1.20018,0.80609,0.394089
HHS Regions,Region 7,2023,12,6332,44,36,1.26342,0.694883,0.568541
HHS Regions,Region 8,2023,12,2129,17,10,1.2682,0.798497,0.469704
HHS Regions,Region 9,2023,12,13004,55,33,0.676715,0.422947,0.253768
HHS Regions,Region 10,2023,12,8113,23,7,0.369777,0.283496,0.0862813
HHS Regions,Region 1,2023,13,5728,21,41,1.0824,0.36662,0.715782
HHS Regions,Region 2,2023,13,8621,39,80,1.38035,0.452384,0.927967
HHS Regions,Region 3,2023,13,3895,12,11,0.590501,0.308087,0.282413
HHS Regions,Region 4,2023,13,5649,34,24,1.02673,0.601876,0.424854
HHS Regions,Region 5,2023,13,14307,65,91,1.09038,0.454323,0.636052
HHS Regions,Region 6,2023,13,10751,72,36,1.00456,0.669705,0.334853
HHS Regions,Region 7,2023,13,5724,38,24,1.08316,0.663871,0.419287
HHS Regions,Region 8,2023,13,1854,15,9,1.2945,0.809061,0.485437
HHS Regions,Region 9,2023,13,12370,62,29,0.735651,0.501213,0.234438
HHS Regions,Region 10,2023,13,7793,22,11,0.423457,0.282305,0.141152
HHS Regions,Region 1,2023,14,5506,14,41,0.99891,0.254268,0.744642
HHS Regions,Region 2,2023,14,8325,52,70,1.46547,0.624625,0.840841
HHS Regions,Region 3,2023,14,3617,19,5,0.663533,0.525297,0.138236
HHS Regions,Region 4,2023,14,5721,45,37,1.43332,0.786576,0.64674
HHS Regions,Region 5,2023,14,13212,99,85,1.39267,0.749319,0.643355
HHS Regions,Region 6,2023,14,9962,47,50,0.9737,0.471793,0.501907
HHS Regions,Region 7,2023,14,5276,29,26,1.04246,0.549659,0.492798
HHS Regions,Region 8,2023,14,1934,25,15,2.06825,1.29266,0.775595
HHS Regions,Region 9,2023,14,12053,61,25,0.713515,0.506098,0.207417
HHS Regions,Region 10,2023,14,6923,10,11,0.303337,0.144446,0.158891
HHS Regions,Region 1,2023,15,5238,16,27,0.820924,0.30546,0.515464
HHS Regions,Region 2,2023,15,8092,24,72,1.18636,0.296589,0.889768
HHS Regions,Region 3,2023,15,2563,14,5,0.741319,0.546235,0.195084
HHS Regions,Region 4,2023,15,5493,32,46,1.41999,0.58256,0.837429
HHS Regions,Region 5,2023,15,11061,73,75,1.33803,0.659976,0.678058
HHS Regions,Region 6,2023,15,9774,39,56,0.971966,0.399018,0.572949
HHS Regions,Region 7,2023,15,5063,24,16,0.790045,0.474027,0.316018
HHS Regions,Region 8,2023,15,1900,18,15,1.73684,0.947368,0.789474
HHS Regions,Region 9,2023,15,5554,25,20,0.810227,0.450126,0.360101
HHS Regions,Region 10,2023,15,6701,16,10,0.388002,0.23877,0.149231
HHS Regions,Region 1,2023,16,4597,10,17,0.58734,0.217533,0.369806
HHS Regions,Region 2,2023,16,7183,21,51,1.00237,0.292357,0.71001
HHS Regions,Region 3,2023,16,3114,14,6,0.642261,0.449583,0.192678
HHS Regions,Region 4,2023,16,4755,16,40,1.17771,0.336488,0.84122
HHS Regions,Region 5,2023,16,9744,54,47,1.03654,0.554187,0.482348
HHS Regions,Region 6,2023,16,9861,37,52,0.902545,0.375215,0.52733
HHS Regions,Region 7,2023,16,3887,20,21,1.0548,0.514536,0.540262
HHS Regions,Region 8,2023,16,1770,8,8,0.903955,0.451977,0.451977
HHS Regions,Region 9,2023,16,5329,24,9,0.619253,0.450366,0.168887
HHS Regions,Region 10,2023,16,6461,5,15,0.30955,0.0773874,0.232162
HHS Regions,Region 1,2023,17,4247,9,14,0.541559,0.211914,0.329644
HHS Regions,Region 2,2023,17,6286,24,56,1.27267,0.381801,0.890869
HHS Regions,Region 3,2023,17,2773,9,2,0.396682,0.324558,0.0721241
HHS Regions,Region 4,2023,17,5225,20,52,1.37799,0.382775,0.995215
HHS Regions,Region 5,2023,17,9557,72,63,1.41258,0.753374,0.659203
HHS Regions,Region 6,2023,17,9209,36,43,0.857856,0.390922,0.466935
HHS Regions,Region 7,2023,17,3304,10,19,0.877724,0.302663,0.575061
HHS Regions,Region 8,2023,17,1720,6,14,1.16279,0.348837,0.813953
HHS Regions,Region 9,2023,17,5096,29,16,0.883046,0.569074,0.313972
HHS Regions,Region 10,2023,17,6025,6,10,0.26556,0.0995851,0.165975
HHS Regions,Region 1,2023,18,3934,9,25,0.86426,0.228775,0.635486
HHS Regions,Region 2,2023,18,6364,22,48,1.09994,0.345695,0.754243
HHS Regions,Region 3,2023,18,3024,6,5,0.363757,0.198413,0.165344
HHS Regions,Region 4,2023,18,4798,17,46,1.31305,0.354314,0.958733
HHS Regions,Region 5,2023,18,9318,69,55,1.33076,0.740502,0.590255
HHS Regions,Region 6,2023,18,8969,24,53,0.858513,0.267588,0.590924
HHS Regions,Region 7,2023,18,3949,13,22,0.8863,0.329197,0.557103
HHS Regions,Region 8,2023,18,1643,7,13,1.21729,0.42605,0.791236
HHS Regions,Region 9,2023,18,5028,20,25,0.894988,0.397772,0.497216
HHS Regions,Region 10,2023,18,5861,12,8,0.341239,0.204743,0.136495
HHS Regions,Region 1,2023,19,4009,5,24,0.723372,0.124719,0.598653
HHS Regions,Region 2,2023,19,6014,25,74,1.64616,0.415697,1.23046
HHS Regions,Region 3,2023,19,2697,10,3,0.482017,0.370782,0.111235
HHS Regions,Region 4,2023,19,10254,22,94,1.13127,0.21455,0.916715
HHS Regions,Region 5,2023,19,8342,64,44,1.29465,0.767202,0.527451
HHS Regions,Region 6,2023,19,7974,29,60,1.11613,0.363682,0.752445
HHS Regions,Region 7,2023,19,3678,9,19,0.761283,0.244698,0.516585
HHS Regions,Region 8,2023,19,1451,2,10,0.827016,0.137836,0.68918
HHS Regions,Region 9,2023,19,4987,19,28,0.94245,0.380991,0.56146
HHS Regions,Region 10,2023,19,5307,13,3,0.301489,0.244959,0.0565291
HHS Regions,Region 1,2023,20,3581,10,17,0.753979,0.279252,0.474728
HHS Regions,Region 2,2023,20,5866,31,66,1.6536,0.528469,1.12513
HHS Regions,Region 3,2023,20,2419,4,3,0.289376,0.165358,0.124018
HHS Regions,Region 4,2023,20,5032,24,91,2.28537,0.476948,1.80843
HHS Regions,Region 5,2023,20,8272,30,48,0.94294,0.362669,0.580271
HHS Regions,Region 6,2023,20,7789,32,65,1.24535,0.410836,0.83451
HHS Regions,Region 7,2023,20,3643,8,21,0.796047,0.219599,0.576448
HHS Regions,Region 8,2023,20,1375,4,16,1.45455,0.290909,1.16364
HHS Regions,Region 9,2023,20,4895,26,37,1.28703,0.531154,0.755873
HHS Regions,Region 10,2023,20,5086,23,8,0.609516,0.452222,0.157295
HHS Regions,Region 1,2023,21,3471,17,18,1.00835,0.489772,0.518583
HHS Regions,Region 2,2023,21,5290,27,62,1.68242,0.510397,1.17202
HHS Regions,Region 3,2023,21,2359,5,5,0.423908,0.211954,0.211954
HHS Regions,Region 4,2023,21,4257,33,59,2.16115,0.775194,1.38595
HHS Regions,Region 5,2023,21,7540,35,40,0.994695,0.464191,0.530504
HHS Regions,Region 6,2023,21,7162,34,58,1.28456,0.474728,0.80983
HHS Regions,Region 7,2023,21,3415,4,14,0.527086,0.11713,0.409956
HHS Regions,Region 8,2023,21,1269,10,8,1.41844,0.788022,0.630418
HHS Regions,Region 9,2023,21,4757,34,36,1.47152,0.714736,0.756779
HHS Regions,Region 10,2023,21,4613,26,2,0.60698,0.563625,0.0433557
HHS Regions,Region 1,2023,22,3220,13,16,0.900621,0.403727,0.496894
HHS Regions,Region 2,2023,22,5111,49,55,2.03483,0.958716,1.07611
HHS Regions,Region 3,2023,22,2131,4,2,0.281558,0.187705,0.0938527
HHS Regions,Region 4,2023,22,4797,29,114,2.98103,0.604545,2.37649
HHS Regions,Region 5,2023,22,6811,37,24,0.89561,0.543239,0.352371
HHS Regions,Region 6,2023,22,6586,33,40,1.10841,0.501063,0.607349
HHS Regions,Region 7,2023,22,3170,8,8,0.504732,0.252366,0.252366
HHS Regions,Region 8,2023,22,1221,6,6,0.982801,0.4914,0.4914
HHS Regions,Region 9,2023,22,4664,37,36,1.56518,0.79331,0.77187
HHS Regions,Region 10,2023,22,4805,34,4,0.790843,0.707596,0.0832466
HHS Regions,Region 1,2023,23,3241,17,13,0.92564,0.524529,0.401111
HHS Regions,Region 2,2023,23,4896,23,28,1.04167,0.469771,0.571895
HHS Regions,Region 3,2023,23,2050,4,6,0.487805,0.195122,0.292683
HHS Regions,Region 4,2023,23,4426,18,54,1.62675,0.406688,1.22006
HHS Regions,Region 5,2023,23,6171,27,33,0.97229,0.43753,0.534759
HHS Regions,Region 6,2023,23,6015,27,26,0.881131,0.448878,0.432253
HHS Regions,Region 7,2023,23,2754,9,8,0.617284,0.326797,0.290487
HHS Regions,Region 8,2023,23,1145,3,1,0.349345,0.262009,0.0873362
HHS Regions,Region 9,2023,23,4474,44,35,1.76576,0.98346,0.782298
HHS Regions,Region 10,2023,23,4298,52,4,1.30293,1.20987,0.0930665
HHS Regions,Region 1,2023,24,3190,8,9,0.532915,0.250784,0.282132
HHS Regions,Region 2,2023,24,3948,19,16,0.886525,0.481256,0.405268
HHS Regions,Region 3,2023,24,1801,4,4,0.444198,0.222099,0.222099
HHS Regions,Region 4,2023,24,4064,16,51,1.64862,0.393701,1.25492
HHS Regions,Region 5,2023,24,5830,31,34,1.11492,0.531732,0.58319
HHS Regions,Region 6,2023,24,5523,30,26,1.01394,0.543183,0.470759
HHS Regions,Region 7,2023,24,2495,17,8,1.002,0.681363,0.320641
HHS Regions,Region 8,2023,24,1058,9,3,1.13422,0.850662,0.283554
HHS Regions,Region 9,2023,24,4289,46,29,1.74866,1.07251,0.676148
HHS Regions,Region 10,2023,24,3740,32,6,1.01604,0.855615,0.160428
HHS Regions,Region 1,2023,25,2678,6,6,0.448096,0.224048,0.224048
HHS Regions,Region 2,2023,25,3058,9,6,0.490517,0.29431,0.196207
HHS Regions,Region 3,2023,25,1736,5,1,0.345622,0.288018,0.0576037
HHS Regions,Region 4,2023,25,3610,12,20,0.886427,0.33241,0.554017
HHS Regions,Region 5,2023,25,5552,31,15,0.82853,0.558357,0.270173
HHS Regions,Region 6,2023,25,5224,37,23,1.14855,0.70827,0.440276
HHS Regions,Region 7,2023,25,2326,12,10,0.94583,0.515907,0.429923
HHS Regions,Region 8,2023,25,1022,3,2,0.489237,0.293542,0.195695
HHS Regions,Region 9,2023,25,4186,41,37,1.86335,0.979455,0.883899
HHS Regions,Region 10,2023,25,3546,34,2,1.01523,0.958827,0.0564016
HHS Regions,Region 1,2023,26,2264,12,5,0.750883,0.530035,0.220848
HHS Regions,Region 2,2023,26,3529,14,7,0.595069,0.396713,0.198356
HHS Regions,Region 3,2023,26,1724,2,4,0.348028,0.116009,0.232019
HHS Regions,Region 4,2023,26,3293,6,18,0.728819,0.182205,0.546614
HHS Regions,Region 5,2023,26,5196,32,6,0.731332,0.615858,0.115473
HHS Regions,Region 6,2023,26,4846,21,19,0.825423,0.433347,0.392076
HHS Regions,Region 7,2023,26,2110,8,11,0.900474,0.379147,0.521327
HHS Regions,Region 8,2023,26,986,10,3,1.31846,1.0142,0.30426
HHS Regions,Region 9,2023,26,3679,66,38,2.82686,1.79397,1.03289
HHS Regions,Region 10,2023,26,2704,50,3,1.96006,1.84911,0.110947
HHS Regions,Region 1,2023,27,1868,13,8,1.1242,0.695931,0.428266
HHS Regions,Region 2,2023,27,3893,15,3,0.462368,0.385307,0.0770614
HHS Regions,Region 3,2023,27,1610,2,4,0.372671,0.124224,0.248447
HHS Regions,Region 4,2023,27,3253,10,17,0.830003,0.307409,0.522595
HHS Regions,Region 5,2023,27,4765,114,5,2.49738,2.39244,0.104932
HHS Regions,Region 6,2023,27,4910,21,23,0.89613,0.427699,0.468432
HHS Regions,Region 7,2023,27,2131,8,1,0.422337,0.375411,0.0469263
HHS Regions,Region 8,2023,27,910,2,1,0.32967,0.21978,0.10989
HHS Regions,Region 9,2023,27,3545,61,34,2.67983,1.72073,0.959097
HHS Regions,Region 10,2023,27,3404,22,2,0.705053,0.646298,0.0587544
HHS Regions,Region 1,2023,28,1996,18,4,1.1022,0.901804,0.200401
HHS Regions,Region 2,2023,28,4011,18,3,0.52356,0.448766,0.0747943
HHS Regions,Region 3,2023,28,1729,6,3,0.520532,0.347021,0.173511
HHS Regions,Region 4,2023,28,3292,24,24,1.45808,0.72904,0.72904
HHS Regions,Region 5,2023,28,4859,20,7,0.55567,0.411607,0.144063
HHS Regions,Region 6,2023,28,4709,30,26,1.18921,0.637078,0.552134
HHS Regions,Region 7,2023,28,2246,9,10,0.845948,0.400712,0.445236
HHS Regions,Region 8,2023,28,942,7,5,1.27389,0.7431,0.530786
HHS Regions,Region 9,2023,28,3691,43,34,2.08616,1.165,0.92116
HHS Regions,Region 10,2023,28,3186,12,3,0.47081,0.376648,0.094162
HHS Regions,Region 1,2023,29,1709,9,4,0.760679,0.526624,0.234055
HHS Regions,Region 2,2023,29,3731,10,3,0.348432,0.268025,0.0804074
HHS Regions,Region 3,2023,29,1631,5,0,0.30656,0.30656,0
HHS Regions,Region 4,2023,29,3426,21,14,1.0216,0.61296,0.40864
HHS Regions,Region 5,2023,29,5122,27,9,0.70285,0.527138,0.175713
HHS Regions,Region 6,2023,29,5192,40,25,1.25193,0.770416,0.48151
HHS Regions,Region 7,2023,29,2159,5,11,0.741084,0.231589,0.509495
HHS Regions,Region 8,2023,29,926,5,0,0.539957,0.539957,0
HHS Regions,Region 9,2023,29,3627,56,39,2.61924,1.54398,1.07527
HHS Regions,Region 10,2023,29,3334,22,3,0.74985,0.659868,0.089982
HHS Regions,Region 1,2023,30,1854,9,3,0.647249,0.485437,0.161812
HHS Regions,Region 2,2023,30,3456,10,7,0.491898,0.289352,0.202546
HHS Regions,Region 3,2023,30,1575,8,3,0.698413,0.507937,0.190476
HHS Regions,Region 4,2023,30,4100,15,13,0.682927,0.365854,0.317073
HHS Regions,Region 5,2023,30,5161,20,9,0.561907,0.387522,0.174385
HHS Regions,Region 6,2023,30,5270,32,19,0.967742,0.607211,0.360531
HHS Regions,Region 7,2023,30,1897,7,10,0.896152,0.369004,0.527148
HHS Regions,Region 8,2023,30,955,1,3,0.418848,0.104712,0.314136
HHS Regions,Region 9,2023,30,3854,65,57,3.16554,1.68656,1.47898
HHS Regions,Region 10,2023,30,3265,16,5,0.643185,0.490046,0.153139
HHS Regions,Region 1,2023,31,1930,5,5,0.518135,0.259067,0.259067
HHS Regions,Region 2,2023,31,3536,18,5,0.650452,0.50905,0.141403
HHS Regions,Region 3,2023,31,1826,9,2,0.60241,0.492881,0.109529
HHS Regions,Region 4,2023,31,4369,14,21,0.801099,0.320439,0.480659
HHS Regions,Region 5,2023,31,5586,35,4,0.698174,0.626566,0.0716076
HHS Regions,Region 6,2023,31,4550,34,30,1.40659,0.747253,0.659341
HHS Regions,Region 7,2023,31,2271,4,11,0.660502,0.176134,0.484368
HHS Regions,Region 8,2023,31,960,3,1,0.416667,0.3125,0.104167
HHS Regions,Region 9,2023,31,3981,61,59,3.01432,1.53228,1.48204
HHS Regions,Region 10,2023,31,3416,20,4,0.702576,0.58548,0.117096
HHS Regions,Region 1,2023,32,2217,7,1,0.360848,0.315742,0.045106
HHS Regions,Region 2,2023,32,3840,20,4,0.625,0.520833,0.104167
HHS Regions,Region 3,2023,32,1894,6,2,0.422386,0.31679,0.105597
HHS Regions,Region 4,2023,32,4291,10,20,0.699138,0.233046,0.466092
HHS Regions,Region 5,2023,32,5981,21,4,0.41799,0.351112,0.0668784
HHS Regions,Region 6,2023,32,6480,30,22,0.802469,0.462963,0.339506
HHS Regions,Region 7,2023,32,2429,6,9,0.617538,0.247015,0.370523
HHS Regions,Region 8,2023,32,1003,5,3,0.797607,0.498504,0.299103
HHS Regions,Region 9,2023,32,4339,55,49,2.39687,1.26757,1.12929
HHS Regions,Region 10,2023,32,3659,24,11,0.956546,0.655917,0.300629
HHS Regions,Region 1,2023,33,2300,13,6,0.826087,0.565217,0.26087
HHS Regions,Region 2,2023,33,4359,16,2,0.412939,0.367057,0.0458821
HHS Regions,Region 3,2023,33,2016,9,0,0.446429,0.446429,0
HHS Regions,Region 4,2023,33,4847,13,20,0.680834,0.268207,0.412626
HHS Regions,Region 5,2023,33,6678,31,14,0.673854,0.464211,0.209644
HHS Regions,Region 6,2023,33,8165,37,44,0.992039,0.453154,0.538885
HHS Regions,Region 7,2023,33,2872,10,28,1.32312,0.348189,0.97493
HHS Regions,Region 8,2023,33,1182,6,2,0.676819,0.507614,0.169205
HHS Regions,Region 9,2023,33,4249,58,33,2.14168,1.36503,0.776653
HHS Regions,Region 10,2023,33,3788,19,2,0.554382,0.501584,0.0527983
HHS Regions,Region 1,2023,34,2424,14,3,0.70132,0.577558,0.123762
HHS Regions,Region 2,2023,34,4314,15,3,0.417246,0.347705,0.069541
HHS Regions,Region 3,2023,34,2413,6,0,0.248653,0.248653,0
HHS Regions,Region 4,2023,34,6694,32,33,0.971019,0.47804,0.492979
HHS Regions,Region 5,2023,34,7826,28,8,0.460005,0.357782,0.102223
HHS Regions,Region 6,2023,34,10683,48,38,0.805017,0.449312,0.355705
HHS Regions,Region 7,2023,34,2535,15,13,1.10454,0.591716,0.512821
HHS Regions,Region 8,2023,34,1340,4,0,0.298507,0.298507,0
HHS Regions,Region 9,2023,34,5122,51,33,1.63998,0.995705,0.64428
HHS Regions,Region 10,2023,34,4065,20,1,0.516605,0.492005,0.0246002
HHS Regions,Region 1,2023,35,2638,10,6,0.60652,0.379075,0.227445
HHS Regions,Region 2,2023,35,4961,20,9,0.58456,0.403145,0.181415
HHS Regions,Region 3,2023,35,3032,4,0,0.131926,0.131926,0
HHS Regions,Region 4,2023,35,6290,30,15,0.715421,0.476948,0.238474
HHS Regions,Region 5,2023,35,9071,32,6,0.418917,0.352773,0.0661449
HHS Regions,Region 6,2023,35,12186,60,33,0.763171,0.492368,0.270803
HHS Regions,Region 7,2023,35,3274,10,7,0.519243,0.305437,0.213806
HHS Regions,Region 8,2023,35,1441,4,0,0.277585,0.277585,0
HHS Regions,Region 9,2023,35,5788,81,34,1.98687,1.39945,0.587422
HHS Regions,Region 10,2023,35,4378,15,5,0.45683,0.342622,0.114207
HHS Regions,Region 1,2023,36,3222,10,3,0.403476,0.310366,0.0931099
HHS Regions,Region 2,2023,36,5112,21,4,0.489045,0.410798,0.0782473
HHS Regions,Region 3,2023,36,3220,9,0,0.279503,0.279503,0
HHS Regions,Region 4,2023,36,6519,37,10,0.720969,0.567572,0.153398
HHS Regions,Region 5,2023,36,10555,28,4,0.303174,0.265277,0.0378967
HHS Regions,Region 6,2023,36,11369,43,50,0.818014,0.378221,0.439792
HHS Regions,Region 7,2023,36,3560,5,10,0.421348,0.140449,0.280899
HHS Regions,Region 8,2023,36,1656,5,3,0.483092,0.301932,0.181159
HHS Regions,Region 9,2023,36,5491,73,40,2.05791,1.32945,0.728465
HHS Regions,Region 10,2023,36,4628,31,2,0.713051,0.669836,0.0432152
HHS Regions,Region 1,2023,37,3216,5,7,0.373134,0.155473,0.217662
HHS Regions,Region 2,2023,37,5855,21,4,0.426985,0.358668,0.0683177
HHS Regions,Region 3,2023,37,3285,6,0,0.182648,0.182648,0
HHS Regions,Region 4,2023,37,6511,30,27,0.875442,0.460759,0.414683
HHS Regions,Region 5,2023,37,12459,53,14,0.537764,0.425395,0.112369
HHS Regions,Region 6,2023,37,10272,52,36,0.856698,0.506231,0.350467
HHS Regions,Region 7,2023,37,3770,6,12,0.477454,0.159151,0.318302
HHS Regions,Region 8,2023,37,1622,5,0,0.308261,0.308261,0
HHS Regions,Region 9,2023,37,5869,89,45,2.28318,1.51644,0.766741
HHS Regions,Region 10,2023,37,5429,47,3,0.92098,0.865721,0.0552588
HHS Regions,Region 1,2023,38,3744,10,16,0.694444,0.267094,0.42735
HHS Regions,Region 2,2023,38,7179,30,6,0.501463,0.417885,0.0835771
HHS Regions,Region 3,2023,38,3274,12,2,0.427611,0.366524,0.0610874
HHS Regions,Region 4,2023,38,7253,56,45,1.39253,0.772094,0.620433
HHS Regions,Region 5,2023,38,14143,62,22,0.593933,0.438379,0.155554
HHS Regions,Region 6,2023,38,8591,33,48,0.942847,0.384123,0.558724
HHS Regions,Region 7,2023,38,3693,8,7,0.406174,0.216626,0.189548
HHS Regions,Region 8,2023,38,1795,11,3,0.779944,0.612813,0.167131
HHS Regions,Region 9,2023,38,5893,83,64,2.49448,1.40845,1.08603
HHS Regions,Region 10,2023,38,6037,42,4,0.761968,0.69571,0.0662581
HHS Regions,Region 1,2023,39,3531,17,12,0.821297,0.48145,0.339847
HHS Regions,Region 2,2023,39,6901,17,5,0.318794,0.246341,0.0724533
HHS Regions,Region 3,2023,39,3305,12,4,0.484115,0.363086,0.121029
HHS Regions,Region 4,2023,39,6307,47,31,1.23672,0.745204,0.491517
HHS Regions,Region 5,2023,39,13360,56,34,0.673653,0.419162,0.254491
HHS Regions,Region 6,2023,39,10563,76,59,1.27805,0.719493,0.558553
HHS Regions,Region 7,2023,39,3342,8,1,0.2693,0.239378,0.0299222
HHS Regions,Region 8,2023,39,1873,13,5,0.961025,0.694074,0.266951
HHS Regions,Region 9,2023,39,5803,79,64,2.46424,1.36136,1.10288
HHS Regions,Region 10,2023,39,6825,35,2,0.542125,0.512821,0.029304
HHS Regions,Region 1,2023,40,5008,17,4,0.419329,0.339457,0.0798722
HHS Regions,Region 2,2023,40,7280,28,8,0.494505,0.384615,0.10989
HHS Regions,Region 3,2023,40,3276,21,5,0.793651,0.641026,0.152625
HHS Regions,Region 4,2023,40,7507,68,78,1.94485,0.905821,1.03903
HHS Regions,Region 5,2023,40,14079,53,30,0.589531,0.376447,0.213083
HHS Regions,Region 6,2023,40,10376,71,63,1.29144,0.684271,0.60717
HHS Regions,Region 7,2023,40,4508,19,3,0.488021,0.421473,0.0665484
HHS Regions,Region 8,2023,40,2107,18,5,1.0916,0.854295,0.237304
HHS Regions,Region 9,2023,40,5674,94,84,3.13712,1.65668,1.48044
HHS Regions,Region 10,2023,40,5124,41,5,0.897736,0.800156,0.09758
HHS Regions,Region 1,2023,41,4739,18,13,0.654146,0.379827,0.274319
HHS Regions,Region 2,2023,41,6736,33,7,0.593824,0.489905,0.103919
HHS Regions,Region 3,2023,41,2981,9,2,0.369004,0.301912,0.0670916
HHS Regions,Region 4,2023,41,7771,91,68,2.04607,1.17102,0.875048
HHS Regions,Region 5,2023,41,14498,81,29,0.758725,0.558698,0.200028
HHS Regions,Region 6,2023,41,10610,124,83,1.95099,1.16871,0.782281
HHS Regions,Region 7,2023,41,4749,27,4,0.652769,0.568541,0.0842283
HHS Regions,Region 8,2023,41,2286,29,12,1.79353,1.26859,0.524934
HHS Regions,Region 9,2023,41,5840,135,67,3.4589,2.31164,1.14726
HHS Regions,Region 10,2023,41,5304,47,5,0.980392,0.886124,0.0942685
HHS Regions,Region 1,2023,42,4754,19,8,0.567943,0.399663,0.168279
HHS Regions,Region 2,2023,42,6881,58,10,0.988228,0.842901,0.145328
HHS Regions,Region 3,2023,42,3082,21,3,0.778715,0.681376,0.0973394
HHS Regions,Region 4,2023,42,7099,99,95,2.73278,1.39456,1.33822
HHS Regions,Region 5,2023,42,15312,85,22,0.698798,0.55512,0.143678
HHS Regions,Region 6,2023,42,11173,143,87,2.05853,1.27987,0.778663
HHS Regions,Region 7,2023,42,4932,31,3,0.689376,0.628548,0.0608273
HHS Regions,Region 8,2023,42,2174,23,4,1.24195,1.05796,0.183993
HHS Regions,Region 9,2023,42,6173,159,68,3.6773,2.57573,1.10157
HHS Regions,Region 10,2023,42,5221,55,18,1.3982,1.05344,0.344762
HHS Regions,Region 1,2023,43,4834,48,13,1.26189,0.992966,0.268928
HHS Regions,Region 2,2023,43,6991,61,9,1.00129,0.87255,0.128737
HHS Regions,Region 3,2023,43,3295,43,1,1.33536,1.30501,0.030349
HHS Regions,Region 4,2023,43,7890,122,100,2.81369,1.54626,1.26743
HHS Regions,Region 5,2023,43,16097,98,24,0.757905,0.608809,0.149096
HHS Regions,Region 6,2023,43,11841,183,136,2.69403,1.54548,1.14855
HHS Regions,Region 7,2023,43,4968,19,14,0.664251,0.382448,0.281804
HHS Regions,Region 8,2023,43,2065,33,10,2.08232,1.59806,0.484262
HHS Regions,Region 9,2023,43,6080,201,77,4.57237,3.30592,1.26645
HHS Regions,Region 10,2023,43,5168,54,9,1.21904,1.04489,0.174149
HHS Regions,Region 1,2023,44,5066,79,21,1.97394,1.55942,0.414528
HHS Regions,Region 2,2023,44,7158,85,11,1.34116,1.18748,0.153674
HHS Regions,Region 3,2023,44,3339,53,2,1.6472,1.5873,0.0598982
HHS Regions,Region 4,2023,44,8681,204,146,4.03179,2.34996,1.68183
HHS Regions,Region 5,2023,44,15865,137,24,1.01481,0.863536,0.151276
HHS Regions,Region 6,2023,44,12615,254,224,3.78914,2.01348,1.77566
HHS Regions,Region 7,2023,44,5282,38,17,1.04127,0.719424,0.321848
HHS Regions,Region 8,2023,44,2089,68,16,4.02106,3.25515,0.765917
HHS Regions,Region 9,2023,44,11815,460,93,4.68049,3.89336,0.787135
HHS Regions,Region 10,2023,44,5283,78,12,1.70358,1.47643,0.227144
HHS Regions,Region 1,2023,45,5637,111,39,2.66099,1.96913,0.691857
HHS Regions,Region 2,2023,45,7431,132,21,2.05894,1.77634,0.2826
HHS Regions,Region 3,2023,45,3801,74,8,2.15733,1.94686,0.210471
HHS Regions,Region 4,2023,45,9789,379,317,7.11002,3.87169,3.23833
HHS Regions,Region 5,2023,45,18413,295,45,1.84652,1.60213,0.244393
HHS Regions,Region 6,2023,45,14646,459,414,5.96067,3.13396,2.82671
HHS Regions,Region 7,2023,45,6219,81,29,1.76877,1.30246,0.466313
HHS Regions,Region 8,2023,45,2453,118,42,6.52263,4.81044,1.71219
HHS Regions,Region 9,2023,45,18185,831,132,5.29557,4.5697,0.725873
HHS Regions,Region 10,2023,45,5727,102,25,2.21757,1.78104,0.436529
HHS Regions,Region 1,2023,46,6172,162,42,3.30525,2.62476,0.680493
HHS Regions,Region 2,2023,46,8120,188,27,2.64778,2.31527,0.332512
HHS Regions,Region 3,2023,46,4015,100,7,2.66501,2.49066,0.174346
HHS Regions,Region 4,2023,46,9439,342,330,7.1194,3.62327,3.49613
HHS Regions,Region 5,2023,46,20088,545,69,3.05655,2.71306,0.343489
HHS Regions,Region 6,2023,46,15912,673,485,7.27753,4.22951,3.04801
HHS Regions,Region 7,2023,46,6368,92,32,1.94724,1.44472,0.502513
HHS Regions,Region 8,2023,46,2885,228,92,11.0919,7.90295,3.18891
HHS Regions,Region 9,2023,46,20884,1173,124,6.2105,5.61674,0.593756
HHS Regions,Region 10,2023,46,6774,144,42,2.74579,2.12578,0.620018
HHS Regions,Region 1,2023,47,6063,214,28,3.99142,3.52961,0.461818
HHS Regions,Region 2,2023,47,7609,277,23,3.9427,3.64043,0.302274
HHS Regions,Region 3,2023,47,4019,105,8,2.81164,2.61259,0.199054
HHS Regions,Region 4,2023,47,9618,495,423,9.5446,5.1466,4.398
HHS Regions,Region 5,2023,47,19640,742,83,4.20061,3.778,0.422607
HHS Regions,Region 6,2023,47,14306,636,475,7.76597,4.44569,3.32029
HHS Regions,Region 7,2023,47,6353,117,47,2.58146,1.84165,0.739808
HHS Regions,Region 8,2023,47,2928,310,76,13.1831,10.5874,2.59563
HHS Regions,Region 9,2023,47,18655,1199,116,7.04905,6.42723,0.621817
HHS Regions,Region 10,2023,47,6774,239,68,4.53203,3.5282,1.00384
HHS Regions,Region 1,2023,48,6968,291,51,4.90815,4.17623,0.731917
HHS Regions,Region 2,2023,48,9591,517,43,5.83881,5.39047,0.448337
HHS Regions,Region 3,2023,48,4967,198,19,4.36883,3.98631,0.382525
HHS Regions,Region 4,2023,48,11646,722,467,10.2095,6.19955,4.00996
HHS Regions,Region 5,2023,48,25142,1107,149,4.99562,4.40299,0.592634
HHS Regions,Region 6,2023,48,16631,969,551,9.13956,5.82647,3.31309
HHS Regions,Region 7,2023,48,8258,222,72,3.56018,2.6883,0.871882
HHS Regions,Region 8,2023,48,3529,359,91,12.7515,10.1729,2.57863
HHS Regions,Region 9,2023,48,23606,1857,172,8.59527,7.86664,0.728628
HHS Regions,Region 10,2023,48,8414,329,90,4.9798,3.91015,1.06965
HHS Regions,Region 1,2023,49,7371,443,67,6.91901,6.01004,0.908968
HHS Regions,Region 2,2023,49,9936,850,61,9.16868,8.55475,0.613929
HHS Regions,Region 3,2023,49,4817,314,28,7.09985,6.51858,0.581275
HHS Regions,Region 4,2023,49,12926,1009,518,11.8134,7.80597,4.00743
HHS Regions,Region 5,2023,49,26094,1719,188,7.30819,6.58772,0.720472
HHS Regions,Region 6,2023,49,18127,1696,756,13.5268,9.35621,4.17057
HHS Regions,Region 7,2023,49,9229,384,142,5.69943,4.1608,1.53863
HHS Regions,Region 8,2023,49,3622,468,144,16.8967,12.921,3.9757
HHS Regions,Region 9,2023,49,25913,2822,187,11.6119,10.8903,0.721646
HHS Regions,Region 10,2023,49,8264,464,116,7.01839,5.61471,1.40368
HHS Regions,Region 1,2023,50,7617,672,65,9.67573,8.82237,0.853354
HHS Regions,Region 2,2023,50,11746,1455,129,13.4854,12.3872,1.09825
HHS Regions,Region 3,2023,50,5371,538,46,10.8732,10.0168,0.856451
HHS Regions,Region 4,2023,50,15290,1725,748,16.174,11.2819,4.89209
HHS Regions,Region 5,2023,50,29128,2685,337,10.3749,9.21793,1.15696
HHS Regions,Region 6,2023,50,17960,2433,1118,19.7717,13.5468,6.22494
HHS Regions,Region 7,2023,50,10529,574,311,8.40536,5.45161,2.95375
HHS Regions,Region 8,2023,50,3720,683,215,24.1398,18.3602,5.77957
HHS Regions,Region 9,2023,50,28913,3908,249,14.3776,13.5164,0.861204
HHS Regions,Region 10,2023,50,8635,583,122,8.16445,6.75159,1.41285
HHS Regions,Region 1,2023,51,8487,1047,82,13.3027,12.3365,0.966184
HHS Regions,Region 2,2023,51,12637,2156,127,18.066,17.061,1.00499
HHS Regions,Region 3,2023,51,5971,833,98,15.592,13.9508,1.64127
HHS Regions,Region 4,2023,51,16072,2033,1092,19.4438,12.6493,6.79443
HHS Regions,Region 5,2023,51,31897,4080,496,14.3462,12.7912,1.55501
HHS Regions,Region 6,2023,51,22250,4044,1563,25.2,18.1753,7.02472
HHS Regions,Region 7,2023,51,11304,876,412,11.3942,7.74947,3.64473
HHS Regions,Region 8,2023,51,3835,671,300,25.3194,17.4967,7.82269
HHS Regions,Region 9,2023,51,33887,5646,347,17.6852,16.6613,1.02399
HHS Regions,Region 10,2023,51,9382,899,171,11.4048,9.58218,1.82264
HHS Regions,Region 1,2023,52,9546,1454,75,16.0172,15.2315,0.785669
HHS Regions,Region 2,2023,52,12950,2433,191,20.2625,18.7876,1.4749
HHS Regions,Region 3,2023,52,6598,1074,138,18.3692,16.2777,2.09154
HHS Regions,Region 4,2023,52,18011,2644,1346,22.1531,14.6799,7.47321
HHS Regions,Region 5,2023,52,32188,4835,652,17.0467,15.0211,2.0256
HHS Regions,Region 6,2023,52,20273,3446,1359,23.7015,16.998,6.7035
HHS Regions,Region 7,2023,52,11167,977,459,12.8683,8.74899,4.11033
HHS Regions,Region 8,2023,52,3723,683,356,27.9076,18.3454,9.56218
HHS Regions,Region 9,2023,52,30942,4537,336,15.7488,14.6629,1.0859
HHS Regions,Region 10,2023,52,8524,834,123,11.2271,9.78414,1.44298
HHS Regions,Region 1,2024,1,9489,1053,79,11.9296,11.0971,0.832543
HHS Regions,Region 2,2024,1,12540,1558,125,13.4211,12.4242,0.99681
HHS Regions,Region 3,2024,1,4852,599,95,14.3034,12.3454,1.95796
HHS Regions,Region 4,2024,1,15254,1334,774,13.8193,8.74525,5.07408
HHS Regions,Region 5,2024,1,30298,3275,586,12.7434,10.8093,1.93412
HHS Regions,Region 6,2024,1,12695,1866,984,22.4498,14.6987,7.75108
HHS Regions,Region 7,2024,1,9838,825,341,11.8927,8.38585,3.46615
HHS Regions,Region 8,2024,1,3888,606,266,22.428,15.5864,6.84156
HHS Regions,Region 9,2024,1,29579,3378,276,12.3534,11.4203,0.933094
HHS Regions,Region 10,2024,1,9536,880,140,10.6963,9.22819,1.46812
HHS Regions,Region 1,2024,2,8331,944,77,12.2554,11.3312,0.924259
HHS Regions,Region 2,2024,2,11797,1381,149,12.9694,11.7064,1.26303
HHS Regions,Region 3,2024,2,4221,486,97,13.8119,11.5139,2.29803
HHS Regions,Region 4,2024,2,12787,1111,698,14.1472,8.68851,5.45867
HHS Regions,Region 5,2024,2,27735,3215,641,13.903,11.5919,2.31116
HHS Regions,Region 6,2024,2,17202,2577,1061,21.1487,14.9808,6.16789
HHS Regions,Region 7,2024,2,8501,838,351,13.9984,9.85766,4.12893
HHS Regions,Region 8,2024,2,3565,543,235,21.8233,15.2314,6.59187
HHS Regions,Region 9,2024,2,27602,2586,285,10.4014,9.36889,1.03253
HHS Regions,Region 10,2024,2,8662,695,112,9.31656,8.02355,1.293
HHS Regions,Region 1,2024,3,7322,902,77,13.3707,12.319,1.05163
HHS Regions,Region 2,2024,3,9944,1065,127,11.9871,10.71,1.27715
HHS Regions,Region 3,2024,3,3415,374,146,15.2269,10.9517,4.27526
HHS Regions,Region 4,2024,3,11374,875,686,13.7243,7.69298,6.0313
HHS Regions,Region 5,2024,3,23316,2885,805,15.826,12.3735,3.45256
HHS Regions,Region 6,2024,3,16761,2731,1166,23.2504,16.2938,6.95663
HHS Regions,Region 7,2024,3,7293,690,349,14.3014,9.46113,4.78541
HHS Regions,Region 8,2024,3,3238,461,225,21.1859,14.2372,6.94873
HHS Regions,Region 9,2024,3,25172,2557,390,11.7075,10.1581,1.54934
HHS Regions,Region 10,2024,3,8233,673,113,9.54695,8.17442,1.37253
HHS Regions,Region 1,2024,4,7415,1017,71,14.673,13.7154,0.957519
HHS Regions,Region 2,2024,4,8687,883,157,11.9719,10.1646,1.8073
HHS Regions,Region 3,2024,4,3669,364,126,13.3551,9.92096,3.43418
HHS Regions,Region 4,2024,4,12326,952,796,14.1814,7.72351,6.45789
HHS Regions,Region 5,2024,4,23419,3049,1156,17.9555,13.0193,4.93616
HHS Regions,Region 6,2024,4,20973,3961,1725,27.111,18.8862,8.22486
HHS Regions,Region 7,2024,4,8021,827,441,15.8085,10.3104,5.49807
HHS Regions,Region 8,2024,4,3286,450,231,20.7243,13.6945,7.02982
HHS Regions,Region 9,2024,4,24461,1947,456,9.8238,7.95961,1.86419
HHS Regions,Region 10,2024,4,8224,701,124,10.0316,8.52383,1.50778
HHS Regions,Region 1,2024,5,7617,1073,104,15.4523,14.0869,1.36537
HHS Regions,Region 2,2024,5,9303,839,223,11.4157,9.0186,2.39708
HHS Regions,Region 3,2024,5,3524,302,202,14.3019,8.56981,5.73212
HHS Regions,Region 4,2024,5,11655,716,667,11.8662,6.14329,5.72287
HHS Regions,Region 5,2024,5,26162,3273,1672,18.9015,12.5105,6.39095
HHS Regions,Region 6,2024,5,22405,3766,2215,26.6949,16.8087,9.88619
HHS Regions,Region 7,2024,5,9164,1138,773,20.8533,12.4182,8.43518
HHS Regions,Region 8,2024,5,3236,389,266,20.241,12.021,8.22002
HHS Regions,Region 9,2024,5,23012,1438,452,8.21311,6.24891,1.96419
HHS Regions,Region 10,2024,5,7871,591,113,8.94423,7.50858,1.43565
HHS Regions,Region 1,2024,6,7685,1129,143,16.5517,14.691,1.86077
HHS Regions,Region 2,2024,6,9448,824,294,11.8332,8.72142,3.11177
HHS Regions,Region 3,2024,6,4071,396,298,17.0474,9.72734,7.32007
HHS Regions,Region 4,2024,6,11495,700,686,12.0574,6.0896,5.96781
HHS Regions,Region 5,2024,6,27655,3497,2207,20.6256,12.6451,7.98047
HHS Regions,Region 6,2024,6,21268,2559,1998,21.4266,12.0322,9.3944
HHS Regions,Region 7,2024,6,10256,1255,1083,22.7964,12.2367,10.5597
HHS Regions,Region 8,2024,6,3236,350,306,20.3028,10.8158,9.45612
HHS Regions,Region 9,2024,6,21251,942,380,6.22088,4.43273,1.78815
HHS Regions,Region 10,2024,6,7732,493,131,8.07036,6.3761,1.69426
HHS Regions,Region 1,2024,7,7344,1047,160,16.4352,14.2565,2.17865
HHS Regions,Region 2,2024,7,8767,812,360,13.3683,9.26201,4.10631
HHS Regions,Region 3,2024,7,4124,359,368,17.6285,8.70514,8.92338
HHS Regions,Region 4,2024,7,10884,481,518,9.17861,4.41933,4.75928
HHS Regions,Region 5,2024,7,27618,3453,2491,21.5222,12.5027,9.01948
HHS Regions,Region 6,2024,7,18890,1877,1723,19.0577,9.93647,9.12123
HHS Regions,Region 7,2024,7,10181,1339,1146,24.4082,13.1519,11.2563
HHS Regions,Region 8,2024,7,2860,254,257,17.8671,8.88112,8.98601
HHS Regions,Region 9,2024,7,21894,991,480,6.71874,4.52635,2.19238
HHS Regions,Region 10,2024,7,7587,429,159,7.7501,5.65441,2.09569
HHS Regions,Region 1,2024,8,7006,915,192,15.8007,13.0602,2.74051
HHS Regions,Region 2,2024,8,8856,775,402,13.2904,8.75113,4.5393
HHS Regions,Region 3,2024,8,4083,301,415,17.5361,7.37203,10.1641
HHS Regions,Region 4,2024,8,10508,451,470,8.76475,4.29197,4.47278
HHS Regions,Region 5,2024,8,27880,3398,2956,22.7905,12.1879,10.6026
HHS Regions,Region 6,2024,8,18191,1509,1568,16.915,8.29531,8.61965
HHS Regions,Region 7,2024,8,10469,1415,1311,26.0388,13.5161,12.5227
HHS Regions,Region 8,2024,8,2738,238,235,17.2754,8.69248,8.58291
HHS Regions,Region 9,2024,8,20677,748,455,5.81806,3.61755,2.20051
HHS Regions,Region 10,2024,8,7699,393,181,7.45551,5.10456,2.35095
HHS Regions,Region 1,2024,9,6856,856,197,15.3588,12.4854,2.8734
HHS Regions,Region 2,2024,9,8590,684,351,12.0489,7.96275,4.08615
HHS Regions,Region 3,2024,9,3981,289,405,17.4328,7.25948,10.1733
HHS Regions,Region 4,2024,9,9908,437,355,7.99354,4.41058,3.58296
HHS Regions,Region 5,2024,9,26491,3084,3029,23.0758,11.6417,11.4341
HHS Regions,Region 6,2024,9,16625,1089,1306,14.406,6.55038,7.85564
HHS Regions,Region 7,2024,9,8151,1264,1018,27.9966,15.5073,12.4893
HHS Regions,Region 8,2024,9,2733,222,181,14.7457,8.12294,6.62276
HHS Regions,Region 9,2024,9,18928,674,434,5.85376,3.56086,2.2929
HHS Regions,Region 10,2024,9,7400,345,171,6.97297,4.66216,2.31081
HHS Regions,Region 1,2024,10,6418,765,203,15.0826,11.9196,3.16298
HHS Regions,Region 2,2024,10,7716,540,350,11.5345,6.99844,4.53603
HHS Regions,Region 3,2024,10,3748,256,356,16.3287,6.83031,9.4984
HHS Regions,Region 4,2024,10,8862,376,269,7.27827,4.24283,3.03543
HHS Regions,Region 5,2024,10,24950,2783,2821,22.4609,11.1543,11.3066
HHS Regions,Region 6,2024,10,15773,940,1285,14.1064,5.95955,8.14683
HHS Regions,Region 7,2024,10,6818,1014,880,27.7794,14.8724,12.907
HHS Regions,Region 8,2024,10,2588,158,168,12.5966,6.1051,6.4915
HHS Regions,Region 9,2024,10,19080,595,394,5.18344,3.11845,2.06499
HHS Regions,Region 10,2024,10,7245,353,175,7.28778,4.87233,2.41546
HHS Regions,Region 1,2024,11,5962,453,168,10.416,7.59812,2.81785
HHS Regions,Region 2,2024,11,6661,345,267,9.18781,5.1794,4.00841
HHS Regions,Region 3,2024,11,3345,138,267,12.1076,4.12556,7.98206
HHS Regions,Region 4,2024,11,8230,221,169,4.73876,2.6853,2.05346
HHS Regions,Region 5,2024,11,23004,1938,2397,18.8445,8.42462,10.4199
HHS Regions,Region 6,2024,11,14428,716,970,11.6856,4.96257,6.72304
HHS Regions,Region 7,2024,11,7597,886,817,22.4167,11.6625,10.7542
HHS Regions,Region 8,2024,11,2430,151,148,12.3045,6.21399,6.09053
HHS Regions,Region 9,2024,11,18440,516,421,5.08134,2.79826,2.28308
HHS Regions,Region 10,2024,11,7526,434,216,8.63673,5.76668,2.87005
HHS Regions,Region 1,2024,12,5787,412,183,10.2817,7.11941,3.16226
HHS Regions,Region 2,2024,12,5502,270,248,9.41476,4.90731,4.50745
HHS Regions,Region 3,2024,12,3336,114,208,9.65228,3.41727,6.23501
HHS Regions,Region 4,2024,12,7900,227,132,4.5443,2.87342,1.67089
HHS Regions,Region 5,2024,12,21068,1525,1939,16.442,7.23847,9.20353
HHS Regions,Region 6,2024,12,13279,572,673,9.37571,4.30755,5.06815
HHS Regions,Region 7,2024,12,6578,620,510,17.1785,9.42536,7.75312
HHS Regions,Region 8,2024,12,2285,108,109,9.49672,4.72648,4.77024
HHS Regions,Region 9,2024,12,17684,512,426,5.30423,2.89527,2.40896
HHS Regions,Region 10,2024,12,7078,406,184,8.33569,5.73608,2.5996
HHS Regions,Region 1,2024,13,5702,325,219,9.54051,5.69975,3.84076
HHS Regions,Region 2,2024,13,6729,331,349,10.1055,4.91901,5.18651
HHS Regions,Region 3,2024,13,3102,114,165,8.9942,3.67505,5.31915
HHS Regions,Region 4,2024,13,6925,160,74,3.37906,2.31047,1.06859
HHS Regions,Region 5,2024,13,19591,1276,1542,14.3842,6.51319,7.87096
HHS Regions,Region 6,2024,13,12537,415,519,7.44995,3.3102,4.13975
HHS Regions,Region 7,2024,13,6246,580,442,16.3625,9.28594,7.07653
HHS Regions,Region 8,2024,13,2083,96,72,8.06529,4.60874,3.45655
HHS Regions,Region 9,2024,13,16506,399,330,4.41658,2.4173,1.99927
HHS Regions,Region 10,2024,13,6729,305,172,7.08872,4.53262,2.5561
HHS Regions,Region 1,2024,14,5510,298,191,8.87477,5.40835,3.46642
HHS Regions,Region 2,2024,14,6566,251,270,7.93482,3.82272,4.11209
HHS Regions,Region 3,2024,14,3598,147,146,8.14341,4.0856,4.05781
HHS Regions,Region 4,2024,14,6806,163,59,3.26183,2.39495,0.866882
HHS Regions,Region 5,2024,14,18332,904,1137,11.1335,4.93127,6.20227
HHS Regions,Region 6,2024,14,11934,300,316,5.16172,2.51383,2.6479
HHS Regions,Region 7,2024,14,5089,526,323,16.683,10.336,6.34702
HHS Regions,Region 8,2024,14,2011,69,71,6.96171,3.43113,3.53058
HHS Regions,Region 9,2024,14,15604,376,285,4.23609,2.40964,1.82645
HHS Regions,Region 10,2024,14,6349,209,125,5.26067,3.29186,1.96881
HHS Regions,Region 1,2024,15,5468,235,193,7.82736,4.29773,3.52963
HHS Regions,Region 2,2024,15,5678,163,184,6.11131,2.87073,3.24058
HHS Regions,Region 3,2024,15,3194,90,62,4.75892,2.81778,1.94114
HHS Regions,Region 4,2024,15,6608,75,40,1.74031,1.13499,0.605327
HHS Regions,Region 5,2024,15,16999,656,763,8.34755,3.85905,4.4885
HHS Regions,Region 6,2024,15,11641,221,251,4.05463,1.89846,2.15617
HHS Regions,Region 7,2024,15,4493,349,195,12.1077,7.76764,4.34008
HHS Regions,Region 8,2024,15,2050,83,54,6.68293,4.04878,2.63415
HHS Regions,Region 9,2024,15,15881,381,282,4.1748,2.39909,1.77571
HHS Regions,Region 10,2024,15,5961,136,104,4.02617,2.2815,1.74467
HHS Regions,Region 1,2024,16,4661,168,127,6.32911,3.60438,2.72474
HHS Regions,Region 2,2024,16,5354,94,125,4.0904,1.7557,2.3347
HHS Regions,Region 3,2024,16,2916,48,44,3.15501,1.64609,1.50892
HHS Regions,Region 4,2024,16,5650,71,33,1.84071,1.25664,0.584071
HHS Regions,Region 5,2024,16,15294,392,529,6.02197,2.5631,3.45887
HHS Regions,Region 6,2024,16,10920,191,195,3.5348,1.74908,1.78571
HHS Regions,Region 7,2024,16,4089,264,107,9.07312,6.45635,2.61678
HHS Regions,Region 8,2024,16,1788,46,34,4.47427,2.57271,1.90157
HHS Regions,Region 9,2024,16,15501,465,267,4.72228,2.99981,1.72247
HHS Regions,Region 10,2024,16,5649,127,90,3.84139,2.24819,1.5932
HHS Regions,Region 1,2024,17,4369,137,80,4.96681,3.13573,1.83108
HHS Regions,Region 2,2024,17,5489,109,81,3.46147,1.98579,1.47568
HHS Regions,Region 3,2024,17,2870,31,39,2.43902,1.08014,1.35889
HHS Regions,Region 4,2024,17,5562,50,26,1.36641,0.898957,0.467458
HHS Regions,Region 5,2024,17,14513,272,385,4.52698,1.87418,2.65279
HHS Regions,Region 6,2024,17,10639,131,169,2.81981,1.23132,1.5885
HHS Regions,Region 7,2024,17,4881,213,70,5.79799,4.36386,1.43413
HHS Regions,Region 8,2024,17,1822,31,22,2.90889,1.70143,1.20746
HHS Regions,Region 9,2024,17,14410,357,227,4.05274,2.47745,1.57529
HHS Regions,Region 10,2024,17,5656,165,73,4.20792,2.91726,1.29066
HHS Regions,Region 1,2024,18,4092,110,79,4.61877,2.68817,1.9306
HHS Regions,Region 2,2024,18,5305,126,65,3.60038,2.37512,1.22526
HHS Regions,Region 3,2024,18,2708,25,23,1.77253,0.923191,0.849335
HHS Regions,Region 4,2024,18,5159,61,17,1.51192,1.1824,0.329521
HHS Regions,Region 5,2024,18,13406,180,258,3.26719,1.34268,1.92451
HHS Regions,Region 6,2024,18,9365,135,92,2.42392,1.44154,0.982381
HHS Regions,Region 7,2024,18,3438,101,43,4.18848,2.93775,1.25073
HHS Regions,Region 8,2024,18,1761,31,19,2.8393,1.76036,1.07893
HHS Regions,Region 9,2024,18,9473,192,173,3.85306,2.02681,1.82624
HHS Regions,Region 10,2024,18,5425,145,47,3.53917,2.67281,0.866359
HHS Regions,Region 1,2024,19,4108,72,48,2.92113,1.75268,1.16845
HHS Regions,Region 2,2024,19,5068,71,36,2.11129,1.40095,0.710339
HHS Regions,Region 3,2024,19,2864,9,21,1.04749,0.314246,0.73324
HHS Regions,Region 4,2024,19,5611,41,15,0.99804,0.730708,0.267332
HHS Regions,Region 5,2024,19,12427,116,107,1.79448,0.933451,0.861028
HHS Regions,Region 6,2024,19,8973,114,51,1.83885,1.27048,0.568372
HHS Regions,Region 7,2024,19,3114,62,25,2.79383,1.99101,0.802826
HHS Regions,Region 8,2024,19,1753,33,6,2.22476,1.88249,0.34227
HHS Regions,Region 9,2024,19,4741,102,76,3.75448,2.15144,1.60304
HHS Regions,Region 10,2024,19,5416,187,66,4.67134,3.45273,1.21861
HHS Regions,Region 1,2024,20,3918,45,31,1.93977,1.14855,0.79122
HHS Regions,Region 2,2024,20,4651,34,21,1.18254,0.731026,0.451516
HHS Regions,Region 3,2024,20,2570,13,10,0.894942,0.505837,0.389105
HHS Regions,Region 4,2024,20,5545,39,8,0.84761,0.703336,0.144274
HHS Regions,Region 5,2024,20,11955,87,62,1.24634,0.727729,0.518611
HHS Regions,Region 6,2024,20,9005,99,52,1.67685,1.09939,0.577457
HHS Regions,Region 7,2024,20,2681,29,19,1.79038,1.08169,0.708691
HHS Regions,Region 8,2024,20,1618,29,2,1.91595,1.79234,0.123609
HHS Regions,Region 9,2024,20,4609,54,82,2.95075,1.17162,1.77913
HHS Regions,Region 10,2024,20,5490,166,67,4.24408,3.02368,1.2204
HHS Regions,Region 1,2024,21,3832,39,21,1.56576,1.01775,0.548017
HHS Regions,Region 2,2024,21,4915,49,25,1.5056,0.996948,0.508647
HHS Regions,Region 3,2024,21,2437,5,4,0.369307,0.20517,0.164136
HHS Regions,Region 4,2024,21,4758,24,9,0.693569,0.504414,0.189155
HHS Regions,Region 5,2024,21,11323,64,45,0.962642,0.565221,0.397421
HHS Regions,Region 6,2024,21,8889,88,31,1.33873,0.989988,0.348746
HHS Regions,Region 7,2024,21,2316,17,7,1.03627,0.734024,0.302245
HHS Regions,Region 8,2024,21,1586,21,2,1.45019,1.32409,0.126103
HHS Regions,Region 9,2024,21,4712,85,90,3.71392,1.8039,1.91002
HHS Regions,Region 10,2024,21,5594,146,54,3.57526,2.60994,0.96532
HHS Regions,Region 1,2024,22,3496,31,22,1.51602,0.886728,0.629291
HHS Regions,Region 2,2024,22,4552,40,5,0.988576,0.878735,0.109842
HHS Regions,Region 3,2024,22,2531,8,1,0.355591,0.316081,0.0395101
HHS Regions,Region 4,2024,22,3930,23,8,0.788804,0.585242,0.203562
HHS Regions,Region 5,2024,22,10433,72,19,0.872232,0.690118,0.182114
HHS Regions,Region 6,2024,22,7507,72,28,1.33209,0.959105,0.372985
HHS Regions,Region 7,2024,22,2009,23,1,1.19462,1.14485,0.049776
HHS Regions,Region 8,2024,22,1449,24,0,1.65631,1.65631,0
HHS Regions,Region 9,2024,22,4855,108,72,3.70752,2.22451,1.48301
HHS Regions,Region 10,2024,22,4632,161,26,4.03713,3.47582,0.561313
HHS Regions,Region 1,2024,23,2993,16,6,0.735048,0.534581,0.200468
HHS Regions,Region 2,2024,23,4164,24,8,0.768492,0.576369,0.192123
HHS Regions,Region 3,2024,23,2262,5,1,0.265252,0.221043,0.0442087
HHS Regions,Region 4,2024,23,3719,17,6,0.618446,0.457112,0.161334
HHS Regions,Region 5,2024,23,9825,83,23,1.07888,0.844784,0.234097
HHS Regions,Region 6,2024,23,8412,71,17,1.04612,0.844032,0.202092
HHS Regions,Region 7,2024,23,1984,15,1,0.806452,0.756048,0.0504032
HHS Regions,Region 8,2024,23,1331,10,1,0.826446,0.751315,0.0751315
HHS Regions,Region 9,2024,23,4549,116,58,3.82502,2.55001,1.27501
HHS Regions,Region 10,2024,23,4550,146,24,3.73626,3.20879,0.527473
HHS Regions,Region 1,2024,24,2866,18,4,0.76762,0.628053,0.139567
HHS Regions,Region 2,2024,24,3919,26,8,0.867568,0.663435,0.204134
HHS Regions,Region 3,2024,24,2261,9,2,0.48651,0.398054,0.0884564
HHS Regions,Region 4,2024,24,3820,26,2,0.732984,0.680628,0.052356
HHS Regions,Region 5,2024,24,9280,60,13,0.786638,0.646552,0.140086
HHS Regions,Region 6,2024,24,7394,62,11,0.987287,0.838518,0.148769
HHS Regions,Region 7,2024,24,1962,8,1,0.458716,0.407747,0.0509684
HHS Regions,Region 8,2024,24,1121,18,0,1.60571,1.60571,0
HHS Regions,Region 9,2024,24,4702,92,41,2.82858,1.95661,0.871969
HHS Regions,Region 10,2024,24,4620,106,31,2.96537,2.29437,0.670996
HHS Regions,Region 1,2024,25,2884,17,2,0.658807,0.589459,0.0693481
HHS Regions,Region 2,2024,25,4295,31,7,0.88475,0.721769,0.16298
HHS Regions,Region 3,2024,25,2106,5,0,0.237417,0.237417,0
HHS Regions,Region 4,2024,25,3412,14,6,0.586166,0.410317,0.17585
HHS Regions,Region 5,2024,25,8418,43,5,0.570207,0.51081,0.0593965
HHS Regions,Region 6,2024,25,7218,40,4,0.609587,0.55417,0.055417
HHS Regions,Region 7,2024,25,1796,11,0,0.612472,0.612472,0
HHS Regions,Region 8,2024,25,1259,7,1,0.635425,0.555997,0.0794281
HHS Regions,Region 9,2024,25,4248,84,31,2.70716,1.9774,0.729755
HHS Regions,Region 10,2024,25,4151,89,20,2.62587,2.14406,0.481812
HHS Regions,Region 1,2024,26,2906,21,3,0.825877,0.722643,0.103235
HHS Regions,Region 2,2024,26,3891,22,3,0.642508,0.565407,0.077101
HHS Regions,Region 3,2024,26,2054,4,0,0.194742,0.194742,0
HHS Regions,Region 4,2024,26,3890,12,2,0.359897,0.308483,0.0514139
HHS Regions,Region 5,2024,26,8186,44,6,0.610799,0.537503,0.0732959
HHS Regions,Region 6,2024,26,7436,40,4,0.591716,0.537924,0.0537924
HHS Regions,Region 7,2024,26,1745,4,1,0.286533,0.229226,0.0573066
HHS Regions,Region 8,2024,26,1222,11,0,0.900164,0.900164,0
HHS Regions,Region 9,2024,26,2707,57,16,2.69671,2.10565,0.59106
HHS Regions,Region 10,2024,26,3913,79,9,2.24891,2.01891,0.230003
HHS Regions,Region 1,2024,27,2858,19,1,0.69979,0.664801,0.0349895
HHS Regions,Region 2,2024,27,3976,27,1,0.704225,0.679074,0.0251509
HHS Regions,Region 3,2024,27,2023,8,0,0.395452,0.395452,0
HHS Regions,Region 4,2024,27,3771,15,6,0.556881,0.397772,0.159109
HHS Regions,Region 5,2024,27,8053,40,3,0.533962,0.496709,0.0372532
HHS Regions,Region 6,2024,27,7369,47,5,0.705659,0.637807,0.0678518
HHS Regions,Region 7,2024,27,1660,14,2,0.963855,0.843373,0.120482
HHS Regions,Region 8,2024,27,1185,18,4,1.85654,1.51899,0.337553
HHS Regions,Region 9,2024,27,3680,101,9,2.98913,2.74457,0.244565
HHS Regions,Region 10,2024,27,3642,55,2,1.56507,1.51016,0.0549149
HHS Regions,Region 1,2024,28,3138,20,1,0.669216,0.637349,0.0318674
HHS Regions,Region 2,2024,28,3785,17,0,0.449141,0.449141,0
HHS Regions,Region 3,2024,28,2208,16,2,0.815217,0.724638,0.0905797
HHS Regions,Region 4,2024,28,4225,21,10,0.733728,0.497041,0.236686
HHS Regions,Region 5,2024,28,9275,38,4,0.45283,0.409704,0.0431267
HHS Regions,Region 6,2024,28,7694,48,6,0.701846,0.623863,0.0779828
HHS Regions,Region 7,2024,28,1954,7,2,0.460594,0.35824,0.102354
HHS Regions,Region 8,2024,28,1468,11,2,0.885559,0.749319,0.13624
HHS Regions,Region 9,2024,28,3809,96,4,2.62536,2.52035,0.105014
HHS Regions,Region 10,2024,28,3756,30,8,1.01171,0.798722,0.212993
HHS Regions,Region 1,2024,29,2996,17,1,0.600801,0.567423,0.0333778
HHS Regions,Region 2,2024,29,3855,22,3,0.648508,0.570687,0.077821
HHS Regions,Region 3,2024,29,2188,5,2,0.319927,0.228519,0.0914077
HHS Regions,Region 4,2024,29,3948,16,6,0.557244,0.405268,0.151976
HHS Regions,Region 5,2024,29,9755,32,2,0.348539,0.328037,0.0205023
HHS Regions,Region 6,2024,29,8091,40,5,0.556174,0.494376,0.0617971
HHS Regions,Region 7,2024,29,1923,4,1,0.26001,0.208008,0.0520021
HHS Regions,Region 8,2024,29,1476,12,1,0.880759,0.813008,0.0677507
HHS Regions,Region 9,2024,29,3727,87,6,2.4953,2.33432,0.160987
HHS Regions,Region 10,2024,29,3466,21,4,0.721293,0.605886,0.115407
HHS Regions,Region 1,2024,30,3257,11,1,0.368437,0.337734,0.0307031
HHS Regions,Region 2,2024,30,4001,16,0,0.3999,0.3999,0
HHS Regions,Region 3,2024,30,2381,6,0,0.251995,0.251995,0
HHS Regions,Region 4,2024,30,4416,11,10,0.475543,0.249094,0.226449
HHS Regions,Region 5,2024,30,10380,37,7,0.423892,0.356455,0.0674374
HHS Regions,Region 6,2024,30,9048,41,5,0.5084,0.453139,0.0552608
HHS Regions,Region 7,2024,30,2079,0,0,0,0,0
HHS Regions,Region 8,2024,30,1544,8,0,0.518135,0.518135,0
HHS Regions,Region 9,2024,30,3559,77,4,2.27592,2.16353,0.112391
HHS Regions,Region 10,2024,30,3478,32,0,0.920069,0.920069,0
HHS Regions,Region 1,2024,31,3419,16,1,0.497221,0.467973,0.0292483
HHS Regions,Region 2,2024,31,4078,11,1,0.294262,0.26974,0.0245218
HHS Regions,Region 3,2024,31,2526,4,0,0.158353,0.158353,0
HHS Regions,Region 4,2024,31,4423,11,12,0.520009,0.2487,0.271309
HHS Regions,Region 5,2024,31,10301,30,6,0.349481,0.291234,0.0582468
HHS Regions,Region 6,2024,31,9418,35,6,0.435337,0.371629,0.0637078
HHS Regions,Region 7,2024,31,2182,1,0,0.0458295,0.0458295,0
HHS Regions,Region 8,2024,31,1500,9,0,0.6,0.6,0
HHS Regions,Region 9,2024,31,3774,76,8,2.22576,2.01378,0.211977
HHS Regions,Region 10,2024,31,3504,22,3,0.71347,0.627854,0.0856164
HHS Regions,Region 1,2024,32,3582,11,0,0.307091,0.307091,0
HHS Regions,Region 2,2024,32,4118,10,0,0.242836,0.242836,0
HHS Regions,Region 3,2024,32,3018,11,0,0.36448,0.36448,0
HHS Regions,Region 4,2024,32,4766,13,8,0.440621,0.272765,0.167856
HHS Regions,Region 5,2024,32,10801,39,5,0.40737,0.361078,0.046292
HHS Regions,Region 6,2024,32,9350,29,3,0.342246,0.31016,0.0320856
HHS Regions,Region 7,2024,32,2379,5,1,0.252207,0.210172,0.0420345
HHS Regions,Region 8,2024,32,1481,6,0,0.405132,0.405132,0
HHS Regions,Region 9,2024,32,3742,56,6,1.65687,1.49653,0.160342
HHS Regions,Region 10,2024,32,3346,19,4,0.687388,0.567842,0.119546
HHS Regions,Region 1,2024,33,3668,5,5,0.272628,0.136314,0.136314
HHS Regions,Region 2,2024,33,4343,21,0,0.483537,0.483537,0
HHS Regions,Region 3,2024,33,3091,3,0,0.097056,0.097056,0
HHS Regions,Region 4,2024,33,5860,13,12,0.426621,0.221843,0.204778
HHS Regions,Region 5,2024,33,11845,31,3,0.287041,0.261714,0.0253271
HHS Regions,Region 6,2024,33,10018,44,0,0.439209,0.439209,0
HHS Regions,Region 7,2024,33,2463,4,0,0.162404,0.162404,0
HHS Regions,Region 8,2024,33,1701,2,1,0.176367,0.117578,0.0587889
HHS Regions,Region 9,2024,33,3952,51,4,1.3917,1.29049,0.101215
HHS Regions,Region 10,2024,33,3567,27,2,0.813008,0.756939,0.0560695
HHS Regions,Region 1,2024,34,3740,9,2,0.294118,0.240642,0.0534759
HHS Regions,Region 2,2024,34,4371,9,0,0.205903,0.205903,0
HHS Regions,Region 3,2024,34,3354,4,0,0.119261,0.119261,0
HHS Regions,Region 4,2024,34,6390,20,10,0.469484,0.312989,0.156495
HHS Regions,Region 5,2024,34,11757,31,5,0.306201,0.263673,0.0425279
HHS Regions,Region 6,2024,34,11992,54,6,0.500334,0.4503,0.0500334
HHS Regions,Region 7,2024,34,2779,4,1,0.179921,0.143937,0.0359842
HHS Regions,Region 8,2024,34,1799,4,0,0.222346,0.222346,0
HHS Regions,Region 9,2024,34,4113,59,4,1.53173,1.43448,0.0972526
HHS Regions,Region 10,2024,34,3515,11,2,0.369844,0.312945,0.056899
HHS Regions,Region 1,2024,35,3644,4,7,0.301866,0.109769,0.192097
HHS Regions,Region 2,2024,35,4475,9,0,0.201117,0.201117,0
HHS Regions,Region 3,2024,35,3615,7,0,0.193638,0.193638,0
HHS Regions,Region 4,2024,35,9024,13,5,0.199468,0.14406,0.0554078
HHS Regions,Region 5,2024,35,13327,36,7,0.322653,0.270128,0.0525249
HHS Regions,Region 6,2024,35,12780,54,13,0.524257,0.422535,0.101721
HHS Regions,Region 7,2024,35,3039,10,0,0.329056,0.329056,0
HHS Regions,Region 8,2024,35,2097,4,0,0.190749,0.190749,0
HHS Regions,Region 9,2024,35,4117,58,4,1.50595,1.40879,0.0971581
HHS Regions,Region 10,2024,35,3556,16,1,0.478065,0.449944,0.0281215
HHS Regions,Region 1,2024,36,3792,17,4,0.553797,0.448312,0.105485
HHS Regions,Region 2,2024,36,4496,9,0,0.200178,0.200178,0
HHS Regions,Region 3,2024,36,3617,6,0,0.165883,0.165883,0
HHS Regions,Region 4,2024,36,8375,18,10,0.334328,0.214925,0.119403
HHS Regions,Region 5,2024,36,13823,33,5,0.274904,0.238733,0.0361716
HHS Regions,Region 6,2024,36,11928,57,4,0.511402,0.477867,0.0335345
HHS Regions,Region 7,2024,36,4149,3,1,0.0964088,0.0723066,0.0241022
HHS Regions,Region 8,2024,36,2026,8,0,0.394867,0.394867,0
HHS Regions,Region 9,2024,36,3902,61,1,1.58893,1.5633,0.0256279
HHS Regions,Region 10,2024,36,3564,22,4,0.729517,0.617284,0.112233
HHS Regions,Region 1,2024,37,4255,14,3,0.39953,0.329025,0.0705053
HHS Regions,Region 2,2024,37,5192,10,1,0.211864,0.192604,0.0192604
HHS Regions,Region 3,2024,37,3816,5,0,0.131027,0.131027,0
HHS Regions,Region 4,2024,37,6160,14,7,0.340909,0.227273,0.113636
HHS Regions,Region 5,2024,37,16254,56,3,0.362988,0.344531,0.018457
HHS Regions,Region 6,2024,37,11543,61,4,0.563112,0.528459,0.034653
HHS Regions,Region 7,2024,37,4599,6,3,0.195695,0.130463,0.0652316
HHS Regions,Region 8,2024,37,2061,8,1,0.436681,0.388161,0.0485201
HHS Regions,Region 9,2024,37,4369,61,1,1.41909,1.3962,0.0228885
HHS Regions,Region 10,2024,37,4100,36,3,0.95122,0.878049,0.0731707
HHS Regions,Region 1,2024,38,4921,8,5,0.264174,0.162569,0.101605
HHS Regions,Region 2,2024,38,6117,22,4,0.425045,0.359653,0.0653915
HHS Regions,Region 3,2024,38,3735,1,0,0.0267738,0.0267738,0
HHS Regions,Region 4,2024,38,6088,22,8,0.492773,0.361367,0.131406
HHS Regions,Region 5,2024,38,16664,59,15,0.444071,0.354057,0.0900144
HHS Regions,Region 6,2024,38,11244,79,4,0.738171,0.702597,0.0355745
HHS Regions,Region 7,2024,38,4401,18,2,0.454442,0.408998,0.0454442
HHS Regions,Region 8,2024,38,1617,3,0,0.185529,0.185529,0
HHS Regions,Region 9,2024,38,4096,59,1,1.46484,1.44043,0.0244141
HHS Regions,Region 10,2024,38,4352,24,2,0.597426,0.551471,0.0459559
HHS Regions,Region 1,2024,39,4686,8,7,0.320102,0.170721,0.149381
HHS Regions,Region 2,2024,39,6039,10,4,0.231826,0.16559,0.0662361
HHS Regions,Region 3,2024,39,3205,8,1,0.280811,0.24961,0.0312012
HHS Regions,Region 4,2024,39,5086,23,11,0.668502,0.452222,0.21628
HHS Regions,Region 5,2024,39,15249,43,17,0.393468,0.281986,0.111483
HHS Regions,Region 6,2024,39,8640,55,4,0.68287,0.636574,0.0462963
HHS Regions,Region 7,2024,39,4116,15,2,0.413022,0.364431,0.0485909
HHS Regions,Region 8,2024,39,1772,5,3,0.451467,0.282167,0.1693
HHS Regions,Region 9,2024,39,4057,52,9,1.50357,1.28174,0.221839
HHS Regions,Region 10,2024,39,4571,25,2,0.59068,0.546926,0.0437541
HHS Regions,Region 1,2024,40,4884,16,3,0.389025,0.3276,0.0614251
HHS Regions,Region 2,2024,40,5443,16,1,0.312328,0.293956,0.0183722
HHS Regions,Region 3,2024,40,3818,6,0,0.15715,0.15715,0
HHS Regions,Region 4,2024,40,6347,27,9,0.567197,0.425398,0.141799
HHS Regions,Region 5,2024,40,16683,51,21,0.431577,0.3057,0.125877
HHS Regions,Region 6,2024,40,9356,70,4,0.790936,0.748183,0.0427533
HHS Regions,Region 7,2024,40,4556,10,5,0.329236,0.219491,0.109745
HHS Regions,Region 8,2024,40,1826,9,0,0.492881,0.492881,0
HHS Regions,Region 9,2024,40,8413,139,5,1.71164,1.6522,0.0594318
HHS Regions,Region 10,2024,40,4839,46,8,1.11593,0.95061,0.165323
HHS Regions,Region 1,2024,41,4896,9,4,0.265523,0.183824,0.0816993
HHS Regions,Region 2,2024,41,5507,6,3,0.163428,0.108952,0.0544761
HHS Regions,Region 3,2024,41,3854,7,1,0.207577,0.181629,0.0259471
HHS Regions,Region 4,2024,41,5518,20,9,0.525553,0.36245,0.163103
HHS Regions,Region 5,2024,41,17190,57,15,0.418848,0.331588,0.08726
HHS Regions,Region 6,2024,41,9433,86,6,0.975299,0.911693,0.0636065
HHS Regions,Region 7,2024,41,4912,14,2,0.325733,0.285016,0.0407166
HHS Regions,Region 8,2024,41,1811,14,0,0.773054,0.773054,0
HHS Regions,Region 9,2024,41,11989,168,10,1.48469,1.40128,0.0834098
HHS Regions,Region 10,2024,41,4605,33,4,0.803474,0.716612,0.0868621
HHS Regions,Region 1,2024,42,4921,14,4,0.365779,0.284495,0.0812843
HHS Regions,Region 2,2024,42,5386,13,3,0.297066,0.241367,0.0557
HHS Regions,Region 3,2024,42,3935,14,0,0.355781,0.355781,0
HHS Regions,Region 4,2024,42,6664,30,9,0.585234,0.45018,0.135054
HHS Regions,Region 5,2024,42,17406,46,10,0.321728,0.264277,0.0574515
HHS Regions,Region 6,2024,42,9436,93,14,1.13396,0.985587,0.148368
HHS Regions,Region 7,2024,42,6207,14,2,0.257773,0.225552,0.0322217
HHS Regions,Region 8,2024,42,1721,10,1,0.639163,0.581058,0.0581058
HHS Regions,Region 9,2024,42,12259,182,13,1.59067,1.48462,0.106045
HHS Regions,Region 10,2024,42,4829,49,7,1.15966,1.0147,0.144958
HHS Regions,Region 1,2024,43,5344,32,9,0.767216,0.598802,0.168413
HHS Regions,Region 2,2024,43,6318,16,1,0.269072,0.253245,0.0158278
HHS Regions,Region 3,2024,43,4197,25,3,0.667143,0.595664,0.0714796
HHS Regions,Region 4,2024,43,6159,43,16,0.957948,0.698165,0.259782
HHS Regions,Region 5,2024,43,17946,63,23,0.479215,0.351053,0.128162
HHS Regions,Region 6,2024,43,9679,127,15,1.46709,1.31212,0.154975
HHS Regions,Region 7,2024,43,6318,25,1,0.411523,0.395695,0.0158278
HHS Regions,Region 8,2024,43,1954,13,1,0.716479,0.665302,0.0511771
HHS Regions,Region 9,2024,43,12954,250,11,2.01482,1.92991,0.0849159
HHS Regions,Region 10,2024,43,4730,49,6,1.16279,1.03594,0.12685
HHS Regions,Region 1,2024,44,4685,26,9,0.747065,0.554963,0.192102
HHS Regions,Region 2,2024,44,5213,28,1,0.556302,0.537119,0.0191828
HHS Regions,Region 3,2024,44,4114,20,3,0.559067,0.486145,0.0729217
HHS Regions,Region 4,2024,44,7189,64,8,1.00153,0.890249,0.111281
HHS Regions,Region 5,2024,44,18191,116,22,0.758617,0.637678,0.120939
HHS Regions,Region 6,2024,44,9989,153,7,1.60176,1.53168,0.0700771
HHS Regions,Region 7,2024,44,6285,50,6,0.89101,0.795545,0.0954654
HHS Regions,Region 8,2024,44,2000,19,0,0.95,0.95,0
HHS Regions,Region 9,2024,44,13123,300,15,2.40037,2.28606,0.114303
HHS Regions,Region 10,2024,44,4467,67,3,1.56705,1.49989,0.0671592
HHS Regions,Region 1,2024,45,5055,30,8,0.751731,0.593472,0.158259
HHS Regions,Region 2,2024,45,5080,37,5,0.826772,0.728346,0.0984252
HHS Regions,Region 3,2024,45,4070,27,3,0.737101,0.663391,0.0737101
HHS Regions,Region 4,2024,45,6148,54,8,1.00846,0.878334,0.130124
HHS Regions,Region 5,2024,45,17651,134,7,0.798822,0.759164,0.0396578
HHS Regions,Region 6,2024,45,10485,226,13,2.27945,2.15546,0.123987
HHS Regions,Region 7,2024,45,6388,32,7,0.61052,0.500939,0.10958
HHS Regions,Region 8,2024,45,1935,28,0,1.44703,1.44703,0
HHS Regions,Region 9,2024,45,14946,432,28,3.07775,2.89041,0.187341
HHS Regions,Region 10,2024,45,4957,88,5,1.87613,1.77527,0.100867
HHS Regions,Region 1,2024,46,4923,22,11,0.670323,0.446882,0.223441
HHS Regions,Region 2,2024,46,5402,25,5,0.55535,0.462792,0.0925583
HHS Regions,Region 3,2024,46,4500,42,3,1,0.933333,0.0666667
HHS Regions,Region 4,2024,46,7470,82,10,1.23159,1.09772,0.133869
HHS Regions,Region 5,2024,46,18851,184,15,1.05565,0.976076,0.0795714
HHS Regions,Region 6,2024,46,11629,322,23,2.96672,2.76894,0.197781
HHS Regions,Region 7,2024,46,6089,27,7,0.558384,0.443423,0.114961
HHS Regions,Region 8,2024,46,2004,37,0,1.84631,1.84631,0
HHS Regions,Region 9,2024,46,15962,702,44,4.6736,4.39795,0.275655
HHS Regions,Region 10,2024,46,5129,161,8,3.29499,3.13901,0.155976
HHS Regions,Region 1,2024,47,5267,32,17,0.930321,0.607556,0.322764
HHS Regions,Region 2,2024,47,5365,51,6,1.06244,0.950606,0.111836
HHS Regions,Region 3,2024,47,4805,53,6,1.22789,1.10302,0.12487
HHS Regions,Region 4,2024,47,6558,63,11,1.12839,0.960659,0.167734
HHS Regions,Region 5,2024,47,20266,225,9,1.15464,1.11023,0.0444094
HHS Regions,Region 6,2024,47,12863,468,25,3.8327,3.63834,0.194356
HHS Regions,Region 7,2024,47,6970,47,7,0.774749,0.674319,0.10043
HHS Regions,Region 8,2024,47,2026,37,4,2.02369,1.82626,0.197433
HHS Regions,Region 9,2024,47,17458,1031,66,6.28365,5.9056,0.37805
HHS Regions,Region 10,2024,47,5155,284,16,5.81959,5.50921,0.310378
HHS Regions,Region 1,2024,48,5024,53,8,1.21417,1.05494,0.159236
HHS Regions,Region 2,2024,48,4949,90,6,1.93979,1.81855,0.121237
HHS Regions,Region 3,2024,48,4358,70,3,1.67508,1.60624,0.0688389
HHS Regions,Region 4,2024,48,7727,151,12,2.10949,1.95419,0.1553
HHS Regions,Region 5,2024,48,18128,268,12,1.54457,1.47838,0.0661959
HHS Regions,Region 6,2024,48,12263,605,22,5.11294,4.93354,0.179401
HHS Regions,Region 7,2024,48,7405,93,9,1.37745,1.25591,0.12154
HHS Regions,Region 8,2024,48,2003,82,1,4.14378,4.09386,0.0499251
HHS Regions,Region 9,2024,48,16746,1415,84,8.95139,8.44978,0.501612
HHS Regions,Region 10,2024,48,5205,295,30,6.244,5.66763,0.576369
HHS Regions,Region 1,2024,49,5921,103,22,2.11113,1.73957,0.371559
HHS Regions,Region 2,2024,49,5798,160,13,2.98379,2.75957,0.224215
HHS Regions,Region 3,2024,49,4878,131,2,2.72653,2.68553,0.0410004
HHS Regions,Region 4,2024,49,8261,193,9,2.44522,2.33628,0.108946
HHS Regions,Region 5,2024,49,22245,560,22,2.61632,2.51742,0.0988986
HHS Regions,Region 6,2024,49,13991,802,33,5.96812,5.73226,0.235866
HHS Regions,Region 7,2024,49,7850,236,9,3.12102,3.00637,0.11465
HHS Regions,Region 8,2024,49,2315,115,2,5.054,4.9676,0.0863931
HHS Regions,Region 9,2024,49,20976,1991,119,10.0591,9.4918,0.567315
HHS Regions,Region 10,2024,49,6063,512,30,8.93947,8.44466,0.494805
HHS Regions,Region 1,2024,50,6021,204,37,4.00266,3.38814,0.614516
HHS Regions,Region 2,2024,50,6198,268,16,4.58212,4.32398,0.258148
HHS Regions,Region 3,2024,50,5253,222,2,4.26423,4.22616,0.0380735
HHS Regions,Region 4,2024,50,9088,514,16,5.83187,5.65581,0.176056
HHS Regions,Region 5,2024,50,23811,1239,24,5.30427,5.20348,0.100794
HHS Regions,Region 6,2024,50,14680,1660,34,11.5395,11.3079,0.231608
HHS Regions,Region 7,2024,50,8357,461,20,5.75565,5.51633,0.23932
HHS Regions,Region 8,2024,50,2470,163,2,6.68016,6.59919,0.0809717
HHS Regions,Region 9,2024,50,23366,3046,186,13.8321,13.036,0.796028
HHS Regions,Region 10,2024,50,6973,983,31,14.5418,14.0972,0.444572
HHS Regions,Region 1,2024,51,6428,346,44,6.06721,5.3827,0.684505
HHS Regions,Region 2,2024,51,6897,487,26,7.43802,7.06104,0.376975
HHS Regions,Region 3,2024,51,5239,454,5,8.76121,8.66578,0.0954381
HHS Regions,Region 4,2024,51,10286,1124,19,11.1122,10.9275,0.184717
HHS Regions,Region 5,2024,51,28022,2772,34,10.0136,9.89223,0.121333
HHS Regions,Region 6,2024,51,16786,2978,50,18.0388,17.741,0.297867
HHS Regions,Region 7,2024,51,9391,1081,44,11.9796,11.511,0.468534
HHS Regions,Region 8,2024,51,2996,467,0,15.5874,15.5874,0
HHS Regions,Region 9,2024,51,29208,5517,251,19.748,18.8887,0.859354
HHS Regions,Region 10,2024,51,8285,1778,40,21.9433,21.4605,0.4828
HHS Regions,Region 1,2024,52,7134,739,57,11.1578,10.3588,0.798991
HHS Regions,Region 2,2024,52,7272,977,50,14.1227,13.4351,0.687569
HHS Regions,Region 3,2024,52,5730,840,7,14.7818,14.6597,0.122164
HHS Regions,Region 4,2024,52,9731,1149,12,11.9309,11.8076,0.123317
HHS Regions,Region 5,2024,52,30034,4472,47,15.0463,14.8898,0.156489
HHS Regions,Region 6,2024,52,17665,3832,51,21.9813,21.6926,0.288706
HHS Regions,Region 7,2024,52,10804,2044,48,19.3632,18.9189,0.44428
HHS Regions,Region 8,2024,52,3559,756,9,21.4948,21.2419,0.25288
HHS Regions,Region 9,2024,52,31082,6647,289,22.3152,21.3854,0.929799
HHS Regions,Region 10,2024,52,8060,1832,42,23.2506,22.7295,0.521092
HHS Regions,Region 1,2025,1,8546,1168,76,14.5565,13.6672,0.889305
HHS Regions,Region 2,2025,1,8095,1156,52,14.9228,14.2804,0.642372
HHS Regions,Region 3,2025,1,5014,851,6,17.0921,16.9725,0.119665
HHS Regions,Region 4,2025,1,11702,1660,17,14.3309,14.1856,0.145274
HHS Regions,Region 5,2025,1,31941,5033,54,15.9262,15.7572,0.169062
HHS Regions,Region 6,2025,1,17475,4097,59,23.7825,23.4449,0.337625
HHS Regions,Region 7,2025,1,11296,1930,57,17.5903,17.0857,0.504603
HHS Regions,Region 8,2025,1,3759,819,14,22.1601,21.7877,0.372439
HHS Regions,Region 9,2025,1,32126,6287,293,20.4819,19.5698,0.912034
HHS Regions,Region 10,2025,1,8776,1613,32,18.7443,18.3797,0.364631
HHS Regions,Region 1,2025,2,7828,1189,69,16.0705,15.1891,0.881451
HHS Regions,Region 2,2025,2,8174,1188,45,15.0844,14.5339,0.550526
HHS Regions,Region 3,2025,2,4405,766,17,17.7753,17.3893,0.385925
HHS Regions,Region 4,2025,2,9344,1162,19,12.6391,12.4358,0.203339
HHS Regions,Region 5,2025,2,33525,6120,44,18.3863,18.255,0.131245
HHS Regions,Region 6,2025,2,14787,3295,37,22.5333,22.2831,0.25022
HHS Regions,Region 7,2025,2,10732,1930,78,18.7104,17.9836,0.726798
HHS Regions,Region 8,2025,2,3617,721,5,20.0719,19.9336,0.138236
HHS Regions,Region 9,2025,2,33127,6230,339,19.8297,18.8064,1.02333
HHS Regions,Region 10,2025,2,8174,1299,47,16.4668,15.8919,0.574994
HHS Regions,Region 1,2025,3,8829,1864,111,22.3695,21.1122,1.25722
HHS Regions,Region 2,2025,3,8441,1734,65,21.3126,20.5426,0.770051
HHS Regions,Region 3,2025,3,4863,1024,8,21.2215,21.057,0.164508
HHS Regions,Region 4,2025,3,11237,2212,28,19.9341,19.685,0.249177
HHS Regions,Region 5,2025,3,35719,9649,79,27.2348,27.0136,0.221171
HHS Regions,Region 6,2025,3,15967,4446,43,28.1142,27.8449,0.269305
HHS Regions,Region 7,2025,3,11715,2539,118,22.6803,21.6731,1.00726
HHS Regions,Region 8,2025,3,3482,844,11,24.5549,24.2389,0.31591
HHS Regions,Region 9,2025,3,33450,7209,403,22.7564,21.5516,1.20478
HHS Regions,Region 10,2025,3,7890,1287,60,17.0722,16.3118,0.760456
HHS Regions,Region 1,2025,4,9453,2706,141,30.1174,28.6258,1.49159
HHS Regions,Region 2,2025,4,8581,2362,97,28.6563,27.5259,1.1304
HHS Regions,Region 3,2025,4,4769,1273,24,27.1965,26.6932,0.50325
HHS Regions,Region 4,2025,4,11966,2988,26,25.188,24.9708,0.217282
HHS Regions,Region 5,2025,4,38683,12842,101,33.4591,33.198,0.261097
HHS Regions,Region 6,2025,4,15873,5013,63,31.9788,31.5819,0.3969
HHS Regions,Region 7,2025,4,11778,3170,113,27.874,26.9146,0.959416
HHS Regions,Region 8,2025,4,4004,993,9,25.025,24.8002,0.224775
HHS Regions,Region 9,2025,4,35139,8287,627,25.3678,23.5835,1.78434
HHS Regions,Region 10,2025,4,7974,1681,92,22.2348,21.081,1.15375
HHS Regions,Region 1,2025,5,11041,3422,197,32.7778,30.9936,1.78426
HHS Regions,Region 2,2025,5,9646,2703,144,29.5148,28.022,1.49285
HHS Regions,Region 3,2025,5,5384,1690,28,31.9094,31.3893,0.520059
HHS Regions,Region 4,2025,5,14011,3769,40,27.1858,26.9003,0.28549
HHS Regions,Region 5,2025,5,44378,15330,187,34.9655,34.5441,0.42138
HHS Regions,Region 6,2025,5,20233,7447,102,37.3103,36.8062,0.504127
HHS Regions,Region 7,2025,5,15432,5387,202,36.217,34.908,1.30897
HHS Regions,Region 8,2025,5,3924,1165,15,30.0714,29.6891,0.382263
HHS Regions,Region 9,2025,5,40405,9716,1041,26.6229,24.0465,2.57641
HHS Regions,Region 10,2025,5,9465,2300,157,25.9588,24.3001,1.65874
HHS Regions,Region 1,2025,6,10924,3409,279,33.7605,31.2065,2.55401
HHS Regions,Region 2,2025,6,10064,2864,203,30.475,28.4579,2.01709
HHS Regions,Region 3,2025,6,6069,1971,45,33.218,32.4765,0.741473
HHS Regions,Region 4,2025,6,14362,3753,44,26.4378,26.1315,0.306364
HHS Regions,Region 5,2025,6,46142,16517,266,36.3725,35.796,0.576481
HHS Regions,Region 6,2025,6,20072,6396,135,32.5379,31.8653,0.672579
HHS Regions,Region 7,2025,6,16362,5530,230,35.2035,33.7978,1.4057
HHS Regions,Region 8,2025,6,4985,1509,26,30.7924,30.2708,0.521565
HHS Regions,Region 9,2025,6,39779,8794,1417,25.6693,22.1071,3.56218
HHS Regions,Region 10,2025,6,9641,2393,255,27.466,24.8211,2.64495
HHS Regions,Region 1,2025,7,10102,2688,287,29.4496,26.6086,2.84102
HHS Regions,Region 2,2025,7,9746,2666,251,29.9302,27.3548,2.57542
HHS Regions,Region 3,2025,7,5128,1453,39,29.0952,28.3346,0.76053
HHS Regions,Region 4,2025,7,11193,2172,38,19.7445,19.405,0.339498
HHS Regions,Region 5,2025,7,42231,14235,315,34.4534,33.7075,0.745898
HHS Regions,Region 6,2025,7,17028,4153,125,25.1233,24.3892,0.734085
HHS Regions,Region 7,2025,7,14690,4342,199,30.9122,29.5575,1.35466
HHS Regions,Region 8,2025,7,4806,1263,38,27.0703,26.2797,0.790678
HHS Regions,Region 9,2025,7,36066,6459,1643,22.4644,17.9088,4.55554
HHS Regions,Region 10,2025,7,9665,2114,242,24.3766,21.8727,2.50388
HHS Regions,Region 1,2025,8,8642,1821,313,24.6934,21.0715,3.62185
HHS Regions,Region 2,2025,8,8267,1789,289,25.1361,21.6403,3.49583
HHS Regions,Region 3,2025,8,5143,1191,49,24.1104,23.1577,0.952751
HHS Regions,Region 4,2025,8,9275,1327,45,14.7925,14.3073,0.485175
HHS Regions,Region 5,2025,8,38235,10885,435,29.6064,28.4687,1.1377
HHS Regions,Region 6,2025,8,14381,2838,170,20.9165,19.7344,1.18212
HHS Regions,Region 7,2025,8,12161,2997,157,25.9354,24.6444,1.29101
HHS Regions,Region 8,2025,8,4581,1077,38,24.3397,23.5102,0.829513
HHS Regions,Region 9,2025,8,30864,4257,1776,19.547,13.7928,5.75428
HHS Regions,Region 10,2025,8,10091,2115,340,24.3286,20.9593,3.36934
HHS Regions,Region 1,2025,9,8193,1225,334,19.0284,14.9518,4.07665
HHS Regions,Region 2,2025,9,7920,1215,287,18.9646,15.3409,3.62374
HHS Regions,Region 3,2025,9,6626,1259,70,20.0573,19.0009,1.05644
HHS Regions,Region 4,2025,9,9320,1203,44,13.3798,12.9077,0.472103
HHS Regions,Region 5,2025,9,35162,8090,642,24.8336,23.0078,1.82583
HHS Regions,Region 6,2025,9,15434,2401,196,16.8265,15.5566,1.26992
HHS Regions,Region 7,2025,9,10812,2153,130,21.1154,19.9131,1.20237
HHS Regions,Region 8,2025,9,4369,809,38,19.3866,18.5168,0.869764
HHS Regions,Region 9,2025,9,26859,2747,1597,16.1733,10.2275,5.94587
HHS Regions,Region 10,2025,9,8588,1263,260,17.734,14.7066,3.02748
HHS Regions,Region 1,2025,10,7316,897,427,18.0973,12.2608,5.83652
HHS Regions,Region 2,2025,10,7381,909,301,16.3934,12.3154,4.07804
HHS Regions,Region 3,2025,10,5129,681,124,15.6951,13.2774,2.41763
HHS Regions,Region 4,2025,10,8963,915,65,10.9338,10.2086,0.725204
HHS Regions,Region 5,2025,10,30904,5126,775,19.0946,16.5868,2.50777
HHS Regions,Region 6,2025,10,13580,1762,158,14.1384,12.975,1.16348
HHS Regions,Region 7,2025,10,9531,1428,118,16.2208,14.9827,1.23807
HHS Regions,Region 8,2025,10,4012,577,29,15.1047,14.3819,0.722832
HHS Regions,Region 9,2025,10,22723,1709,1437,13.845,7.52101,6.32399
HHS Regions,Region 10,2025,10,7599,892,243,14.9362,11.7384,3.19779
HHS Regions,Region 1,2025,11,7025,596,502,15.6299,8.48399,7.14591
HHS Regions,Region 2,2025,11,6949,677,333,14.5345,9.74241,4.79206
HHS Regions,Region 3,2025,11,4574,583,147,15.9598,12.746,3.21382
HHS Regions,Region 4,2025,11,8580,760,63,9.59207,8.85781,0.734266
HHS Regions,Region 5,2025,11,27338,3346,859,15.3815,12.2394,3.14215
HHS Regions,Region 6,2025,11,12637,1269,151,11.2368,10.0419,1.1949
HHS Regions,Region 7,2025,11,8530,942,119,12.4385,11.0434,1.39508
HHS Regions,Region 8,2025,11,3777,409,31,11.6495,10.8287,0.820757
HHS Regions,Region 9,2025,11,21518,1353,1349,12.5569,6.28776,6.26917
HHS Regions,Region 10,2025,11,6999,655,225,12.5732,9.35848,3.21474
HHS Regions,Region 1,2025,12,6499,393,517,14.0022,6.04708,7.95507
HHS Regions,Region 2,2025,12,6675,454,366,12.2846,6.8015,5.48315
HHS Regions,Region 3,2025,12,4201,384,194,13.7586,9.14068,4.61795
HHS Regions,Region 4,2025,12,7530,455,70,6.97211,6.0425,0.929615
HHS Regions,Region 5,2025,12,23599,1763,865,11.1361,7.47066,3.66541
HHS Regions,Region 6,2025,12,11207,797,145,8.40546,7.11163,1.29383
HHS Regions,Region 7,2025,12,7235,480,84,7.79544,6.63442,1.16102
HHS Regions,Region 8,2025,12,3315,283,39,9.71342,8.53695,1.17647
HHS Regions,Region 9,2025,12,20234,973,1418,11.8167,4.80874,7.00801
HHS Regions,Region 10,2025,12,6963,524,252,11.1446,7.52549,3.61913
HHS Regions,Region 1,2025,13,6059,242,507,12.3618,3.99406,8.36772
HHS Regions,Region 2,2025,13,6567,318,379,10.6137,4.84239,5.77128
HHS Regions,Region 3,2025,13,3982,239,218,11.4766,6.00201,5.47464
HHS Regions,Region 4,2025,13,6969,376,74,6.45717,5.39532,1.06185
HHS Regions,Region 5,2025,13,21578,1087,816,8.81917,5.03754,3.78163
HHS Regions,Region 6,2025,13,11155,689,168,7.68265,6.1766,1.50605
HHS Regions,Region 7,2025,13,6714,320,106,6.34495,4.76616,1.57879
HHS Regions,Region 8,2025,13,2959,152,64,7.29976,5.13687,2.16289
HHS Regions,Region 9,2025,13,18408,712,1329,11.0876,3.86788,7.21969
HHS Regions,Region 10,2025,13,6328,346,230,9.1024,5.46776,3.63464
HHS Regions,Region 1,2025,14,5780,189,443,10.9343,3.2699,7.66436
HHS Regions,Region 2,2025,14,6404,284,380,10.3685,4.43473,5.93379
HHS Regions,Region 3,2025,14,4013,153,171,8.07376,3.81261,4.26115
HHS Regions,Region 4,2025,14,5877,159,35,3.301,2.70546,0.595542
HHS Regions,Region 5,2025,14,19478,577,811,7.12599,2.96232,4.16367
HHS Regions,Region 6,2025,14,10188,451,173,6.12485,4.42678,1.69808
HHS Regions,Region 7,2025,14,6145,159,122,4.57282,2.58747,1.98535
HHS Regions,Region 8,2025,14,2710,95,41,5.01845,3.50554,1.51292
HHS Regions,Region 9,2025,14,16694,566,1081,9.86582,3.39044,6.47538
HHS Regions,Region 10,2025,14,5550,231,158,7.00901,4.16216,2.84685
HHS Regions,Region 1,2025,15,5507,125,409,9.69675,2.26984,7.42691
HHS Regions,Region 2,2025,15,6263,152,359,8.15903,2.42695,5.73208
HHS Regions,Region 3,2025,15,3752,72,124,5.22388,1.91898,3.3049
HHS Regions,Region 4,2025,15,6057,123,55,2.93875,2.03071,0.90804
HHS Regions,Region 5,2025,15,18227,318,695,5.55769,1.74466,3.81302
HHS Regions,Region 6,2025,15,10431,336,187,5.0139,3.22117,1.79273
HHS Regions,Region 7,2025,15,6201,120,113,3.75746,1.93517,1.82229
HHS Regions,Region 8,2025,15,2561,75,40,4.49043,2.92854,1.56189
HHS Regions,Region 9,2025,15,16040,405,954,8.47257,2.52494,5.94763
HHS Regions,Region 10,2025,15,4942,143,127,5.46338,2.89357,2.56981
HHS Regions,Region 1,2025,16,5032,94,337,8.56518,1.86804,6.69714
HHS Regions,Region 2,2025,16,5743,116,251,6.39039,2.01985,4.37054
HHS Regions,Region 3,2025,16,3073,44,116,5.20664,1.43183,3.77481
HHS Regions,Region 4,2025,16,5964,90,44,2.24681,1.50905,0.73776
HHS Regions,Region 5,2025,16,18041,249,672,5.10504,1.38019,3.72485
HHS Regions,Region 6,2025,16,10369,238,195,4.17591,2.2953,1.88061
HHS Regions,Region 7,2025,16,4636,64,94,3.40811,1.3805,2.02761
HHS Regions,Region 8,2025,16,2431,63,44,4.40148,2.59153,1.80995
HHS Regions,Region 9,2025,16,14549,272,764,7.12076,1.86954,5.25122
HHS Regions,Region 10,2025,16,4896,118,82,4.08497,2.41013,1.67484
HHS Regions,Region 1,2025,17,4627,70,192,5.66242,1.51286,4.14956
HHS Regions,Region 2,2025,17,5521,98,190,5.21645,1.77504,3.44141
HHS Regions,Region 3,2025,17,2902,38,105,4.92764,1.30944,3.61819
HHS Regions,Region 4,2025,17,5959,53,63,1.94664,0.889411,1.05722
HHS Regions,Region 5,2025,17,17068,146,593,4.32974,0.855402,3.47434
HHS Regions,Region 6,2025,17,9767,160,181,3.49135,1.63817,1.85318
HHS Regions,Region 7,2025,17,5682,58,73,2.30553,1.02077,1.28476
HHS Regions,Region 8,2025,17,2373,34,50,3.53982,1.43279,2.10704
HHS Regions,Region 9,2025,17,13460,245,656,6.69391,1.82021,4.8737
HHS Regions,Region 10,2025,17,4877,102,86,3.85483,2.09145,1.76338
HHS Regions,Region 1,2025,18,4365,31,126,3.59679,0.710195,2.8866
HHS Regions,Region 2,2025,18,4728,52,120,3.6379,1.09983,2.53807
HHS Regions,Region 3,2025,18,3223,17,43,1.86162,0.527459,1.33416
HHS Regions,Region 4,2025,18,5546,25,40,1.17202,0.450775,0.721241
HHS Regions,Region 5,2025,18,15833,77,400,3.0127,0.486326,2.52637
HHS Regions,Region 6,2025,18,8978,122,174,3.29695,1.35888,1.93807
HHS Regions,Region 7,2025,18,5252,18,71,1.69459,0.342727,1.35187
HHS Regions,Region 8,2025,18,2170,24,44,3.13364,1.10599,2.02765
HHS Regions,Region 9,2025,18,9853,149,401,5.58206,1.51223,4.06983
HHS Regions,Region 10,2025,18,4475,106,112,4.87151,2.36872,2.50279
HHS Regions,Region 1,2025,19,4017,11,81,2.29027,0.273836,2.01643
HHS Regions,Region 2,2025,19,4377,37,78,2.62737,0.845328,1.78204
HHS Regions,Region 3,2025,19,3009,9,44,1.76138,0.299103,1.46228
HHS Regions,Region 4,2025,19,5613,24,42,1.17584,0.427579,0.748263
HHS Regions,Region 5,2025,19,14155,85,306,2.76227,0.600495,2.16178
HHS Regions,Region 6,2025,19,8145,51,131,2.2345,0.626151,1.60835
HHS Regions,Region 7,2025,19,5003,19,53,1.43914,0.379772,1.05936
HHS Regions,Region 8,2025,19,2234,20,55,3.35721,0.895255,2.46195
HHS Regions,Region 9,2025,19,4494,85,155,5.34045,1.89141,3.44904
HHS Regions,Region 10,2025,19,4587,58,115,3.77153,1.26444,2.50709
HHS Regions,Region 1,2025,20,3871,14,44,1.49832,0.361664,1.13666
HHS Regions,Region 2,2025,20,4228,28,58,2.03406,0.662252,1.37181
HHS Regions,Region 3,2025,20,2959,2,29,1.04765,0.0675904,0.980061
HHS Regions,Region 4,2025,20,5351,17,51,1.27079,0.317698,0.953093
HHS Regions,Region 5,2025,20,13343,37,202,1.7912,0.277299,1.5139
HHS Regions,Region 6,2025,20,8147,60,132,2.3567,0.736467,1.62023
HHS Regions,Region 7,2025,20,4935,13,44,1.15502,0.263425,0.891591
HHS Regions,Region 8,2025,20,1917,6,50,2.92123,0.312989,2.60824
HHS Regions,Region 9,2025,20,4447,49,156,4.60985,1.10187,3.50798
HHS Regions,Region 10,2025,20,4520,57,102,3.5177,1.26106,2.25664
HHS Regions,Region 1,2025,21,3718,12,24,0.968263,0.322754,0.645508
HHS Regions,Region 2,2025,21,3963,17,52,1.74111,0.428968,1.31214
HHS Regions,Region 3,2025,21,2784,2,14,0.574713,0.0718391,0.502874
HHS Regions,Region 4,2025,21,5398,20,38,1.07447,0.370508,0.703964
HHS Regions,Region 5,2025,21,12309,28,103,1.06426,0.227476,0.836786
HHS Regions,Region 6,2025,21,7757,45,154,2.56542,0.580121,1.9853
HHS Regions,Region 7,2025,21,4364,15,25,0.91659,0.343721,0.572869
HHS Regions,Region 8,2025,21,1872,13,52,3.47222,0.694444,2.77778
HHS Regions,Region 9,2025,21,4401,51,139,4.3172,1.15883,3.15837
HHS Regions,Region 10,2025,21,4400,62,113,3.97727,1.40909,2.56818
HHS Regions,Region 1,2025,22,3666,15,18,0.900164,0.409165,0.490998
HHS Regions,Region 2,2025,22,3811,14,30,1.15455,0.367358,0.787195
HHS Regions,Region 3,2025,22,2849,5,8,0.4563,0.1755,0.2808
HHS Regions,Region 4,2025,22,4327,12,23,0.808875,0.277328,0.531546
HHS Regions,Region 5,2025,22,11103,26,74,0.900657,0.234171,0.666487
HHS Regions,Region 6,2025,22,7501,64,174,3.17291,0.85322,2.31969
HHS Regions,Region 7,2025,22,4343,14,13,0.62169,0.322358,0.299332
HHS Regions,Region 8,2025,22,1745,21,56,4.41261,1.20344,3.20917
HHS Regions,Region 9,2025,22,4007,62,101,4.06788,1.54729,2.52059
HHS Regions,Region 10,2025,22,4119,56,99,3.76305,1.35955,2.4035
HHS Regions,Region 1,2025,23,3592,13,9,0.612472,0.361915,0.250557
HHS Regions,Region 2,2025,23,3649,17,24,1.1236,0.465881,0.657714
HHS Regions,Region 3,2025,23,2688,8,8,0.595238,0.297619,0.297619
HHS Regions,Region 4,2025,23,4345,17,20,0.851554,0.391254,0.460299
HHS Regions,Region 5,2025,23,11171,39,76,1.02945,0.349118,0.680333
HHS Regions,Region 6,2025,23,6736,51,133,2.73159,0.757126,1.97447
HHS Regions,Region 7,2025,23,3910,15,8,0.588235,0.383632,0.204604
HHS Regions,Region 8,2025,23,1536,12,28,2.60417,0.78125,1.82292
HHS Regions,Region 9,2025,23,4318,49,97,3.38119,1.13478,2.24641
HHS Regions,Region 10,2025,23,3958,43,67,2.77918,1.08641,1.69277
HHS Regions,Region 1,2025,24,3241,11,7,0.555384,0.339401,0.215983
HHS Regions,Region 2,2025,24,3452,6,16,0.637312,0.173812,0.463499
HHS Regions,Region 3,2025,24,2631,5,11,0.608134,0.190042,0.418092
HHS Regions,Region 4,2025,24,4699,19,23,0.893807,0.404341,0.489466
HHS Regions,Region 5,2025,24,9619,46,43,0.925252,0.47822,0.447032
HHS Regions,Region 6,2025,24,6025,23,69,1.52697,0.381743,1.14523
HHS Regions,Region 7,2025,24,3700,12,5,0.459459,0.324324,0.135135
HHS Regions,Region 8,2025,24,1787,9,12,1.17515,0.503637,0.671517
HHS Regions,Region 9,2025,24,3751,28,63,2.42602,0.746468,1.67955
HHS Regions,Region 10,2025,24,3594,36,68,2.89371,1.00167,1.89204
HHS Regions,Region 1,2025,25,3048,9,4,0.426509,0.295276,0.131234
HHS Regions,Region 2,2025,25,3211,12,7,0.591716,0.373715,0.218001
HHS Regions,Region 3,2025,25,2477,7,2,0.363343,0.2826,0.0807428
HHS Regions,Region 4,2025,25,4372,16,16,0.73193,0.365965,0.365965
HHS Regions,Region 5,2025,25,8690,36,30,0.759494,0.414269,0.345224
HHS Regions,Region 6,2025,25,5286,28,42,1.32425,0.529701,0.794552
HHS Regions,Region 7,2025,25,3585,14,2,0.446304,0.390516,0.055788
HHS Regions,Region 8,2025,25,1545,10,3,0.841424,0.647249,0.194175
HHS Regions,Region 9,2025,25,3620,27,39,1.8232,0.745856,1.07735
HHS Regions,Region 10,2025,25,3597,29,76,2.9191,0.806227,2.11287
HHS Regions,Region 1,2025,26,2993,10,3,0.434347,0.334113,0.100234
HHS Regions,Region 2,2025,26,3104,6,3,0.289948,0.193299,0.0966495
HHS Regions,Region 3,2025,26,2296,3,4,0.304878,0.130662,0.174216
HHS Regions,Region 4,2025,26,3490,10,3,0.372493,0.286533,0.0859599
HHS Regions,Region 5,2025,26,7579,38,4,0.554163,0.501385,0.0527774
HHS Regions,Region 6,2025,26,5101,23,37,1.17624,0.450892,0.725348
HHS Regions,Region 7,2025,26,3568,10,2,0.336323,0.280269,0.0560538
HHS Regions,Region 8,2025,26,1299,5,2,0.538876,0.384911,0.153965
HHS Regions,Region 9,2025,26,2462,27,25,2.1121,1.09667,1.01543
HHS Regions,Region 10,2025,26,3580,40,46,2.40223,1.11732,1.28492
HHS Regions,Region 1,2025,27,2586,10,1,0.425367,0.386698,0.0386698
HHS Regions,Region 2,2025,27,2882,4,5,0.312283,0.138793,0.173491
HHS Regions,Region 3,2025,27,2208,1,3,0.181159,0.0452899,0.13587
HHS Regions,Region 4,2025,27,3712,11,13,0.646552,0.296336,0.350216
HHS Regions,Region 5,2025,27,7632,37,5,0.550314,0.484801,0.0655136
HHS Regions,Region 6,2025,27,4841,24,37,1.26007,0.495765,0.764305
HHS Regions,Region 7,2025,27,3210,12,5,0.529595,0.373832,0.155763
HHS Regions,Region 8,2025,27,1205,4,8,0.995851,0.33195,0.6639
HHS Regions,Region 9,2025,27,3178,28,15,1.35305,0.881057,0.471995
HHS Regions,Region 10,2025,27,3261,30,24,1.65593,0.919963,0.735971
HHS Regions,Region 1,2025,28,2588,11,0,0.425039,0.425039,0
HHS Regions,Region 2,2025,28,2755,10,7,0.61706,0.362976,0.254083
HHS Regions,Region 3,2025,28,1831,5,4,0.491535,0.273075,0.21846
HHS Regions,Region 4,2025,28,3906,14,19,0.844854,0.358423,0.486431
HHS Regions,Region 5,2025,28,8067,23,7,0.371885,0.285112,0.0867733
HHS Regions,Region 6,2025,28,5099,15,30,0.882526,0.294175,0.588351
HHS Regions,Region 7,2025,28,3080,9,6,0.487013,0.292208,0.194805
HHS Regions,Region 8,2025,28,1279,7,3,0.781861,0.547303,0.234558
HHS Regions,Region 9,2025,28,3212,33,25,1.80573,1.0274,0.778331
HHS Regions,Region 10,2025,28,3039,25,19,1.44784,0.822639,0.625206
HHS Regions,Region 1,2025,29,2534,7,1,0.315706,0.276243,0.0394633
HHS Regions,Region 2,2025,29,2764,7,2,0.325615,0.253256,0.0723589
HHS Regions,Region 3,2025,29,1822,5,2,0.384193,0.274424,0.109769
HHS Regions,Region 4,2025,29,3720,18,10,0.752688,0.483871,0.268817
HHS Regions,Region 5,2025,29,7331,11,6,0.231892,0.150048,0.0818442
HHS Regions,Region 6,2025,29,5159,10,12,0.426439,0.193836,0.232603
HHS Regions,Region 7,2025,29,3090,7,3,0.323625,0.226537,0.0970874
HHS Regions,Region 8,2025,29,1118,2,3,0.447227,0.178891,0.268336
HHS Regions,Region 9,2025,29,2936,29,20,1.66894,0.987738,0.681199
HHS Regions,Region 10,2025,29,2929,18,8,0.887675,0.614544,0.273131
HHS Regions,Region 1,2025,30,2560,9,1,0.390625,0.351563,0.0390625
HHS Regions,Region 2,2025,30,2625,12,1,0.495238,0.457143,0.0380952
HHS Regions,Region 3,2025,30,1713,5,0,0.291886,0.291886,0
HHS Regions,Region 4,2025,30,3812,6,7,0.341028,0.157398,0.183631
HHS Regions,Region 5,2025,30,7733,20,2,0.284495,0.258632,0.0258632
HHS Regions,Region 6,2025,30,5349,11,7,0.336511,0.205646,0.130866
HHS Regions,Region 7,2025,30,3233,6,2,0.247448,0.185586,0.061862
HHS Regions,Region 8,2025,30,1127,4,0,0.354925,0.354925,0
HHS Regions,Region 9,2025,30,2971,18,16,1.1444,0.605857,0.538539
HHS Regions,Region 10,2025,30,2915,11,1,0.411664,0.377358,0.0343053
HHS Regions,Region 1,2025,31,2547,10,2,0.471143,0.392619,0.0785238
HHS Regions,Region 2,2025,31,2635,5,2,0.265655,0.189753,0.0759013
HHS Regions,Region 3,2025,31,1671,2,0,0.119689,0.119689,0
HHS Regions,Region 4,2025,31,3803,8,6,0.36813,0.21036,0.15777
HHS Regions,Region 5,2025,31,7545,20,2,0.291584,0.265076,0.0265076
HHS Regions,Region 6,2025,31,5449,13,18,0.568912,0.238576,0.330336
HHS Regions,Region 7,2025,31,3188,3,0,0.0941029,0.0941029,0
HHS Regions,Region 8,2025,31,1191,4,2,0.503778,0.335852,0.167926
HHS Regions,Region 9,2025,31,3134,31,4,1.11678,0.989151,0.127632
HHS Regions,Region 10,2025,31,2766,16,2,0.650759,0.578453,0.0723066
HHS Regions,Region 1,2025,32,2820,12,2,0.496454,0.425532,0.070922
HHS Regions,Region 2,2025,32,2663,3,6,0.337965,0.112655,0.22531
HHS Regions,Region 3,2025,32,1735,5,2,0.403458,0.288184,0.115274
HHS Regions,Region 4,2025,32,3970,13,5,0.453401,0.327456,0.125945
HHS Regions,Region 5,2025,32,8332,24,3,0.324052,0.288046,0.0360058
HHS Regions,Region 6,2025,32,5699,8,8,0.280751,0.140376,0.140376
HHS Regions,Region 7,2025,32,3449,4,1,0.14497,0.115976,0.0289939
HHS Regions,Region 8,2025,32,1526,3,1,0.262123,0.196592,0.0655308
HHS Regions,Region 9,2025,32,3135,23,5,0.893142,0.733652,0.15949
HHS Regions,Region 10,2025,32,2935,9,2,0.374787,0.306644,0.0681431
HHS Regions,Region 1,2025,33,2836,5,0,0.176305,0.176305,0
HHS Regions,Region 2,2025,33,2792,4,2,0.2149,0.143266,0.0716332
HHS Regions,Region 3,2025,33,1923,5,1,0.312012,0.26001,0.0520021
HHS Regions,Region 4,2025,33,4929,6,7,0.263745,0.121729,0.142017
HHS Regions,Region 5,2025,33,8639,12,2,0.162056,0.138905,0.0231508
HHS Regions,Region 6,2025,33,6703,21,12,0.492317,0.313293,0.179024
HHS Regions,Region 7,2025,33,3629,5,2,0.192891,0.137779,0.0551116
HHS Regions,Region 8,2025,33,1705,3,1,0.234604,0.175953,0.058651
HHS Regions,Region 9,2025,33,3535,33,2,0.990099,0.933522,0.0565771
HHS Regions,Region 10,2025,33,3250,12,3,0.461538,0.369231,0.0923077
HHS Regions,Region 1,2025,34,2993,2,0,0.0668226,0.0668226,0
HHS Regions,Region 2,2025,34,2946,12,0,0.407332,0.407332,0
HHS Regions,Region 3,2025,34,2079,1,0,0.0481,0.0481,0
HHS Regions,Region 4,2025,34,5364,9,12,0.391499,0.167785,0.223714
HHS Regions,Region 5,2025,34,8815,37,4,0.465116,0.419739,0.0453772
HHS Regions,Region 6,2025,34,9345,17,13,0.321027,0.181915,0.139112
HHS Regions,Region 7,2025,34,4004,8,2,0.24975,0.1998,0.04995
HHS Regions,Region 8,2025,34,1369,2,0,0.146092,0.146092,0
HHS Regions,Region 9,2025,34,3863,32,3,0.906032,0.828372,0.0776598
HHS Regions,Region 10,2025,34,3218,16,1,0.528278,0.497203,0.0310752
HHS Regions,Region 1,2025,35,3182,14,0,0.439975,0.439975,0
HHS Regions,Region 2,2025,35,2954,4,1,0.169262,0.13541,0.0338524
HHS Regions,Region 3,2025,35,2331,2,0,0.0858001,0.0858001,0
HHS Regions,Region 4,2025,35,5780,14,9,0.397924,0.242215,0.155709
HHS Regions,Region 5,2025,35,10622,33,3,0.338919,0.310676,0.0282433
HHS Regions,Region 6,2025,35,10140,26,11,0.364892,0.25641,0.108481
HHS Regions,Region 7,2025,35,4678,15,6,0.44891,0.32065,0.12826
HHS Regions,Region 8,2025,35,1739,3,1,0.230017,0.172513,0.0575043
HHS Regions,Region 9,2025,35,4070,24,6,0.737101,0.589681,0.14742
HHS Regions,Region 10,2025,35,3590,20,3,0.640669,0.557103,0.0835655
HHS Regions,Region 1,2025,36,3431,15,1,0.466336,0.43719,0.029146
HHS Regions,Region 2,2025,36,3140,7,1,0.254777,0.22293,0.0318471
HHS Regions,Region 3,2025,36,2499,8,0,0.320128,0.320128,0
HHS Regions,Region 4,2025,36,5488,20,7,0.491983,0.364431,0.127551
HHS Regions,Region 5,2025,36,12432,21,2,0.185006,0.168919,0.0160875
HHS Regions,Region 6,2025,36,8471,26,4,0.354149,0.30693,0.0472199
HHS Regions,Region 7,2025,36,5294,14,2,0.302229,0.26445,0.0377786
HHS Regions,Region 8,2025,36,1730,5,0,0.289017,0.289017,0
HHS Regions,Region 9,2025,36,3953,34,2,0.910701,0.860106,0.0505945
HHS Regions,Region 10,2025,36,3637,24,3,0.74237,0.659885,0.0824856
HHS Regions,Region 1,2025,37,3849,8,1,0.233827,0.207846,0.0259808
HHS Regions,Region 2,2025,37,3667,12,2,0.381783,0.327243,0.0545405
HHS Regions,Region 3,2025,37,3491,9,0,0.257806,0.257806,0
HHS Regions,Region 4,2025,37,5677,6,2,0.140919,0.10569,0.0352299
HHS Regions,Region 5,2025,37,14615,59,1,0.410537,0.403695,0.00684229
HHS Regions,Region 6,2025,37,8610,42,4,0.534262,0.487805,0.0464576
HHS Regions,Region 7,2025,37,5811,12,3,0.258131,0.206505,0.0516262
HHS Regions,Region 8,2025,37,1878,8,1,0.479233,0.425985,0.0532481
HHS Regions,Region 9,2025,37,4027,29,8,0.918798,0.720139,0.198659
HHS Regions,Region 10,2025,37,4021,36,8,1.09426,0.8953,0.198955
HHS Regions,Region 1,2025,38,4288,10,0,0.233209,0.233209,0
HHS Regions,Region 2,2025,38,4540,14,0,0.30837,0.30837,0
HHS Regions,Region 3,2025,38,3238,4,0,0.123533,0.123533,0
HHS Regions,Region 4,2025,38,5481,9,6,0.273673,0.164204,0.109469
HHS Regions,Region 5,2025,38,15336,103,6,0.710746,0.671622,0.0391236
HHS Regions,Region 6,2025,38,8017,31,7,0.473993,0.386678,0.0873145
HHS Regions,Region 7,2025,38,5486,8,5,0.236967,0.145826,0.0911411
HHS Regions,Region 8,2025,38,1859,5,0,0.268962,0.268962,0
HHS Regions,Region 9,2025,38,4139,26,5,0.748973,0.628171,0.120802
HHS Regions,Region 10,2025,38,4592,23,2,0.544425,0.500871,0.043554
HHS Regions,Region 1,2025,39,4446,20,2,0.494827,0.449843,0.0449843
HHS Regions,Region 2,2025,39,4399,11,1,0.272789,0.250057,0.0227324
HHS Regions,Region 3,2025,39,3148,11,0,0.349428,0.349428,0
HHS Regions,Region 4,2025,39,5253,14,5,0.361698,0.266514,0.0951837
HHS Regions,Region 5,2025,39,14219,108,17,0.879105,0.759547,0.119558
HHS Regions,Region 6,2025,39,8021,68,15,1.03478,0.847775,0.187009
HHS Regions,Region 7,2025,39,5049,10,1,0.217865,0.198059,0.0198059
HHS Regions,Region 8,2025,39,1818,9,0,0.49505,0.49505,0
HHS Regions,Region 9,2025,39,3970,21,4,0.629723,0.528967,0.100756
HHS Regions,Region 10,2025,39,4464,34,1,0.78405,0.761649,0.0224014
HHS Regions,Region 1,2025,40,3889,11,0,0.282849,0.282849,0
HHS Regions,Region 2,2025,40,4020,14,0,0.348259,0.348259,0
HHS Regions,Region 3,2025,40,2753,9,3,0.435888,0.326916,0.108972
HHS Regions,Region 4,2025,40,4827,15,6,0.435053,0.310752,0.124301
HHS Regions,Region 5,2025,40,15378,71,14,0.552738,0.461699,0.0910391
HHS Regions,Region 6,2025,40,7776,55,13,0.874486,0.707305,0.167181
HHS Regions,Region 7,2025,40,5104,6,2,0.15674,0.117555,0.039185
HHS Regions,Region 8,2025,40,1884,9,2,0.583864,0.477707,0.106157
HHS Regions,Region 9,2025,40,5713,31,6,0.647646,0.542622,0.105024
HHS Regions,Region 10,2025,40,4360,22,0,0.504587,0.504587,0
HHS Regions,Region 1,2025,41,3763,12,0,0.318894,0.318894,0
HHS Regions,Region 2,2025,41,4160,9,0,0.216346,0.216346,0
HHS Regions,Region 3,2025,41,2966,6,0,0.202293,0.202293,0
HHS Regions,Region 4,2025,41,4859,19,1,0.411607,0.391027,0.0205804
HHS Regions,Region 5,2025,41,14534,49,8,0.392184,0.33714,0.0550433
HHS Regions,Region 6,2025,41,7671,59,22,1.05592,0.76913,0.286794
HHS Regions,Region 7,2025,41,5152,4,3,0.13587,0.0776398,0.0582298
HHS Regions,Region 8,2025,41,1875,12,0,0.64,0.64,0
HHS Regions,Region 9,2025,41,7850,54,8,0.789809,0.687898,0.101911
HHS Regions,Region 10,2025,41,4207,33,2,0.831947,0.784407,0.0475398
HHS Regions,Region 1,2025,42,3744,19,0,0.507479,0.507479,0
HHS Regions,Region 2,2025,42,4033,17,1,0.446318,0.421522,0.0247954
HHS Regions,Region 3,2025,42,2914,13,3,0.549073,0.446122,0.102951
HHS Regions,Region 4,2025,42,4785,13,3,0.334378,0.271682,0.0626959
HHS Regions,Region 5,2025,42,14592,61,3,0.438596,0.418037,0.0205592
HHS Regions,Region 6,2025,42,7283,70,19,1.22202,0.961142,0.260882
HHS Regions,Region 7,2025,42,5002,11,6,0.339864,0.219912,0.119952
HHS Regions,Region 8,2025,42,1824,13,3,0.877193,0.712719,0.164474
HHS Regions,Region 9,2025,42,7135,61,10,0.995095,0.85494,0.140154
HHS Regions,Region 10,2025,42,4228,29,3,0.756859,0.685904,0.0709555
HHS Regions,Region 1,2025,43,3845,20,0,0.520156,0.520156,0
HHS Regions,Region 2,2025,43,4146,27,2,0.699469,0.65123,0.0482393
HHS Regions,Region 3,2025,43,3050,11,0,0.360656,0.360656,0
HHS Regions,Region 4,2025,43,4667,27,7,0.728519,0.57853,0.149989
HHS Regions,Region 5,2025,43,15002,73,5,0.519931,0.486602,0.0333289
HHS Regions,Region 6,2025,43,7396,94,19,1.52785,1.27096,0.256896
HHS Regions,Region 7,2025,43,4901,11,6,0.346868,0.224444,0.122424
HHS Regions,Region 8,2025,43,1760,17,1,1.02273,0.965909,0.0568182
HHS Regions,Region 9,2025,43,7701,72,7,1.02584,0.934944,0.0908973
HHS Regions,Region 10,2025,43,4314,47,0,1.08948,1.08948,0
HHS Regions,Region 1,2025,44,3847,23,1,0.623863,0.597868,0.0259943
HHS Regions,Region 2,2025,44,3857,37,0,0.959295,0.959295,0
HHS Regions,Region 3,2025,44,2504,12,0,0.479233,0.479233,0
HHS Regions,Region 4,2025,44,4792,46,2,1.00167,0.959933,0.0417362
HHS Regions,Region 5,2025,44,14867,106,7,0.760073,0.712988,0.0470841
HHS Regions,Region 6,2025,44,7499,116,33,1.98693,1.54687,0.440059
HHS Regions,Region 7,2025,44,4989,13,9,0.44097,0.260573,0.180397
HHS Regions,Region 8,2025,44,1765,42,1,2.43626,2.3796,0.0566572
HHS Regions,Region 9,2025,44,7910,99,7,1.34008,1.25158,0.0884956
HHS Regions,Region 10,2025,44,4072,58,2,1.47348,1.42436,0.0491159
HHS Regions,Region 1,2025,45,4173,46,1,1.12629,1.10232,0.0239636
HHS Regions,Region 2,2025,45,4433,74,1,1.69186,1.6693,0.0225581
HHS Regions,Region 3,2025,45,3121,48,2,1.60205,1.53797,0.064082
HHS Regions,Region 4,2025,45,5224,87,5,1.7611,1.66539,0.0957121
HHS Regions,Region 5,2025,45,15860,188,26,1.34931,1.18537,0.163934
HHS Regions,Region 6,2025,45,8407,224,59,3.36624,2.66445,0.701796
HHS Regions,Region 7,2025,45,5595,30,12,0.75067,0.536193,0.214477
HHS Regions,Region 8,2025,45,2096,109,1,5.24809,5.20038,0.0477099
HHS Regions,Region 9,2025,45,8590,135,10,1.68801,1.57159,0.116414
HHS Regions,Region 10,2025,45,4491,120,3,2.73881,2.67201,0.0668003
HHS Regions,Region 1,2025,46,4127,75,1,1.84153,1.8173,0.0242307
HHS Regions,Region 2,2025,46,4044,158,1,3.93175,3.90702,0.024728
HHS Regions,Region 3,2025,46,3206,53,2,1.71553,1.65315,0.062383
HHS Regions,Region 4,2025,46,5273,217,8,4.26702,4.1153,0.151716
HHS Regions,Region 5,2025,46,15893,324,54,2.37841,2.03863,0.339772
HHS Regions,Region 6,2025,46,9326,461,79,5.79026,4.94317,0.847094
HHS Regions,Region 7,2025,46,5620,47,17,1.13879,0.836299,0.302491
HHS Regions,Region 8,2025,46,2371,226,0,9.53184,9.53184,0
HHS Regions,Region 9,2025,46,8674,135,17,1.75236,1.55638,0.195988
HHS Regions,Region 10,2025,46,4516,182,1,4.05226,4.03012,0.0221435
HHS Regions,Region 1,2025,47,4320,109,2,2.56944,2.52315,0.0462963
HHS Regions,Region 2,2025,47,4321,380,1,8.8174,8.79426,0.0231428
HHS Regions,Region 3,2025,47,3172,78,6,2.64817,2.45902,0.189155
HHS Regions,Region 4,2025,47,5607,427,12,7.8295,7.61548,0.214018
HHS Regions,Region 5,2025,47,16858,667,61,4.31842,3.95658,0.361846
HHS Regions,Region 6,2025,47,10589,871,149,9.63264,8.22552,1.40712
HHS Regions,Region 7,2025,47,5836,82,36,2.02193,1.40507,0.616861
HHS Regions,Region 8,2025,47,2486,345,6,14.1191,13.8777,0.241352
HHS Regions,Region 9,2025,47,8397,155,8,1.94117,1.8459,0.0952721
HHS Regions,Region 10,2025,47,4637,226,5,4.98167,4.87384,0.107828
HHS Regions,Region 1,2025,48,4286,291,5,6.90621,6.78955,0.116659
HHS Regions,Region 2,2025,48,4636,723,3,15.6601,15.5953,0.064711
HHS Regions,Region 3,2025,48,3247,110,3,3.48014,3.38774,0.092393
HHS Regions,Region 4,2025,48,5334,510,23,9.9925,9.5613,0.431196
HHS Regions,Region 5,2025,48,16473,1068,78,6.95684,6.48334,0.473502
HHS Regions,Region 6,2025,48,9140,1103,105,13.2166,12.0678,1.1488
HHS Regions,Region 7,2025,48,4885,82,36,2.41556,1.67861,0.73695
HHS Regions,Region 8,2025,48,2467,405,10,16.8221,16.4167,0.405351
HHS Regions,Region 9,2025,48,8197,204,21,2.74491,2.48872,0.256191
HHS Regions,Region 10,2025,48,4472,276,9,6.37299,6.17174,0.201252
HHS Regions,Region 1,2025,49,5059,532,6,10.6345,10.5159,0.118601
HHS Regions,Region 2,2025,49,5657,937,3,16.6166,16.5635,0.0530316
HHS Regions,Region 3,2025,49,3683,235,3,6.46212,6.38067,0.0814553
HHS Regions,Region 4,2025,49,6145,654,19,10.952,10.6428,0.309194
HHS Regions,Region 5,2025,49,19436,1589,117,8.77753,8.17555,0.601976
HHS Regions,Region 6,2025,49,10139,961,131,10.7703,9.47825,1.29204
HHS Regions,Region 7,2025,49,6027,157,37,3.21885,2.60494,0.613904
HHS Regions,Region 8,2025,49,2928,554,2,18.9891,18.9208,0.068306
HHS Regions,Region 9,2025,49,9088,279,13,3.21303,3.06998,0.143046
HHS Regions,Region 10,2025,49,4980,339,4,6.88755,6.80723,0.0803213
HHS Regions,Region 1,2025,50,6400,1273,15,20.125,19.8906,0.234375
HHS Regions,Region 2,2025,50,5470,1241,5,22.7788,22.6874,0.0914077
HHS Regions,Region 3,2025,50,3913,411,6,10.6568,10.5035,0.153335
HHS Regions,Region 4,2025,50,7048,1229,34,17.92,17.4376,0.482406
HHS Regions,Region 5,2025,50,22447,3487,211,16.4744,15.5344,0.939992
HHS Regions,Region 6,2025,50,12218,2160,212,19.414,17.6788,1.73514
HHS Regions,Region 7,2025,50,6490,399,72,7.25732,6.14792,1.1094
HHS Regions,Region 8,2025,50,3370,908,9,27.2107,26.9436,0.267062
HHS Regions,Region 9,2025,50,10275,654,27,6.62774,6.36496,0.262774
HHS Regions,Region 10,2025,50,5268,451,9,8.73197,8.56112,0.170843
HHS Regions,Region 1,2025,51,8245,2405,9,29.2784,29.1692,0.109157
HHS Regions,Region 2,2025,51,6962,2232,11,32.2178,32.0598,0.158001
HHS Regions,Region 3,2025,51,4601,821,21,18.3004,17.8439,0.456423
HHS Regions,Region 4,2025,51,9170,2617,82,29.4329,28.5387,0.89422
HHS Regions,Region 5,2025,51,30563,8293,590,29.0646,27.1341,1.93044
HHS Regions,Region 6,2025,51,16207,4501,488,30.783,27.772,3.01104
HHS Regions,Region 7,2025,51,8545,1561,109,19.5436,18.268,1.2756
HHS Regions,Region 8,2025,51,4187,1445,15,34.8698,34.5116,0.358252
HHS Regions,Region 9,2025,51,11889,1237,44,10.7747,10.4046,0.37009
HHS Regions,Region 10,2025,51,5638,628,11,11.3338,11.1387,0.195105
HHS Regions,Region 1,2025,52,8751,2861,25,32.9791,32.6934,0.285682
HHS Regions,Region 2,2025,52,7414,2755,12,37.3213,37.1594,0.161856
HHS Regions,Region 3,2025,52,5506,1500,23,27.6607,27.243,0.417726
HHS Regions,Region 4,2025,52,10776,3600,156,34.8552,33.4076,1.44766
HHS Regions,Region 5,2025,52,36354,11936,881,35.2561,32.8327,2.42339
HHS Regions,Region 6,2025,52,17423,5956,674,38.0531,34.1847,3.86845
HHS Regions,Region 7,2025,52,10485,2765,206,28.3357,26.371,1.96471
HHS Regions,Region 8,2025,52,4905,1916,42,39.9185,39.0622,0.856269
HHS Regions,Region 9,2025,52,12716,1896,36,15.1935,14.9103,0.283108
HHS Regions,Region 10,2025,52,5835,841,16,14.6872,14.413,0.274207
HHS Regions,Region 1,2025,53,8428,2319,18,27.729,27.5154,0.213574
HHS Regions,Region 2,2025,53,7123,2046,14,28.9204,28.7239,0.196546
HHS Regions,Region 3,2025,53,6732,1426,22,21.5092,21.1824,0.326797
HHS Regions,Region 4,2025,53,9454,2066,133,23.26,21.8532,1.40681
HHS Regions,Region 5,2025,53,36308,9316,817,27.9084,25.6583,2.25019
HHS Regions,Region 6,2025,53,14326,3723,393,28.731,25.9877,2.74326
HHS Regions,Region 7,2025,53,10288,2342,169,24.4071,22.7644,1.64269
HHS Regions,Region 8,2025,53,4564,1439,37,32.3401,31.5294,0.810692
HHS Regions,Region 9,2025,53,13546,1688,51,12.8377,12.4612,0.376495
HHS Regions,Region 10,2025,53,6539,928,20,14.4976,14.1918,0.305857
HHS Regions,Region 1,2026,1,7447,1427,37,19.6589,19.1621,0.496844
HHS Regions,Region 2,2026,1,6351,1373,45,22.3272,21.6186,0.70855
HHS Regions,Region 3,2026,1,6241,996,28,16.4076,15.959,0.448646
HHS Regions,Region 4,2026,1,8037,1171,79,15.5531,14.5701,0.982954
HHS Regions,Region 5,2026,1,32742,6029,671,20.463,18.4137,2.04936
HHS Regions,Region 6,2026,1,13066,2459,291,21.047,18.8198,2.22715
HHS Regions,Region 7,2026,1,10497,1912,136,19.5103,18.2147,1.29561
HHS Regions,Region 8,2026,1,4012,926,34,23.9282,23.0808,0.847458
HHS Regions,Region 9,2026,1,13165,1490,60,11.7736,11.3179,0.455754
HHS Regions,Region 10,2026,1,6855,976,28,14.6462,14.2378,0.408461
HHS Regions,Region 1,2026,2,6494,974,32,15.4912,14.9985,0.492763
HHS Regions,Region 2,2026,2,4984,557,51,12.199,11.1758,1.02327
HHS Regions,Region 3,2026,2,5452,706,41,13.7014,12.9494,0.752018
HHS Regions,Region 4,2026,2,6669,568,67,9.52167,8.51702,1.00465
HHS Regions,Region 5,2026,2,28368,5152,709,20.6606,18.1613,2.49929
HHS Regions,Region 6,2026,2,12163,2000,357,19.3784,16.4433,2.93513
HHS Regions,Region 7,2026,2,9521,1934,122,21.5944,20.313,1.28138
HHS Regions,Region 8,2026,2,3351,575,32,18.114,17.1591,0.954939
HHS Regions,Region 9,2026,2,12377,1374,63,11.6102,11.1012,0.509009
HHS Regions,Region 10,2026,2,6515,989,30,15.6408,15.1804,0.460476
HHS Regions,Region 1,2026,3,5584,595,54,11.6225,10.6554,0.967049
HHS Regions,Region 2,2026,3,4577,362,96,10.0066,7.90911,2.09744
HHS Regions,Region 3,2026,3,5350,707,56,14.2617,13.215,1.04673
HHS Regions,Region 4,2026,3,6236,561,125,11.0006,8.99615,2.00449
HHS Regions,Region 5,2026,3,25335,3513,1066,18.0738,13.8662,4.20762
HHS Regions,Region 6,2026,3,12750,2342,574,22.8706,18.3686,4.50196
HHS Regions,Region 7,2026,3,9337,2034,235,24.3012,21.7843,2.51687
HHS Regions,Region 8,2026,3,3128,474,59,17.0396,15.1535,1.88619
HHS Regions,Region 9,2026,3,12796,1773,86,14.528,13.8559,0.672085
HHS Regions,Region 10,2026,3,6865,1325,71,20.335,19.3008,1.03423
HHS Regions,Region 1,2026,4,4748,312,47,7.56108,6.57119,0.98989
HHS Regions,Region 2,2026,4,4151,235,178,9.94941,5.66129,4.28812
HHS Regions,Region 3,2026,4,4113,515,53,13.8099,12.5213,1.2886
HHS Regions,Region 4,2026,4,5610,413,158,10.1783,7.36185,2.8164
HHS Regions,Region 5,2026,4,24110,2844,1287,17.134,11.7959,5.33803
HHS Regions,Region 6,2026,4,11853,1761,863,22.1379,14.857,7.28086
HHS Regions,Region 7,2026,4,9191,1853,352,23.9909,20.161,3.82983
HHS Regions,Region 8,2026,4,3255,433,104,16.4977,13.3026,3.19508
HHS Regions,Region 9,2026,4,12736,1734,117,14.5336,13.6149,0.918656
HHS Regions,Region 10,2026,4,8379,2012,78,24.9433,24.0124,0.930899
HHS Regions,Region 1,2026,5,5041,317,137,9.00615,6.28843,2.71771
HHS Regions,Region 2,2026,5,4596,206,163,8.02872,4.48216,3.54656
HHS Regions,Region 3,2026,5,3995,337,74,10.2879,8.43554,1.85232
HHS Regions,Region 4,2026,5,5819,439,265,12.0983,7.54425,4.55405
HHS Regions,Region 5,2026,5,25143,2468,1802,16.9829,9.81585,7.167
HHS Regions,Region 6,2026,5,13636,1708,1388,22.7046,12.5257,10.1789
HHS Regions,Region 7,2026,5,10369,1875,735,25.1712,18.0827,7.08844
HHS Regions,Region 8,2026,5,3514,356,190,15.5378,10.1309,5.40694
HHS Regions,Region 9,2026,5,13977,2242,220,17.6147,16.0406,1.57401
HHS Regions,Region 10,2026,5,8436,1996,137,25.2845,23.6605,1.62399
HHS Regions,Region 1,2026,6,5386,228,219,8.29929,4.2332,4.0661
HHS Regions,Region 2,2026,6,5048,193,348,10.7171,3.8233,6.89382
HHS Regions,Region 3,2026,6,4250,333,133,10.9647,7.83529,3.12941
HHS Regions,Region 4,2026,6,6210,396,388,12.6248,6.37681,6.24799
HHS Regions,Region 5,2026,6,26599,2078,2947,18.8917,7.81232,11.0794
HHS Regions,Region 6,2026,6,14251,1500,1867,23.6264,10.5256,13.1008
HHS Regions,Region 7,2026,6,10551,1677,1095,26.2724,15.8942,10.3782
HHS Regions,Region 8,2026,6,3470,304,284,16.9452,8.76081,8.18444
HHS Regions,Region 9,2026,6,12542,1720,243,15.6514,13.7139,1.93749
HHS Regions,Region 10,2026,6,7967,1564,125,21.1999,19.631,1.56897
HHS Regions,Region 1,2026,7,5285,178,304,9.12015,3.36802,5.75213
HHS Regions,Region 2,2026,7,5069,154,605,14.9734,3.03807,11.9353
HHS Regions,Region 3,2026,7,4521,281,208,10.8162,6.21544,4.60075
HHS Regions,Region 4,2026,7,6239,348,496,13.5278,5.57782,7.94999
HHS Regions,Region 5,2026,7,29212,1819,4139,20.3957,6.22689,14.1688
HHS Regions,Region 6,2026,7,13337,1032,1893,21.9315,7.73787,14.1936
HHS Regions,Region 7,2026,7,10578,1243,1316,24.1917,11.7508,12.4409
HHS Regions,Region 8,2026,7,3747,230,420,17.3472,6.13824,11.209
HHS Regions,Region 9,2026,7,11849,1324,256,13.3345,11.1739,2.16052
HHS Regions,Region 10,2026,7,7787,1140,208,17.3109,14.6398,2.67112
HHS Regions,Region 1,2026,8,4689,114,263,8.04009,2.43122,5.60887
HHS Regions,Region 2,2026,8,4954,84,521,12.2124,1.6956,10.5168
HHS Regions,Region 3,2026,8,4371,206,281,11.1416,4.71288,6.42873
HHS Regions,Region 4,2026,8,5969,189,428,10.3367,3.16636,7.17038
HHS Regions,Region 5,2026,8,28277,1175,4005,18.3188,4.15532,14.1635
HHS Regions,Region 6,2026,8,12999,732,1683,18.5784,5.6312,12.9471
HHS Regions,Region 7,2026,8,9715,658,1158,18.6927,6.77303,11.9197
HHS Regions,Region 8,2026,8,3742,152,649,21.4057,4.062,17.3437
HHS Regions,Region 9,2026,8,12307,1175,295,11.9444,9.54741,2.39701
HHS Regions,Region 10,2026,8,6994,735,233,13.8404,10.509,3.33143
HHS Regions,Region 1,2026,9,4490,84,264,7.75056,1.87082,5.87973
HHS Regions,Region 2,2026,9,4608,71,471,11.7622,1.5408,10.2214
HHS Regions,Region 3,2026,9,4394,147,349,11.2881,3.34547,7.94265
HHS Regions,Region 4,2026,9,6066,154,557,11.7211,2.53874,9.18233
HHS Regions,Region 5,2026,9,26638,782,4138,18.4699,2.93566,15.5342
HHS Regions,Region 6,2026,9,12502,518,1618,17.0853,4.14334,12.9419
HHS Regions,Region 7,2026,9,9343,515,1353,19.9936,5.51215,14.4814
HHS Regions,Region 8,2026,9,3793,125,594,18.956,3.29554,15.6604
HHS Regions,Region 9,2026,9,11256,832,329,10.3145,7.39161,2.92289
HHS Regions,Region 10,2026,9,6770,543,344,13.1019,8.02068,5.08124
HHS Regions,Region 1,2026,10,4786,62,431,10.3009,1.29545,9.00543
HHS Regions,Region 2,2026,10,4017,48,422,11.7003,1.19492,10.5054
HHS Regions,Region 3,2026,10,4438,96,425,11.7395,2.16314,9.57639
HHS Regions,Region 4,2026,10,5494,88,429,9.41027,1.60175,7.80852
HHS Regions,Region 5,2026,10,25594,527,3718,16.5859,2.05908,14.5268
HHS Regions,Region 6,2026,10,10887,308,1367,15.3853,2.82906,12.5563
HHS Regions,Region 7,2026,10,8040,244,975,15.1617,3.03483,12.1269
HHS Regions,Region 8,2026,10,3777,101,665,20.2806,2.67408,17.6066
HHS Regions,Region 9,2026,10,10208,592,378,9.50235,5.79937,3.70298
HHS Regions,Region 10,2026,10,6238,324,334,10.5483,5.19397,5.35428
HHS Regions,Region 1,2026,11,4784,31,419,9.40635,0.647993,8.75836
HHS Regions,Region 2,2026,11,4006,38,374,10.2846,0.948577,9.336
HHS Regions,Region 3,2026,11,4121,41,311,8.54162,0.994904,7.54671
HHS Regions,Region 4,2026,11,5114,67,298,7.13727,1.31013,5.82714
HHS Regions,Region 5,2026,11,21328,314,2422,12.8282,1.47224,11.356
HHS Regions,Region 6,2026,11,10051,164,1143,13.0037,1.63168,11.372
HHS Regions,Region 7,2026,11,6690,114,591,10.5381,1.70404,8.83408
HHS Regions,Region 8,2026,11,3483,74,607,19.5521,2.12461,17.4275
HHS Regions,Region 9,2026,11,9774,453,369,8.41007,4.63475,3.77532
HHS Regions,Region 10,2026,11,6094,245,383,10.3052,4.02035,6.28487
HHS Regions,Region 1,2026,12,4977,42,532,11.5331,0.843882,10.6892
HHS Regions,Region 2,2026,12,4064,46,334,9.35039,1.13189,8.2185
HHS Regions,Region 3,2026,12,3880,41,325,9.43299,1.0567,8.37629
HHS Regions,Region 4,2026,12,5223,45,300,6.6054,0.861574,5.74383
HHS Regions,Region 5,2026,12,19347,249,1811,10.6476,1.28702,9.36062
HHS Regions,Region 6,2026,12,9037,138,861,11.0546,1.52706,9.5275
HHS Regions,Region 7,2026,12,6294,80,420,7.94407,1.27105,6.67302
HHS Regions,Region 8,2026,12,2972,35,371,13.6608,1.17766,12.4832
HHS Regions,Region 9,2026,12,8595,310,303,7.13205,3.60675,3.52531
HHS Regions,Region 10,2026,12,5720,140,361,8.75874,2.44755,6.31119
HHS Regions,Region 1,2026,13,4972,30,505,10.7603,0.603379,10.1569
HHS Regions,Region 2,2026,13,3772,32,237,7.1315,0.848356,6.28314
HHS Regions,Region 3,2026,13,3070,24,230,8.27362,0.781759,7.49186
HHS Regions,Region 4,2026,13,4984,35,228,5.27689,0.702247,4.57464
HHS Regions,Region 5,2026,13,17474,180,1178,7.77155,1.0301,6.74144
HHS Regions,Region 6,2026,13,8431,83,560,7.62662,0.984462,6.64215
HHS Regions,Region 7,2026,13,5752,50,300,6.08484,0.869263,5.21558
HHS Regions,Region 8,2026,13,2688,28,321,12.9836,1.04167,11.942
HHS Regions,Region 9,2026,13,8094,231,282,6.33803,2.85397,3.48406
HHS Regions,Region 10,2026,13,5211,107,369,9.13452,2.05335,7.08117
HHS Regions,Region 1,2026,14,4179,19,367,9.23666,0.454654,8.78201
HHS Regions,Region 2,2026,14,3384,29,158,5.526,0.856974,4.66903
HHS Regions,Region 3,2026,14,3269,12,144,4.7721,0.367085,4.40502
HHS Regions,Region 4,2026,14,4450,26,105,2.94382,0.58427,2.35955
HHS Regions,Region 5,2026,14,16924,92,774,5.11699,0.543607,4.57339
HHS Regions,Region 6,2026,14,8203,73,424,6.05876,0.889918,5.16884
HHS Regions,Region 7,2026,14,5277,28,183,3.99848,0.530605,3.46788
HHS Regions,Region 8,2026,14,2489,10,230,9.64243,0.401768,9.24066
HHS Regions,Region 9,2026,14,8061,185,280,5.76852,2.295,3.47351
HHS Regions,Region 10,2026,14,4800,67,400,9.72917,1.39583,8.33333
HHS Regions,Region 1,2026,15,4296,28,259,6.68063,0.651769,6.02886
HHS Regions,Region 2,2026,15,4099,32,161,4.70847,0.780678,3.92779
HHS Regions,Region 3,2026,15,2969,7,97,3.50286,0.23577,3.26709
HHS Regions,Region 4,2026,15,4560,22,105,2.78509,0.482456,2.30263
HHS Regions,Region 5,2026,15,15156,63,496,3.68831,0.415677,3.27263
HHS Regions,Region 6,2026,15,8013,51,261,3.89367,0.636466,3.25721
HHS Regions,Region 7,2026,15,5221,31,136,3.19862,0.593756,2.60486
HHS Regions,Region 8,2026,15,2384,18,182,8.38926,0.755034,7.63423
HHS Regions,Region 9,2026,15,7957,143,291,5.45432,1.79716,3.65716
HHS Regions,Region 10,2026,15,4725,59,245,6.43386,1.24868,5.18519
HHS Regions,Region 1,2026,16,3625,14,134,4.08276,0.386207,3.69655
HHS Regions,Region 2,2026,16,3777,18,70,2.32989,0.476569,1.85332
HHS Regions,Region 3,2026,16,2678,0,50,1.86706,0,1.86706
HHS Regions,Region 4,2026,16,4373,8,62,1.60073,0.182941,1.41779
HHS Regions,Region 5,2026,16,13220,30,223,1.91377,0.226929,1.68684
HHS Regions,Region 6,2026,16,7446,44,206,3.35751,0.590921,2.76659
HHS Regions,Region 7,2026,16,4821,23,93,2.40614,0.477079,1.92906
HHS Regions,Region 8,2026,16,2242,7,145,6.77966,0.312221,6.46744
HHS Regions,Region 9,2026,16,7867,162,294,5.79636,2.05923,3.73713
HHS Regions,Region 10,2026,16,4625,40,244,6.14054,0.864865,5.27568
HHS Regions,Region 1,2026,17,3386,9,93,3.0124,0.2658,2.7466
HHS Regions,Region 2,2026,17,3894,9,81,2.31125,0.231125,2.08012
HHS Regions,Region 3,2026,17,2610,2,32,1.30268,0.0766284,1.22605
HHS Regions,Region 4,2026,17,4414,8,69,1.74445,0.181242,1.56321
HHS Regions,Region 5,2026,17,13267,18,167,1.39444,0.135675,1.25876
HHS Regions,Region 6,2026,17,6709,49,146,2.90654,0.730362,2.17618
HHS Regions,Region 7,2026,17,4224,8,44,1.23106,0.189394,1.04167
HHS Regions,Region 8,2026,17,2077,2,112,5.48869,0.0962927,5.39239
HHS Regions,Region 9,2026,17,7552,120,321,5.83951,1.58898,4.25053
HHS Regions,Region 10,2026,17,4264,31,235,6.23827,0.727017,5.51126
HHS Regions,Region 1,2026,18,3598,9,64,2.0289,0.250139,1.77877
HHS Regions,Region 2,2026,18,3890,4,53,1.4653,0.102828,1.36247
HHS Regions,Region 3,2026,18,2690,4,29,1.22677,0.148699,1.07807
HHS Regions,Region 4,2026,18,4407,10,51,1.38416,0.226912,1.15725
HHS Regions,Region 5,2026,18,12437,16,99,0.92466,0.128648,0.796012
HHS Regions,Region 6,2026,18,6926,25,107,1.90586,0.360959,1.5449
HHS Regions,Region 7,2026,18,4196,6,25,0.738799,0.142993,0.595806
HHS Regions,Region 8,2026,18,1989,3,73,3.82102,0.15083,3.67019
HHS Regions,Region 9,2026,18,7486,118,338,6.09137,1.57628,4.51509
HHS Regions,Region 10,2026,18,4076,28,218,6.03533,0.686948,5.34838
HHS Regions,Region 1,2026,19,3552,8,32,1.12613,0.225225,0.900901
HHS Regions,Region 2,2026,19,3795,3,57,1.58103,0.0790514,1.50198
HHS Regions,Region 3,2026,19,2590,5,28,1.27413,0.19305,1.08108
HHS Regions,Region 4,2026,19,4196,6,32,0.905624,0.142993,0.762631
HHS Regions,Region 5,2026,19,11394,19,92,0.974197,0.166754,0.807443
HHS Regions,Region 6,2026,19,6647,15,74,1.33895,0.225666,1.11328
HHS Regions,Region 7,2026,19,3869,1,24,0.646162,0.0258465,0.620315
HHS Regions,Region 8,2026,19,1756,5,75,4.55581,0.284738,4.27107
HHS Regions,Region 9,2026,19,5776,62,224,4.95152,1.07341,3.87812
HHS Regions,Region 10,2026,19,4003,26,120,3.64726,0.649513,2.99775
HHS Regions,Region 1,2026,20,3114,6,29,1.12396,0.192678,0.931278
HHS Regions,Region 2,2026,20,3681,8,51,1.60283,0.217332,1.38549
HHS Regions,Region 3,2026,20,2640,6,22,1.06061,0.227273,0.833333
HHS Regions,Region 4,2026,20,4161,2,39,0.98534,0.0480654,0.937275
HHS Regions,Region 5,2026,20,10785,32,65,0.899397,0.296708,0.602689
HHS Regions,Region 6,2026,20,6050,13,59,1.19008,0.214876,0.975207
HHS Regions,Region 7,2026,20,3706,3,13,0.431732,0.0809498,0.350783
HHS Regions,Region 8,2026,20,1686,7,39,2.72835,0.415184,2.31317
HHS Regions,Region 9,2026,20,3866,28,148,4.55251,0.724263,3.82825
HHS Regions,Region 10,2026,20,3792,10,91,2.6635,0.263713,2.39979
HHS Regions,Region 1,2026,21,3063,7,19,0.848841,0.228534,0.620307
HHS Regions,Region 2,2026,21,3267,12,17,0.887665,0.367309,0.520355
HHS Regions,Region 3,2026,21,2564,2,16,0.702028,0.0780031,0.624025
HHS Regions,Region 4,2026,21,4055,21,23,1.08508,0.517879,0.567201
HHS Regions,Region 5,2026,21,10569,18,30,0.454158,0.170309,0.283849
HHS Regions,Region 6,2026,21,5533,7,59,1.19284,0.126514,1.06633
HHS Regions,Region 7,2026,21,3453,7,5,0.347524,0.202722,0.144802
HHS Regions,Region 8,2026,21,1666,8,22,1.80072,0.480192,1.32053
HHS Regions,Region 9,2026,21,3676,44,149,5.25027,1.19695,4.05332
HHS Regions,Region 10,2026,21,3713,12,66,2.10073,0.323189,1.77754
HHS Regions,Region 1,2026,22,2891,1,7,0.276721,0.0345901,0.242131
HHS Regions,Region 2,2026,22,3096,10,13,0.742894,0.322997,0.419897
HHS Regions,Region 3,2026,22,2366,3,4,0.295858,0.126796,0.169062
HHS Regions,Region 4,2026,22,3739,6,8,0.374432,0.160471,0.213961
HHS Regions,Region 5,2026,22,9296,21,38,0.634682,0.225904,0.408778
HHS Regions,Region 6,2026,22,5038,7,32,0.774117,0.138944,0.635173
HHS Regions,Region 7,2026,22,3392,4,5,0.26533,0.117925,0.147406
HHS Regions,Region 8,2026,22,1447,2,8,0.691085,0.138217,0.552868
HHS Regions,Region 9,2026,22,3569,22,100,3.41832,0.616419,2.80191
HHS Regions,Region 10,2026,22,3381,12,46,1.71547,0.354925,1.36054
HHS Regions,Region 1,2026,23,2659,1,5,0.225649,0.0376081,0.188041
HHS Regions,Region 2,2026,23,2929,3,9,0.409696,0.102424,0.307272
HHS Regions,Region 3,2026,23,2248,2,4,0.266904,0.088968,0.177936
HHS Regions,Region 4,2026,23,3381,0,8,0.236616,0,0.236616
HHS Regions,Region 5,2026,23,8556,14,45,0.689575,0.163628,0.525947
HHS Regions,Region 6,2026,23,4708,8,23,0.658454,0.169924,0.48853
HHS Regions,Region 7,2026,23,2874,5,4,0.313152,0.173974,0.139179
HHS Regions,Region 8,2026,23,1322,3,4,0.529501,0.226929,0.302572
HHS Regions,Region 9,2026,23,3310,20,73,2.80967,0.60423,2.20544
HHS Regions,Region 10,2026,23,3230,14,33,1.45511,0.433437,1.02167
HHS Regions,Region 1,2026,24,2414,0,2,0.08285,0,0.08285
HHS Regions,Region 2,2026,24,2894,5,4,0.310988,0.172771,0.138217
HHS Regions,Region 3,2026,24,2155,1,3,0.185615,0.0464037,0.139211
HHS Regions,Region 4,2026,24,3364,4,4,0.237812,0.118906,0.118906
HHS Regions,Region 5,2026,24,7848,12,12,0.30581,0.152905,0.152905
HHS Regions,Region 6,2026,24,4246,5,12,0.400377,0.117758,0.282619
HHS Regions,Region 7,2026,24,2663,12,1,0.488171,0.45062,0.0375516
HHS Regions,Region 8,2026,24,1188,2,3,0.420875,0.16835,0.252525
HHS Regions,Region 9,2026,24,3035,15,63,2.57002,0.494234,2.07578
HHS Regions,Region 10,2026,24,3194,11,41,1.62805,0.344396,1.28366
HHS Regions,Region 1,2026,25,2361,4,1,0.211775,0.16942,0.0423549
HHS Regions,Region 2,2026,25,3315,4,3,0.211161,0.120664,0.0904977
HHS Regions,Region 3,2026,25,1824,6,0,0.328947,0.328947,0
HHS Regions,Region 4,2026,25,3086,4,1,0.162022,0.129618,0.0324044
HHS Regions,Region 5,2026,25,7481,8,5,0.173774,0.106938,0.066836
HHS Regions,Region 6,2026,25,4080,6,10,0.392157,0.147059,0.245098
HHS Regions,Region 7,2026,25,2627,19,0,0.723258,0.723258,0
HHS Regions,Region 8,2026,25,1080,3,1,0.37037,0.277778,0.0925926
HHS Regions,Region 9,2026,25,2928,13,36,1.6735,0.443989,1.22951
HHS Regions,Region 10,2026,25,2932,9,18,0.920873,0.306958,0.613915
HHS Regions,Region 1,2026,26,2104,0,2,0.095057,0,0.095057
HHS Regions,Region 2,2026,26,2426,3,2,0.206101,0.12366,0.0824402
HHS Regions,Region 3,2026,26,1729,2,3,0.289184,0.115674,0.173511
HHS Regions,Region 4,2026,26,2841,5,5,0.351989,0.175994,0.175994
HHS Regions,Region 5,2026,26,7755,21,9,0.386847,0.270793,0.116054
HHS Regions,Region 6,2026,26,4424,27,15,0.949367,0.610307,0.33906
HHS Regions,Region 7,2026,26,2411,7,4,0.456242,0.290336,0.165906
HHS Regions,Region 8,2026,26,1081,2,2,0.370028,0.185014,0.185014
HHS Regions,Region 9,2026,26,2626,10,17,1.02818,0.380807,0.647372
HHS Regions,Region 10,2026,26,2493,14,14,1.12314,0.561572,0.561572
HHS Regions,Region 1,2026,27,2180,2,1,0.137615,0.0917431,0.0458716
HHS Regions,Region 2,2026,27,2510,5,1,0.239044,0.199203,0.0398406
HHS Regions,Region 3,2026,27,1917,5,1,0.312989,0.260824,0.0521648
HHS Regions,Region 4,2026,27,2866,14,9,0.802512,0.488486,0.314027
HHS Regions,Region 5,2026,27,7162,20,9,0.404915,0.279252,0.125663
HHS Regions,Region 6,2026,27,3868,17,10,0.698035,0.439504,0.258532
HHS Regions,Region 7,2026,27,2638,15,4,0.720243,0.568613,0.15163
HHS Regions,Region 8,2026,27,1089,7,1,0.734619,0.642792,0.0918274
HHS Regions,Region 9,2026,27,2854,40,43,2.9082,1.40154,1.50666
HHS Regions,Region 10,2026,27,2391,13,7,0.83647,0.543706,0.292765
HHS Regions,Region 1,2026,28,2050,2,2,0.195122,0.097561,0.097561
HHS Regions,Region 2,2026,28,2304,0,3,0.130208,0,0.130208
HHS Regions,Region 3,2026,28,1753,2,3,0.285225,0.11409,0.171135
HHS Regions,Region 4,2026,28,2700,6,2,0.296296,0.222222,0.0740741
HHS Regions,Region 5,2026,28,6799,14,5,0.279453,0.205913,0.0735402
HHS Regions,Region 6,2026,28,3753,24,13,0.985878,0.639488,0.34639
HHS Regions,Region 7,2026,28,2320,1,2,0.12931,0.0431034,0.0862069
HHS Regions,Region 8,2026,28,960,2,0,0.208333,0.208333,0
HHS Regions,Region 9,2026,28,2794,27,27,1.93271,0.966356,0.966356
HHS Regions,Region 10,2026,28,2283,9,7,0.700832,0.394218,0.306614
HHS Regions,Region 1,2026,29,1935,3,2,0.258398,0.155039,0.103359
HHS Regions,Region 2,2026,29,2317,4,3,0.302115,0.172637,0.129478
HHS Regions,Region 3,2026,29,1672,4,1,0.299043,0.239234,0.0598086
HHS Regions,Region 4,2026,29,2887,3,0,0.103914,0.103914,0
HHS Regions,Region 5,2026,29,6601,19,4,0.348432,0.287835,0.0605969
HHS Regions,Region 6,2026,29,3811,12,4,0.419837,0.314878,0.104959
HHS Regions,Region 7,2026,29,2449,7,0,0.285831,0.285831,0
HHS Regions,Region 8,2026,29,1020,3,1,0.392157,0.294118,0.0980392
HHS Regions,Region 9,2026,29,2660,29,9,1.42857,1.09023,0.338346
HHS Regions,Region 10,2026,29,2133,15,2,0.797,0.703235,0.0937647
HHS Regions,Region 1,2026,30,2027,6,2,0.394672,0.296004,0.098668
HHS Regions,Region 2,2026,30,2177,4,1,0.229674,0.183739,0.0459348
HHS Regions,Region 3,2026,30,922,1,0,0.10846,0.10846,0
HHS Regions,Region 4,2026,30,2845,6,2,0.281195,0.210896,0.0702988
HHS Regions,Region 5,2026,30,6458,13,4,0.263239,0.201301,0.0619387
HHS Regions,Region 6,2026,30,3920,11,4,0.382653,0.280612,0.102041
HHS Regions,Region 7,2026,30,2438,3,1,0.164069,0.123052,0.0410172
HHS Regions,Region 8,2026,30,973,0,3,0.308325,0,0.308325
HHS Regions,Region 9,2026,30,2658,24,13,1.39202,0.902935,0.48909
HHS Regions,Region 10,2026,30,2096,12,4,0.763359,0.572519,0.19084
HHS Regions,Region 1,2026,31,1930,5,0,0.259067,0.259067,0
HHS Regions,Region 2,2026,31,2174,6,2,0.367985,0.275989,0.0919963
HHS Regions,Region 3,2026,31,1574,6,1,0.444727,0.381194,0.0635324
HHS Regions,Region 4,2026,31,2927,5,1,0.204988,0.170823,0.0341647
HHS Regions,Region 5,2026,31,6672,8,1,0.134892,0.119904,0.014988
HHS Regions,Region 6,2026,31,4141,17,5,0.531273,0.410529,0.120744
HHS Regions,Region 7,2026,31,2585,10,0,0.386847,0.386847,0
HHS Regions,Region 8,2026,31,980,3,0,0.306122,0.306122,0
HHS Regions,Region 9,2026,31,2729,36,8,1.61231,1.31916,0.293148
HHS Regions,Region 10,2026,31,2049,19,2,1.02489,0.927282,0.0976086
HHS Regions,Region 1,2026,32,1939,5,1,0.309438,0.257865,0.051573
HHS Regions,Region 2,2026,32,2269,10,3,0.57294,0.440723,0.132217
HHS Regions,Region 3,2026,32,1533,3,1,0.260926,0.195695,0.0652316
HHS Regions,Region 4,2026,32,3186,7,3,0.313873,0.219711,0.094162
HHS Regions,Region 5,2026,32,6879,32,7,0.566943,0.465184,0.101759
HHS Regions,Region 6,2026,32,4434,21,6,0.608931,0.473613,0.135318
HHS Regions,Region 7,2026,32,2560,9,3,0.46875,0.351563,0.117188
HHS Regions,Region 8,2026,32,1042,5,3,0.767754,0.479846,0.287908
HHS Regions,Region 9,2026,32,2926,39,9,1.64046,1.33288,0.307587
HHS Regions,Region 10,2026,32,2201,24,3,1.22672,1.09041,0.136302
HHS Regions,Region 1,2026,33,2087,7,2,0.431241,0.33541,0.0958313
HHS Regions,Region 2,2026,33,2246,5,0,0.222618,0.222618,0
HHS Regions,Region 3,2026,33,1579,5,2,0.443319,0.316656,0.126662
HHS Regions,Region 4,2026,33,3813,9,1,0.262261,0.236035,0.0262261
HHS Regions,Region 5,2026,33,7122,34,1,0.491435,0.477394,0.014041
HHS Regions,Region 6,2026,33,5992,36,11,0.784379,0.600801,0.183578
HHS Regions,Region 7,2026,33,2665,11,0,0.412758,0.412758,0
HHS Regions,Region 8,2026,33,1205,10,0,0.829876,0.829876,0
HHS Regions,Region 9,2026,33,3375,71,7,2.31111,2.1037,0.207407
HHS Regions,Region 10,2026,33,2345,44,2,1.96162,1.87633,0.0852878
HHS Regions,Region 1,2026,34,2173,13,5,0.828348,0.598251,0.230097
HHS Regions,Region 2,2026,34,2257,13,1,0.620292,0.575986,0.0443066
HHS Regions,Region 3,2026,34,1744,8,0,0.458716,0.458716,0
HHS Regions,Region 4,2026,34,3159,5,7,0.379867,0.158278,0.221589
HHS Regions,Region 5,2026,34,8007,50,4,0.67441,0.624454,0.0499563
HHS Regions,Region 6,2026,34,7376,57,12,0.935466,0.772777,0.16269
HHS Regions,Region 7,2026,34,3111,25,0,0.8036,0.8036,0
HHS Regions,Region 8,2026,34,1443,11,0,0.762301,0.762301,0
HHS Regions,Region 9,2026,34,3754,75,13,2.34417,1.99787,0.346297
HHS Regions,Region 10,2026,34,2522,60,1,2.41872,2.37906,0.0396511
HHS Regions,Region 1,2026,35,2298,8,5,0.565709,0.348129,0.217581
HHS Regions,Region 2,2026,35,2370,17,0,0.7173,0.7173,0
HHS Regions,Region 3,2026,35,1991,5,0,0.25113,0.25113,0
HHS Regions,Region 4,2026,35,4309,19,1,0.464145,0.440938,0.0232072
HHS Regions,Region 5,2026,35,9096,192,5,2.16579,2.11082,0.0549692
HHS Regions,Region 6,2026,35,7432,61,6,0.901507,0.820775,0.080732
HHS Regions,Region 7,2026,35,3149,20,0,0.635122,0.635122,0
HHS Regions,Region 8,2026,35,1547,18,1,1.22818,1.16354,0.0646412
HHS Regions,Region 9,2026,35,3914,85,4,2.27389,2.17169,0.102197
HHS Regions,Region 10,2026,35,3003,127,3,4.329,4.2291,0.0999001
HHS Regions,Region 1,2026,36,2679,19,1,0.746547,0.70922,0.0373274
HHS Regions,Region 2,2026,36,2623,44,2,1.75372,1.67747,0.0762486
HHS Regions,Region 3,2026,36,2019,8,1,0.445765,0.396236,0.0495295
HHS Regions,Region 4,2026,36,3709,18,2,0.539229,0.485306,0.0539229
HHS Regions,Region 5,2026,36,10374,147,6,1.47484,1.417,0.0578369
HHS Regions,Region 6,2026,36,6897,74,6,1.15992,1.07293,0.0869943
HHS Regions,Region 7,2026,36,3303,25,1,0.787163,0.756888,0.0302755
HHS Regions,Region 8,2026,36,1724,26,2,1.62413,1.50812,0.116009
HHS Regions,Region 9,2026,36,4083,133,6,3.40436,3.25741,0.146951
HHS Regions,Region 10,2026,36,3496,193,4,5.63501,5.52059,0.114416
HHS Regions,Region 1,2026,37,3123,36,1,1.18476,1.15274,0.0320205
HHS Regions,Region 2,2026,37,3294,51,2,1.60899,1.54827,0.0607165
HHS Regions,Region 3,2026,37,1765,12,1,0.736544,0.679887,0.0566572
HHS Regions,Region 4,2026,37,3874,43,2,1.16159,1.10996,0.0516262
HHS Regions,Region 5,2026,37,12177,231,6,1.94629,1.89702,0.0492732
HHS Regions,Region 6,2026,37,6882,113,14,1.84539,1.64196,0.203429
HHS Regions,Region 7,2026,37,3546,42,1,1.21263,1.18443,0.0282008
HHS Regions,Region 8,2026,37,1425,42,0,2.94737,2.94737,0
HHS Regions,Region 9,2026,37,4501,272,13,6.33193,6.0431,0.288825
HHS Regions,Region 10,2026,37,4424,285,3,6.50995,6.44213,0.0678119
HHS Regions,Region 1,2026,38,1523,50,0,3.28299,3.28299,0
HHS Regions,Region 2,2026,38,1329,16,1,1.27916,1.20391,0.0752445
HHS Regions,Region 3,2026,38,1635,16,0,0.978593,0.978593,0
HHS Regions,Region 4,2026,38,2308,33,3,1.55979,1.42981,0.129983
HHS Regions,Region 5,2026,38,7998,178,18,2.45061,2.22556,0.225056
HHS Regions,Region 6,2026,38,5266,149,9,3.00038,2.82947,0.170908
HHS Regions,Region 7,2026,38,3238,61,1,1.91476,1.88388,0.0308833
HHS Regions,Region 8,2026,38,1940,68,2,3.60825,3.50515,0.103093
HHS Regions,Region 9,2026,38,4322,299,8,7.10319,6.91809,0.185099
HHS Regions,Region 10,2026,38,3988,238,1,5.99298,5.9679,0.0250752
