region,epiweek,issue,release_date,lag,total_specimens,total_a,total_b,pct_positive,pct_a,pct_b,year,week,week_start,week_end,season_start_year,season,season_week,comparable_baseline
National,201940,202139,2021-10-08,104,19851,136,124,1.30976,0.685104,0.624654,2019,40,2019-09-29,2019-10-05,2019,2019-20,1,FALSE
National,201941,202139,2021-10-08,103,22113,146,181,1.47877,0.660245,0.818523,2019,41,2019-10-06,2019-10-12,2019,2019-20,2,FALSE
National,201942,202139,2021-10-08,102,23131,172,187,1.55203,0.743591,0.808439,2019,42,2019-10-13,2019-10-19,2019,2019-20,3,FALSE
National,201943,202139,2021-10-08,101,24630,201,354,2.25335,0.816078,1.43727,2019,43,2019-10-20,2019-10-26,2019,2019-20,4,FALSE
National,201944,202139,2021-10-08,100,25417,221,556,3.05701,0.869497,2.18751,2019,44,2019-10-27,2019-11-02,2019,2019-20,5,FALSE
National,201945,202139,2021-10-08,99,28842,414,1075,5.16261,1.43541,3.7272,2019,45,2019-11-03,2019-11-09,2019,2019-20,6,FALSE
National,201946,202139,2021-10-08,98,31439,535,1589,6.75594,1.70171,5.0542299999999996,2019,46,2019-11-10,2019-11-16,2019,2019-20,7,FALSE
National,201947,202139,2021-10-08,97,36497,903,2581,9.54599,2.47418,7.07181,2019,47,2019-11-17,2019-11-23,2019,2019-20,8,FALSE
National,201948,202139,2021-10-08,96,35398,1079,2793,10.9385,3.04819,7.89028,2019,48,2019-11-24,2019-11-30,2019,2019-20,9,FALSE
National,201949,202139,2021-10-08,95,41929,1426,3461,11.6554,3.40099,8.25443,2019,49,2019-12-01,2019-12-07,2019,2019-20,10,FALSE
National,201950,202139,2021-10-08,94,44911,2158,5097,16.1542,4.80506,11.3491,2019,50,2019-12-08,2019-12-14,2019,2019-20,11,FALSE
National,201951,202139,2021-10-08,93,54480,3697,8579,22.533,6.78598,15.7471,2019,51,2019-12-15,2019-12-21,2019,2019-20,12,FALSE
National,201952,202139,2021-10-08,92,64024,5980,11264,26.9336,9.34025,17.5934,2019,52,2019-12-22,2019-12-28,2019,2019-20,13,FALSE
National,202001,202139,2021-10-08,91,65177,5645,9664,23.4883,8.66103,14.8273,2020,1,2019-12-29,2020-01-04,2019,2019-20,14,FALSE
National,202002,202139,2021-10-08,90,60717,6109,7928,23.1187,10.0614,13.0573,2020,2,2020-01-05,2020-01-11,2019,2019-20,15,FALSE
National,202003,202139,2021-10-08,89,60316,7712,8020,26.0826,12.786,13.2966,2020,3,2020-01-12,2020-01-18,2019,2019-20,16,FALSE
National,202004,202139,2021-10-08,88,64502,9478,8764,28.2813,14.6941,13.5872,2020,4,2020-01-19,2020-01-25,2019,2019-20,17,FALSE
National,202005,202139,2021-10-08,87,72224,12102,9671,30.1465,16.7562,13.3903,2020,5,2020-01-26,2020-02-01,2019,2019-20,18,FALSE
National,202006,202139,2021-10-08,86,71868,12960,8787,30.2596,18.0331,12.2266,2020,6,2020-02-02,2020-02-08,2019,2019-20,19,FALSE
National,202007,202139,2021-10-08,85,69257,13372,7180,29.675,19.3078,10.3672,2020,7,2020-02-09,2020-02-15,2019,2019-20,20,FALSE
National,202008,202139,2021-10-08,84,65212,12714,5755,28.3215,19.4964,8.82506,2020,8,2020-02-16,2020-02-22,2019,2019-20,21,FALSE
National,202009,202139,2021-10-08,83,62427,11713,4363,25.7517,18.7627,6.98896,2020,9,2020-02-23,2020-02-29,2019,2019-20,22,FALSE
National,202010,202139,2021-10-08,82,64149,11050,3378,22.4914,17.2255,5.26587,2020,10,2020-03-01,2020-03-07,2019,2019-20,23,FALSE
National,202011,202139,2021-10-08,81,74416,9077,2690,15.8125,12.1976,3.61481,2020,11,2020-03-08,2020-03-14,2019,2019-20,24,FALSE
National,202012,202139,2021-10-08,80,73090,4131,1352,7.50171,5.65194,1.84977,2020,12,2020-03-15,2020-03-21,2019,2019-20,25,FALSE
National,202013,202139,2021-10-08,79,44754,759,280,2.32158,1.69594,0.625642,2020,13,2020-03-22,2020-03-28,2019,2019-20,26,FALSE
National,202014,202139,2021-10-08,78,30838,196,122,1.0312,0.635579,0.395616,2020,14,2020-03-29,2020-04-04,2019,2019-20,27,FALSE
National,202015,202139,2021-10-08,77,19572,75,46,0.61823,0.3832,0.23503,2020,15,2020-04-05,2020-04-11,2019,2019-20,28,FALSE
National,202016,202139,2021-10-08,76,14443,58,32,0.623139,0.401579,0.221561,2020,16,2020-04-12,2020-04-18,2019,2019-20,29,FALSE
National,202017,202139,2021-10-08,75,12822,20,8,0.218375,0.155982,0.0623928,2020,17,2020-04-19,2020-04-25,2019,2019-20,30,FALSE
National,202018,202139,2021-10-08,74,10268,19,8,0.262953,0.185041,0.077912,2020,18,2020-04-26,2020-05-02,2019,2019-20,31,FALSE
National,202019,202139,2021-10-08,73,8891,14,15,0.326173,0.157463,0.16871,2020,19,2020-05-03,2020-05-09,2019,2019-20,32,FALSE
National,202020,202139,2021-10-08,72,7844,14,10,0.305966,0.17848,0.127486,2020,20,2020-05-10,2020-05-16,2019,2019-20,33,FALSE
National,202021,202139,2021-10-08,71,7523,8,8,0.212681,0.106341,0.106341,2020,21,2020-05-17,2020-05-23,2019,2019-20,34,FALSE
National,202022,202139,2021-10-08,70,6054,7,3,0.16518,0.115626,0.049554,2020,22,2020-05-24,2020-05-30,2019,2019-20,35,FALSE
National,202023,202139,2021-10-08,69,6181,9,12,0.339751,0.145608,0.194143,2020,23,2020-05-31,2020-06-06,2019,2019-20,36,FALSE
National,202024,202139,2021-10-08,68,5718,8,8,0.279818,0.139909,0.139909,2020,24,2020-06-07,2020-06-13,2019,2019-20,37,FALSE
National,202025,202139,2021-10-08,67,5247,12,8,0.38117,0.228702,0.152468,2020,25,2020-06-14,2020-06-20,2019,2019-20,38,FALSE
National,202026,202139,2021-10-08,66,5667,9,7,0.282336,0.158814,0.123522,2020,26,2020-06-21,2020-06-27,2019,2019-20,39,FALSE
National,202027,202139,2021-10-08,65,6258,8,5,0.207734,0.127836,0.0798977,2020,27,2020-06-28,2020-07-04,2019,2019-20,40,FALSE
National,202028,202139,2021-10-08,64,6322,6,5,0.173996,0.0949067,0.0790889,2020,28,2020-07-05,2020-07-11,2019,2019-20,41,FALSE
National,202029,202139,2021-10-08,63,6176,11,12,0.372409,0.178109,0.194301,2020,29,2020-07-12,2020-07-18,2019,2019-20,42,FALSE
National,202030,202139,2021-10-08,62,6042,5,4,0.148957,0.0827541,0.0662032,2020,30,2020-07-19,2020-07-25,2019,2019-20,43,FALSE
National,202031,202139,2021-10-08,61,6105,3,5,0.13104,0.04914,0.0819001,2020,31,2020-07-26,2020-08-01,2019,2019-20,44,FALSE
National,202032,202139,2021-10-08,60,6330,7,4,0.173776,0.110585,0.0631912,2020,32,2020-08-02,2020-08-08,2019,2019-20,45,FALSE
National,202033,202139,2021-10-08,59,6120,4,4,0.130719,0.0653595,0.0653595,2020,33,2020-08-09,2020-08-15,2019,2019-20,46,FALSE
National,202034,202139,2021-10-08,58,6238,6,8,0.224431,0.0961847,0.128246,2020,34,2020-08-16,2020-08-22,2019,2019-20,47,FALSE
National,202035,202139,2021-10-08,57,6443,7,13,0.310414,0.108645,0.201769,2020,35,2020-08-23,2020-08-29,2019,2019-20,48,FALSE
National,202036,202139,2021-10-08,56,6543,7,6,0.198686,0.106985,0.0917011,2020,36,2020-08-30,2020-09-05,2019,2019-20,49,FALSE
National,202037,202139,2021-10-08,55,7059,7,6,0.184162,0.0991642,0.0849979,2020,37,2020-09-06,2020-09-12,2019,2019-20,50,FALSE
National,202038,202139,2021-10-08,54,8083,14,18,0.395893,0.173203,0.22269,2020,38,2020-09-13,2020-09-19,2019,2019-20,51,FALSE
National,202039,202139,2021-10-08,53,9019,11,9,0.221754,0.121965,0.0997893,2020,39,2020-09-20,2020-09-26,2019,2019-20,52,FALSE
National,202040,202239,2022-10-07,104,12200,19,21,0.327869,0.155738,0.172131,2020,40,2020-09-27,2020-10-03,2020,2020-21,1,FALSE
National,202041,202239,2022-10-07,103,14924,30,28,0.388636,0.201018,0.187617,2020,41,2020-10-04,2020-10-10,2020,2020-21,2,FALSE
National,202042,202239,2022-10-07,102,15112,27,26,0.350715,0.178666,0.172049,2020,42,2020-10-11,2020-10-17,2020,2020-21,3,FALSE
National,202043,202239,2022-10-07,101,16611,21,21,0.252845,0.126422,0.126422,2020,43,2020-10-18,2020-10-24,2020,2020-21,4,FALSE
National,202044,202239,2022-10-07,100,20552,22,19,0.199494,0.107046,0.0924484,2020,44,2020-10-25,2020-10-31,2020,2020-21,5,FALSE
National,202045,202239,2022-10-07,99,27187,31,25,0.205981,0.114025,0.0919557,2020,45,2020-11-01,2020-11-07,2020,2020-21,6,FALSE
National,202046,202239,2022-10-07,98,34907,32,44,0.217721,0.0916722,0.126049,2020,46,2020-11-08,2020-11-14,2020,2020-21,7,FALSE
National,202047,202239,2022-10-07,97,38746,34,54,0.22712,0.087751,0.139369,2020,47,2020-11-15,2020-11-21,2020,2020-21,8,FALSE
National,202048,202239,2022-10-07,96,35276,19,36,0.155913,0.053861,0.102052,2020,48,2020-11-22,2020-11-28,2020,2020-21,9,FALSE
National,202049,202239,2022-10-07,95,42526,31,65,0.225744,0.0728966,0.152848,2020,49,2020-11-29,2020-12-05,2020,2020-21,10,FALSE
National,202050,202239,2022-10-07,94,41778,26,76,0.244148,0.0622337,0.181914,2020,50,2020-12-06,2020-12-12,2020,2020-21,11,FALSE
National,202051,202239,2022-10-07,93,40917,36,81,0.285945,0.087983,0.197962,2020,51,2020-12-13,2020-12-19,2020,2020-21,12,FALSE
National,202052,202239,2022-10-07,92,36310,34,67,0.27816,0.0936381,0.184522,2020,52,2020-12-20,2020-12-26,2020,2020-21,13,FALSE
National,202053,202239,2022-10-07,91,40471,34,73,0.264387,0.0840108,0.180376,2020,53,2020-12-27,2021-01-02,2020,2020-21,14,FALSE
National,202101,202239,2022-10-07,90,44971,28,95,0.27351,0.0622623,0.211247,2021,1,2021-01-03,2021-01-09,2020,2020-21,15,FALSE
National,202102,202239,2022-10-07,89,41807,24,48,0.17222,0.0574067,0.114813,2021,2,2021-01-10,2021-01-16,2020,2020-21,16,FALSE
National,202103,202239,2022-10-07,88,39002,21,62,0.21281,0.0538434,0.158966,2021,3,2021-01-17,2021-01-23,2020,2020-21,17,FALSE
National,202104,202239,2022-10-07,87,36455,12,50,0.170073,0.0329173,0.137155,2021,4,2021-01-24,2021-01-30,2020,2020-21,18,FALSE
National,202105,202239,2022-10-07,86,36559,21,53,0.202413,0.0574414,0.144971,2021,5,2021-01-31,2021-02-06,2020,2020-21,19,FALSE
National,202106,202239,2022-10-07,85,34089,11,35,0.134941,0.0322685,0.102672,2021,6,2021-02-07,2021-02-13,2020,2020-21,20,FALSE
National,202107,202239,2022-10-07,84,32424,19,22,0.12645,0.0585986,0.067851,2021,7,2021-02-14,2021-02-20,2020,2020-21,21,FALSE
National,202108,202239,2022-10-07,83,34328,17,25,0.122349,0.0495223,0.0728268,2021,8,2021-02-21,2021-02-27,2020,2020-21,22,FALSE
National,202109,202239,2022-10-07,82,34184,14,17,0.0906857,0.0409548,0.0497309,2021,9,2021-02-28,2021-03-06,2020,2020-21,23,FALSE
National,202110,202239,2022-10-07,81,34191,15,21,0.105291,0.0438712,0.0614197,2021,10,2021-03-07,2021-03-13,2020,2020-21,24,FALSE
National,202111,202239,2022-10-07,80,34680,26,19,0.129758,0.0749712,0.0547866,2021,11,2021-03-14,2021-03-20,2020,2020-21,25,FALSE
National,202112,202239,2022-10-07,79,35763,13,17,0.0838856,0.0363504,0.0475352,2021,12,2021-03-21,2021-03-27,2020,2020-21,26,FALSE
National,202113,202239,2022-10-07,78,31900,13,9,0.0689655,0.0407524,0.0282132,2021,13,2021-03-28,2021-04-03,2020,2020-21,27,FALSE
National,202114,202239,2022-10-07,77,31520,10,14,0.0761421,0.0317259,0.0444162,2021,14,2021-04-04,2021-04-10,2020,2020-21,28,FALSE
National,202115,202239,2022-10-07,76,30238,8,13,0.069449,0.0264568,0.0429923,2021,15,2021-04-11,2021-04-17,2020,2020-21,29,FALSE
National,202116,202239,2022-10-07,75,30568,12,16,0.0915991,0.0392567,0.0523423,2021,16,2021-04-18,2021-04-24,2020,2020-21,30,FALSE
National,202117,202239,2022-10-07,74,31247,16,10,0.083208,0.0512049,0.0320031,2021,17,2021-04-25,2021-05-01,2020,2020-21,31,FALSE
National,202118,202239,2022-10-07,73,30176,10,15,0.0828473,0.0331389,0.0497084,2021,18,2021-05-02,2021-05-08,2020,2020-21,32,FALSE
National,202119,202239,2022-10-07,72,29035,17,13,0.103324,0.05855,0.0447735,2021,19,2021-05-09,2021-05-15,2020,2020-21,33,FALSE
National,202120,202239,2022-10-07,71,28416,23,20,0.151323,0.0809403,0.0703829,2021,20,2021-05-16,2021-05-22,2020,2020-21,34,FALSE
National,202121,202239,2022-10-07,70,24574,14,23,0.150566,0.0569708,0.0935949,2021,21,2021-05-23,2021-05-29,2020,2020-21,35,FALSE
National,202122,202239,2022-10-07,69,23886,7,15,0.0921042,0.0293059,0.0627983,2021,22,2021-05-30,2021-06-05,2020,2020-21,36,FALSE
National,202123,202239,2022-10-07,68,25258,8,18,0.102938,0.0316731,0.0712645,2021,23,2021-06-06,2021-06-12,2020,2020-21,37,FALSE
National,202124,202239,2022-10-07,67,24440,17,12,0.118658,0.0695581,0.0490998,2021,24,2021-06-13,2021-06-19,2020,2020-21,38,FALSE
National,202125,202239,2022-10-07,66,22366,12,17,0.129661,0.0536529,0.0760082,2021,25,2021-06-20,2021-06-26,2020,2020-21,39,FALSE
National,202126,202239,2022-10-07,65,22756,3,13,0.0703111,0.0131833,0.0571278,2021,26,2021-06-27,2021-07-03,2020,2020-21,40,FALSE
National,202127,202239,2022-10-07,64,25064,5,9,0.055857,0.0199489,0.0359081,2021,27,2021-07-04,2021-07-10,2020,2020-21,41,FALSE
National,202128,202239,2022-10-07,63,26255,11,17,0.106646,0.0418968,0.0647496,2021,28,2021-07-11,2021-07-17,2020,2020-21,42,FALSE
National,202129,202239,2022-10-07,62,27718,5,13,0.0649398,0.0180388,0.0469009,2021,29,2021-07-18,2021-07-24,2020,2020-21,43,FALSE
National,202130,202239,2022-10-07,61,30276,11,12,0.0759678,0.0363324,0.0396354,2021,30,2021-07-25,2021-07-31,2020,2020-21,44,FALSE
National,202131,202239,2022-10-07,60,28889,14,18,0.110769,0.0484614,0.0623075,2021,31,2021-08-01,2021-08-07,2020,2020-21,45,FALSE
National,202132,202239,2022-10-07,59,35191,8,11,0.0539911,0.0227331,0.031258,2021,32,2021-08-08,2021-08-14,2020,2020-21,46,FALSE
National,202133,202239,2022-10-07,58,33470,14,10,0.071706,0.0418285,0.0298775,2021,33,2021-08-15,2021-08-21,2020,2020-21,47,FALSE
National,202134,202239,2022-10-07,57,40107,13,11,0.0598399,0.0324133,0.0274266,2021,34,2021-08-22,2021-08-28,2020,2020-21,48,FALSE
National,202135,202239,2022-10-07,56,41117,22,13,0.0851229,0.0535058,0.0316171,2021,35,2021-08-29,2021-09-04,2020,2020-21,49,FALSE
National,202136,202239,2022-10-07,55,36912,11,9,0.0541829,0.0298006,0.0243823,2021,36,2021-09-05,2021-09-11,2020,2020-21,50,FALSE
National,202137,202239,2022-10-07,54,43510,11,14,0.0574581,0.0252815,0.0321765,2021,37,2021-09-12,2021-09-18,2020,2020-21,51,FALSE
National,202138,202239,2022-10-07,53,40634,12,17,0.0713688,0.0295319,0.0418369,2021,38,2021-09-19,2021-09-25,2020,2020-21,52,FALSE
National,202139,202239,2022-10-07,52,44256,29,23,0.117498,0.0655278,0.0519704,2021,39,2021-09-26,2021-10-02,2020,2020-21,53,FALSE
National,202140,202339,2023-10-06,103,49688,41,37,0.15698,0.0825149,0.0744647,2021,40,2021-10-03,2021-10-09,2021,2021-22,1,FALSE
National,202141,202339,2023-10-06,102,46313,24,32,0.120916,0.0518213,0.0690951,2021,41,2021-10-10,2021-10-16,2021,2021-22,2,FALSE
National,202142,202339,2023-10-06,101,48913,26,39,0.132889,0.0531556,0.0797334,2021,42,2021-10-17,2021-10-23,2021,2021-22,3,FALSE
National,202143,202339,2023-10-06,100,51914,99,33,0.254267,0.1907,0.0635667,2021,43,2021-10-24,2021-10-30,2021,2021-22,4,FALSE
National,202144,202339,2023-10-06,99,57035,124,37,0.282283,0.21741,0.0648724,2021,44,2021-10-31,2021-11-06,2021,2021-22,5,FALSE
National,202145,202339,2023-10-06,98,63268,309,36,0.545299,0.488399,0.0569008,2021,45,2021-11-07,2021-11-13,2021,2021-22,6,FALSE
National,202146,202339,2023-10-06,97,72905,687,45,1.00405,0.942322,0.0617242,2021,46,2021-11-14,2021-11-20,2021,2021-22,7,FALSE
National,202147,202339,2023-10-06,96,71888,1285,39,1.84175,1.7875,0.0542511,2021,47,2021-11-21,2021-11-27,2021,2021-22,8,FALSE
National,202148,202339,2023-10-06,95,85248,2395,71,2.89274,2.80945,0.0832864,2021,48,2021-11-28,2021-12-04,2021,2021-22,9,FALSE
National,202149,202339,2023-10-06,94,97782,3913,51,4.05392,4.00176,0.0521568,2021,49,2021-12-05,2021-12-11,2021,2021-22,10,FALSE
National,202150,202339,2023-10-06,93,108196,6681,61,6.23128,6.1749,0.0563792,2021,50,2021-12-12,2021-12-18,2021,2021-22,11,FALSE
National,202151,202339,2023-10-06,92,126904,7240,78,5.76656,5.7051,0.0614638,2021,51,2021-12-19,2021-12-25,2021,2021-22,12,FALSE
National,202152,202339,2023-10-06,91,147040,6088,109,4.2145,4.14037,0.0741295,2021,52,2021-12-26,2022-01-01,2021,2021-22,13,FALSE
National,202201,202339,2023-10-06,90,150872,3606,68,2.43518,2.39011,0.0450713,2022,1,2022-01-02,2022-01-08,2021,2021-22,14,FALSE
National,202202,202339,2023-10-06,89,129424,2600,72,2.06453,2.0089,0.0556311,2022,2,2022-01-09,2022-01-15,2021,2021-22,15,FALSE
National,202203,202339,2023-10-06,88,106771,2190,72,2.11855,2.05112,0.067434,2022,3,2022-01-16,2022-01-22,2021,2021-22,16,FALSE
National,202204,202339,2023-10-06,87,87124,1722,46,2.02929,1.97649,0.0527983,2022,4,2022-01-23,2022-01-29,2021,2021-22,17,FALSE
National,202205,202339,2023-10-06,86,68893,1570,41,2.33841,2.2789,0.0595126,2022,5,2022-01-30,2022-02-05,2021,2021-22,18,FALSE
National,202206,202339,2023-10-06,85,64800,1855,47,2.93519,2.86265,0.0725309,2022,6,2022-02-06,2022-02-12,2021,2021-22,19,FALSE
National,202207,202339,2023-10-06,84,62953,2525,65,4.11418,4.01093,0.103252,2022,7,2022-02-13,2022-02-19,2021,2021-22,20,FALSE
National,202208,202339,2023-10-06,83,61128,2813,33,4.6558,4.60182,0.0539851,2022,8,2022-02-20,2022-02-26,2021,2021-22,21,FALSE
National,202209,202339,2023-10-06,82,61079,3612,43,5.98405,5.91365,0.0704006,2022,9,2022-02-27,2022-03-05,2021,2021-22,22,FALSE
National,202210,202339,2023-10-06,81,62009,4206,54,6.86997,6.78289,0.0870841,2022,10,2022-03-06,2022-03-12,2021,2021-22,23,FALSE
National,202211,202339,2023-10-06,80,62581,4951,52,7.99444,7.91135,0.0830923,2022,11,2022-03-13,2022-03-19,2021,2021-22,24,FALSE
National,202212,202339,2023-10-06,79,66581,5483,36,8.28915,8.23508,0.0540695,2022,12,2022-03-20,2022-03-26,2021,2021-22,25,FALSE
National,202213,202339,2023-10-06,78,66402,5564,115,8.55245,8.37927,0.173188,2022,13,2022-03-27,2022-04-02,2021,2021-22,26,FALSE
National,202214,202339,2023-10-06,77,70497,6660,34,9.49544,9.44721,0.048229,2022,14,2022-04-03,2022-04-09,2021,2021-22,27,FALSE
National,202215,202339,2023-10-06,76,69489,6844,26,9.88646,9.84904,0.037416,2022,15,2022-04-10,2022-04-16,2021,2021-22,28,FALSE
National,202216,202339,2023-10-06,75,71915,6303,52,8.83682,8.76451,0.0723076,2022,16,2022-04-17,2022-04-23,2021,2021-22,29,FALSE
National,202217,202339,2023-10-06,74,76971,6235,43,8.15632,8.10045,0.0558652,2022,17,2022-04-24,2022-04-30,2021,2021-22,30,FALSE
National,202218,202339,2023-10-06,73,79892,6702,51,8.45266,8.38882,0.0638362,2022,18,2022-05-01,2022-05-07,2021,2021-22,31,FALSE
National,202219,202339,2023-10-06,72,84554,6086,63,7.27228,7.19777,0.0745086,2022,19,2022-05-08,2022-05-14,2021,2021-22,32,FALSE
National,202220,202339,2023-10-06,71,84708,5059,27,6.00416,5.97228,0.0318742,2022,20,2022-05-15,2022-05-21,2021,2021-22,33,FALSE
National,202221,202339,2023-10-06,70,82842,4756,39,5.78813,5.74105,0.0470776,2022,21,2022-05-22,2022-05-28,2021,2021-22,34,FALSE
National,202222,202339,2023-10-06,69,78158,3785,46,4.90161,4.84275,0.0588551,2022,22,2022-05-29,2022-06-04,2021,2021-22,35,FALSE
National,202223,202339,2023-10-06,68,75043,2451,34,3.31143,3.26613,0.0453074,2022,23,2022-06-05,2022-06-11,2021,2021-22,36,FALSE
National,202224,202339,2023-10-06,67,69476,1600,42,2.36341,2.30295,0.0604525,2022,24,2022-06-12,2022-06-18,2021,2021-22,37,FALSE
National,202225,202339,2023-10-06,66,66510,1084,40,1.68997,1.62983,0.0601413,2022,25,2022-06-19,2022-06-25,2021,2021-22,38,FALSE
National,202226,202339,2023-10-06,65,64429,780,37,1.26806,1.21063,0.0574276,2022,26,2022-06-26,2022-07-02,2021,2021-22,39,FALSE
National,202227,202339,2023-10-06,64,63996,593,30,0.973498,0.92662,0.0468779,2022,27,2022-07-03,2022-07-09,2021,2021-22,40,FALSE
National,202228,202339,2023-10-06,63,61558,438,50,0.792748,0.711524,0.0812242,2022,28,2022-07-10,2022-07-16,2021,2021-22,41,FALSE
National,202229,202339,2023-10-06,62,62251,348,38,0.62007,0.559027,0.0610432,2022,29,2022-07-17,2022-07-23,2021,2021-22,42,FALSE
National,202230,202339,2023-10-06,61,57937,268,31,0.516078,0.462571,0.0535064,2022,30,2022-07-24,2022-07-30,2021,2021-22,43,FALSE
National,202231,202339,2023-10-06,60,54829,240,29,0.490616,0.437725,0.0528917,2022,31,2022-07-31,2022-08-06,2021,2021-22,44,FALSE
National,202232,202339,2023-10-06,59,52169,224,27,0.481129,0.429374,0.0517549,2022,32,2022-08-07,2022-08-13,2021,2021-22,45,FALSE
National,202233,202339,2023-10-06,58,53636,223,34,0.479156,0.415766,0.0633903,2022,33,2022-08-14,2022-08-20,2021,2021-22,46,FALSE
National,202234,202339,2023-10-06,57,57496,300,41,0.593085,0.521775,0.0713093,2022,34,2022-08-21,2022-08-27,2021,2021-22,47,FALSE
National,202235,202339,2023-10-06,56,59999,335,35,0.616677,0.558343,0.0583343,2022,35,2022-08-28,2022-09-03,2021,2021-22,48,FALSE
National,202236,202339,2023-10-06,55,59748,428,22,0.753163,0.716342,0.0368213,2022,36,2022-09-04,2022-09-10,2021,2021-22,49,FALSE
National,202237,202339,2023-10-06,54,62269,503,37,0.867205,0.807786,0.0594196,2022,37,2022-09-11,2022-09-17,2021,2021-22,50,FALSE
National,202238,202339,2023-10-06,53,67455,775,65,1.24527,1.14891,0.0963605,2022,38,2022-09-18,2022-09-24,2021,2021-22,51,FALSE
National,202239,202339,2023-10-06,52,66897,1268,83,2.01952,1.89545,0.124071,2022,39,2022-09-25,2022-10-01,2021,2021-22,52,FALSE
National,202240,202439,2024-10-04,103,78249,1984,105,2.66968,2.5355,0.134187,2022,40,2022-10-02,2022-10-08,2022,2022-23,1,TRUE
National,202241,202439,2024-10-04,102,88055,2961,88,3.46261,3.36267,0.0999375,2022,41,2022-10-09,2022-10-15,2022,2022-23,2,TRUE
National,202242,202439,2024-10-04,101,95427,5080,108,5.43662,5.32344,0.113176,2022,42,2022-10-16,2022-10-22,2022,2022-23,3,TRUE
National,202243,202439,2024-10-04,100,112851,9341,113,8.37742,8.27729,0.100132,2022,43,2022-10-23,2022-10-29,2022,2022-23,4,TRUE
National,202244,202439,2024-10-04,99,133627,16953,145,12.7953,12.6868,0.108511,2022,44,2022-10-30,2022-11-05,2022,2022-23,5,TRUE
National,202245,202439,2024-10-04,98,144126,21338,188,14.9355,14.8051,0.130441,2022,45,2022-11-06,2022-11-12,2022,2022-23,6,TRUE
National,202246,202439,2024-10-04,97,157775,28750,189,18.3419,18.2222,0.119791,2022,46,2022-11-13,2022-11-19,2022,2022-23,7,TRUE
National,202247,202439,2024-10-04,96,157960,40596,179,25.8135,25.7002,0.11332,2022,47,2022-11-20,2022-11-26,2022,2022-23,8,TRUE
National,202248,202439,2024-10-04,95,191785,48835,172,25.5531,25.4634,0.0896838,2022,48,2022-11-27,2022-12-03,2022,2022-23,9,TRUE
National,202249,202439,2024-10-04,94,182500,47727,208,26.2658,26.1518,0.113973,2022,49,2022-12-04,2022-12-10,2022,2022-23,10,TRUE
National,202250,202439,2024-10-04,93,172825,42073,216,24.4693,24.3443,0.124982,2022,50,2022-12-11,2022-12-17,2022,2022-23,11,TRUE
National,202251,202439,2024-10-04,92,151384,31309,143,20.7763,20.6818,0.0944618,2022,51,2022-12-18,2022-12-24,2022,2022-23,12,TRUE
National,202252,202439,2024-10-04,91,138757,20501,173,14.8994,14.7748,0.124678,2022,52,2022-12-25,2022-12-31,2022,2022-23,13,TRUE
National,202301,202439,2024-10-04,90,121002,10268,153,8.61225,8.48581,0.126444,2023,1,2023-01-01,2023-01-07,2022,2022-23,14,TRUE
National,202302,202439,2024-10-04,89,109210,4852,156,4.58566,4.44282,0.142844,2023,2,2023-01-08,2023-01-14,2022,2022-23,15,TRUE
National,202303,202439,2024-10-04,88,106790,2982,158,2.94035,2.7924,0.147954,2023,3,2023-01-15,2023-01-21,2022,2022-23,16,TRUE
National,202304,202439,2024-10-04,87,99616,1943,169,2.12014,1.95049,0.169651,2023,4,2023-01-22,2023-01-28,2022,2022-23,17,TRUE
National,202305,202439,2024-10-04,86,97168,1426,200,1.67339,1.46756,0.205829,2023,5,2023-01-29,2023-02-04,2022,2022-23,18,TRUE
National,202306,202439,2024-10-04,85,100754,1111,269,1.36967,1.10269,0.266987,2023,6,2023-02-05,2023-02-11,2022,2022-23,19,TRUE
National,202307,202439,2024-10-04,84,95973,780,261,1.08468,0.812729,0.271951,2023,7,2023-02-12,2023-02-18,2022,2022-23,20,TRUE
National,202308,202439,2024-10-04,83,92696,725,219,1.01838,0.782127,0.236256,2023,8,2023-02-19,2023-02-25,2022,2022-23,21,TRUE
National,202309,202439,2024-10-04,82,90640,609,227,0.92233,0.671889,0.250441,2023,9,2023-02-26,2023-03-04,2022,2022-23,22,TRUE
National,202310,202439,2024-10-04,81,86376,602,298,1.04196,0.696953,0.345003,2023,10,2023-03-05,2023-03-11,2022,2022-23,23,TRUE
National,202311,202439,2024-10-04,80,84308,490,264,0.89434,0.581202,0.313138,2023,11,2023-03-12,2023-03-18,2022,2022-23,24,TRUE
National,202312,202439,2024-10-04,79,82274,477,304,0.949267,0.57977,0.369497,2023,12,2023-03-19,2023-03-25,2022,2022-23,25,TRUE
National,202313,202439,2024-10-04,78,76692,380,356,0.959683,0.495488,0.464194,2023,13,2023-03-26,2023-04-01,2022,2022-23,26,TRUE
National,202314,202439,2024-10-04,77,72529,401,365,1.05613,0.552882,0.503247,2023,14,2023-04-02,2023-04-08,2022,2022-23,27,TRUE
National,202315,202439,2024-10-04,76,61439,281,342,1.01401,0.457364,0.55665,2023,15,2023-04-09,2023-04-15,2022,2022-23,28,TRUE
National,202316,202439,2024-10-04,75,56701,209,266,0.837728,0.3686,0.469128,2023,16,2023-04-16,2023-04-22,2022,2022-23,29,TRUE
National,202317,202439,2024-10-04,74,53442,221,289,0.954306,0.413532,0.540773,2023,17,2023-04-23,2023-04-29,2022,2022-23,30,TRUE
National,202318,202439,2024-10-04,73,52888,199,300,0.943503,0.376267,0.567236,2023,18,2023-04-30,2023-05-06,2022,2022-23,31,TRUE
National,202319,202439,2024-10-04,72,54713,198,359,1.01804,0.361888,0.656151,2023,19,2023-05-07,2023-05-13,2022,2022-23,32,TRUE
National,202320,202439,2024-10-04,71,47958,192,372,1.17603,0.40035,0.775679,2023,20,2023-05-14,2023-05-20,2022,2022-23,33,TRUE
National,202321,202439,2024-10-04,70,44133,225,302,1.19412,0.509823,0.684295,2023,21,2023-05-21,2023-05-27,2022,2022-23,34,TRUE
National,202322,202439,2024-10-04,69,42516,250,305,1.30539,0.588014,0.717377,2023,22,2023-05-28,2023-06-03,2022,2022-23,35,TRUE
National,202323,202439,2024-10-04,68,39470,224,208,1.0945,0.56752,0.526983,2023,23,2023-06-04,2023-06-10,2022,2022-23,36,TRUE
National,202324,202439,2024-10-04,67,35938,212,186,1.1074600000000001,0.589905,0.517558,2023,24,2023-06-11,2023-06-17,2022,2022-23,37,TRUE
National,202325,202439,2024-10-04,66,32938,190,122,0.947234,0.576841,0.37039299999999997,2023,25,2023-06-18,2023-06-24,2022,2022-23,38,TRUE
National,202326,202439,2024-10-04,65,30331,221,114,1.10448,0.728627,0.375853,2023,26,2023-06-25,2023-07-01,2022,2022-23,39,TRUE
National,202327,202439,2024-10-04,64,30289,268,98,1.20836,0.88481,0.32355,2023,27,2023-07-02,2023-07-08,2022,2022-23,40,TRUE
National,202328,202439,2024-10-04,63,30661,187,119,0.998011,0.609895,0.388115,2023,28,2023-07-09,2023-07-15,2022,2022-23,41,TRUE
National,202329,202439,2024-10-04,62,30857,200,108,0.998153,0.648151,0.350002,2023,29,2023-07-16,2023-07-22,2022,2022-23,42,TRUE
National,202330,202439,2024-10-04,61,31387,183,129,0.994042,0.583044,0.410998,2023,30,2023-07-23,2023-07-29,2022,2022-23,43,TRUE
National,202331,202439,2024-10-04,60,32425,203,142,1.06399,0.62606,0.437934,2023,31,2023-07-30,2023-08-05,2022,2022-23,44,TRUE
National,202332,202439,2024-10-04,59,36133,184,125,0.855174,0.50923,0.345944,2023,32,2023-08-06,2023-08-12,2022,2022-23,45,TRUE
National,202333,202439,2024-10-04,58,40456,212,151,0.897271,0.524026,0.373245,2023,33,2023-08-13,2023-08-19,2022,2022-23,46,TRUE
National,202334,202439,2024-10-04,57,47416,233,132,0.769782,0.491395,0.278387,2023,34,2023-08-20,2023-08-26,2022,2022-23,47,TRUE
National,202335,202439,2024-10-04,56,53059,266,115,0.718069,0.501329,0.21674,2023,35,2023-08-27,2023-09-02,2022,2022-23,48,TRUE
National,202336,202439,2024-10-04,55,55332,262,126,0.701222,0.473505,0.227716,2023,36,2023-09-03,2023-09-09,2022,2022-23,49,TRUE
National,202337,202439,2024-10-04,54,58288,314,148,0.792616,0.538704,0.253912,2023,37,2023-09-10,2023-09-16,2022,2022-23,50,TRUE
National,202338,202439,2024-10-04,53,61602,347,217,0.915555,0.563293,0.352261,2023,38,2023-09-17,2023-09-23,2022,2022-23,51,TRUE
National,202339,202439,2024-10-04,52,61810,360,217,0.933506,0.58243,0.351076,2023,39,2023-09-24,2023-09-30,2022,2022-23,52,TRUE
National,202340,202538,2025-09-26,102,64939,430,285,1.10103,0.66216,0.438873,2023,40,2023-10-01,2023-10-07,2023,2023-24,1,TRUE
National,202341,202538,2025-09-26,101,65514,594,290,1.34933,0.906676,0.442653,2023,41,2023-10-08,2023-10-14,2023,2023-24,2,TRUE
National,202342,202538,2025-09-26,100,66801,693,318,1.51345,1.03741,0.476041,2023,42,2023-10-15,2023-10-21,2023,2023-24,3,TRUE
National,202343,202538,2025-09-26,99,69229,862,393,1.81282,1.24514,0.567681,2023,43,2023-10-22,2023-10-28,2023,2023-24,4,TRUE
National,202344,202538,2025-09-26,98,77193,1456,566,2.61941,1.88618,0.733227,2023,44,2023-10-29,2023-11-04,2023,2023-24,5,TRUE
National,202345,202538,2025-09-26,97,92301,2582,1072,3.95879,2.79737,1.16142,2023,45,2023-11-05,2023-11-11,2023,2023-24,6,TRUE
National,202346,202538,2025-09-26,96,100657,3647,1250,4.86504,3.6232,1.24184,2023,46,2023-11-12,2023-11-18,2023,2023-24,7,TRUE
National,202347,202538,2025-09-26,95,95965,4334,1347,5.91987,4.51623,1.40364,2023,47,2023-11-19,2023-11-25,2023,2023-24,8,TRUE
National,202348,202538,2025-09-26,94,118752,6571,1705,6.96915,5.53338,1.43577,2023,48,2023-11-26,2023-12-02,2023,2023-24,9,TRUE
National,202349,202538,2025-09-26,93,126299,10169,2207,9.79897,8.05153,1.74744,2023,49,2023-12-03,2023-12-09,2023,2023-24,10,TRUE
National,202350,202538,2025-09-26,92,138909,15256,3340,13.3872,10.9827,2.40445,2023,50,2023-12-10,2023-12-16,2023,2023-24,11,TRUE
National,202351,202538,2025-09-26,91,155722,22285,4688,17.3213,14.3108,3.01049,2023,51,2023-12-17,2023-12-23,2023,2023-24,12,TRUE
National,202352,202538,2025-09-26,90,153922,22917,5035,18.1605,14.8887,3.27114,2023,52,2023-12-24,2023-12-30,2023,2023-24,13,TRUE
National,202401,202538,2025-09-26,89,137969,15374,3666,13.8031,11.1431,2.65712,2024,1,2023-12-31,2024-01-06,2023,2023-24,14,TRUE
National,202402,202538,2025-09-26,88,130403,14376,3706,13.867,11.0243,2.84196,2024,2,2024-01-07,2024-01-13,2023,2023-24,15,TRUE
National,202403,202538,2025-09-26,87,116068,13213,4084,14.9059,11.3838,3.51863,2024,3,2024-01-14,2024-01-20,2023,2023-24,16,TRUE
National,202404,202538,2025-09-26,86,120481,14151,5283,16.1303,11.7454,4.38492,2024,4,2024-01-21,2024-01-27,2023,2023-24,17,TRUE
National,202405,202538,2025-09-26,85,123949,13525,6687,16.3067,10.9117,5.39496,2024,5,2024-01-28,2024-02-03,2023,2023-24,18,TRUE
National,202406,202538,2025-09-26,84,124097,12145,7526,15.8521,9.7867,6.06461,2024,6,2024-02-04,2024-02-10,2023,2023-24,19,TRUE
National,202407,202538,2025-09-26,83,120149,11042,7662,15.5673,9.19026,6.37708,2024,7,2024-02-11,2024-02-17,2023,2023-24,20,TRUE
National,202408,202538,2025-09-26,82,118107,10143,8185,15.5181,8.58798,6.93016,2024,8,2024-02-18,2024-02-24,2023,2023-24,21,TRUE
National,202409,202538,2025-09-26,81,109663,8944,7447,14.9467,8.1559,6.7908,2024,9,2024-02-25,2024-03-02,2023,2023-24,22,TRUE
National,202410,202538,2025-09-26,80,103198,7780,6901,14.2261,7.5389099999999996,6.68715,2024,10,2024-03-03,2024-03-09,2023,2023-24,23,TRUE
National,202411,202538,2025-09-26,79,97623,5798,5840,11.9214,5.93917,5.9822,2024,11,2024-03-10,2024-03-16,2023,2023-24,24,TRUE
National,202412,202538,2025-09-26,78,90497,4766,4612,10.3628,5.26647,5.0963,2024,12,2024-03-17,2024-03-23,2023,2023-24,25,TRUE
National,202413,202538,2025-09-26,77,86150,4001,3884,9.15264,4.64423,4.50842,2024,13,2024-03-24,2024-03-30,2023,2023-24,26,TRUE
National,202414,202538,2025-09-26,76,81799,3243,2923,7.53799,3.9646,3.57339,2024,14,2024-03-31,2024-04-06,2023,2023-24,27,TRUE
National,202415,202538,2025-09-26,75,77973,2389,2128,5.79303,3.06388,2.72915,2024,15,2024-04-07,2024-04-13,2023,2023-24,28,TRUE
National,202416,202538,2025-09-26,74,71822,1866,1551,4.7576,2.59809,2.15951,2024,16,2024-04-14,2024-04-20,2023,2023-24,29,TRUE
National,202417,202538,2025-09-26,73,70211,1496,1172,3.79997,2.13072,1.66925,2024,17,2024-04-21,2024-04-27,2023,2023-24,30,TRUE
National,202418,202538,2025-09-26,72,60132,1106,816,3.1963,1.83929,1.35701,2024,18,2024-04-28,2024-05-04,2023,2023-24,31,TRUE
National,202419,202538,2025-09-26,71,54075,807,451,2.3264,1.49237,0.834027,2024,19,2024-05-05,2024-05-11,2023,2023-24,32,TRUE
National,202420,202538,2025-09-26,70,52042,595,354,1.82353,1.14331,0.68022,2024,20,2024-05-12,2024-05-18,2023,2023-24,33,TRUE
National,202421,202538,2025-09-26,69,50362,538,288,1.64013,1.06827,0.57186,2024,21,2024-05-19,2024-05-25,2023,2023-24,34,TRUE
National,202422,202538,2025-09-26,68,45394,562,182,1.63898,1.23805,0.400934,2024,22,2024-05-26,2024-06-01,2023,2023-24,35,TRUE
National,202423,202538,2025-09-26,67,43789,503,145,1.47982,1.14869,0.331133,2024,23,2024-06-02,2024-06-08,2023,2023-24,36,TRUE
National,202424,202538,2025-09-26,66,41945,425,113,1.28263,1.01323,0.2694,2024,24,2024-06-09,2024-06-15,2023,2023-24,37,TRUE
National,202425,202538,2025-09-26,65,39787,341,76,1.04808,0.857064,0.191017,2024,25,2024-06-16,2024-06-22,2023,2023-24,38,TRUE
National,202426,202538,2025-09-26,64,37950,294,44,0.890646,0.774704,0.115942,2024,26,2024-06-23,2024-06-29,2023,2023-24,39,TRUE
National,202427,202538,2025-09-26,63,38217,344,33,0.986472,0.900123,0.086349,2024,27,2024-06-30,2024-07-06,2023,2023-24,40,TRUE
National,202428,202538,2025-09-26,62,41312,304,39,0.830267,0.735864,0.0944036,2024,28,2024-07-07,2024-07-13,2023,2023-24,41,TRUE
National,202429,202538,2025-09-26,61,41425,256,31,0.692818,0.617984,0.074834,2024,29,2024-07-14,2024-07-20,2023,2023-24,42,TRUE
National,202430,202538,2025-09-26,60,44143,239,27,0.602587,0.541422,0.0611649,2024,30,2024-07-21,2024-07-27,2023,2023-24,43,TRUE
National,202431,202538,2025-09-26,59,45125,215,37,0.558449,0.476454,0.0819945,2024,31,2024-07-28,2024-08-03,2023,2023-24,44,TRUE
National,202432,202538,2025-09-26,58,46583,199,27,0.485156,0.427194,0.0579611,2024,32,2024-08-04,2024-08-10,2023,2023-24,45,TRUE
National,202433,202538,2025-09-26,57,50508,201,27,0.451414,0.397957,0.0534569,2024,33,2024-08-11,2024-08-17,2023,2023-24,46,TRUE
National,202434,202538,2025-09-26,56,53810,205,30,0.436722,0.38097,0.0557517,2024,34,2024-08-18,2024-08-24,2023,2023-24,47,TRUE
National,202435,202538,2025-09-26,55,59674,211,37,0.415591,0.353588,0.0620036,2024,35,2024-08-25,2024-08-31,2023,2023-24,48,TRUE
National,202436,202538,2025-09-26,54,59672,234,29,0.440743,0.392144,0.048599,2024,36,2024-09-01,2024-09-07,2023,2023-24,49,TRUE
National,202437,202538,2025-09-26,53,62349,271,26,0.476351,0.43465,0.0417007,2024,37,2024-09-08,2024-09-14,2023,2023-24,50,TRUE
National,202438,202538,2025-09-26,52,63235,295,41,0.531351,0.466514,0.0648375,2024,38,2024-09-15,2024-09-21,2023,2023-24,51,TRUE
National,202439,202538,2025-09-26,51,57421,244,60,0.529423,0.424932,0.104491,2024,39,2024-09-22,2024-09-28,2023,2023-24,52,TRUE
National,202440,202638,2026-10-02,103,66165,390,56,0.674072,0.589436,0.0846369,2024,40,2024-09-29,2024-10-05,2024,2024-25,1,TRUE
National,202441,202638,2026-10-02,102,69715,414,54,0.671305,0.593846,0.0774582,2024,41,2024-10-06,2024-10-12,2024,2024-25,2,TRUE
National,202442,202638,2026-10-02,101,72764,465,63,0.725634,0.639052,0.0865813,2024,42,2024-10-13,2024-10-19,2024,2024-25,3,TRUE
National,202443,202638,2026-10-02,100,75599,643,86,0.964298,0.85054,0.113758,2024,43,2024-10-20,2024-10-26,2024,2024-25,4,TRUE
National,202444,202638,2026-10-02,99,75256,843,74,1.21851,1.12018,0.098331,2024,44,2024-10-27,2024-11-02,2024,2024-25,5,TRUE
National,202445,202638,2026-10-02,98,76715,1088,84,1.52773,1.41824,0.109496,2024,45,2024-11-03,2024-11-09,2024,2024-25,6,TRUE
National,202446,202638,2026-10-02,97,81959,1604,126,2.11081,1.95708,0.153735,2024,46,2024-11-10,2024-11-16,2024,2024-25,7,TRUE
National,202447,202638,2026-10-02,96,86733,2291,167,2.83398,2.64144,0.192545,2024,47,2024-11-17,2024-11-23,2024,2024-25,8,TRUE
National,202448,202638,2026-10-02,95,83808,3122,187,3.94831,3.72518,0.223129,2024,48,2024-11-24,2024-11-30,2024,2024-25,9,TRUE
National,202449,202638,2026-10-02,94,98298,4803,261,5.15168,4.88616,0.265519,2024,49,2024-12-01,2024-12-07,2024,2024-25,10,TRUE
National,202450,202638,2026-10-02,93,106217,8760,368,8.59373,8.24727,0.346461,2024,50,2024-12-08,2024-12-14,2024,2024-25,11,TRUE
National,202451,202638,2026-10-02,92,123538,17004,513,14.1794,13.7642,0.415257,2024,51,2024-12-15,2024-12-21,2024,2024-25,12,TRUE
National,202452,202638,2026-10-02,91,131071,23288,612,18.2344,17.7675,0.466923,2024,52,2024-12-22,2024-12-28,2024,2024-25,13,TRUE
National,202501,202638,2026-10-02,90,138730,24614,660,18.2181,17.7424,0.475744,2025,1,2024-12-29,2025-01-04,2024,2024-25,14,TRUE
National,202502,202638,2026-10-02,89,133713,23900,700,18.3976,17.8741,0.523509,2025,2,2025-01-05,2025-01-11,2024,2024-25,15,TRUE
National,202503,202638,2026-10-02,88,141593,32808,926,23.8246,23.1706,0.653987,2025,3,2025-01-12,2025-01-18,2024,2024-25,16,TRUE
National,202504,202638,2026-10-02,87,148220,41315,1293,28.7465,27.8741,0.872352,2025,4,2025-01-19,2025-01-25,2024,2024-25,17,TRUE
National,202505,202638,2026-10-02,86,173919,52929,2113,31.6481,30.4331,1.21493,2025,5,2025-01-26,2025-02-01,2024,2024-25,18,TRUE
National,202506,202638,2026-10-02,85,178400,53136,2900,31.4103,29.7848,1.62556,2025,6,2025-02-02,2025-02-08,2024,2024-25,19,TRUE
National,202507,202638,2026-10-02,84,160655,41545,3177,27.8373,25.8598,1.97753,2025,7,2025-02-09,2025-02-15,2024,2024-25,20,TRUE
National,202508,202638,2026-10-02,83,141640,30297,3612,23.9403,21.3901,2.55013,2025,8,2025-02-16,2025-02-22,2024,2024-25,21,TRUE
National,202509,202638,2026-10-02,82,133283,22365,3598,19.4796,16.7801,2.69952,2025,9,2025-02-23,2025-03-01,2024,2024-25,22,TRUE
National,202510,202638,2026-10-02,81,117138,14896,3677,15.8557,12.7166,3.13903,2025,10,2025-03-02,2025-03-08,2024,2024-25,23,TRUE
National,202511,202638,2026-10-02,80,107927,10590,3779,13.3136,9.81219,3.50144,2025,11,2025-03-09,2025-03-15,2024,2024-25,24,TRUE
National,202512,202638,2026-10-02,79,97458,6506,3950,10.7287,6.6757,4.05303,2025,12,2025-03-16,2025-03-22,2024,2024-25,25,TRUE
National,202513,202638,2026-10-02,78,90719,4481,3891,9.2285,4.93943,4.28907,2025,13,2025-03-23,2025-03-29,2024,2024-25,26,TRUE
National,202514,202638,2026-10-02,77,82839,2864,3415,7.57976,3.45731,4.12245,2025,14,2025-03-30,2025-04-05,2024,2024-25,27,TRUE
National,202515,202638,2026-10-02,76,79981,1869,3063,6.16646,2.3368,3.82966,2025,15,2025-04-06,2025-04-12,2024,2024-25,28,TRUE
National,202516,202638,2026-10-02,75,74734,1348,2599,5.2814,1.80373,3.47767,2025,16,2025-04-13,2025-04-19,2024,2024-25,29,TRUE
National,202517,202638,2026-10-02,74,72236,1004,2189,4.42023,1.38989,3.03034,2025,17,2025-04-20,2025-04-26,2024,2024-25,30,TRUE
National,202518,202638,2026-10-02,73,64423,621,1531,3.34042,0.963941,2.37648,2025,18,2025-04-27,2025-05-03,2024,2024-25,31,TRUE
National,202519,202638,2026-10-02,72,55634,399,1060,2.6225,0.717187,1.90531,2025,19,2025-05-04,2025-05-10,2024,2024-25,32,TRUE
National,202520,202638,2026-10-02,71,53718,283,868,2.14267,0.526825,1.61585,2025,20,2025-05-11,2025-05-17,2024,2024-25,33,TRUE
National,202521,202638,2026-10-02,70,50966,265,714,1.92089,0.519954,1.40093,2025,21,2025-05-18,2025-05-24,2024,2024-25,34,TRUE
National,202522,202638,2026-10-02,69,47471,289,596,1.8643,0.608793,1.2555,2025,22,2025-05-25,2025-05-31,2024,2024-25,35,TRUE
National,202523,202638,2026-10-02,68,45903,264,470,1.59902,0.575126,1.0239,2025,23,2025-06-01,2025-06-07,2024,2024-25,36,TRUE
National,202524,202638,2026-10-02,67,42499,195,317,1.20473,0.458834,0.7459,2025,24,2025-06-08,2025-06-14,2024,2024-25,37,TRUE
National,202525,202638,2026-10-02,66,39431,188,221,1.03725,0.476782,0.560473,2025,25,2025-06-15,2025-06-21,2024,2024-25,38,TRUE
National,202526,202638,2026-10-02,65,35472,172,129,0.848557,0.484889,0.363667,2025,26,2025-06-22,2025-06-28,2024,2024-25,39,TRUE
National,202527,202638,2026-10-02,64,34715,161,116,0.797926,0.463776,0.33415,2025,27,2025-06-29,2025-07-05,2024,2024-25,40,TRUE
National,202528,202638,2026-10-02,63,34856,152,120,0.780353,0.43608,0.344274,2025,28,2025-07-06,2025-07-12,2024,2024-25,41,TRUE
National,202529,202638,2026-10-02,62,33403,114,67,0.541867,0.341287,0.200581,2025,29,2025-07-13,2025-07-19,2024,2024-25,42,TRUE
National,202530,202638,2026-10-02,61,34038,102,37,0.408367,0.299665,0.108702,2025,30,2025-07-20,2025-07-26,2024,2024-25,43,TRUE
National,202531,202638,2026-10-02,60,33929,112,38,0.4421,0.330101,0.111999,2025,31,2025-07-27,2025-08-02,2024,2024-25,44,TRUE
National,202532,202638,2026-10-02,59,36264,104,35,0.3833,0.286786,0.0965144,2025,32,2025-08-03,2025-08-09,2024,2024-25,45,TRUE
National,202533,202638,2026-10-02,58,39941,106,32,0.34551,0.265391,0.0801182,2025,33,2025-08-10,2025-08-16,2024,2024-25,46,TRUE
National,202534,202638,2026-10-02,57,43996,136,35,0.388672,0.309119,0.0795527,2025,34,2025-08-17,2025-08-23,2024,2024-25,47,TRUE
National,202535,202638,2026-10-02,56,49086,155,40,0.397262,0.315772,0.0814896,2025,35,2025-08-24,2025-08-30,2024,2024-25,48,TRUE
National,202536,202638,2026-10-02,55,50075,174,22,0.391413,0.347479,0.0439341,2025,36,2025-08-31,2025-09-06,2024,2024-25,49,TRUE
National,202537,202638,2026-10-02,54,55646,221,30,0.451066,0.397153,0.0539122,2025,37,2025-09-07,2025-09-13,2024,2024-25,50,TRUE
National,202538,202638,2026-10-02,53,56976,233,31,0.463353,0.408944,0.0544089,2025,38,2025-09-14,2025-09-20,2024,2024-25,51,TRUE
National,202539,202638,2026-10-02,52,54787,306,46,0.642488,0.558527,0.0839615,2025,39,2025-09-21,2025-09-27,2024,2024-25,52,TRUE
National,202540,202638,2026-10-02,51,55704,243,46,0.518814,0.436234,0.0825793,2025,40,2025-09-28,2025-10-04,2025,2025-26,1,TRUE
National,202541,202638,2026-10-02,50,57037,257,44,0.527728,0.450585,0.0771429,2025,41,2025-10-05,2025-10-11,2025,2025-26,2,TRUE
National,202542,202638,2026-10-02,49,55540,307,51,0.64458,0.552755,0.0918257,2025,42,2025-10-12,2025-10-18,2025,2025-26,3,TRUE
National,202543,202638,2026-10-02,48,56782,399,47,0.78546,0.702687,0.0827727,2025,43,2025-10-19,2025-10-25,2025,2025-26,4,TRUE
National,202544,202638,2026-10-02,47,56102,552,62,1.09444,0.983922,0.110513,2025,44,2025-10-26,2025-11-01,2025,2025-26,5,TRUE
National,202545,202638,2026-10-02,46,61990,1061,120,1.90515,1.71157,0.19358,2025,45,2025-11-02,2025-11-08,2025,2025-26,6,TRUE
National,202546,202638,2026-10-02,45,63050,1878,180,3.26408,2.97859,0.285488,2025,46,2025-11-09,2025-11-15,2025,2025-26,7,TRUE
National,202547,202638,2026-10-02,44,66223,3340,286,5.47544,5.04356,0.431874,2025,47,2025-11-16,2025-11-22,2025,2025-26,8,TRUE
National,202548,202638,2026-10-02,43,63137,4772,293,8.02224,7.55817,0.46407,2025,48,2025-11-23,2025-11-29,2025,2025-26,9,TRUE
National,202549,202638,2026-10-02,42,73142,6237,335,8.98526,8.52725,0.458013,2025,49,2025-11-30,2025-12-06,2025,2025-26,10,TRUE
National,202550,202638,2026-10-02,41,82899,12213,600,15.4562,14.7324,0.723772,2025,50,2025-12-07,2025-12-13,2025,2025-26,11,TRUE
National,202551,202638,2026-10-02,40,106007,25740,1380,25.5832,24.2814,1.3018,2025,51,2025-12-14,2025-12-20,2025,2025-26,12,TRUE
National,202552,202638,2026-10-02,39,120165,36026,2071,31.7039,29.9804,1.72346,2025,52,2025-12-21,2025-12-27,2025,2025-26,13,TRUE
National,202553,202638,2026-10-02,38,117308,27293,1674,24.6931,23.2661,1.42701,2025,53,2025-12-28,2026-01-03,2025,2025-26,14,TRUE
National,202601,202638,2026-10-02,37,108413,18759,1409,18.6029,17.3033,1.29966,2026,1,2026-01-04,2026-01-10,2025,2025-26,15,TRUE
National,202602,202638,2026-10-02,36,95894,14829,1504,17.0323,15.4639,1.5684,2026,2,2026-01-11,2026-01-17,2025,2025-26,16,TRUE
National,202603,202638,2026-10-02,35,91958,13686,2422,17.5167,14.8829,2.63381,2026,3,2026-01-18,2026-01-24,2025,2025-26,17,TRUE
National,202604,202638,2026-10-02,34,88146,12112,3237,17.4132,13.7408,3.67232,2026,4,2026-01-25,2026-01-31,2025,2025-26,18,TRUE
National,202605,202638,2026-10-02,33,94526,11944,5111,18.0427,12.6357,5.40698,2026,5,2026-02-01,2026-02-07,2025,2025-26,19,TRUE
National,202606,202638,2026-10-02,32,96274,9993,7649,18.3248,10.3797,7.94503,2026,6,2026-02-08,2026-02-14,2025,2025-26,20,TRUE
National,202607,202638,2026-10-02,31,97624,7749,9845,18.0222,7.9376,10.0846,2026,7,2026-02-15,2026-02-21,2025,2025-26,21,TRUE
National,202608,202638,2026-10-02,30,94017,5220,9516,15.6738,5.55219,10.1216,2026,8,2026-02-22,2026-02-28,2025,2025-26,22,TRUE
National,202609,202638,2026-10-02,29,89860,3771,10017,15.3439,4.19653,11.1473,2026,9,2026-03-01,2026-03-07,2025,2025-26,23,TRUE
National,202610,202638,2026-10-02,28,83479,2390,9144,13.8166,2.863,10.9537,2026,10,2026-03-08,2026-03-14,2025,2025-26,24,TRUE
National,202611,202638,2026-10-02,27,75445,1541,6917,11.2108,2.04255,9.16827,2026,11,2026-03-15,2026-03-21,2025,2025-26,25,TRUE
National,202612,202638,2026-10-02,26,70109,1126,5618,9.61931,1.60607,8.01324,2026,12,2026-03-22,2026-03-28,2025,2025-26,26,TRUE
National,202613,202638,2026-10-02,25,64448,800,4210,7.77371,1.24131,6.5324,2026,13,2026-03-29,2026-04-04,2025,2025-26,27,TRUE
National,202614,202638,2026-10-02,24,61036,541,3065,5.90799,0.886362,5.02163,2026,14,2026-04-05,2026-04-11,2025,2025-26,28,TRUE
National,202615,202638,2026-10-02,23,59380,454,2233,4.52509,0.764567,3.76053,2026,15,2026-04-12,2026-04-18,2025,2025-26,29,TRUE
National,202616,202638,2026-10-02,22,54674,346,1521,3.41479,0.632842,2.78194,2026,16,2026-04-19,2026-04-25,2025,2025-26,30,TRUE
National,202617,202638,2026-10-02,21,52397,256,1300,2.96964,0.488578,2.48106,2026,17,2026-04-26,2026-05-02,2025,2025-26,31,TRUE
National,202618,202638,2026-10-02,20,51695,223,1057,2.47606,0.431376,2.04469,2026,18,2026-05-03,2026-05-09,2025,2025-26,32,TRUE
National,202619,202638,2026-10-02,19,47578,150,758,1.90845,0.315272,1.59317,2026,19,2026-05-10,2026-05-16,2025,2025-26,33,TRUE
National,202620,202638,2026-10-02,18,43481,115,556,1.5432,0.264483,1.27872,2026,20,2026-05-17,2026-05-23,2025,2025-26,34,TRUE
National,202621,202638,2026-10-02,17,41559,138,406,1.30898,0.332058,0.976924,2026,21,2026-05-24,2026-05-30,2025,2025-26,35,TRUE
National,202622,202638,2026-10-02,16,38215,88,261,0.913254,0.230276,0.682978,2026,22,2026-05-31,2026-06-06,2025,2025-26,36,TRUE
National,202623,202638,2026-10-02,15,35217,70,208,0.789391,0.198768,0.590624,2026,23,2026-06-07,2026-06-13,2025,2025-26,37,TRUE
National,202624,202638,2026-10-02,14,33001,67,145,0.642405,0.203024,0.439381,2026,24,2026-06-14,2026-06-20,2025,2025-26,38,TRUE
National,202625,202638,2026-10-02,13,31714,76,75,0.47613,0.239642,0.236489,2026,25,2026-06-21,2026-06-27,2025,2025-26,39,TRUE
National,202626,202638,2026-10-02,12,29890,91,73,0.548678,0.30445,0.244229,2026,26,2026-06-28,2026-07-04,2025,2025-26,40,TRUE
National,202627,202638,2026-10-02,11,29475,138,86,0.759966,0.468193,0.291773,2026,27,2026-07-05,2026-07-11,2025,2025-26,41,TRUE
National,202628,202638,2026-10-02,10,27716,87,64,0.544812,0.313898,0.230914,2026,28,2026-07-12,2026-07-18,2025,2025-26,42,TRUE
National,202629,202638,2026-10-02,9,27485,99,26,0.454794,0.360196,0.0945971,2026,29,2026-07-19,2026-07-25,2025,2025-26,43,TRUE
National,202630,202638,2026-10-02,8,26514,80,34,0.429962,0.301727,0.128234,2026,30,2026-07-26,2026-08-01,2025,2025-26,44,TRUE
National,202631,202638,2026-10-02,7,27761,115,20,0.486294,0.41425,0.0720435,2026,31,2026-08-02,2026-08-08,2025,2025-26,45,TRUE
National,202632,202638,2026-10-02,6,28969,155,39,0.669681,0.535055,0.134627,2026,32,2026-08-09,2026-08-15,2025,2025-26,46,TRUE
National,202633,202638,2026-10-02,5,32429,232,26,0.795584,0.715409,0.0801752,2026,33,2026-08-16,2026-08-22,2025,2025-26,47,TRUE
National,202634,202638,2026-10-02,4,35546,317,43,1.01277,0.891802,0.12097,2026,34,2026-08-23,2026-08-29,2025,2025-26,48,TRUE
National,202635,202638,2026-10-02,3,39109,552,25,1.47536,1.41144,0.0639239,2026,35,2026-08-30,2026-09-05,2025,2025-26,49,TRUE
National,202636,202638,2026-10-02,2,40907,687,31,1.7552,1.67942,0.0757817,2026,36,2026-09-06,2026-09-12,2025,2025-26,50,TRUE
National,202637,202638,2026-10-02,1,45011,1127,43,2.59936,2.5038299999999998,0.0955322,2026,37,2026-09-13,2026-09-19,2025,2025-26,51,TRUE
National,202638,202638,2026-10-02,0,33547,1108,43,3.43101,3.30283,0.128178,2026,38,2026-09-20,2026-09-26,2025,2025-26,52,TRUE
Region 1,201940,202139,2021-10-08,104,1071,3,1,0.373483,0.28011200000000003,0.0933707,2019,40,2019-09-29,2019-10-05,2019,2019-20,1,FALSE
Region 1,201941,202139,2021-10-08,103,1192,8,2,0.838926,0.671141,0.167785,2019,41,2019-10-06,2019-10-12,2019,2019-20,2,FALSE
Region 1,201942,202139,2021-10-08,102,1170,5,0,0.42735,0.42735,0,2019,42,2019-10-13,2019-10-19,2019,2019-20,3,FALSE
Region 1,201943,202139,2021-10-08,101,1315,9,3,0.912548,0.684411,0.228137,2019,43,2019-10-20,2019-10-26,2019,2019-20,4,FALSE
Region 1,201944,202139,2021-10-08,100,1280,4,2,0.46875,0.3125,0.15625,2019,44,2019-10-27,2019-11-02,2019,2019-20,5,FALSE
Region 1,201945,202139,2021-10-08,99,1366,5,4,0.658858,0.366032,0.292826,2019,45,2019-11-03,2019-11-09,2019,2019-20,6,FALSE
Region 1,201946,202139,2021-10-08,98,1583,7,5,0.758054,0.442198,0.315856,2019,46,2019-11-10,2019-11-16,2019,2019-20,7,FALSE
Region 1,201947,202139,2021-10-08,97,1694,18,9,1.59386,1.06257,0.531287,2019,47,2019-11-17,2019-11-23,2019,2019-20,8,FALSE
Region 1,201948,202139,2021-10-08,96,1670,46,19,3.89222,2.75449,1.13772,2019,48,2019-11-24,2019-11-30,2019,2019-20,9,FALSE
Region 1,201949,202139,2021-10-08,95,2073,55,49,5.01688,2.65316,2.36372,2019,49,2019-12-01,2019-12-07,2019,2019-20,10,FALSE
Region 1,201950,202139,2021-10-08,94,2155,86,71,7.28538,3.99072,3.29466,2019,50,2019-12-08,2019-12-14,2019,2019-20,11,FALSE
Region 1,201951,202139,2021-10-08,93,2339,140,164,12.997,5.98546,7.01154,2019,51,2019-12-15,2019-12-21,2019,2019-20,12,FALSE
Region 1,201952,202139,2021-10-08,92,3088,294,297,19.1386,9.52073,9.61788,2019,52,2019-12-22,2019-12-28,2019,2019-20,13,FALSE
Region 1,202001,202139,2021-10-08,91,3613,357,466,22.7789,9.88099,12.8979,2020,1,2019-12-29,2020-01-04,2019,2019-20,14,FALSE
Region 1,202002,202139,2021-10-08,90,3978,414,614,25.8421,10.4072,15.4349,2020,2,2020-01-05,2020-01-11,2019,2019-20,15,FALSE
Region 1,202003,202139,2021-10-08,89,4176,506,833,32.0642,12.1169,19.9473,2020,3,2020-01-12,2020-01-18,2019,2019-20,16,FALSE
Region 1,202004,202139,2021-10-08,88,4872,575,1160,35.6117,11.8021,23.8095,2020,4,2020-01-19,2020-01-25,2019,2019-20,17,FALSE
Region 1,202005,202139,2021-10-08,87,5581,807,1336,38.3981,14.4598,23.9384,2020,5,2020-01-26,2020-02-01,2019,2019-20,18,FALSE
Region 1,202006,202139,2021-10-08,86,5607,902,1177,37.0787,16.087,20.9916,2020,6,2020-02-02,2020-02-08,2019,2019-20,19,FALSE
Region 1,202007,202139,2021-10-08,85,4955,821,912,34.9748,16.5691,18.4057,2020,7,2020-02-09,2020-02-15,2019,2019-20,20,FALSE
Region 1,202008,202139,2021-10-08,84,4465,785,588,30.7503,17.5812,13.1691,2020,8,2020-02-16,2020-02-22,2019,2019-20,21,FALSE
Region 1,202009,202139,2021-10-08,83,4096,664,429,26.6846,16.2109,10.4736,2020,9,2020-02-23,2020-02-29,2019,2019-20,22,FALSE
Region 1,202010,202139,2021-10-08,82,3693,539,252,21.4189,14.5952,6.82372,2020,10,2020-03-01,2020-03-07,2019,2019-20,23,FALSE
Region 1,202011,202139,2021-10-08,81,3792,475,214,18.1698,12.5264,5.64346,2020,11,2020-03-08,2020-03-14,2019,2019-20,24,FALSE
Region 1,202012,202139,2021-10-08,80,3644,201,100,8.26015,5.51592,2.74424,2020,12,2020-03-15,2020-03-21,2019,2019-20,25,FALSE
Region 1,202013,202139,2021-10-08,79,2284,32,18,2.18914,1.40105,0.788091,2020,13,2020-03-22,2020-03-28,2019,2019-20,26,FALSE
Region 1,202014,202139,2021-10-08,78,2384,13,11,1.00671,0.545302,0.461409,2020,14,2020-03-29,2020-04-04,2019,2019-20,27,FALSE
Region 1,202015,202139,2021-10-08,77,1570,1,5,0.382166,0.0636943,0.318471,2020,15,2020-04-05,2020-04-11,2019,2019-20,28,FALSE
Region 1,202016,202139,2021-10-08,76,1456,7,12,1.30495,0.480769,0.824176,2020,16,2020-04-12,2020-04-18,2019,2019-20,29,FALSE
Region 1,202017,202139,2021-10-08,75,1237,1,1,0.161681,0.0808407,0.0808407,2020,17,2020-04-19,2020-04-25,2019,2019-20,30,FALSE
Region 1,202018,202139,2021-10-08,74,841,2,2,0.475624,0.237812,0.237812,2020,18,2020-04-26,2020-05-02,2019,2019-20,31,FALSE
Region 1,202019,202139,2021-10-08,73,718,0,1,0.139276,0,0.139276,2020,19,2020-05-03,2020-05-09,2019,2019-20,32,FALSE
Region 1,202020,202139,2021-10-08,72,598,0,2,0.334448,0,0.334448,2020,20,2020-05-10,2020-05-16,2019,2019-20,33,FALSE
Region 1,202021,202139,2021-10-08,71,548,1,1,0.364964,0.182482,0.182482,2020,21,2020-05-17,2020-05-23,2019,2019-20,34,FALSE
Region 1,202022,202139,2021-10-08,70,398,0,1,0.251256,0,0.251256,2020,22,2020-05-24,2020-05-30,2019,2019-20,35,FALSE
Region 1,202023,202139,2021-10-08,69,507,0,0,0,0,0,2020,23,2020-05-31,2020-06-06,2019,2019-20,36,FALSE
Region 1,202024,202139,2021-10-08,68,359,0,0,0,0,0,2020,24,2020-06-07,2020-06-13,2019,2019-20,37,FALSE
Region 1,202025,202139,2021-10-08,67,279,0,0,0,0,0,2020,25,2020-06-14,2020-06-20,2019,2019-20,38,FALSE
Region 1,202026,202139,2021-10-08,66,293,0,0,0,0,0,2020,26,2020-06-21,2020-06-27,2019,2019-20,39,FALSE
Region 1,202027,202139,2021-10-08,65,237,0,0,0,0,0,2020,27,2020-06-28,2020-07-04,2019,2019-20,40,FALSE
Region 1,202028,202139,2021-10-08,64,259,0,0,0,0,0,2020,28,2020-07-05,2020-07-11,2019,2019-20,41,FALSE
Region 1,202029,202139,2021-10-08,63,244,0,0,0,0,0,2020,29,2020-07-12,2020-07-18,2019,2019-20,42,FALSE
Region 1,202030,202139,2021-10-08,62,241,0,0,0,0,0,2020,30,2020-07-19,2020-07-25,2019,2019-20,43,FALSE
Region 1,202031,202139,2021-10-08,61,222,0,0,0,0,0,2020,31,2020-07-26,2020-08-01,2019,2019-20,44,FALSE
Region 1,202032,202139,2021-10-08,60,242,0,0,0,0,0,2020,32,2020-08-02,2020-08-08,2019,2019-20,45,FALSE
Region 1,202033,202139,2021-10-08,59,267,0,0,0,0,0,2020,33,2020-08-09,2020-08-15,2019,2019-20,46,FALSE
Region 1,202034,202139,2021-10-08,58,289,0,0,0,0,0,2020,34,2020-08-16,2020-08-22,2019,2019-20,47,FALSE
Region 1,202035,202139,2021-10-08,57,291,0,0,0,0,0,2020,35,2020-08-23,2020-08-29,2019,2019-20,48,FALSE
Region 1,202036,202139,2021-10-08,56,324,0,0,0,0,0,2020,36,2020-08-30,2020-09-05,2019,2019-20,49,FALSE
Region 1,202037,202139,2021-10-08,55,408,0,1,0.245098,0,0.245098,2020,37,2020-09-06,2020-09-12,2019,2019-20,50,FALSE
Region 1,202038,202139,2021-10-08,54,394,0,0,0,0,0,2020,38,2020-09-13,2020-09-19,2019,2019-20,51,FALSE
Region 1,202039,202139,2021-10-08,53,558,0,0,0,0,0,2020,39,2020-09-20,2020-09-26,2019,2019-20,52,FALSE
Region 1,202040,202239,2022-10-07,104,653,0,0,0,0,0,2020,40,2020-09-27,2020-10-03,2020,2020-21,1,FALSE
Region 1,202041,202239,2022-10-07,103,788,0,1,0.126904,0,0.126904,2020,41,2020-10-04,2020-10-10,2020,2020-21,2,FALSE
Region 1,202042,202239,2022-10-07,102,733,0,2,0.272851,0,0.272851,2020,42,2020-10-11,2020-10-17,2020,2020-21,3,FALSE
Region 1,202043,202239,2022-10-07,101,856,0,0,0,0,0,2020,43,2020-10-18,2020-10-24,2020,2020-21,4,FALSE
Region 1,202044,202239,2022-10-07,100,987,0,0,0,0,0,2020,44,2020-10-25,2020-10-31,2020,2020-21,5,FALSE
Region 1,202045,202239,2022-10-07,99,1123,0,0,0,0,0,2020,45,2020-11-01,2020-11-07,2020,2020-21,6,FALSE
Region 1,202046,202239,2022-10-07,98,1276,1,1,0.15674,0.0783699,0.0783699,2020,46,2020-11-08,2020-11-14,2020,2020-21,7,FALSE
Region 1,202047,202239,2022-10-07,97,1414,1,1,0.141443,0.0707214,0.0707214,2020,47,2020-11-15,2020-11-21,2020,2020-21,8,FALSE
Region 1,202048,202239,2022-10-07,96,1769,0,0,0,0,0,2020,48,2020-11-22,2020-11-28,2020,2020-21,9,FALSE
Region 1,202049,202239,2022-10-07,95,1940,2,1,0.154639,0.103093,0.0515464,2020,49,2020-11-29,2020-12-05,2020,2020-21,10,FALSE
Region 1,202050,202239,2022-10-07,94,1585,0,0,0,0,0,2020,50,2020-12-06,2020-12-12,2020,2020-21,11,FALSE
Region 1,202051,202239,2022-10-07,93,1677,1,2,0.178891,0.0596303,0.119261,2020,51,2020-12-13,2020-12-19,2020,2020-21,12,FALSE
Region 1,202052,202239,2022-10-07,92,1884,0,0,0,0,0,2020,52,2020-12-20,2020-12-26,2020,2020-21,13,FALSE
Region 1,202053,202239,2022-10-07,91,1691,0,1,0.0591366,0,0.0591366,2020,53,2020-12-27,2021-01-02,2020,2020-21,14,FALSE
Region 1,202101,202239,2022-10-07,90,1730,0,0,0,0,0,2021,1,2021-01-03,2021-01-09,2020,2020-21,15,FALSE
Region 1,202102,202239,2022-10-07,89,1749,0,0,0,0,0,2021,2,2021-01-10,2021-01-16,2020,2020-21,16,FALSE
Region 1,202103,202239,2022-10-07,88,1652,0,1,0.0605327,0,0.0605327,2021,3,2021-01-17,2021-01-23,2020,2020-21,17,FALSE
Region 1,202104,202239,2022-10-07,87,1654,0,0,0,0,0,2021,4,2021-01-24,2021-01-30,2020,2020-21,18,FALSE
Region 1,202105,202239,2022-10-07,86,1445,0,0,0,0,0,2021,5,2021-01-31,2021-02-06,2020,2020-21,19,FALSE
Region 1,202106,202239,2022-10-07,85,1432,0,2,0.139665,0,0.139665,2021,6,2021-02-07,2021-02-13,2020,2020-21,20,FALSE
Region 1,202107,202239,2022-10-07,84,1340,1,0,0.0746269,0.0746269,0,2021,7,2021-02-14,2021-02-20,2020,2020-21,21,FALSE
Region 1,202108,202239,2022-10-07,83,1416,0,0,0,0,0,2021,8,2021-02-21,2021-02-27,2020,2020-21,22,FALSE
Region 1,202109,202239,2022-10-07,82,1356,0,1,0.0737463,0,0.0737463,2021,9,2021-02-28,2021-03-06,2020,2020-21,23,FALSE
Region 1,202110,202239,2022-10-07,81,1623,0,3,0.184843,0,0.184843,2021,10,2021-03-07,2021-03-13,2020,2020-21,24,FALSE
Region 1,202111,202239,2022-10-07,80,1421,2,2,0.281492,0.140746,0.140746,2021,11,2021-03-14,2021-03-20,2020,2020-21,25,FALSE
Region 1,202112,202239,2022-10-07,79,1591,0,0,0,0,0,2021,12,2021-03-21,2021-03-27,2020,2020-21,26,FALSE
Region 1,202113,202239,2022-10-07,78,1555,0,2,0.128617,0,0.128617,2021,13,2021-03-28,2021-04-03,2020,2020-21,27,FALSE
Region 1,202114,202239,2022-10-07,77,1597,0,0,0,0,0,2021,14,2021-04-04,2021-04-10,2020,2020-21,28,FALSE
Region 1,202115,202239,2022-10-07,76,1334,0,1,0.0749625,0,0.0749625,2021,15,2021-04-11,2021-04-17,2020,2020-21,29,FALSE
Region 1,202116,202239,2022-10-07,75,1230,0,0,0,0,0,2021,16,2021-04-18,2021-04-24,2020,2020-21,30,FALSE
Region 1,202117,202239,2022-10-07,74,1271,0,1,0.0786782,0,0.0786782,2021,17,2021-04-25,2021-05-01,2020,2020-21,31,FALSE
Region 1,202118,202239,2022-10-07,73,1168,2,3,0.428082,0.171233,0.256849,2021,18,2021-05-02,2021-05-08,2020,2020-21,32,FALSE
Region 1,202119,202239,2022-10-07,72,1075,2,0,0.186047,0.186047,0,2021,19,2021-05-09,2021-05-15,2020,2020-21,33,FALSE
Region 1,202120,202239,2022-10-07,71,916,0,0,0,0,0,2021,20,2021-05-16,2021-05-22,2020,2020-21,34,FALSE
Region 1,202121,202239,2022-10-07,70,805,0,0,0,0,0,2021,21,2021-05-23,2021-05-29,2020,2020-21,35,FALSE
Region 1,202122,202239,2022-10-07,69,791,0,0,0,0,0,2021,22,2021-05-30,2021-06-05,2020,2020-21,36,FALSE
Region 1,202123,202239,2022-10-07,68,770,0,0,0,0,0,2021,23,2021-06-06,2021-06-12,2020,2020-21,37,FALSE
Region 1,202124,202239,2022-10-07,67,817,0,0,0,0,0,2021,24,2021-06-13,2021-06-19,2020,2020-21,38,FALSE
Region 1,202125,202239,2022-10-07,66,879,0,0,0,0,0,2021,25,2021-06-20,2021-06-26,2020,2020-21,39,FALSE
Region 1,202126,202239,2022-10-07,65,820,0,0,0,0,0,2021,26,2021-06-27,2021-07-03,2020,2020-21,40,FALSE
Region 1,202127,202239,2022-10-07,64,873,0,0,0,0,0,2021,27,2021-07-04,2021-07-10,2020,2020-21,41,FALSE
Region 1,202128,202239,2022-10-07,63,988,1,2,0.303644,0.101215,0.202429,2021,28,2021-07-11,2021-07-17,2020,2020-21,42,FALSE
Region 1,202129,202239,2022-10-07,62,1147,0,1,0.087184,0,0.087184,2021,29,2021-07-18,2021-07-24,2020,2020-21,43,FALSE
Region 1,202130,202239,2022-10-07,61,1283,0,0,0,0,0,2021,30,2021-07-25,2021-07-31,2020,2020-21,44,FALSE
Region 1,202131,202239,2022-10-07,60,1352,0,0,0,0,0,2021,31,2021-08-01,2021-08-07,2020,2020-21,45,FALSE
Region 1,202132,202239,2022-10-07,59,1471,0,0,0,0,0,2021,32,2021-08-08,2021-08-14,2020,2020-21,46,FALSE
Region 1,202133,202239,2022-10-07,58,1530,0,0,0,0,0,2021,33,2021-08-15,2021-08-21,2020,2020-21,47,FALSE
Region 1,202134,202239,2022-10-07,57,1428,0,0,0,0,0,2021,34,2021-08-22,2021-08-28,2020,2020-21,48,FALSE
Region 1,202135,202239,2022-10-07,56,1558,0,0,0,0,0,2021,35,2021-08-29,2021-09-04,2020,2020-21,49,FALSE
Region 1,202136,202239,2022-10-07,55,1420,0,0,0,0,0,2021,36,2021-09-05,2021-09-11,2020,2020-21,50,FALSE
Region 1,202137,202239,2022-10-07,54,1556,1,1,0.128535,0.0642674,0.0642674,2021,37,2021-09-12,2021-09-18,2020,2020-21,51,FALSE
Region 1,202138,202239,2022-10-07,53,1790,0,0,0,0,0,2021,38,2021-09-19,2021-09-25,2020,2020-21,52,FALSE
Region 1,202139,202239,2022-10-07,52,2079,1,2,0.1443,0.0481,0.0962001,2021,39,2021-09-26,2021-10-02,2020,2020-21,53,FALSE
Region 1,202140,202339,2023-10-06,103,2090,1,1,0.0956938,0.0478469,0.0478469,2021,40,2021-10-03,2021-10-09,2021,2021-22,1,FALSE
Region 1,202141,202339,2023-10-06,102,2203,0,1,0.0453926,0,0.0453926,2021,41,2021-10-10,2021-10-16,2021,2021-22,2,FALSE
Region 1,202142,202339,2023-10-06,101,2175,0,1,0.045977,0,0.045977,2021,42,2021-10-17,2021-10-23,2021,2021-22,3,FALSE
Region 1,202143,202339,2023-10-06,100,1925,3,0,0.155844,0.155844,0,2021,43,2021-10-24,2021-10-30,2021,2021-22,4,FALSE
Region 1,202144,202339,2023-10-06,99,2201,8,1,0.408905,0.363471,0.0454339,2021,44,2021-10-31,2021-11-06,2021,2021-22,5,FALSE
Region 1,202145,202339,2023-10-06,98,2409,59,3,2.57368,2.44915,0.124533,2021,45,2021-11-07,2021-11-13,2021,2021-22,6,FALSE
Region 1,202146,202339,2023-10-06,97,2788,72,1,2.61836,2.5825,0.035868,2021,46,2021-11-14,2021-11-20,2021,2021-22,7,FALSE
Region 1,202147,202339,2023-10-06,96,2825,95,1,3.39823,3.36283,0.0353982,2021,47,2021-11-21,2021-11-27,2021,2021-22,8,FALSE
Region 1,202148,202339,2023-10-06,95,4331,273,1,6.32648,6.30339,0.0230894,2021,48,2021-11-28,2021-12-04,2021,2021-22,9,FALSE
Region 1,202149,202339,2023-10-06,94,4714,489,5,10.4794,10.3734,0.106067,2021,49,2021-12-05,2021-12-11,2021,2021-22,10,FALSE
Region 1,202150,202339,2023-10-06,93,5391,513,3,9.57151,9.51586,0.0556483,2021,50,2021-12-12,2021-12-18,2021,2021-22,11,FALSE
Region 1,202151,202339,2023-10-06,92,6278,442,5,7.1201,7.04046,0.0796432,2021,51,2021-12-19,2021-12-25,2021,2021-22,12,FALSE
Region 1,202152,202339,2023-10-06,91,7545,356,3,4.75812,4.71836,0.0397614,2021,52,2021-12-26,2022-01-01,2021,2021-22,13,FALSE
Region 1,202201,202339,2023-10-06,90,6552,163,1,2.50305,2.48779,0.0152625,2022,1,2022-01-02,2022-01-08,2021,2021-22,14,FALSE
Region 1,202202,202339,2023-10-06,89,5363,70,1,1.32389,1.30524,0.0186463,2022,2,2022-01-09,2022-01-15,2021,2021-22,15,FALSE
Region 1,202203,202339,2023-10-06,88,4095,56,0,1.36752,1.36752,0,2022,3,2022-01-16,2022-01-22,2021,2021-22,16,FALSE
Region 1,202204,202339,2023-10-06,87,3445,38,1,1.13208,1.10305,0.0290276,2022,4,2022-01-23,2022-01-29,2021,2021-22,17,FALSE
Region 1,202205,202339,2023-10-06,86,3053,41,0,1.34294,1.34294,0,2022,5,2022-01-30,2022-02-05,2021,2021-22,18,FALSE
Region 1,202206,202339,2023-10-06,85,2955,35,0,1.18443,1.18443,0,2022,6,2022-02-06,2022-02-12,2021,2021-22,19,FALSE
Region 1,202207,202339,2023-10-06,84,2861,38,0,1.32821,1.32821,0,2022,7,2022-02-13,2022-02-19,2021,2021-22,20,FALSE
Region 1,202208,202339,2023-10-06,83,2650,38,0,1.43396,1.43396,0,2022,8,2022-02-20,2022-02-26,2021,2021-22,21,FALSE
Region 1,202209,202339,2023-10-06,82,2833,55,0,1.9414,1.9414,0,2022,9,2022-02-27,2022-03-05,2021,2021-22,22,FALSE
Region 1,202210,202339,2023-10-06,81,3006,70,1,2.36194,2.32868,0.0332668,2022,10,2022-03-06,2022-03-12,2021,2021-22,23,FALSE
Region 1,202211,202339,2023-10-06,80,3391,124,1,3.68623,3.65674,0.0294898,2022,11,2022-03-13,2022-03-19,2021,2021-22,24,FALSE
Region 1,202212,202339,2023-10-06,79,3348,165,0,4.92832,4.92832,0,2022,12,2022-03-20,2022-03-26,2021,2021-22,25,FALSE
Region 1,202213,202339,2023-10-06,78,3748,225,0,6.0032,6.0032,0,2022,13,2022-03-27,2022-04-02,2021,2021-22,26,FALSE
Region 1,202214,202339,2023-10-06,77,4464,424,0,9.49821,9.49821,0,2022,14,2022-04-03,2022-04-09,2021,2021-22,27,FALSE
Region 1,202215,202339,2023-10-06,76,4782,501,1,10.4977,10.4768,0.0209118,2022,15,2022-04-10,2022-04-16,2021,2021-22,28,FALSE
Region 1,202216,202339,2023-10-06,75,4928,461,0,9.35471,9.35471,0,2022,16,2022-04-17,2022-04-23,2021,2021-22,29,FALSE
Region 1,202217,202339,2023-10-06,74,5198,407,1,7.84917,7.82993,0.0192382,2022,17,2022-04-24,2022-04-30,2021,2021-22,30,FALSE
Region 1,202218,202339,2023-10-06,73,5579,590,2,10.6112,10.5754,0.0358487,2022,18,2022-05-01,2022-05-07,2021,2021-22,31,FALSE
Region 1,202219,202339,2023-10-06,72,6142,741,3,12.1133,12.0645,0.048844,2022,19,2022-05-08,2022-05-14,2021,2021-22,32,FALSE
Region 1,202220,202339,2023-10-06,71,5629,449,2,8.01208,7.97655,0.0355303,2022,20,2022-05-15,2022-05-21,2021,2021-22,33,FALSE
Region 1,202221,202339,2023-10-06,70,5195,268,0,5.15881,5.15881,0,2022,21,2022-05-22,2022-05-28,2021,2021-22,34,FALSE
Region 1,202222,202339,2023-10-06,69,4791,163,1,3.42308,3.40221,0.0208725,2022,22,2022-05-29,2022-06-04,2021,2021-22,35,FALSE
Region 1,202223,202339,2023-10-06,68,4850,81,3,1.73196,1.6701,0.0618557,2022,23,2022-06-05,2022-06-11,2021,2021-22,36,FALSE
Region 1,202224,202339,2023-10-06,67,4433,64,0,1.44372,1.44372,0,2022,24,2022-06-12,2022-06-18,2021,2021-22,37,FALSE
Region 1,202225,202339,2023-10-06,66,3903,40,1,1.05047,1.02485,0.0256213,2022,25,2022-06-19,2022-06-25,2021,2021-22,38,FALSE
Region 1,202226,202339,2023-10-06,65,4010,15,3,0.448878,0.374065,0.074813,2022,26,2022-06-26,2022-07-02,2021,2021-22,39,FALSE
Region 1,202227,202339,2023-10-06,64,3715,8,0,0.215343,0.215343,0,2022,27,2022-07-03,2022-07-09,2021,2021-22,40,FALSE
Region 1,202228,202339,2023-10-06,63,3580,11,2,0.363128,0.307263,0.0558659,2022,28,2022-07-10,2022-07-16,2021,2021-22,41,FALSE
Region 1,202229,202339,2023-10-06,62,3423,5,1,0.175285,0.146071,0.0292141,2022,29,2022-07-17,2022-07-23,2021,2021-22,42,FALSE
Region 1,202230,202339,2023-10-06,61,3424,9,1,0.292056,0.26285,0.0292056,2022,30,2022-07-24,2022-07-30,2021,2021-22,43,FALSE
Region 1,202231,202339,2023-10-06,60,3212,4,0,0.124533,0.124533,0,2022,31,2022-07-31,2022-08-06,2021,2021-22,44,FALSE
Region 1,202232,202339,2023-10-06,59,3207,8,0,0.249454,0.249454,0,2022,32,2022-08-07,2022-08-13,2021,2021-22,45,FALSE
Region 1,202233,202339,2023-10-06,58,3352,5,0,0.149165,0.149165,0,2022,33,2022-08-14,2022-08-20,2021,2021-22,46,FALSE
Region 1,202234,202339,2023-10-06,57,3279,10,1,0.335468,0.304971,0.0304971,2022,34,2022-08-21,2022-08-27,2021,2021-22,47,FALSE
Region 1,202235,202339,2023-10-06,56,3203,11,1,0.374649,0.343428,0.0312207,2022,35,2022-08-28,2022-09-03,2021,2021-22,48,FALSE
Region 1,202236,202339,2023-10-06,55,3383,11,0,0.325155,0.325155,0,2022,36,2022-09-04,2022-09-10,2021,2021-22,49,FALSE
Region 1,202237,202339,2023-10-06,54,3782,7,0,0.185087,0.185087,0,2022,37,2022-09-11,2022-09-17,2021,2021-22,50,FALSE
Region 1,202238,202339,2023-10-06,53,3962,18,0,0.454316,0.454316,0,2022,38,2022-09-18,2022-09-24,2021,2021-22,51,FALSE
Region 1,202239,202339,2023-10-06,52,4230,18,0,0.425532,0.425532,0,2022,39,2022-09-25,2022-10-01,2021,2021-22,52,FALSE
Region 1,202240,202439,2024-10-04,103,4684,30,0,0.640478,0.640478,0,2022,40,2022-10-02,2022-10-08,2022,2022-23,1,TRUE
Region 1,202241,202439,2024-10-04,102,4707,35,2,0.786063,0.743573,0.0424899,2022,41,2022-10-09,2022-10-15,2022,2022-23,2,TRUE
Region 1,202242,202439,2024-10-04,101,5231,61,2,1.20436,1.1661300000000001,0.0382336,2022,42,2022-10-16,2022-10-22,2022,2022-23,3,TRUE
Region 1,202243,202439,2024-10-04,100,5885,124,4,2.17502,2.10705,0.0679694,2022,43,2022-10-23,2022-10-29,2022,2022-23,4,TRUE
Region 1,202244,202439,2024-10-04,99,6461,298,2,4.64324,4.61229,0.030955,2022,44,2022-10-30,2022-11-05,2022,2022-23,5,TRUE
Region 1,202245,202439,2024-10-04,98,6828,467,2,6.86878,6.83948,0.0292912,2022,45,2022-11-06,2022-11-12,2022,2022-23,6,TRUE
Region 1,202246,202439,2024-10-04,97,7749,815,3,10.5562,10.5175,0.0387147,2022,46,2022-11-13,2022-11-19,2022,2022-23,7,TRUE
Region 1,202247,202439,2024-10-04,96,8740,1959,4,22.46,22.4142,0.0457666,2022,47,2022-11-20,2022-11-26,2022,2022-23,8,TRUE
Region 1,202248,202439,2024-10-04,95,11472,3069,6,26.8044,26.7521,0.0523013,2022,48,2022-11-27,2022-12-03,2022,2022-23,9,TRUE
Region 1,202249,202439,2024-10-04,94,10722,3049,4,28.4742,28.4369,0.0373065,2022,49,2022-12-04,2022-12-10,2022,2022-23,10,TRUE
Region 1,202250,202439,2024-10-04,93,10539,2758,15,26.3118,26.1695,0.142328,2022,50,2022-12-11,2022-12-17,2022,2022-23,11,TRUE
Region 1,202251,202439,2024-10-04,92,10017,2307,14,23.1706,23.0308,0.139762,2022,51,2022-12-18,2022-12-24,2022,2022-23,12,TRUE
Region 1,202252,202439,2024-10-04,91,9299,1504,10,16.2813,16.1738,0.107538,2022,52,2022-12-25,2022-12-31,2022,2022-23,13,TRUE
Region 1,202301,202439,2024-10-04,90,8398,789,20,9.63325,9.39509,0.238152,2023,1,2023-01-01,2023-01-07,2022,2022-23,14,TRUE
Region 1,202302,202439,2024-10-04,89,7495,337,24,4.81654,4.49633,0.320213,2023,2,2023-01-08,2023-01-14,2022,2022-23,15,TRUE
Region 1,202303,202439,2024-10-04,88,6772,217,30,3.64737,3.20437,0.443001,2023,3,2023-01-15,2023-01-21,2022,2022-23,16,TRUE
Region 1,202304,202439,2024-10-04,87,6954,125,19,2.07075,1.79753,0.273224,2023,4,2023-01-22,2023-01-28,2022,2022-23,17,TRUE
Region 1,202305,202439,2024-10-04,86,6343,80,12,1.45042,1.26123,0.189185,2023,5,2023-01-29,2023-02-04,2022,2022-23,18,TRUE
Region 1,202306,202439,2024-10-04,85,6509,61,14,1.15225,0.937164,0.215087,2023,6,2023-02-05,2023-02-11,2022,2022-23,19,TRUE
Region 1,202307,202439,2024-10-04,84,6534,45,30,1.14784,0.688705,0.459137,2023,7,2023-02-12,2023-02-18,2022,2022-23,20,TRUE
Region 1,202308,202439,2024-10-04,83,6062,60,23,1.36919,0.989772,0.379413,2023,8,2023-02-19,2023-02-25,2022,2022-23,21,TRUE
Region 1,202309,202439,2024-10-04,82,5908,39,14,0.897089,0.660122,0.236967,2023,9,2023-02-26,2023-03-04,2022,2022-23,22,TRUE
Region 1,202310,202439,2024-10-04,81,5963,31,25,0.939125,0.519873,0.419252,2023,10,2023-03-05,2023-03-11,2022,2022-23,23,TRUE
Region 1,202311,202439,2024-10-04,80,5792,28,20,0.828729,0.483425,0.345304,2023,11,2023-03-12,2023-03-18,2022,2022-23,24,TRUE
Region 1,202312,202439,2024-10-04,79,5807,24,22,0.792147,0.413294,0.378853,2023,12,2023-03-19,2023-03-25,2022,2022-23,25,TRUE
Region 1,202313,202439,2024-10-04,78,5728,21,41,1.0824,0.36662,0.715782,2023,13,2023-03-26,2023-04-01,2022,2022-23,26,TRUE
Region 1,202314,202439,2024-10-04,77,5506,14,41,0.99891,0.254268,0.744642,2023,14,2023-04-02,2023-04-08,2022,2022-23,27,TRUE
Region 1,202315,202439,2024-10-04,76,5238,16,27,0.820924,0.30546,0.515464,2023,15,2023-04-09,2023-04-15,2022,2022-23,28,TRUE
Region 1,202316,202439,2024-10-04,75,4597,10,17,0.58734,0.217533,0.369806,2023,16,2023-04-16,2023-04-22,2022,2022-23,29,TRUE
Region 1,202317,202439,2024-10-04,74,4247,9,14,0.541559,0.211914,0.329644,2023,17,2023-04-23,2023-04-29,2022,2022-23,30,TRUE
Region 1,202318,202439,2024-10-04,73,3934,9,25,0.86426,0.228775,0.635486,2023,18,2023-04-30,2023-05-06,2022,2022-23,31,TRUE
Region 1,202319,202439,2024-10-04,72,4009,5,24,0.723372,0.124719,0.598653,2023,19,2023-05-07,2023-05-13,2022,2022-23,32,TRUE
Region 1,202320,202439,2024-10-04,71,3581,10,17,0.753979,0.279252,0.474728,2023,20,2023-05-14,2023-05-20,2022,2022-23,33,TRUE
Region 1,202321,202439,2024-10-04,70,3471,17,18,1.00835,0.489772,0.518583,2023,21,2023-05-21,2023-05-27,2022,2022-23,34,TRUE
Region 1,202322,202439,2024-10-04,69,3220,13,16,0.900621,0.403727,0.496894,2023,22,2023-05-28,2023-06-03,2022,2022-23,35,TRUE
Region 1,202323,202439,2024-10-04,68,3241,17,13,0.92564,0.524529,0.401111,2023,23,2023-06-04,2023-06-10,2022,2022-23,36,TRUE
Region 1,202324,202439,2024-10-04,67,3190,8,9,0.532915,0.250784,0.282132,2023,24,2023-06-11,2023-06-17,2022,2022-23,37,TRUE
Region 1,202325,202439,2024-10-04,66,2678,6,6,0.448096,0.224048,0.224048,2023,25,2023-06-18,2023-06-24,2022,2022-23,38,TRUE
Region 1,202326,202439,2024-10-04,65,2264,12,5,0.750883,0.530035,0.220848,2023,26,2023-06-25,2023-07-01,2022,2022-23,39,TRUE
Region 1,202327,202439,2024-10-04,64,1868,13,8,1.1242,0.695931,0.428266,2023,27,2023-07-02,2023-07-08,2022,2022-23,40,TRUE
Region 1,202328,202439,2024-10-04,63,1996,18,4,1.1022,0.901804,0.200401,2023,28,2023-07-09,2023-07-15,2022,2022-23,41,TRUE
Region 1,202329,202439,2024-10-04,62,1709,9,4,0.760679,0.526624,0.234055,2023,29,2023-07-16,2023-07-22,2022,2022-23,42,TRUE
Region 1,202330,202439,2024-10-04,61,1854,9,3,0.647249,0.485437,0.161812,2023,30,2023-07-23,2023-07-29,2022,2022-23,43,TRUE
Region 1,202331,202439,2024-10-04,60,1930,5,5,0.518135,0.259067,0.259067,2023,31,2023-07-30,2023-08-05,2022,2022-23,44,TRUE
Region 1,202332,202439,2024-10-04,59,2217,7,1,0.360848,0.315742,0.045106,2023,32,2023-08-06,2023-08-12,2022,2022-23,45,TRUE
Region 1,202333,202439,2024-10-04,58,2300,13,6,0.826087,0.565217,0.26087,2023,33,2023-08-13,2023-08-19,2022,2022-23,46,TRUE
Region 1,202334,202439,2024-10-04,57,2424,14,3,0.70132,0.577558,0.123762,2023,34,2023-08-20,2023-08-26,2022,2022-23,47,TRUE
Region 1,202335,202439,2024-10-04,56,2638,10,6,0.60652,0.379075,0.227445,2023,35,2023-08-27,2023-09-02,2022,2022-23,48,TRUE
Region 1,202336,202439,2024-10-04,55,3222,10,3,0.403476,0.310366,0.0931099,2023,36,2023-09-03,2023-09-09,2022,2022-23,49,TRUE
Region 1,202337,202439,2024-10-04,54,3216,5,7,0.373134,0.155473,0.217662,2023,37,2023-09-10,2023-09-16,2022,2022-23,50,TRUE
Region 1,202338,202439,2024-10-04,53,3744,10,16,0.694444,0.267094,0.42735,2023,38,2023-09-17,2023-09-23,2022,2022-23,51,TRUE
Region 1,202339,202439,2024-10-04,52,3531,17,12,0.821297,0.48145,0.339847,2023,39,2023-09-24,2023-09-30,2022,2022-23,52,TRUE
Region 1,202340,202538,2025-09-26,102,5008,17,4,0.419329,0.339457,0.0798722,2023,40,2023-10-01,2023-10-07,2023,2023-24,1,TRUE
Region 1,202341,202538,2025-09-26,101,4739,18,13,0.654146,0.379827,0.274319,2023,41,2023-10-08,2023-10-14,2023,2023-24,2,TRUE
Region 1,202342,202538,2025-09-26,100,4754,19,8,0.567943,0.399663,0.168279,2023,42,2023-10-15,2023-10-21,2023,2023-24,3,TRUE
Region 1,202343,202538,2025-09-26,99,4834,48,13,1.26189,0.992966,0.268928,2023,43,2023-10-22,2023-10-28,2023,2023-24,4,TRUE
Region 1,202344,202538,2025-09-26,98,5066,79,21,1.97394,1.55942,0.414528,2023,44,2023-10-29,2023-11-04,2023,2023-24,5,TRUE
Region 1,202345,202538,2025-09-26,97,5637,111,39,2.66099,1.96913,0.69185700000000006,2023,45,2023-11-05,2023-11-11,2023,2023-24,6,TRUE
Region 1,202346,202538,2025-09-26,96,6172,162,42,3.30525,2.62476,0.680493,2023,46,2023-11-12,2023-11-18,2023,2023-24,7,TRUE
Region 1,202347,202538,2025-09-26,95,6063,214,28,3.99142,3.52961,0.461818,2023,47,2023-11-19,2023-11-25,2023,2023-24,8,TRUE
Region 1,202348,202538,2025-09-26,94,6968,291,51,4.90815,4.17623,0.731917,2023,48,2023-11-26,2023-12-02,2023,2023-24,9,TRUE
Region 1,202349,202538,2025-09-26,93,7371,443,67,6.91901,6.01004,0.908968,2023,49,2023-12-03,2023-12-09,2023,2023-24,10,TRUE
Region 1,202350,202538,2025-09-26,92,7617,672,65,9.67573,8.82237,0.853354,2023,50,2023-12-10,2023-12-16,2023,2023-24,11,TRUE
Region 1,202351,202538,2025-09-26,91,8487,1047,82,13.3027,12.3365,0.966184,2023,51,2023-12-17,2023-12-23,2023,2023-24,12,TRUE
Region 1,202352,202538,2025-09-26,90,9546,1454,75,16.0172,15.2315,0.785669,2023,52,2023-12-24,2023-12-30,2023,2023-24,13,TRUE
Region 1,202401,202538,2025-09-26,89,9489,1053,79,11.9296,11.0971,0.832543,2024,1,2023-12-31,2024-01-06,2023,2023-24,14,TRUE
Region 1,202402,202538,2025-09-26,88,8331,944,77,12.2554,11.3312,0.924259,2024,2,2024-01-07,2024-01-13,2023,2023-24,15,TRUE
Region 1,202403,202538,2025-09-26,87,7322,902,77,13.3707,12.319,1.05163,2024,3,2024-01-14,2024-01-20,2023,2023-24,16,TRUE
Region 1,202404,202538,2025-09-26,86,7415,1017,71,14.673,13.7154,0.957519,2024,4,2024-01-21,2024-01-27,2023,2023-24,17,TRUE
Region 1,202405,202538,2025-09-26,85,7617,1073,104,15.4523,14.0869,1.36537,2024,5,2024-01-28,2024-02-03,2023,2023-24,18,TRUE
Region 1,202406,202538,2025-09-26,84,7685,1129,143,16.5517,14.691,1.86077,2024,6,2024-02-04,2024-02-10,2023,2023-24,19,TRUE
Region 1,202407,202538,2025-09-26,83,7344,1047,160,16.4352,14.2565,2.17865,2024,7,2024-02-11,2024-02-17,2023,2023-24,20,TRUE
Region 1,202408,202538,2025-09-26,82,7006,915,192,15.8007,13.0602,2.74051,2024,8,2024-02-18,2024-02-24,2023,2023-24,21,TRUE
Region 1,202409,202538,2025-09-26,81,6856,856,197,15.3588,12.4854,2.8734,2024,9,2024-02-25,2024-03-02,2023,2023-24,22,TRUE
Region 1,202410,202538,2025-09-26,80,6418,765,203,15.0826,11.9196,3.16298,2024,10,2024-03-03,2024-03-09,2023,2023-24,23,TRUE
Region 1,202411,202538,2025-09-26,79,5962,453,168,10.416,7.59812,2.81785,2024,11,2024-03-10,2024-03-16,2023,2023-24,24,TRUE
Region 1,202412,202538,2025-09-26,78,5787,412,183,10.2817,7.11941,3.16226,2024,12,2024-03-17,2024-03-23,2023,2023-24,25,TRUE
Region 1,202413,202538,2025-09-26,77,5702,325,219,9.54051,5.69975,3.84076,2024,13,2024-03-24,2024-03-30,2023,2023-24,26,TRUE
Region 1,202414,202538,2025-09-26,76,5510,298,191,8.87477,5.40835,3.46642,2024,14,2024-03-31,2024-04-06,2023,2023-24,27,TRUE
Region 1,202415,202538,2025-09-26,75,5468,235,193,7.82736,4.29773,3.52963,2024,15,2024-04-07,2024-04-13,2023,2023-24,28,TRUE
Region 1,202416,202538,2025-09-26,74,4661,168,127,6.32911,3.60438,2.72474,2024,16,2024-04-14,2024-04-20,2023,2023-24,29,TRUE
Region 1,202417,202538,2025-09-26,73,4369,137,80,4.96681,3.13573,1.83108,2024,17,2024-04-21,2024-04-27,2023,2023-24,30,TRUE
Region 1,202418,202538,2025-09-26,72,4092,110,79,4.61877,2.68817,1.9306,2024,18,2024-04-28,2024-05-04,2023,2023-24,31,TRUE
Region 1,202419,202538,2025-09-26,71,4108,72,48,2.92113,1.75268,1.16845,2024,19,2024-05-05,2024-05-11,2023,2023-24,32,TRUE
Region 1,202420,202538,2025-09-26,70,3918,45,31,1.93977,1.14855,0.79122,2024,20,2024-05-12,2024-05-18,2023,2023-24,33,TRUE
Region 1,202421,202538,2025-09-26,69,3832,39,21,1.56576,1.01775,0.548017,2024,21,2024-05-19,2024-05-25,2023,2023-24,34,TRUE
Region 1,202422,202538,2025-09-26,68,3496,31,22,1.51602,0.886728,0.629291,2024,22,2024-05-26,2024-06-01,2023,2023-24,35,TRUE
Region 1,202423,202538,2025-09-26,67,2993,16,6,0.735048,0.534581,0.200468,2024,23,2024-06-02,2024-06-08,2023,2023-24,36,TRUE
Region 1,202424,202538,2025-09-26,66,2866,18,4,0.76762,0.628053,0.139567,2024,24,2024-06-09,2024-06-15,2023,2023-24,37,TRUE
Region 1,202425,202538,2025-09-26,65,2884,17,2,0.658807,0.589459,0.0693481,2024,25,2024-06-16,2024-06-22,2023,2023-24,38,TRUE
Region 1,202426,202538,2025-09-26,64,2906,21,3,0.825877,0.722643,0.103235,2024,26,2024-06-23,2024-06-29,2023,2023-24,39,TRUE
Region 1,202427,202538,2025-09-26,63,2858,19,1,0.69979,0.664801,0.0349895,2024,27,2024-06-30,2024-07-06,2023,2023-24,40,TRUE
Region 1,202428,202538,2025-09-26,62,3138,20,1,0.669216,0.637349,0.0318674,2024,28,2024-07-07,2024-07-13,2023,2023-24,41,TRUE
Region 1,202429,202538,2025-09-26,61,2996,17,1,0.600801,0.567423,0.0333778,2024,29,2024-07-14,2024-07-20,2023,2023-24,42,TRUE
Region 1,202430,202538,2025-09-26,60,3257,11,1,0.368437,0.337734,0.0307031,2024,30,2024-07-21,2024-07-27,2023,2023-24,43,TRUE
Region 1,202431,202538,2025-09-26,59,3419,16,1,0.497221,0.467973,0.0292483,2024,31,2024-07-28,2024-08-03,2023,2023-24,44,TRUE
Region 1,202432,202538,2025-09-26,58,3582,11,0,0.307091,0.307091,0,2024,32,2024-08-04,2024-08-10,2023,2023-24,45,TRUE
Region 1,202433,202538,2025-09-26,57,3668,5,5,0.272628,0.136314,0.136314,2024,33,2024-08-11,2024-08-17,2023,2023-24,46,TRUE
Region 1,202434,202538,2025-09-26,56,3740,9,2,0.294118,0.240642,0.0534759,2024,34,2024-08-18,2024-08-24,2023,2023-24,47,TRUE
Region 1,202435,202538,2025-09-26,55,3644,4,7,0.301866,0.109769,0.192097,2024,35,2024-08-25,2024-08-31,2023,2023-24,48,TRUE
Region 1,202436,202538,2025-09-26,54,3792,17,4,0.553797,0.448312,0.105485,2024,36,2024-09-01,2024-09-07,2023,2023-24,49,TRUE
Region 1,202437,202538,2025-09-26,53,4255,14,3,0.39953,0.329025,0.0705053,2024,37,2024-09-08,2024-09-14,2023,2023-24,50,TRUE
Region 1,202438,202538,2025-09-26,52,4921,8,5,0.264174,0.162569,0.101605,2024,38,2024-09-15,2024-09-21,2023,2023-24,51,TRUE
Region 1,202439,202538,2025-09-26,51,4686,8,7,0.320102,0.170721,0.149381,2024,39,2024-09-22,2024-09-28,2023,2023-24,52,TRUE
Region 1,202440,202638,2026-10-02,103,4884,16,3,0.389025,0.3276,0.0614251,2024,40,2024-09-29,2024-10-05,2024,2024-25,1,TRUE
Region 1,202441,202638,2026-10-02,102,4896,9,4,0.265523,0.183824,0.0816993,2024,41,2024-10-06,2024-10-12,2024,2024-25,2,TRUE
Region 1,202442,202638,2026-10-02,101,4921,14,4,0.365779,0.284495,0.0812843,2024,42,2024-10-13,2024-10-19,2024,2024-25,3,TRUE
Region 1,202443,202638,2026-10-02,100,5344,32,9,0.767216,0.598802,0.168413,2024,43,2024-10-20,2024-10-26,2024,2024-25,4,TRUE
Region 1,202444,202638,2026-10-02,99,4685,26,9,0.747065,0.554963,0.192102,2024,44,2024-10-27,2024-11-02,2024,2024-25,5,TRUE
Region 1,202445,202638,2026-10-02,98,5055,30,8,0.751731,0.593472,0.158259,2024,45,2024-11-03,2024-11-09,2024,2024-25,6,TRUE
Region 1,202446,202638,2026-10-02,97,4923,22,11,0.670323,0.446882,0.223441,2024,46,2024-11-10,2024-11-16,2024,2024-25,7,TRUE
Region 1,202447,202638,2026-10-02,96,5267,32,17,0.930321,0.607556,0.322764,2024,47,2024-11-17,2024-11-23,2024,2024-25,8,TRUE
Region 1,202448,202638,2026-10-02,95,5024,53,8,1.21417,1.05494,0.159236,2024,48,2024-11-24,2024-11-30,2024,2024-25,9,TRUE
Region 1,202449,202638,2026-10-02,94,5921,103,22,2.11113,1.73957,0.371559,2024,49,2024-12-01,2024-12-07,2024,2024-25,10,TRUE
Region 1,202450,202638,2026-10-02,93,6021,204,37,4.00266,3.38814,0.614516,2024,50,2024-12-08,2024-12-14,2024,2024-25,11,TRUE
Region 1,202451,202638,2026-10-02,92,6428,346,44,6.06721,5.3827,0.684505,2024,51,2024-12-15,2024-12-21,2024,2024-25,12,TRUE
Region 1,202452,202638,2026-10-02,91,7134,739,57,11.1578,10.3588,0.798991,2024,52,2024-12-22,2024-12-28,2024,2024-25,13,TRUE
Region 1,202501,202638,2026-10-02,90,8546,1168,76,14.5565,13.6672,0.889305,2025,1,2024-12-29,2025-01-04,2024,2024-25,14,TRUE
Region 1,202502,202638,2026-10-02,89,7828,1189,69,16.0705,15.1891,0.881451,2025,2,2025-01-05,2025-01-11,2024,2024-25,15,TRUE
Region 1,202503,202638,2026-10-02,88,8829,1864,111,22.3695,21.1122,1.25722,2025,3,2025-01-12,2025-01-18,2024,2024-25,16,TRUE
Region 1,202504,202638,2026-10-02,87,9453,2706,141,30.1174,28.6258,1.49159,2025,4,2025-01-19,2025-01-25,2024,2024-25,17,TRUE
Region 1,202505,202638,2026-10-02,86,11041,3422,197,32.7778,30.9936,1.78426,2025,5,2025-01-26,2025-02-01,2024,2024-25,18,TRUE
Region 1,202506,202638,2026-10-02,85,10924,3409,279,33.7605,31.2065,2.55401,2025,6,2025-02-02,2025-02-08,2024,2024-25,19,TRUE
Region 1,202507,202638,2026-10-02,84,10102,2688,287,29.4496,26.6086,2.84102,2025,7,2025-02-09,2025-02-15,2024,2024-25,20,TRUE
Region 1,202508,202638,2026-10-02,83,8642,1821,313,24.6934,21.0715,3.62185,2025,8,2025-02-16,2025-02-22,2024,2024-25,21,TRUE
Region 1,202509,202638,2026-10-02,82,8193,1225,334,19.0284,14.9518,4.07665,2025,9,2025-02-23,2025-03-01,2024,2024-25,22,TRUE
Region 1,202510,202638,2026-10-02,81,7316,897,427,18.0973,12.2608,5.83652,2025,10,2025-03-02,2025-03-08,2024,2024-25,23,TRUE
Region 1,202511,202638,2026-10-02,80,7025,596,502,15.6299,8.48399,7.14591,2025,11,2025-03-09,2025-03-15,2024,2024-25,24,TRUE
Region 1,202512,202638,2026-10-02,79,6499,393,517,14.0022,6.04708,7.95507,2025,12,2025-03-16,2025-03-22,2024,2024-25,25,TRUE
Region 1,202513,202638,2026-10-02,78,6059,242,507,12.3618,3.99406,8.36772,2025,13,2025-03-23,2025-03-29,2024,2024-25,26,TRUE
Region 1,202514,202638,2026-10-02,77,5780,189,443,10.9343,3.2699,7.66436,2025,14,2025-03-30,2025-04-05,2024,2024-25,27,TRUE
Region 1,202515,202638,2026-10-02,76,5507,125,409,9.69675,2.26984,7.42691,2025,15,2025-04-06,2025-04-12,2024,2024-25,28,TRUE
Region 1,202516,202638,2026-10-02,75,5032,94,337,8.56518,1.86804,6.69714,2025,16,2025-04-13,2025-04-19,2024,2024-25,29,TRUE
Region 1,202517,202638,2026-10-02,74,4627,70,192,5.66242,1.51286,4.14956,2025,17,2025-04-20,2025-04-26,2024,2024-25,30,TRUE
Region 1,202518,202638,2026-10-02,73,4365,31,126,3.59679,0.710195,2.8866,2025,18,2025-04-27,2025-05-03,2024,2024-25,31,TRUE
Region 1,202519,202638,2026-10-02,72,4017,11,81,2.29027,0.273836,2.01643,2025,19,2025-05-04,2025-05-10,2024,2024-25,32,TRUE
Region 1,202520,202638,2026-10-02,71,3871,14,44,1.49832,0.361664,1.13666,2025,20,2025-05-11,2025-05-17,2024,2024-25,33,TRUE
Region 1,202521,202638,2026-10-02,70,3718,12,24,0.968263,0.322754,0.645508,2025,21,2025-05-18,2025-05-24,2024,2024-25,34,TRUE
Region 1,202522,202638,2026-10-02,69,3666,15,18,0.900164,0.409165,0.490998,2025,22,2025-05-25,2025-05-31,2024,2024-25,35,TRUE
Region 1,202523,202638,2026-10-02,68,3592,13,9,0.612472,0.361915,0.250557,2025,23,2025-06-01,2025-06-07,2024,2024-25,36,TRUE
Region 1,202524,202638,2026-10-02,67,3241,11,7,0.555384,0.339401,0.215983,2025,24,2025-06-08,2025-06-14,2024,2024-25,37,TRUE
Region 1,202525,202638,2026-10-02,66,3048,9,4,0.426509,0.295276,0.131234,2025,25,2025-06-15,2025-06-21,2024,2024-25,38,TRUE
Region 1,202526,202638,2026-10-02,65,2993,10,3,0.434347,0.334113,0.100234,2025,26,2025-06-22,2025-06-28,2024,2024-25,39,TRUE
Region 1,202527,202638,2026-10-02,64,2586,10,1,0.425367,0.386698,0.0386698,2025,27,2025-06-29,2025-07-05,2024,2024-25,40,TRUE
Region 1,202528,202638,2026-10-02,63,2588,11,0,0.425039,0.425039,0,2025,28,2025-07-06,2025-07-12,2024,2024-25,41,TRUE
Region 1,202529,202638,2026-10-02,62,2534,7,1,0.315706,0.276243,0.0394633,2025,29,2025-07-13,2025-07-19,2024,2024-25,42,TRUE
Region 1,202530,202638,2026-10-02,61,2560,9,1,0.390625,0.351563,0.0390625,2025,30,2025-07-20,2025-07-26,2024,2024-25,43,TRUE
Region 1,202531,202638,2026-10-02,60,2547,10,2,0.471143,0.392619,0.0785238,2025,31,2025-07-27,2025-08-02,2024,2024-25,44,TRUE
Region 1,202532,202638,2026-10-02,59,2820,12,2,0.496454,0.425532,0.070922,2025,32,2025-08-03,2025-08-09,2024,2024-25,45,TRUE
Region 1,202533,202638,2026-10-02,58,2836,5,0,0.176305,0.176305,0,2025,33,2025-08-10,2025-08-16,2024,2024-25,46,TRUE
Region 1,202534,202638,2026-10-02,57,2993,2,0,0.0668226,0.0668226,0,2025,34,2025-08-17,2025-08-23,2024,2024-25,47,TRUE
Region 1,202535,202638,2026-10-02,56,3182,14,0,0.439975,0.439975,0,2025,35,2025-08-24,2025-08-30,2024,2024-25,48,TRUE
Region 1,202536,202638,2026-10-02,55,3431,15,1,0.466336,0.43719,0.029146,2025,36,2025-08-31,2025-09-06,2024,2024-25,49,TRUE
Region 1,202537,202638,2026-10-02,54,3849,8,1,0.233827,0.207846,0.0259808,2025,37,2025-09-07,2025-09-13,2024,2024-25,50,TRUE
Region 1,202538,202638,2026-10-02,53,4288,10,0,0.233209,0.233209,0,2025,38,2025-09-14,2025-09-20,2024,2024-25,51,TRUE
Region 1,202539,202638,2026-10-02,52,4446,20,2,0.494827,0.449843,0.0449843,2025,39,2025-09-21,2025-09-27,2024,2024-25,52,TRUE
Region 1,202540,202638,2026-10-02,51,3889,11,0,0.282849,0.282849,0,2025,40,2025-09-28,2025-10-04,2025,2025-26,1,TRUE
Region 1,202541,202638,2026-10-02,50,3763,12,0,0.318894,0.318894,0,2025,41,2025-10-05,2025-10-11,2025,2025-26,2,TRUE
Region 1,202542,202638,2026-10-02,49,3744,19,0,0.507479,0.507479,0,2025,42,2025-10-12,2025-10-18,2025,2025-26,3,TRUE
Region 1,202543,202638,2026-10-02,48,3845,20,0,0.520156,0.520156,0,2025,43,2025-10-19,2025-10-25,2025,2025-26,4,TRUE
Region 1,202544,202638,2026-10-02,47,3847,23,1,0.623863,0.597868,0.0259943,2025,44,2025-10-26,2025-11-01,2025,2025-26,5,TRUE
Region 1,202545,202638,2026-10-02,46,4173,46,1,1.12629,1.10232,0.0239636,2025,45,2025-11-02,2025-11-08,2025,2025-26,6,TRUE
Region 1,202546,202638,2026-10-02,45,4127,75,1,1.84153,1.8173,0.0242307,2025,46,2025-11-09,2025-11-15,2025,2025-26,7,TRUE
Region 1,202547,202638,2026-10-02,44,4320,109,2,2.56944,2.52315,0.0462963,2025,47,2025-11-16,2025-11-22,2025,2025-26,8,TRUE
Region 1,202548,202638,2026-10-02,43,4286,291,5,6.90621,6.78955,0.116659,2025,48,2025-11-23,2025-11-29,2025,2025-26,9,TRUE
Region 1,202549,202638,2026-10-02,42,5059,532,6,10.6345,10.5159,0.118601,2025,49,2025-11-30,2025-12-06,2025,2025-26,10,TRUE
Region 1,202550,202638,2026-10-02,41,6400,1273,15,20.125,19.8906,0.234375,2025,50,2025-12-07,2025-12-13,2025,2025-26,11,TRUE
Region 1,202551,202638,2026-10-02,40,8245,2405,9,29.2784,29.1692,0.109157,2025,51,2025-12-14,2025-12-20,2025,2025-26,12,TRUE
Region 1,202552,202638,2026-10-02,39,8751,2861,25,32.9791,32.6934,0.285682,2025,52,2025-12-21,2025-12-27,2025,2025-26,13,TRUE
Region 1,202553,202638,2026-10-02,38,8428,2319,18,27.729,27.5154,0.21357400000000001,2025,53,2025-12-28,2026-01-03,2025,2025-26,14,TRUE
Region 1,202601,202638,2026-10-02,37,7447,1427,37,19.6589,19.1621,0.496844,2026,1,2026-01-04,2026-01-10,2025,2025-26,15,TRUE
Region 1,202602,202638,2026-10-02,36,6494,974,32,15.4912,14.9985,0.492763,2026,2,2026-01-11,2026-01-17,2025,2025-26,16,TRUE
Region 1,202603,202638,2026-10-02,35,5584,595,54,11.6225,10.6554,0.967049,2026,3,2026-01-18,2026-01-24,2025,2025-26,17,TRUE
Region 1,202604,202638,2026-10-02,34,4748,312,47,7.56108,6.57119,0.98989,2026,4,2026-01-25,2026-01-31,2025,2025-26,18,TRUE
Region 1,202605,202638,2026-10-02,33,5041,317,137,9.00615,6.28843,2.71771,2026,5,2026-02-01,2026-02-07,2025,2025-26,19,TRUE
Region 1,202606,202638,2026-10-02,32,5386,228,219,8.29929,4.2332,4.0661,2026,6,2026-02-08,2026-02-14,2025,2025-26,20,TRUE
Region 1,202607,202638,2026-10-02,31,5285,178,304,9.12015,3.36802,5.75213,2026,7,2026-02-15,2026-02-21,2025,2025-26,21,TRUE
Region 1,202608,202638,2026-10-02,30,4689,114,263,8.04009,2.43122,5.60887,2026,8,2026-02-22,2026-02-28,2025,2025-26,22,TRUE
Region 1,202609,202638,2026-10-02,29,4490,84,264,7.75056,1.87082,5.87973,2026,9,2026-03-01,2026-03-07,2025,2025-26,23,TRUE
Region 1,202610,202638,2026-10-02,28,4786,62,431,10.3009,1.29545,9.00543,2026,10,2026-03-08,2026-03-14,2025,2025-26,24,TRUE
Region 1,202611,202638,2026-10-02,27,4784,31,419,9.40635,0.647993,8.75836,2026,11,2026-03-15,2026-03-21,2025,2025-26,25,TRUE
Region 1,202612,202638,2026-10-02,26,4977,42,532,11.5331,0.843882,10.6892,2026,12,2026-03-22,2026-03-28,2025,2025-26,26,TRUE
Region 1,202613,202638,2026-10-02,25,4972,30,505,10.7603,0.603379,10.1569,2026,13,2026-03-29,2026-04-04,2025,2025-26,27,TRUE
Region 1,202614,202638,2026-10-02,24,4179,19,367,9.23666,0.454654,8.78201,2026,14,2026-04-05,2026-04-11,2025,2025-26,28,TRUE
Region 1,202615,202638,2026-10-02,23,4296,28,259,6.68063,0.651769,6.02886,2026,15,2026-04-12,2026-04-18,2025,2025-26,29,TRUE
Region 1,202616,202638,2026-10-02,22,3625,14,134,4.08276,0.386207,3.69655,2026,16,2026-04-19,2026-04-25,2025,2025-26,30,TRUE
Region 1,202617,202638,2026-10-02,21,3386,9,93,3.0124,0.2658,2.7466,2026,17,2026-04-26,2026-05-02,2025,2025-26,31,TRUE
Region 1,202618,202638,2026-10-02,20,3598,9,64,2.0289,0.250139,1.77877,2026,18,2026-05-03,2026-05-09,2025,2025-26,32,TRUE
Region 1,202619,202638,2026-10-02,19,3552,8,32,1.12613,0.225225,0.900901,2026,19,2026-05-10,2026-05-16,2025,2025-26,33,TRUE
Region 1,202620,202638,2026-10-02,18,3114,6,29,1.12396,0.192678,0.931278,2026,20,2026-05-17,2026-05-23,2025,2025-26,34,TRUE
Region 1,202621,202638,2026-10-02,17,3063,7,19,0.848841,0.228534,0.620307,2026,21,2026-05-24,2026-05-30,2025,2025-26,35,TRUE
Region 1,202622,202638,2026-10-02,16,2891,1,7,0.276721,0.0345901,0.242131,2026,22,2026-05-31,2026-06-06,2025,2025-26,36,TRUE
Region 1,202623,202638,2026-10-02,15,2659,1,5,0.225649,0.0376081,0.188041,2026,23,2026-06-07,2026-06-13,2025,2025-26,37,TRUE
Region 1,202624,202638,2026-10-02,14,2414,0,2,0.08285,0,0.08285,2026,24,2026-06-14,2026-06-20,2025,2025-26,38,TRUE
Region 1,202625,202638,2026-10-02,13,2361,4,1,0.211775,0.16942,0.0423549,2026,25,2026-06-21,2026-06-27,2025,2025-26,39,TRUE
Region 1,202626,202638,2026-10-02,12,2104,0,2,0.095057,0,0.095057,2026,26,2026-06-28,2026-07-04,2025,2025-26,40,TRUE
Region 1,202627,202638,2026-10-02,11,2180,2,1,0.137615,0.0917431,0.0458716,2026,27,2026-07-05,2026-07-11,2025,2025-26,41,TRUE
Region 1,202628,202638,2026-10-02,10,2050,2,2,0.195122,0.097561,0.097561,2026,28,2026-07-12,2026-07-18,2025,2025-26,42,TRUE
Region 1,202629,202638,2026-10-02,9,1935,3,2,0.258398,0.155039,0.103359,2026,29,2026-07-19,2026-07-25,2025,2025-26,43,TRUE
Region 1,202630,202638,2026-10-02,8,2027,6,2,0.394672,0.296004,0.098668,2026,30,2026-07-26,2026-08-01,2025,2025-26,44,TRUE
Region 1,202631,202638,2026-10-02,7,1930,5,0,0.259067,0.259067,0,2026,31,2026-08-02,2026-08-08,2025,2025-26,45,TRUE
Region 1,202632,202638,2026-10-02,6,1939,5,1,0.309438,0.257865,0.051573,2026,32,2026-08-09,2026-08-15,2025,2025-26,46,TRUE
Region 1,202633,202638,2026-10-02,5,2087,7,2,0.431241,0.33541,0.0958313,2026,33,2026-08-16,2026-08-22,2025,2025-26,47,TRUE
Region 1,202634,202638,2026-10-02,4,2173,13,5,0.828348,0.598251,0.230097,2026,34,2026-08-23,2026-08-29,2025,2025-26,48,TRUE
Region 1,202635,202638,2026-10-02,3,2298,8,5,0.565709,0.348129,0.217581,2026,35,2026-08-30,2026-09-05,2025,2025-26,49,TRUE
Region 1,202636,202638,2026-10-02,2,2679,19,1,0.746547,0.70922,0.0373274,2026,36,2026-09-06,2026-09-12,2025,2025-26,50,TRUE
Region 1,202637,202638,2026-10-02,1,3123,36,1,1.18476,1.15274,0.0320205,2026,37,2026-09-13,2026-09-19,2025,2025-26,51,TRUE
Region 1,202638,202638,2026-10-02,0,1523,50,0,3.28299,3.28299,0,2026,38,2026-09-20,2026-09-26,2025,2025-26,52,TRUE
Region 10,201940,202139,2021-10-08,104,1731,20,5,1.44425,1.1554,0.28885,2019,40,2019-09-29,2019-10-05,2019,2019-20,1,FALSE
Region 10,201941,202139,2021-10-08,103,2155,13,8,0.974478,0.603248,0.37123,2019,41,2019-10-06,2019-10-12,2019,2019-20,2,FALSE
Region 10,201942,202139,2021-10-08,102,2037,24,8,1.57094,1.1782,0.392734,2019,42,2019-10-13,2019-10-19,2019,2019-20,3,FALSE
Region 10,201943,202139,2021-10-08,101,1994,17,14,1.55466,0.852558,0.702106,2019,43,2019-10-20,2019-10-26,2019,2019-20,4,FALSE
Region 10,201944,202139,2021-10-08,100,2086,18,27,2.15724,0.862895,1.29434,2019,44,2019-10-27,2019-11-02,2019,2019-20,5,FALSE
Region 10,201945,202139,2021-10-08,99,2161,12,50,2.86904,0.555298,2.31374,2019,45,2019-11-03,2019-11-09,2019,2019-20,6,FALSE
Region 10,201946,202139,2021-10-08,98,2323,26,125,6.50022,1.11924,5.38097,2019,46,2019-11-10,2019-11-16,2019,2019-20,7,FALSE
Region 10,201947,202139,2021-10-08,97,2516,31,171,8.02862,1.23211,6.7965,2019,47,2019-11-17,2019-11-23,2019,2019-20,8,FALSE
Region 10,201948,202139,2021-10-08,96,2861,36,323,12.5481,1.2583,11.2898,2019,48,2019-11-24,2019-11-30,2019,2019-20,9,FALSE
Region 10,201949,202139,2021-10-08,95,3833,67,571,16.6449,1.74798,14.8969,2019,49,2019-12-01,2019-12-07,2019,2019-20,10,FALSE
Region 10,201950,202139,2021-10-08,94,4798,108,1062,24.3852,2.25094,22.1342,2019,50,2019-12-08,2019-12-14,2019,2019-20,11,FALSE
Region 10,201951,202139,2021-10-08,93,6247,168,1536,27.2771,2.68929,24.5878,2019,51,2019-12-15,2019-12-21,2019,2019-20,12,FALSE
Region 10,201952,202139,2021-10-08,92,6721,213,1629,27.4066,3.16917,24.2375,2019,52,2019-12-22,2019-12-28,2019,2019-20,13,FALSE
Region 10,202001,202139,2021-10-08,91,6913,309,1300,23.275,4.46984,18.8051,2020,1,2019-12-29,2020-01-04,2019,2019-20,14,FALSE
Region 10,202002,202139,2021-10-08,90,5975,336,915,20.9372,5.62343,15.3138,2020,2,2020-01-05,2020-01-11,2019,2019-20,15,FALSE
Region 10,202003,202139,2021-10-08,89,5289,398,597,18.8126,7.52505,11.2876,2020,3,2020-01-12,2020-01-18,2019,2019-20,16,FALSE
Region 10,202004,202139,2021-10-08,88,5418,586,566,21.2625,10.8158,10.4467,2020,4,2020-01-19,2020-01-25,2019,2019-20,17,FALSE
Region 10,202005,202139,2021-10-08,87,5116,569,408,19.097,11.122,7.97498,2020,5,2020-01-26,2020-02-01,2019,2019-20,18,FALSE
Region 10,202006,202139,2021-10-08,86,4595,484,268,16.3656,10.5332,5.83243,2020,6,2020-02-02,2020-02-08,2019,2019-20,19,FALSE
Region 10,202007,202139,2021-10-08,85,4582,517,232,16.3466,11.2833,5.06329,2020,7,2020-02-09,2020-02-15,2019,2019-20,20,FALSE
Region 10,202008,202139,2021-10-08,84,4217,535,192,17.2397,12.6867,4.553,2020,8,2020-02-16,2020-02-22,2019,2019-20,21,FALSE
Region 10,202009,202139,2021-10-08,83,4895,741,157,18.3453,15.1379,3.20735,2020,9,2020-02-23,2020-02-29,2019,2019-20,22,FALSE
Region 10,202010,202139,2021-10-08,82,6541,988,161,17.5661,15.1047,2.4614,2020,10,2020-03-01,2020-03-07,2019,2019-20,23,FALSE
Region 10,202011,202139,2021-10-08,81,8363,796,111,10.8454,9.51812,1.32727,2020,11,2020-03-08,2020-03-14,2019,2019-20,24,FALSE
Region 10,202012,202139,2021-10-08,80,6085,300,41,5.60394,4.93016,0.673788,2020,12,2020-03-15,2020-03-21,2019,2019-20,25,FALSE
Region 10,202013,202139,2021-10-08,79,3848,64,13,2.00104,1.6632,0.337838,2020,13,2020-03-22,2020-03-28,2019,2019-20,26,FALSE
Region 10,202014,202139,2021-10-08,78,2885,10,1,0.381282,0.34662,0.034662,2020,14,2020-03-29,2020-04-04,2019,2019-20,27,FALSE
Region 10,202015,202139,2021-10-08,77,1907,1,0,0.0524384,0.0524384,0,2020,15,2020-04-05,2020-04-11,2019,2019-20,28,FALSE
Region 10,202016,202139,2021-10-08,76,1223,0,0,0,0,0,2020,16,2020-04-12,2020-04-18,2019,2019-20,29,FALSE
Region 10,202017,202139,2021-10-08,75,1083,2,0,0.184672,0.184672,0,2020,17,2020-04-19,2020-04-25,2019,2019-20,30,FALSE
Region 10,202018,202139,2021-10-08,74,792,2,2,0.505051,0.252525,0.252525,2020,18,2020-04-26,2020-05-02,2019,2019-20,31,FALSE
Region 10,202019,202139,2021-10-08,73,638,0,0,0,0,0,2020,19,2020-05-03,2020-05-09,2019,2019-20,32,FALSE
Region 10,202020,202139,2021-10-08,72,674,1,0,0.148368,0.148368,0,2020,20,2020-05-10,2020-05-16,2019,2019-20,33,FALSE
Region 10,202021,202139,2021-10-08,71,463,0,0,0,0,0,2020,21,2020-05-17,2020-05-23,2019,2019-20,34,FALSE
Region 10,202022,202139,2021-10-08,70,374,0,0,0,0,0,2020,22,2020-05-24,2020-05-30,2019,2019-20,35,FALSE
Region 10,202023,202139,2021-10-08,69,366,0,0,0,0,0,2020,23,2020-05-31,2020-06-06,2019,2019-20,36,FALSE
Region 10,202024,202139,2021-10-08,68,348,0,0,0,0,0,2020,24,2020-06-07,2020-06-13,2019,2019-20,37,FALSE
Region 10,202025,202139,2021-10-08,67,301,0,0,0,0,0,2020,25,2020-06-14,2020-06-20,2019,2019-20,38,FALSE
Region 10,202026,202139,2021-10-08,66,279,0,0,0,0,0,2020,26,2020-06-21,2020-06-27,2019,2019-20,39,FALSE
Region 10,202027,202139,2021-10-08,65,250,0,0,0,0,0,2020,27,2020-06-28,2020-07-04,2019,2019-20,40,FALSE
Region 10,202028,202139,2021-10-08,64,260,1,0,0.384615,0.384615,0,2020,28,2020-07-05,2020-07-11,2019,2019-20,41,FALSE
Region 10,202029,202139,2021-10-08,63,236,0,0,0,0,0,2020,29,2020-07-12,2020-07-18,2019,2019-20,42,FALSE
Region 10,202030,202139,2021-10-08,62,171,0,0,0,0,0,2020,30,2020-07-19,2020-07-25,2019,2019-20,43,FALSE
Region 10,202031,202139,2021-10-08,61,177,0,0,0,0,0,2020,31,2020-07-26,2020-08-01,2019,2019-20,44,FALSE
Region 10,202032,202139,2021-10-08,60,149,1,0,0.671141,0.671141,0,2020,32,2020-08-02,2020-08-08,2019,2019-20,45,FALSE
Region 10,202033,202139,2021-10-08,59,173,0,0,0,0,0,2020,33,2020-08-09,2020-08-15,2019,2019-20,46,FALSE
Region 10,202034,202139,2021-10-08,58,210,0,0,0,0,0,2020,34,2020-08-16,2020-08-22,2019,2019-20,47,FALSE
Region 10,202035,202139,2021-10-08,57,179,0,0,0,0,0,2020,35,2020-08-23,2020-08-29,2019,2019-20,48,FALSE
Region 10,202036,202139,2021-10-08,56,174,0,0,0,0,0,2020,36,2020-08-30,2020-09-05,2019,2019-20,49,FALSE
Region 10,202037,202139,2021-10-08,55,169,0,0,0,0,0,2020,37,2020-09-06,2020-09-12,2019,2019-20,50,FALSE
Region 10,202038,202139,2021-10-08,54,283,0,0,0,0,0,2020,38,2020-09-13,2020-09-19,2019,2019-20,51,FALSE
Region 10,202039,202139,2021-10-08,53,306,0,0,0,0,0,2020,39,2020-09-20,2020-09-26,2019,2019-20,52,FALSE
Region 10,202040,202239,2022-10-07,104,589,0,0,0,0,0,2020,40,2020-09-27,2020-10-03,2020,2020-21,1,FALSE
Region 10,202041,202239,2022-10-07,103,821,1,2,0.365408,0.121803,0.243605,2020,41,2020-10-04,2020-10-10,2020,2020-21,2,FALSE
Region 10,202042,202239,2022-10-07,102,871,2,1,0.344432,0.229621,0.114811,2020,42,2020-10-11,2020-10-17,2020,2020-21,3,FALSE
Region 10,202043,202239,2022-10-07,101,1003,2,1,0.299103,0.199402,0.0997009,2020,43,2020-10-18,2020-10-24,2020,2020-21,4,FALSE
Region 10,202044,202239,2022-10-07,100,1158,1,2,0.259067,0.0863558,0.172712,2020,44,2020-10-25,2020-10-31,2020,2020-21,5,FALSE
Region 10,202045,202239,2022-10-07,99,1856,1,1,0.107759,0.0538793,0.0538793,2020,45,2020-11-01,2020-11-07,2020,2020-21,6,FALSE
Region 10,202046,202239,2022-10-07,98,2465,1,4,0.20284,0.040568,0.162272,2020,46,2020-11-08,2020-11-14,2020,2020-21,7,FALSE
Region 10,202047,202239,2022-10-07,97,3161,2,1,0.0949067,0.0632711,0.0316356,2020,47,2020-11-15,2020-11-21,2020,2020-21,8,FALSE
Region 10,202048,202239,2022-10-07,96,3056,0,1,0.0327225,0,0.0327225,2020,48,2020-11-22,2020-11-28,2020,2020-21,9,FALSE
Region 10,202049,202239,2022-10-07,95,3556,2,4,0.168729,0.056243,0.112486,2020,49,2020-11-29,2020-12-05,2020,2020-21,10,FALSE
Region 10,202050,202239,2022-10-07,94,3225,1,5,0.186047,0.0310078,0.155039,2020,50,2020-12-06,2020-12-12,2020,2020-21,11,FALSE
Region 10,202051,202239,2022-10-07,93,3087,1,0,0.0323939,0.0323939,0,2020,51,2020-12-13,2020-12-19,2020,2020-21,12,FALSE
Region 10,202052,202239,2022-10-07,92,2850,1,4,0.175439,0.0350877,0.140351,2020,52,2020-12-20,2020-12-26,2020,2020-21,13,FALSE
Region 10,202053,202239,2022-10-07,91,3080,1,2,0.0974026,0.0324675,0.0649351,2020,53,2020-12-27,2021-01-02,2020,2020-21,14,FALSE
Region 10,202101,202239,2022-10-07,90,3283,2,4,0.18276,0.0609199,0.12184,2021,1,2021-01-03,2021-01-09,2020,2020-21,15,FALSE
Region 10,202102,202239,2022-10-07,89,3235,0,3,0.0927357,0,0.0927357,2021,2,2021-01-10,2021-01-16,2020,2020-21,16,FALSE
Region 10,202103,202239,2022-10-07,88,2927,0,1,0.0341647,0,0.0341647,2021,3,2021-01-17,2021-01-23,2020,2020-21,17,FALSE
Region 10,202104,202239,2022-10-07,87,3089,1,2,0.0971188,0.0323729,0.0647459,2021,4,2021-01-24,2021-01-30,2020,2020-21,18,FALSE
Region 10,202105,202239,2022-10-07,86,3002,2,1,0.0999334,0.0666223,0.0333111,2021,5,2021-01-31,2021-02-06,2020,2020-21,19,FALSE
Region 10,202106,202239,2022-10-07,85,1830,0,0,0,0,0,2021,6,2021-02-07,2021-02-13,2020,2020-21,20,FALSE
Region 10,202107,202239,2022-10-07,84,2486,0,3,0.120676,0,0.120676,2021,7,2021-02-14,2021-02-20,2020,2020-21,21,FALSE
Region 10,202108,202239,2022-10-07,83,2510,1,1,0.0796813,0.0398406,0.0398406,2021,8,2021-02-21,2021-02-27,2020,2020-21,22,FALSE
Region 10,202109,202239,2022-10-07,82,2468,1,0,0.0405186,0.0405186,0,2021,9,2021-02-28,2021-03-06,2020,2020-21,23,FALSE
Region 10,202110,202239,2022-10-07,81,2767,1,0,0.0361402,0.0361402,0,2021,10,2021-03-07,2021-03-13,2020,2020-21,24,FALSE
Region 10,202111,202239,2022-10-07,80,2928,1,2,0.102459,0.034153,0.068306,2021,11,2021-03-14,2021-03-20,2020,2020-21,25,FALSE
Region 10,202112,202239,2022-10-07,79,2975,1,0,0.0336134,0.0336134,0,2021,12,2021-03-21,2021-03-27,2020,2020-21,26,FALSE
Region 10,202113,202239,2022-10-07,78,2901,1,0,0.0344709,0.0344709,0,2021,13,2021-03-28,2021-04-03,2020,2020-21,27,FALSE
Region 10,202114,202239,2022-10-07,77,3173,1,0,0.0315159,0.0315159,0,2021,14,2021-04-04,2021-04-10,2020,2020-21,28,FALSE
Region 10,202115,202239,2022-10-07,76,3361,0,0,0,0,0,2021,15,2021-04-11,2021-04-17,2020,2020-21,29,FALSE
Region 10,202116,202239,2022-10-07,75,2922,1,0,0.0342231,0.0342231,0,2021,16,2021-04-18,2021-04-24,2020,2020-21,30,FALSE
Region 10,202117,202239,2022-10-07,74,3167,0,1,0.0315756,0,0.0315756,2021,17,2021-04-25,2021-05-01,2020,2020-21,31,FALSE
Region 10,202118,202239,2022-10-07,73,3178,0,0,0,0,0,2021,18,2021-05-02,2021-05-08,2020,2020-21,32,FALSE
Region 10,202119,202239,2022-10-07,72,3139,0,1,0.0318573,0,0.0318573,2021,19,2021-05-09,2021-05-15,2020,2020-21,33,FALSE
Region 10,202120,202239,2022-10-07,71,2957,1,0,0.0338181,0.0338181,0,2021,20,2021-05-16,2021-05-22,2020,2020-21,34,FALSE
Region 10,202121,202239,2022-10-07,70,2962,1,1,0.0675219,0.033761,0.033761,2021,21,2021-05-23,2021-05-29,2020,2020-21,35,FALSE
Region 10,202122,202239,2022-10-07,69,2943,0,1,0.0339789,0,0.0339789,2021,22,2021-05-30,2021-06-05,2020,2020-21,36,FALSE
Region 10,202123,202239,2022-10-07,68,2842,0,0,0,0,0,2021,23,2021-06-06,2021-06-12,2020,2020-21,37,FALSE
Region 10,202124,202239,2022-10-07,67,2859,0,0,0,0,0,2021,24,2021-06-13,2021-06-19,2020,2020-21,38,FALSE
Region 10,202125,202239,2022-10-07,66,2797,1,0,0.0357526,0.0357526,0,2021,25,2021-06-20,2021-06-26,2020,2020-21,39,FALSE
Region 10,202126,202239,2022-10-07,65,2255,0,2,0.0886918,0,0.0886918,2021,26,2021-06-27,2021-07-03,2020,2020-21,40,FALSE
Region 10,202127,202239,2022-10-07,64,2936,0,3,0.10218000000000001,0,0.10218000000000001,2021,27,2021-07-04,2021-07-10,2020,2020-21,41,FALSE
Region 10,202128,202239,2022-10-07,63,3127,1,0,0.0319795,0.0319795,0,2021,28,2021-07-11,2021-07-17,2020,2020-21,42,FALSE
Region 10,202129,202239,2022-10-07,62,3254,0,0,0,0,0,2021,29,2021-07-18,2021-07-24,2020,2020-21,43,FALSE
Region 10,202130,202239,2022-10-07,61,3931,0,0,0,0,0,2021,30,2021-07-25,2021-07-31,2020,2020-21,44,FALSE
Region 10,202131,202239,2022-10-07,60,4305,0,0,0,0,0,2021,31,2021-08-01,2021-08-07,2020,2020-21,45,FALSE
Region 10,202132,202239,2022-10-07,59,4286,0,0,0,0,0,2021,32,2021-08-08,2021-08-14,2020,2020-21,46,FALSE
Region 10,202133,202239,2022-10-07,58,4339,0,1,0.0230468,0,0.0230468,2021,33,2021-08-15,2021-08-21,2020,2020-21,47,FALSE
Region 10,202134,202239,2022-10-07,57,3374,1,0,0.0296384,0.0296384,0,2021,34,2021-08-22,2021-08-28,2020,2020-21,48,FALSE
Region 10,202135,202239,2022-10-07,56,4307,1,0,0.023218,0.023218,0,2021,35,2021-08-29,2021-09-04,2020,2020-21,49,FALSE
Region 10,202136,202239,2022-10-07,55,4242,1,0,0.0235738,0.0235738,0,2021,36,2021-09-05,2021-09-11,2020,2020-21,50,FALSE
Region 10,202137,202239,2022-10-07,54,4354,0,1,0.0229674,0,0.0229674,2021,37,2021-09-12,2021-09-18,2020,2020-21,51,FALSE
Region 10,202138,202239,2022-10-07,53,4564,0,0,0,0,0,2021,38,2021-09-19,2021-09-25,2020,2020-21,52,FALSE
Region 10,202139,202239,2022-10-07,52,4243,0,0,0,0,0,2021,39,2021-09-26,2021-10-02,2020,2020-21,53,FALSE
Region 10,202140,202339,2023-10-06,103,4769,1,1,0.0419375,0.0209688,0.0209688,2021,40,2021-10-03,2021-10-09,2021,2021-22,1,FALSE
Region 10,202141,202339,2023-10-06,102,5324,0,0,0,0,0,2021,41,2021-10-10,2021-10-16,2021,2021-22,2,FALSE
Region 10,202142,202339,2023-10-06,101,5387,0,2,0.0371264,0,0.0371264,2021,42,2021-10-17,2021-10-23,2021,2021-22,3,FALSE
Region 10,202143,202339,2023-10-06,100,5754,2,4,0.104275,0.0347584,0.0695169,2021,43,2021-10-24,2021-10-30,2021,2021-22,4,FALSE
Region 10,202144,202339,2023-10-06,99,5780,0,2,0.0346021,0,0.0346021,2021,44,2021-10-31,2021-11-06,2021,2021-22,5,FALSE
Region 10,202145,202339,2023-10-06,98,6041,3,7,0.165536,0.0496607,0.115875,2021,45,2021-11-07,2021-11-13,2021,2021-22,6,FALSE
Region 10,202146,202339,2023-10-06,97,6171,7,3,0.162048,0.113434,0.0486145,2021,46,2021-11-14,2021-11-20,2021,2021-22,7,FALSE
Region 10,202147,202339,2023-10-06,96,5994,16,5,0.35035,0.266934,0.0834168,2021,47,2021-11-21,2021-11-27,2021,2021-22,8,FALSE
Region 10,202148,202339,2023-10-06,95,7155,20,9,0.405311,0.279525,0.125786,2021,48,2021-11-28,2021-12-04,2021,2021-22,9,FALSE
Region 10,202149,202339,2023-10-06,94,7166,37,5,0.586101,0.516327,0.0697739,2021,49,2021-12-05,2021-12-11,2021,2021-22,10,FALSE
Region 10,202150,202339,2023-10-06,93,7665,48,8,0.730594,0.626223,0.104371,2021,50,2021-12-12,2021-12-18,2021,2021-22,11,FALSE
Region 10,202151,202339,2023-10-06,92,7966,76,12,1.10469,0.954055,0.15064,2021,51,2021-12-19,2021-12-25,2021,2021-22,12,FALSE
Region 10,202152,202339,2023-10-06,91,9277,67,8,0.808451,0.722216,0.0862348,2021,52,2021-12-26,2022-01-01,2021,2021-22,13,FALSE
Region 10,202201,202339,2023-10-06,90,10485,44,12,0.534096,0.419647,0.114449,2022,1,2022-01-02,2022-01-08,2021,2021-22,14,FALSE
Region 10,202202,202339,2023-10-06,89,8784,50,12,0.705829,0.569217,0.136612,2022,2,2022-01-09,2022-01-15,2021,2021-22,15,FALSE
Region 10,202203,202339,2023-10-06,88,7170,22,23,0.627615,0.306834,0.320781,2022,3,2022-01-16,2022-01-22,2021,2021-22,16,FALSE
Region 10,202204,202339,2023-10-06,87,6939,32,18,0.720565,0.461162,0.259403,2022,4,2022-01-23,2022-01-29,2021,2021-22,17,FALSE
Region 10,202205,202339,2023-10-06,86,5589,17,5,0.39363,0.304169,0.0894614,2022,5,2022-01-30,2022-02-05,2021,2021-22,18,FALSE
Region 10,202206,202339,2023-10-06,85,4955,32,6,0.766902,0.645812,0.12109,2022,6,2022-02-06,2022-02-12,2021,2021-22,19,FALSE
Region 10,202207,202339,2023-10-06,84,4905,54,16,1.42712,1.10092,0.326198,2022,7,2022-02-13,2022-02-19,2021,2021-22,20,FALSE
Region 10,202208,202339,2023-10-06,83,4770,65,4,1.44654,1.36268,0.0838574,2022,8,2022-02-20,2022-02-26,2021,2021-22,21,FALSE
Region 10,202209,202339,2023-10-06,82,5093,130,4,2.63106,2.55252,0.0785392,2022,9,2022-02-27,2022-03-05,2021,2021-22,22,FALSE
Region 10,202210,202339,2023-10-06,81,4893,130,10,2.86123,2.65686,0.204374,2022,10,2022-03-06,2022-03-12,2021,2021-22,23,FALSE
Region 10,202211,202339,2023-10-06,80,5095,174,12,3.65064,3.41511,0.235525,2022,11,2022-03-13,2022-03-19,2021,2021-22,24,FALSE
Region 10,202212,202339,2023-10-06,79,5510,206,14,3.99274,3.73866,0.254083,2022,12,2022-03-20,2022-03-26,2021,2021-22,25,FALSE
Region 10,202213,202339,2023-10-06,78,5471,192,12,3.72875,3.50941,0.219338,2022,13,2022-03-27,2022-04-02,2021,2021-22,26,FALSE
Region 10,202214,202339,2023-10-06,77,5365,170,5,3.26188,3.16869,0.0931966,2022,14,2022-04-03,2022-04-09,2021,2021-22,27,FALSE
Region 10,202215,202339,2023-10-06,76,5872,262,7,4.58106,4.46185,0.11921,2022,15,2022-04-10,2022-04-16,2021,2021-22,28,FALSE
Region 10,202216,202339,2023-10-06,75,6657,379,13,5.88854,5.69326,0.195283,2022,16,2022-04-17,2022-04-23,2021,2021-22,29,FALSE
Region 10,202217,202339,2023-10-06,74,6903,380,4,5.5628,5.50485,0.0579458,2022,17,2022-04-24,2022-04-30,2021,2021-22,30,FALSE
Region 10,202218,202339,2023-10-06,73,7582,433,4,5.76365,5.71089,0.0527565,2022,18,2022-05-01,2022-05-07,2021,2021-22,31,FALSE
Region 10,202219,202339,2023-10-06,72,7848,435,12,5.69572,5.54281,0.152905,2022,19,2022-05-08,2022-05-14,2021,2021-22,32,FALSE
Region 10,202220,202339,2023-10-06,71,8443,468,6,5.61412,5.54305,0.0710648,2022,20,2022-05-15,2022-05-21,2021,2021-22,33,FALSE
Region 10,202221,202339,2023-10-06,70,9035,503,5,5.62258,5.56724,0.0553403,2022,21,2022-05-22,2022-05-28,2021,2021-22,34,FALSE
Region 10,202222,202339,2023-10-06,69,8443,380,14,4.66659,4.50077,0.165818,2022,22,2022-05-29,2022-06-04,2021,2021-22,35,FALSE
Region 10,202223,202339,2023-10-06,68,7201,238,5,3.37453,3.3051,0.0694348,2022,23,2022-06-05,2022-06-11,2021,2021-22,36,FALSE
Region 10,202224,202339,2023-10-06,67,6717,228,6,3.4837,3.39437,0.0893256,2022,24,2022-06-12,2022-06-18,2021,2021-22,37,FALSE
Region 10,202225,202339,2023-10-06,66,6869,164,6,2.47489,2.38754,0.087349,2022,25,2022-06-19,2022-06-25,2021,2021-22,38,FALSE
Region 10,202226,202339,2023-10-06,65,5782,94,0,1.62574,1.62574,0,2022,26,2022-06-26,2022-07-02,2021,2021-22,39,FALSE
Region 10,202227,202339,2023-10-06,64,7028,86,2,1.25213,1.22368,0.0284576,2022,27,2022-07-03,2022-07-09,2021,2021-22,40,FALSE
Region 10,202228,202339,2023-10-06,63,5952,82,1,1.39449,1.37769,0.0168011,2022,28,2022-07-10,2022-07-16,2021,2021-22,41,FALSE
Region 10,202229,202339,2023-10-06,62,5402,28,1,0.536838,0.518327,0.0185117,2022,29,2022-07-17,2022-07-23,2021,2021-22,42,FALSE
Region 10,202230,202339,2023-10-06,61,5583,29,0,0.519434,0.519434,0,2022,30,2022-07-24,2022-07-30,2021,2021-22,43,FALSE
Region 10,202231,202339,2023-10-06,60,4841,22,1,0.475108,0.454452,0.0206569,2022,31,2022-07-31,2022-08-06,2021,2021-22,44,FALSE
Region 10,202232,202339,2023-10-06,59,5109,22,1,0.450186,0.430613,0.0195733,2022,32,2022-08-07,2022-08-13,2021,2021-22,45,FALSE
Region 10,202233,202339,2023-10-06,58,4983,16,1,0.34116,0.321092,0.0200682,2022,33,2022-08-14,2022-08-20,2021,2021-22,46,FALSE
Region 10,202234,202339,2023-10-06,57,3841,14,1,0.390523,0.364488,0.0260349,2022,34,2022-08-21,2022-08-27,2021,2021-22,47,FALSE
Region 10,202235,202339,2023-10-06,56,4478,14,2,0.357302,0.31264,0.0446628,2022,35,2022-08-28,2022-09-03,2021,2021-22,48,FALSE
Region 10,202236,202339,2023-10-06,55,4517,16,1,0.376356,0.354217,0.0221386,2022,36,2022-09-04,2022-09-10,2021,2021-22,49,FALSE
Region 10,202237,202339,2023-10-06,54,5299,11,2,0.245329,0.207586,0.037743,2022,37,2022-09-11,2022-09-17,2021,2021-22,50,FALSE
Region 10,202238,202339,2023-10-06,53,5813,18,1,0.326854,0.309651,0.0172028,2022,38,2022-09-18,2022-09-24,2021,2021-22,51,FALSE
Region 10,202239,202339,2023-10-06,52,7894,46,4,0.633392,0.582721,0.0506714,2022,39,2022-09-25,2022-10-01,2021,2021-22,52,FALSE
Region 10,202240,202439,2024-10-04,103,6302,43,3,0.729927,0.682323,0.0476039,2022,40,2022-10-02,2022-10-08,2022,2022-23,1,TRUE
Region 10,202241,202439,2024-10-04,102,6738,39,5,0.653013,0.578807,0.074206,2022,41,2022-10-09,2022-10-15,2022,2022-23,2,TRUE
Region 10,202242,202439,2024-10-04,101,8193,99,7,1.29379,1.20835,0.0854388,2022,42,2022-10-16,2022-10-22,2022,2022-23,3,TRUE
Region 10,202243,202439,2024-10-04,100,8980,250,10,2.89532,2.78396,0.111359,2022,43,2022-10-23,2022-10-29,2022,2022-23,4,TRUE
Region 10,202244,202439,2024-10-04,99,10957,667,8,6.16045,6.08743,0.0730127,2022,44,2022-10-30,2022-11-05,2022,2022-23,5,TRUE
Region 10,202245,202439,2024-10-04,98,13426,1611,13,12.0959,11.9991,0.0968271,2022,45,2022-11-06,2022-11-12,2022,2022-23,6,TRUE
Region 10,202246,202439,2024-10-04,97,15769,3236,6,20.5593,20.5213,0.0380493,2022,46,2022-11-13,2022-11-19,2022,2022-23,7,TRUE
Region 10,202247,202439,2024-10-04,96,16767,5320,17,31.8304,31.729,0.10139,2022,47,2022-11-20,2022-11-26,2022,2022-23,8,TRUE
Region 10,202248,202439,2024-10-04,95,20839,6132,14,29.4928,29.4256,0.0671817,2022,48,2022-11-27,2022-12-03,2022,2022-23,9,TRUE
Region 10,202249,202439,2024-10-04,94,18772,5408,17,28.8994,28.8089,0.0905604,2022,49,2022-12-04,2022-12-10,2022,2022-23,10,TRUE
Region 10,202250,202439,2024-10-04,93,15802,3867,11,24.5412,24.4716,0.0696114,2022,50,2022-12-11,2022-12-17,2022,2022-23,11,TRUE
Region 10,202251,202439,2024-10-04,92,14904,3002,8,20.1959,20.1422,0.0536769,2022,51,2022-12-18,2022-12-24,2022,2022-23,12,TRUE
Region 10,202252,202439,2024-10-04,91,14221,1932,7,13.6348,13.5855,0.049223,2022,52,2022-12-25,2022-12-31,2022,2022-23,13,TRUE
Region 10,202301,202439,2024-10-04,90,11943,723,5,6.09562,6.05376,0.0418655,2023,1,2023-01-01,2023-01-07,2022,2022-23,14,TRUE
Region 10,202302,202439,2024-10-04,89,11407,355,5,3.15596,3.11212,0.0438327,2023,2,2023-01-08,2023-01-14,2022,2022-23,15,TRUE
Region 10,202303,202439,2024-10-04,88,10078,187,5,1.90514,1.85553,0.049613,2023,3,2023-01-15,2023-01-21,2022,2022-23,16,TRUE
Region 10,202304,202439,2024-10-04,87,8949,95,2,1.08392,1.06157,0.0223489,2023,4,2023-01-22,2023-01-28,2022,2022-23,17,TRUE
Region 10,202305,202439,2024-10-04,86,9254,73,0,0.788848,0.788848,0,2023,5,2023-01-29,2023-02-04,2022,2022-23,18,TRUE
Region 10,202306,202439,2024-10-04,85,10318,67,5,0.69781,0.649351,0.048459,2023,6,2023-02-05,2023-02-11,2022,2022-23,19,TRUE
Region 10,202307,202439,2024-10-04,84,9716,36,9,0.463154,0.370523,0.0926307,2023,7,2023-02-12,2023-02-18,2022,2022-23,20,TRUE
Region 10,202308,202439,2024-10-04,83,8545,32,6,0.444705,0.374488,0.0702165,2023,8,2023-02-19,2023-02-25,2022,2022-23,21,TRUE
Region 10,202309,202439,2024-10-04,82,8574,32,3,0.408211,0.373221,0.0349895,2023,9,2023-02-26,2023-03-04,2022,2022-23,22,TRUE
Region 10,202310,202439,2024-10-04,81,9089,50,7,0.627132,0.550116,0.0770162,2023,10,2023-03-05,2023-03-11,2022,2022-23,23,TRUE
Region 10,202311,202439,2024-10-04,80,9243,37,9,0.497674,0.400303,0.097371,2023,11,2023-03-12,2023-03-18,2022,2022-23,24,TRUE
Region 10,202312,202439,2024-10-04,79,8113,23,7,0.369777,0.283496,0.0862813,2023,12,2023-03-19,2023-03-25,2022,2022-23,25,TRUE
Region 10,202313,202439,2024-10-04,78,7793,22,11,0.423457,0.282305,0.141152,2023,13,2023-03-26,2023-04-01,2022,2022-23,26,TRUE
Region 10,202314,202439,2024-10-04,77,6923,10,11,0.303337,0.144446,0.158891,2023,14,2023-04-02,2023-04-08,2022,2022-23,27,TRUE
Region 10,202315,202439,2024-10-04,76,6701,16,10,0.388002,0.23877,0.149231,2023,15,2023-04-09,2023-04-15,2022,2022-23,28,TRUE
Region 10,202316,202439,2024-10-04,75,6461,5,15,0.30955,0.0773874,0.232162,2023,16,2023-04-16,2023-04-22,2022,2022-23,29,TRUE
Region 10,202317,202439,2024-10-04,74,6025,6,10,0.26556,0.0995851,0.165975,2023,17,2023-04-23,2023-04-29,2022,2022-23,30,TRUE
Region 10,202318,202439,2024-10-04,73,5861,12,8,0.341239,0.204743,0.136495,2023,18,2023-04-30,2023-05-06,2022,2022-23,31,TRUE
Region 10,202319,202439,2024-10-04,72,5307,13,3,0.301489,0.244959,0.0565291,2023,19,2023-05-07,2023-05-13,2022,2022-23,32,TRUE
Region 10,202320,202439,2024-10-04,71,5086,23,8,0.609516,0.452222,0.157295,2023,20,2023-05-14,2023-05-20,2022,2022-23,33,TRUE
Region 10,202321,202439,2024-10-04,70,4613,26,2,0.60698,0.563625,0.0433557,2023,21,2023-05-21,2023-05-27,2022,2022-23,34,TRUE
Region 10,202322,202439,2024-10-04,69,4805,34,4,0.790843,0.707596,0.0832466,2023,22,2023-05-28,2023-06-03,2022,2022-23,35,TRUE
Region 10,202323,202439,2024-10-04,68,4298,52,4,1.30293,1.20987,0.0930665,2023,23,2023-06-04,2023-06-10,2022,2022-23,36,TRUE
Region 10,202324,202439,2024-10-04,67,3740,32,6,1.01604,0.855615,0.160428,2023,24,2023-06-11,2023-06-17,2022,2022-23,37,TRUE
Region 10,202325,202439,2024-10-04,66,3546,34,2,1.01523,0.958827,0.0564016,2023,25,2023-06-18,2023-06-24,2022,2022-23,38,TRUE
Region 10,202326,202439,2024-10-04,65,2704,50,3,1.96006,1.84911,0.110947,2023,26,2023-06-25,2023-07-01,2022,2022-23,39,TRUE
Region 10,202327,202439,2024-10-04,64,3404,22,2,0.705053,0.646298,0.0587544,2023,27,2023-07-02,2023-07-08,2022,2022-23,40,TRUE
Region 10,202328,202439,2024-10-04,63,3186,12,3,0.47081,0.376648,0.094162,2023,28,2023-07-09,2023-07-15,2022,2022-23,41,TRUE
Region 10,202329,202439,2024-10-04,62,3334,22,3,0.74985,0.659868,0.089982,2023,29,2023-07-16,2023-07-22,2022,2022-23,42,TRUE
Region 10,202330,202439,2024-10-04,61,3265,16,5,0.643185,0.490046,0.153139,2023,30,2023-07-23,2023-07-29,2022,2022-23,43,TRUE
Region 10,202331,202439,2024-10-04,60,3416,20,4,0.702576,0.58548,0.117096,2023,31,2023-07-30,2023-08-05,2022,2022-23,44,TRUE
Region 10,202332,202439,2024-10-04,59,3659,24,11,0.956546,0.655917,0.300629,2023,32,2023-08-06,2023-08-12,2022,2022-23,45,TRUE
Region 10,202333,202439,2024-10-04,58,3788,19,2,0.554382,0.501584,0.0527983,2023,33,2023-08-13,2023-08-19,2022,2022-23,46,TRUE
Region 10,202334,202439,2024-10-04,57,4065,20,1,0.516605,0.492005,0.0246002,2023,34,2023-08-20,2023-08-26,2022,2022-23,47,TRUE
Region 10,202335,202439,2024-10-04,56,4378,15,5,0.45683,0.342622,0.114207,2023,35,2023-08-27,2023-09-02,2022,2022-23,48,TRUE
Region 10,202336,202439,2024-10-04,55,4628,31,2,0.713051,0.669836,0.0432152,2023,36,2023-09-03,2023-09-09,2022,2022-23,49,TRUE
Region 10,202337,202439,2024-10-04,54,5429,47,3,0.92098,0.865721,0.0552588,2023,37,2023-09-10,2023-09-16,2022,2022-23,50,TRUE
Region 10,202338,202439,2024-10-04,53,6037,42,4,0.761968,0.69571,0.0662581,2023,38,2023-09-17,2023-09-23,2022,2022-23,51,TRUE
Region 10,202339,202439,2024-10-04,52,6825,35,2,0.542125,0.512821,0.029304,2023,39,2023-09-24,2023-09-30,2022,2022-23,52,TRUE
Region 10,202340,202538,2025-09-26,102,5124,41,5,0.897736,0.800156,0.09758,2023,40,2023-10-01,2023-10-07,2023,2023-24,1,TRUE
Region 10,202341,202538,2025-09-26,101,5304,47,5,0.980392,0.886124,0.0942685,2023,41,2023-10-08,2023-10-14,2023,2023-24,2,TRUE
Region 10,202342,202538,2025-09-26,100,5221,55,18,1.3982,1.05344,0.344762,2023,42,2023-10-15,2023-10-21,2023,2023-24,3,TRUE
Region 10,202343,202538,2025-09-26,99,5168,54,9,1.21904,1.04489,0.174149,2023,43,2023-10-22,2023-10-28,2023,2023-24,4,TRUE
Region 10,202344,202538,2025-09-26,98,5283,78,12,1.70358,1.47643,0.227144,2023,44,2023-10-29,2023-11-04,2023,2023-24,5,TRUE
Region 10,202345,202538,2025-09-26,97,5727,102,25,2.21757,1.78104,0.436529,2023,45,2023-11-05,2023-11-11,2023,2023-24,6,TRUE
Region 10,202346,202538,2025-09-26,96,6774,144,42,2.74579,2.12578,0.620018,2023,46,2023-11-12,2023-11-18,2023,2023-24,7,TRUE
Region 10,202347,202538,2025-09-26,95,6774,239,68,4.53203,3.5282,1.00384,2023,47,2023-11-19,2023-11-25,2023,2023-24,8,TRUE
Region 10,202348,202538,2025-09-26,94,8414,329,90,4.9798,3.91015,1.06965,2023,48,2023-11-26,2023-12-02,2023,2023-24,9,TRUE
Region 10,202349,202538,2025-09-26,93,8264,464,116,7.01839,5.61471,1.40368,2023,49,2023-12-03,2023-12-09,2023,2023-24,10,TRUE
Region 10,202350,202538,2025-09-26,92,8635,583,122,8.16445,6.75159,1.41285,2023,50,2023-12-10,2023-12-16,2023,2023-24,11,TRUE
Region 10,202351,202538,2025-09-26,91,9382,899,171,11.4048,9.58218,1.82264,2023,51,2023-12-17,2023-12-23,2023,2023-24,12,TRUE
Region 10,202352,202538,2025-09-26,90,8524,834,123,11.2271,9.78414,1.44298,2023,52,2023-12-24,2023-12-30,2023,2023-24,13,TRUE
Region 10,202401,202538,2025-09-26,89,9536,880,140,10.6963,9.22819,1.46812,2024,1,2023-12-31,2024-01-06,2023,2023-24,14,TRUE
Region 10,202402,202538,2025-09-26,88,8662,695,112,9.31656,8.02355,1.293,2024,2,2024-01-07,2024-01-13,2023,2023-24,15,TRUE
Region 10,202403,202538,2025-09-26,87,8233,673,113,9.54695,8.17442,1.37253,2024,3,2024-01-14,2024-01-20,2023,2023-24,16,TRUE
Region 10,202404,202538,2025-09-26,86,8224,701,124,10.0316,8.52383,1.50778,2024,4,2024-01-21,2024-01-27,2023,2023-24,17,TRUE
Region 10,202405,202538,2025-09-26,85,7871,591,113,8.94423,7.50858,1.43565,2024,5,2024-01-28,2024-02-03,2023,2023-24,18,TRUE
Region 10,202406,202538,2025-09-26,84,7732,493,131,8.07036,6.3761,1.69426,2024,6,2024-02-04,2024-02-10,2023,2023-24,19,TRUE
Region 10,202407,202538,2025-09-26,83,7587,429,159,7.7501,5.65441,2.09569,2024,7,2024-02-11,2024-02-17,2023,2023-24,20,TRUE
Region 10,202408,202538,2025-09-26,82,7699,393,181,7.45551,5.10456,2.35095,2024,8,2024-02-18,2024-02-24,2023,2023-24,21,TRUE
Region 10,202409,202538,2025-09-26,81,7400,345,171,6.97297,4.66216,2.31081,2024,9,2024-02-25,2024-03-02,2023,2023-24,22,TRUE
Region 10,202410,202538,2025-09-26,80,7245,353,175,7.28778,4.87233,2.41546,2024,10,2024-03-03,2024-03-09,2023,2023-24,23,TRUE
Region 10,202411,202538,2025-09-26,79,7526,434,216,8.63673,5.76668,2.87005,2024,11,2024-03-10,2024-03-16,2023,2023-24,24,TRUE
Region 10,202412,202538,2025-09-26,78,7078,406,184,8.33569,5.73608,2.5996,2024,12,2024-03-17,2024-03-23,2023,2023-24,25,TRUE
Region 10,202413,202538,2025-09-26,77,6729,305,172,7.08872,4.53262,2.5561,2024,13,2024-03-24,2024-03-30,2023,2023-24,26,TRUE
Region 10,202414,202538,2025-09-26,76,6349,209,125,5.26067,3.29186,1.96881,2024,14,2024-03-31,2024-04-06,2023,2023-24,27,TRUE
Region 10,202415,202538,2025-09-26,75,5961,136,104,4.02617,2.2815,1.74467,2024,15,2024-04-07,2024-04-13,2023,2023-24,28,TRUE
Region 10,202416,202538,2025-09-26,74,5649,127,90,3.84139,2.24819,1.5932,2024,16,2024-04-14,2024-04-20,2023,2023-24,29,TRUE
Region 10,202417,202538,2025-09-26,73,5656,165,73,4.20792,2.91726,1.29066,2024,17,2024-04-21,2024-04-27,2023,2023-24,30,TRUE
Region 10,202418,202538,2025-09-26,72,5425,145,47,3.53917,2.67281,0.866359,2024,18,2024-04-28,2024-05-04,2023,2023-24,31,TRUE
Region 10,202419,202538,2025-09-26,71,5416,187,66,4.67134,3.45273,1.21861,2024,19,2024-05-05,2024-05-11,2023,2023-24,32,TRUE
Region 10,202420,202538,2025-09-26,70,5490,166,67,4.24408,3.02368,1.2204,2024,20,2024-05-12,2024-05-18,2023,2023-24,33,TRUE
Region 10,202421,202538,2025-09-26,69,5594,146,54,3.57526,2.60994,0.96532,2024,21,2024-05-19,2024-05-25,2023,2023-24,34,TRUE
Region 10,202422,202538,2025-09-26,68,4632,161,26,4.03713,3.47582,0.561313,2024,22,2024-05-26,2024-06-01,2023,2023-24,35,TRUE
Region 10,202423,202538,2025-09-26,67,4550,146,24,3.73626,3.20879,0.527473,2024,23,2024-06-02,2024-06-08,2023,2023-24,36,TRUE
Region 10,202424,202538,2025-09-26,66,4620,106,31,2.96537,2.29437,0.670996,2024,24,2024-06-09,2024-06-15,2023,2023-24,37,TRUE
Region 10,202425,202538,2025-09-26,65,4151,89,20,2.62587,2.14406,0.481812,2024,25,2024-06-16,2024-06-22,2023,2023-24,38,TRUE
Region 10,202426,202538,2025-09-26,64,3913,79,9,2.24891,2.01891,0.230003,2024,26,2024-06-23,2024-06-29,2023,2023-24,39,TRUE
Region 10,202427,202538,2025-09-26,63,3642,55,2,1.56507,1.51016,0.0549149,2024,27,2024-06-30,2024-07-06,2023,2023-24,40,TRUE
Region 10,202428,202538,2025-09-26,62,3756,30,8,1.01171,0.798722,0.212993,2024,28,2024-07-07,2024-07-13,2023,2023-24,41,TRUE
Region 10,202429,202538,2025-09-26,61,3466,21,4,0.721293,0.605886,0.115407,2024,29,2024-07-14,2024-07-20,2023,2023-24,42,TRUE
Region 10,202430,202538,2025-09-26,60,3478,32,0,0.920069,0.920069,0,2024,30,2024-07-21,2024-07-27,2023,2023-24,43,TRUE
Region 10,202431,202538,2025-09-26,59,3504,22,3,0.71347,0.627854,0.0856164,2024,31,2024-07-28,2024-08-03,2023,2023-24,44,TRUE
Region 10,202432,202538,2025-09-26,58,3346,19,4,0.687388,0.567842,0.119546,2024,32,2024-08-04,2024-08-10,2023,2023-24,45,TRUE
Region 10,202433,202538,2025-09-26,57,3567,27,2,0.813008,0.756939,0.0560695,2024,33,2024-08-11,2024-08-17,2023,2023-24,46,TRUE
Region 10,202434,202538,2025-09-26,56,3515,11,2,0.369844,0.312945,0.056899,2024,34,2024-08-18,2024-08-24,2023,2023-24,47,TRUE
Region 10,202435,202538,2025-09-26,55,3556,16,1,0.478065,0.449944,0.0281215,2024,35,2024-08-25,2024-08-31,2023,2023-24,48,TRUE
Region 10,202436,202538,2025-09-26,54,3564,22,4,0.729517,0.617284,0.112233,2024,36,2024-09-01,2024-09-07,2023,2023-24,49,TRUE
Region 10,202437,202538,2025-09-26,53,4100,36,3,0.95122,0.878049,0.0731707,2024,37,2024-09-08,2024-09-14,2023,2023-24,50,TRUE
Region 10,202438,202538,2025-09-26,52,4352,24,2,0.597426,0.551471,0.0459559,2024,38,2024-09-15,2024-09-21,2023,2023-24,51,TRUE
Region 10,202439,202538,2025-09-26,51,4571,25,2,0.59068,0.546926,0.0437541,2024,39,2024-09-22,2024-09-28,2023,2023-24,52,TRUE
Region 10,202440,202638,2026-10-02,103,4839,46,8,1.11593,0.95061,0.165323,2024,40,2024-09-29,2024-10-05,2024,2024-25,1,TRUE
Region 10,202441,202638,2026-10-02,102,4605,33,4,0.803474,0.716612,0.0868621,2024,41,2024-10-06,2024-10-12,2024,2024-25,2,TRUE
Region 10,202442,202638,2026-10-02,101,4829,49,7,1.15966,1.0147,0.144958,2024,42,2024-10-13,2024-10-19,2024,2024-25,3,TRUE
Region 10,202443,202638,2026-10-02,100,4730,49,6,1.16279,1.03594,0.12685,2024,43,2024-10-20,2024-10-26,2024,2024-25,4,TRUE
Region 10,202444,202638,2026-10-02,99,4467,67,3,1.56705,1.49989,0.0671592,2024,44,2024-10-27,2024-11-02,2024,2024-25,5,TRUE
Region 10,202445,202638,2026-10-02,98,4957,88,5,1.87613,1.77527,0.100867,2024,45,2024-11-03,2024-11-09,2024,2024-25,6,TRUE
Region 10,202446,202638,2026-10-02,97,5129,161,8,3.29499,3.13901,0.155976,2024,46,2024-11-10,2024-11-16,2024,2024-25,7,TRUE
Region 10,202447,202638,2026-10-02,96,5155,284,16,5.81959,5.50921,0.310378,2024,47,2024-11-17,2024-11-23,2024,2024-25,8,TRUE
Region 10,202448,202638,2026-10-02,95,5205,295,30,6.244,5.66763,0.576369,2024,48,2024-11-24,2024-11-30,2024,2024-25,9,TRUE
Region 10,202449,202638,2026-10-02,94,6063,512,30,8.93947,8.44466,0.494805,2024,49,2024-12-01,2024-12-07,2024,2024-25,10,TRUE
Region 10,202450,202638,2026-10-02,93,6973,983,31,14.5418,14.0972,0.444572,2024,50,2024-12-08,2024-12-14,2024,2024-25,11,TRUE
Region 10,202451,202638,2026-10-02,92,8285,1778,40,21.9433,21.4605,0.4828,2024,51,2024-12-15,2024-12-21,2024,2024-25,12,TRUE
Region 10,202452,202638,2026-10-02,91,8060,1832,42,23.2506,22.7295,0.521092,2024,52,2024-12-22,2024-12-28,2024,2024-25,13,TRUE
Region 10,202501,202638,2026-10-02,90,8776,1613,32,18.7443,18.3797,0.364631,2025,1,2024-12-29,2025-01-04,2024,2024-25,14,TRUE
Region 10,202502,202638,2026-10-02,89,8174,1299,47,16.4668,15.8919,0.574994,2025,2,2025-01-05,2025-01-11,2024,2024-25,15,TRUE
Region 10,202503,202638,2026-10-02,88,7890,1287,60,17.0722,16.3118,0.760456,2025,3,2025-01-12,2025-01-18,2024,2024-25,16,TRUE
Region 10,202504,202638,2026-10-02,87,7974,1681,92,22.2348,21.081,1.15375,2025,4,2025-01-19,2025-01-25,2024,2024-25,17,TRUE
Region 10,202505,202638,2026-10-02,86,9465,2300,157,25.9588,24.3001,1.65874,2025,5,2025-01-26,2025-02-01,2024,2024-25,18,TRUE
Region 10,202506,202638,2026-10-02,85,9641,2393,255,27.466,24.8211,2.64495,2025,6,2025-02-02,2025-02-08,2024,2024-25,19,TRUE
Region 10,202507,202638,2026-10-02,84,9665,2114,242,24.3766,21.8727,2.50388,2025,7,2025-02-09,2025-02-15,2024,2024-25,20,TRUE
Region 10,202508,202638,2026-10-02,83,10091,2115,340,24.3286,20.9593,3.36934,2025,8,2025-02-16,2025-02-22,2024,2024-25,21,TRUE
Region 10,202509,202638,2026-10-02,82,8588,1263,260,17.734,14.7066,3.02748,2025,9,2025-02-23,2025-03-01,2024,2024-25,22,TRUE
Region 10,202510,202638,2026-10-02,81,7599,892,243,14.9362,11.7384,3.19779,2025,10,2025-03-02,2025-03-08,2024,2024-25,23,TRUE
Region 10,202511,202638,2026-10-02,80,6999,655,225,12.5732,9.35848,3.21474,2025,11,2025-03-09,2025-03-15,2024,2024-25,24,TRUE
Region 10,202512,202638,2026-10-02,79,6963,524,252,11.1446,7.52549,3.61913,2025,12,2025-03-16,2025-03-22,2024,2024-25,25,TRUE
Region 10,202513,202638,2026-10-02,78,6328,346,230,9.1024,5.46776,3.63464,2025,13,2025-03-23,2025-03-29,2024,2024-25,26,TRUE
Region 10,202514,202638,2026-10-02,77,5550,231,158,7.00901,4.16216,2.84685,2025,14,2025-03-30,2025-04-05,2024,2024-25,27,TRUE
Region 10,202515,202638,2026-10-02,76,4942,143,127,5.46338,2.89357,2.56981,2025,15,2025-04-06,2025-04-12,2024,2024-25,28,TRUE
Region 10,202516,202638,2026-10-02,75,4896,118,82,4.08497,2.41013,1.67484,2025,16,2025-04-13,2025-04-19,2024,2024-25,29,TRUE
Region 10,202517,202638,2026-10-02,74,4877,102,86,3.85483,2.09145,1.76338,2025,17,2025-04-20,2025-04-26,2024,2024-25,30,TRUE
Region 10,202518,202638,2026-10-02,73,4475,106,112,4.87151,2.36872,2.50279,2025,18,2025-04-27,2025-05-03,2024,2024-25,31,TRUE
Region 10,202519,202638,2026-10-02,72,4587,58,115,3.77153,1.26444,2.50709,2025,19,2025-05-04,2025-05-10,2024,2024-25,32,TRUE
Region 10,202520,202638,2026-10-02,71,4520,57,102,3.5177,1.26106,2.25664,2025,20,2025-05-11,2025-05-17,2024,2024-25,33,TRUE
Region 10,202521,202638,2026-10-02,70,4400,62,113,3.97727,1.40909,2.56818,2025,21,2025-05-18,2025-05-24,2024,2024-25,34,TRUE
Region 10,202522,202638,2026-10-02,69,4119,56,99,3.76305,1.35955,2.4035,2025,22,2025-05-25,2025-05-31,2024,2024-25,35,TRUE
Region 10,202523,202638,2026-10-02,68,3958,43,67,2.77918,1.08641,1.69277,2025,23,2025-06-01,2025-06-07,2024,2024-25,36,TRUE
Region 10,202524,202638,2026-10-02,67,3594,36,68,2.89371,1.00167,1.89204,2025,24,2025-06-08,2025-06-14,2024,2024-25,37,TRUE
Region 10,202525,202638,2026-10-02,66,3597,29,76,2.9191,0.806227,2.11287,2025,25,2025-06-15,2025-06-21,2024,2024-25,38,TRUE
Region 10,202526,202638,2026-10-02,65,3580,40,46,2.40223,1.11732,1.28492,2025,26,2025-06-22,2025-06-28,2024,2024-25,39,TRUE
Region 10,202527,202638,2026-10-02,64,3261,30,24,1.65593,0.919963,0.735971,2025,27,2025-06-29,2025-07-05,2024,2024-25,40,TRUE
Region 10,202528,202638,2026-10-02,63,3039,25,19,1.44784,0.822639,0.625206,2025,28,2025-07-06,2025-07-12,2024,2024-25,41,TRUE
Region 10,202529,202638,2026-10-02,62,2929,18,8,0.887675,0.614544,0.273131,2025,29,2025-07-13,2025-07-19,2024,2024-25,42,TRUE
Region 10,202530,202638,2026-10-02,61,2915,11,1,0.411664,0.377358,0.0343053,2025,30,2025-07-20,2025-07-26,2024,2024-25,43,TRUE
Region 10,202531,202638,2026-10-02,60,2766,16,2,0.650759,0.578453,0.0723066,2025,31,2025-07-27,2025-08-02,2024,2024-25,44,TRUE
Region 10,202532,202638,2026-10-02,59,2935,9,2,0.374787,0.30664400000000003,0.0681431,2025,32,2025-08-03,2025-08-09,2024,2024-25,45,TRUE
Region 10,202533,202638,2026-10-02,58,3250,12,3,0.461538,0.369231,0.0923077,2025,33,2025-08-10,2025-08-16,2024,2024-25,46,TRUE
Region 10,202534,202638,2026-10-02,57,3218,16,1,0.528278,0.497203,0.0310752,2025,34,2025-08-17,2025-08-23,2024,2024-25,47,TRUE
Region 10,202535,202638,2026-10-02,56,3590,20,3,0.640669,0.557103,0.0835655,2025,35,2025-08-24,2025-08-30,2024,2024-25,48,TRUE
Region 10,202536,202638,2026-10-02,55,3637,24,3,0.74237,0.659885,0.0824856,2025,36,2025-08-31,2025-09-06,2024,2024-25,49,TRUE
Region 10,202537,202638,2026-10-02,54,4021,36,8,1.09426,0.8953,0.198955,2025,37,2025-09-07,2025-09-13,2024,2024-25,50,TRUE
Region 10,202538,202638,2026-10-02,53,4592,23,2,0.544425,0.500871,0.043554,2025,38,2025-09-14,2025-09-20,2024,2024-25,51,TRUE
Region 10,202539,202638,2026-10-02,52,4464,34,1,0.78405,0.761649,0.0224014,2025,39,2025-09-21,2025-09-27,2024,2024-25,52,TRUE
Region 10,202540,202638,2026-10-02,51,4360,22,0,0.504587,0.504587,0,2025,40,2025-09-28,2025-10-04,2025,2025-26,1,TRUE
Region 10,202541,202638,2026-10-02,50,4207,33,2,0.831947,0.784407,0.0475398,2025,41,2025-10-05,2025-10-11,2025,2025-26,2,TRUE
Region 10,202542,202638,2026-10-02,49,4228,29,3,0.756859,0.685904,0.0709555,2025,42,2025-10-12,2025-10-18,2025,2025-26,3,TRUE
Region 10,202543,202638,2026-10-02,48,4314,47,0,1.08948,1.08948,0,2025,43,2025-10-19,2025-10-25,2025,2025-26,4,TRUE
Region 10,202544,202638,2026-10-02,47,4072,58,2,1.47348,1.42436,0.0491159,2025,44,2025-10-26,2025-11-01,2025,2025-26,5,TRUE
Region 10,202545,202638,2026-10-02,46,4491,120,3,2.73881,2.67201,0.0668003,2025,45,2025-11-02,2025-11-08,2025,2025-26,6,TRUE
Region 10,202546,202638,2026-10-02,45,4516,182,1,4.05226,4.03012,0.0221435,2025,46,2025-11-09,2025-11-15,2025,2025-26,7,TRUE
Region 10,202547,202638,2026-10-02,44,4637,226,5,4.98167,4.87384,0.107828,2025,47,2025-11-16,2025-11-22,2025,2025-26,8,TRUE
Region 10,202548,202638,2026-10-02,43,4472,276,9,6.37299,6.17174,0.201252,2025,48,2025-11-23,2025-11-29,2025,2025-26,9,TRUE
Region 10,202549,202638,2026-10-02,42,4980,339,4,6.88755,6.80723,0.0803213,2025,49,2025-11-30,2025-12-06,2025,2025-26,10,TRUE
Region 10,202550,202638,2026-10-02,41,5268,451,9,8.73197,8.56112,0.170843,2025,50,2025-12-07,2025-12-13,2025,2025-26,11,TRUE
Region 10,202551,202638,2026-10-02,40,5638,628,11,11.3338,11.1387,0.195105,2025,51,2025-12-14,2025-12-20,2025,2025-26,12,TRUE
Region 10,202552,202638,2026-10-02,39,5835,841,16,14.6872,14.413,0.274207,2025,52,2025-12-21,2025-12-27,2025,2025-26,13,TRUE
Region 10,202553,202638,2026-10-02,38,6539,928,20,14.4976,14.1918,0.305857,2025,53,2025-12-28,2026-01-03,2025,2025-26,14,TRUE
Region 10,202601,202638,2026-10-02,37,6855,976,28,14.6462,14.2378,0.408461,2026,1,2026-01-04,2026-01-10,2025,2025-26,15,TRUE
Region 10,202602,202638,2026-10-02,36,6515,989,30,15.6408,15.1804,0.460476,2026,2,2026-01-11,2026-01-17,2025,2025-26,16,TRUE
Region 10,202603,202638,2026-10-02,35,6865,1325,71,20.335,19.3008,1.03423,2026,3,2026-01-18,2026-01-24,2025,2025-26,17,TRUE
Region 10,202604,202638,2026-10-02,34,8379,2012,78,24.9433,24.0124,0.930899,2026,4,2026-01-25,2026-01-31,2025,2025-26,18,TRUE
Region 10,202605,202638,2026-10-02,33,8436,1996,137,25.2845,23.6605,1.62399,2026,5,2026-02-01,2026-02-07,2025,2025-26,19,TRUE
Region 10,202606,202638,2026-10-02,32,7967,1564,125,21.1999,19.631,1.56897,2026,6,2026-02-08,2026-02-14,2025,2025-26,20,TRUE
Region 10,202607,202638,2026-10-02,31,7787,1140,208,17.3109,14.6398,2.67112,2026,7,2026-02-15,2026-02-21,2025,2025-26,21,TRUE
Region 10,202608,202638,2026-10-02,30,6994,735,233,13.8404,10.509,3.33143,2026,8,2026-02-22,2026-02-28,2025,2025-26,22,TRUE
Region 10,202609,202638,2026-10-02,29,6770,543,344,13.1019,8.02068,5.08124,2026,9,2026-03-01,2026-03-07,2025,2025-26,23,TRUE
Region 10,202610,202638,2026-10-02,28,6238,324,334,10.5483,5.19397,5.35428,2026,10,2026-03-08,2026-03-14,2025,2025-26,24,TRUE
Region 10,202611,202638,2026-10-02,27,6094,245,383,10.3052,4.02035,6.28487,2026,11,2026-03-15,2026-03-21,2025,2025-26,25,TRUE
Region 10,202612,202638,2026-10-02,26,5720,140,361,8.75874,2.44755,6.31119,2026,12,2026-03-22,2026-03-28,2025,2025-26,26,TRUE
Region 10,202613,202638,2026-10-02,25,5211,107,369,9.13452,2.05335,7.08117,2026,13,2026-03-29,2026-04-04,2025,2025-26,27,TRUE
Region 10,202614,202638,2026-10-02,24,4800,67,400,9.72917,1.39583,8.33333,2026,14,2026-04-05,2026-04-11,2025,2025-26,28,TRUE
Region 10,202615,202638,2026-10-02,23,4725,59,245,6.43386,1.24868,5.18519,2026,15,2026-04-12,2026-04-18,2025,2025-26,29,TRUE
Region 10,202616,202638,2026-10-02,22,4625,40,244,6.14054,0.864865,5.27568,2026,16,2026-04-19,2026-04-25,2025,2025-26,30,TRUE
Region 10,202617,202638,2026-10-02,21,4264,31,235,6.23827,0.727017,5.51126,2026,17,2026-04-26,2026-05-02,2025,2025-26,31,TRUE
Region 10,202618,202638,2026-10-02,20,4076,28,218,6.03533,0.686948,5.34838,2026,18,2026-05-03,2026-05-09,2025,2025-26,32,TRUE
Region 10,202619,202638,2026-10-02,19,4003,26,120,3.64726,0.649513,2.99775,2026,19,2026-05-10,2026-05-16,2025,2025-26,33,TRUE
Region 10,202620,202638,2026-10-02,18,3792,10,91,2.6635,0.263713,2.39979,2026,20,2026-05-17,2026-05-23,2025,2025-26,34,TRUE
Region 10,202621,202638,2026-10-02,17,3713,12,66,2.10073,0.323189,1.77754,2026,21,2026-05-24,2026-05-30,2025,2025-26,35,TRUE
Region 10,202622,202638,2026-10-02,16,3381,12,46,1.71547,0.354925,1.36054,2026,22,2026-05-31,2026-06-06,2025,2025-26,36,TRUE
Region 10,202623,202638,2026-10-02,15,3230,14,33,1.45511,0.433437,1.02167,2026,23,2026-06-07,2026-06-13,2025,2025-26,37,TRUE
Region 10,202624,202638,2026-10-02,14,3194,11,41,1.62805,0.344396,1.28366,2026,24,2026-06-14,2026-06-20,2025,2025-26,38,TRUE
Region 10,202625,202638,2026-10-02,13,2932,9,18,0.920873,0.306958,0.613915,2026,25,2026-06-21,2026-06-27,2025,2025-26,39,TRUE
Region 10,202626,202638,2026-10-02,12,2493,14,14,1.12314,0.561572,0.561572,2026,26,2026-06-28,2026-07-04,2025,2025-26,40,TRUE
Region 10,202627,202638,2026-10-02,11,2391,13,7,0.83647,0.543706,0.292765,2026,27,2026-07-05,2026-07-11,2025,2025-26,41,TRUE
Region 10,202628,202638,2026-10-02,10,2283,9,7,0.700832,0.394218,0.306614,2026,28,2026-07-12,2026-07-18,2025,2025-26,42,TRUE
Region 10,202629,202638,2026-10-02,9,2133,15,2,0.797,0.703235,0.0937647,2026,29,2026-07-19,2026-07-25,2025,2025-26,43,TRUE
Region 10,202630,202638,2026-10-02,8,2096,12,4,0.763359,0.572519,0.19084,2026,30,2026-07-26,2026-08-01,2025,2025-26,44,TRUE
Region 10,202631,202638,2026-10-02,7,2049,19,2,1.02489,0.927282,0.0976086,2026,31,2026-08-02,2026-08-08,2025,2025-26,45,TRUE
Region 10,202632,202638,2026-10-02,6,2201,24,3,1.22672,1.09041,0.136302,2026,32,2026-08-09,2026-08-15,2025,2025-26,46,TRUE
Region 10,202633,202638,2026-10-02,5,2345,44,2,1.96162,1.87633,0.0852878,2026,33,2026-08-16,2026-08-22,2025,2025-26,47,TRUE
Region 10,202634,202638,2026-10-02,4,2522,60,1,2.41872,2.37906,0.0396511,2026,34,2026-08-23,2026-08-29,2025,2025-26,48,TRUE
Region 10,202635,202638,2026-10-02,3,3003,127,3,4.329,4.2291,0.0999001,2026,35,2026-08-30,2026-09-05,2025,2025-26,49,TRUE
Region 10,202636,202638,2026-10-02,2,3496,193,4,5.63501,5.52059,0.114416,2026,36,2026-09-06,2026-09-12,2025,2025-26,50,TRUE
Region 10,202637,202638,2026-10-02,1,4424,285,3,6.50995,6.44213,0.0678119,2026,37,2026-09-13,2026-09-19,2025,2025-26,51,TRUE
Region 10,202638,202638,2026-10-02,0,3988,238,1,5.99298,5.9679,0.0250752,2026,38,2026-09-20,2026-09-26,2025,2025-26,52,TRUE
Region 2,201940,202139,2021-10-08,104,1723,7,0,0.406268,0.406268,0,2019,40,2019-09-29,2019-10-05,2019,2019-20,1,FALSE
Region 2,201941,202139,2021-10-08,103,1919,7,5,0.625326,0.364773,0.260552,2019,41,2019-10-06,2019-10-12,2019,2019-20,2,FALSE
Region 2,201942,202139,2021-10-08,102,2056,7,4,0.535019,0.340467,0.194553,2019,42,2019-10-13,2019-10-19,2019,2019-20,3,FALSE
Region 2,201943,202139,2021-10-08,101,2104,18,7,1.18821,0.855513,0.3327,2019,43,2019-10-20,2019-10-26,2019,2019-20,4,FALSE
Region 2,201944,202139,2021-10-08,100,2208,24,8,1.44928,1.08696,0.362319,2019,44,2019-10-27,2019-11-02,2019,2019-20,5,FALSE
Region 2,201945,202139,2021-10-08,99,2444,27,16,1.75941,1.10475,0.654664,2019,45,2019-11-03,2019-11-09,2019,2019-20,6,FALSE
Region 2,201946,202139,2021-10-08,98,2442,27,27,2.2113,1.10565,1.10565,2019,46,2019-11-10,2019-11-16,2019,2019-20,7,FALSE
Region 2,201947,202139,2021-10-08,97,2598,50,35,3.27175,1.92456,1.34719,2019,47,2019-11-17,2019-11-23,2019,2019-20,8,FALSE
Region 2,201948,202139,2021-10-08,96,2642,91,71,6.13172,3.44436,2.68736,2019,48,2019-11-24,2019-11-30,2019,2019-20,9,FALSE
Region 2,201949,202139,2021-10-08,95,3044,115,98,6.99737,3.77792,3.21945,2019,49,2019-12-01,2019-12-07,2019,2019-20,10,FALSE
Region 2,201950,202139,2021-10-08,94,3356,211,217,12.7533,6.28725,6.46603,2019,50,2019-12-08,2019-12-14,2019,2019-20,11,FALSE
Region 2,201951,202139,2021-10-08,93,3852,279,281,14.5379,7.24299,7.29491,2019,51,2019-12-15,2019-12-21,2019,2019-20,12,FALSE
Region 2,201952,202139,2021-10-08,92,4347,489,531,23.4645,11.2491,12.2153,2019,52,2019-12-22,2019-12-28,2019,2019-20,13,FALSE
Region 2,202001,202139,2021-10-08,91,5331,579,628,22.6412,10.861,11.7802,2020,1,2019-12-29,2020-01-04,2019,2019-20,14,FALSE
Region 2,202002,202139,2021-10-08,90,5242,594,536,21.5567,11.3316,10.2251,2020,2,2020-01-05,2020-01-11,2019,2019-20,15,FALSE
Region 2,202003,202139,2021-10-08,89,5113,668,546,23.7434,13.0647,10.6787,2020,3,2020-01-12,2020-01-18,2019,2019-20,16,FALSE
Region 2,202004,202139,2021-10-08,88,5026,711,558,25.2487,14.1464,11.1023,2020,4,2020-01-19,2020-01-25,2019,2019-20,17,FALSE
Region 2,202005,202139,2021-10-08,87,5504,840,657,27.1984,15.2616,11.9368,2020,5,2020-01-26,2020-02-01,2019,2019-20,18,FALSE
Region 2,202006,202139,2021-10-08,86,5256,827,658,28.2534,15.7344,12.519,2020,6,2020-02-02,2020-02-08,2019,2019-20,19,FALSE
Region 2,202007,202139,2021-10-08,85,5146,856,477,25.9036,16.6343,9.26934,2020,7,2020-02-09,2020-02-15,2019,2019-20,20,FALSE
Region 2,202008,202139,2021-10-08,84,4687,711,354,22.7224,15.1696,7.55281,2020,8,2020-02-16,2020-02-22,2019,2019-20,21,FALSE
Region 2,202009,202139,2021-10-08,83,4885,755,308,21.7605,15.4555,6.30502,2020,9,2020-02-23,2020-02-29,2019,2019-20,22,FALSE
Region 2,202010,202139,2021-10-08,82,4894,614,189,16.4078,12.546,3.86187,2020,10,2020-03-01,2020-03-07,2019,2019-20,23,FALSE
Region 2,202011,202139,2021-10-08,81,5322,532,145,12.7208,9.99624,2.72454,2020,11,2020-03-08,2020-03-14,2019,2019-20,24,FALSE
Region 2,202012,202139,2021-10-08,80,5439,260,93,6.49016,4.78029,1.70987,2020,12,2020-03-15,2020-03-21,2019,2019-20,25,FALSE
Region 2,202013,202139,2021-10-08,79,3509,44,12,1.5959,1.25392,0.341978,2020,13,2020-03-22,2020-03-28,2019,2019-20,26,FALSE
Region 2,202014,202139,2021-10-08,78,2040,12,8,0.980392,0.588235,0.392157,2020,14,2020-03-29,2020-04-04,2019,2019-20,27,FALSE
Region 2,202015,202139,2021-10-08,77,1240,0,0,0,0,0,2020,15,2020-04-05,2020-04-11,2019,2019-20,28,FALSE
Region 2,202016,202139,2021-10-08,76,722,1,0,0.138504,0.138504,0,2020,16,2020-04-12,2020-04-18,2019,2019-20,29,FALSE
Region 2,202017,202139,2021-10-08,75,510,1,0,0.196078,0.196078,0,2020,17,2020-04-19,2020-04-25,2019,2019-20,30,FALSE
Region 2,202018,202139,2021-10-08,74,513,0,0,0,0,0,2020,18,2020-04-26,2020-05-02,2019,2019-20,31,FALSE
Region 2,202019,202139,2021-10-08,73,432,1,0,0.231481,0.231481,0,2020,19,2020-05-03,2020-05-09,2019,2019-20,32,FALSE
Region 2,202020,202139,2021-10-08,72,469,1,1,0.426439,0.21322,0.21322,2020,20,2020-05-10,2020-05-16,2019,2019-20,33,FALSE
Region 2,202021,202139,2021-10-08,71,396,0,0,0,0,0,2020,21,2020-05-17,2020-05-23,2019,2019-20,34,FALSE
Region 2,202022,202139,2021-10-08,70,353,0,0,0,0,0,2020,22,2020-05-24,2020-05-30,2019,2019-20,35,FALSE
Region 2,202023,202139,2021-10-08,69,382,0,0,0,0,0,2020,23,2020-05-31,2020-06-06,2019,2019-20,36,FALSE
Region 2,202024,202139,2021-10-08,68,436,0,1,0.229358,0,0.229358,2020,24,2020-06-07,2020-06-13,2019,2019-20,37,FALSE
Region 2,202025,202139,2021-10-08,67,365,0,0,0,0,0,2020,25,2020-06-14,2020-06-20,2019,2019-20,38,FALSE
Region 2,202026,202139,2021-10-08,66,389,0,0,0,0,0,2020,26,2020-06-21,2020-06-27,2019,2019-20,39,FALSE
Region 2,202027,202139,2021-10-08,65,369,1,0,0.271003,0.271003,0,2020,27,2020-06-28,2020-07-04,2019,2019-20,40,FALSE
Region 2,202028,202139,2021-10-08,64,469,0,0,0,0,0,2020,28,2020-07-05,2020-07-11,2019,2019-20,41,FALSE
Region 2,202029,202139,2021-10-08,63,462,0,0,0,0,0,2020,29,2020-07-12,2020-07-18,2019,2019-20,42,FALSE
Region 2,202030,202139,2021-10-08,62,520,1,1,0.384615,0.192308,0.192308,2020,30,2020-07-19,2020-07-25,2019,2019-20,43,FALSE
Region 2,202031,202139,2021-10-08,61,490,0,0,0,0,0,2020,31,2020-07-26,2020-08-01,2019,2019-20,44,FALSE
Region 2,202032,202139,2021-10-08,60,467,0,0,0,0,0,2020,32,2020-08-02,2020-08-08,2019,2019-20,45,FALSE
Region 2,202033,202139,2021-10-08,59,536,0,0,0,0,0,2020,33,2020-08-09,2020-08-15,2019,2019-20,46,FALSE
Region 2,202034,202139,2021-10-08,58,682,0,0,0,0,0,2020,34,2020-08-16,2020-08-22,2019,2019-20,47,FALSE
Region 2,202035,202139,2021-10-08,57,664,0,0,0,0,0,2020,35,2020-08-23,2020-08-29,2019,2019-20,48,FALSE
Region 2,202036,202139,2021-10-08,56,683,0,0,0,0,0,2020,36,2020-08-30,2020-09-05,2019,2019-20,49,FALSE
Region 2,202037,202139,2021-10-08,55,757,0,0,0,0,0,2020,37,2020-09-06,2020-09-12,2019,2019-20,50,FALSE
Region 2,202038,202139,2021-10-08,54,850,2,2,0.470588,0.235294,0.235294,2020,38,2020-09-13,2020-09-19,2019,2019-20,51,FALSE
Region 2,202039,202139,2021-10-08,53,880,0,0,0,0,0,2020,39,2020-09-20,2020-09-26,2019,2019-20,52,FALSE
Region 2,202040,202239,2022-10-07,104,1064,0,0,0,0,0,2020,40,2020-09-27,2020-10-03,2020,2020-21,1,FALSE
Region 2,202041,202239,2022-10-07,103,1441,0,0,0,0,0,2020,41,2020-10-04,2020-10-10,2020,2020-21,2,FALSE
Region 2,202042,202239,2022-10-07,102,1717,2,3,0.291206,0.116482,0.174723,2020,42,2020-10-11,2020-10-17,2020,2020-21,3,FALSE
Region 2,202043,202239,2022-10-07,101,1704,4,2,0.352113,0.234742,0.117371,2020,43,2020-10-18,2020-10-24,2020,2020-21,4,FALSE
Region 2,202044,202239,2022-10-07,100,3772,0,0,0,0,0,2020,44,2020-10-25,2020-10-31,2020,2020-21,5,FALSE
Region 2,202045,202239,2022-10-07,99,2620,4,0,0.152672,0.152672,0,2020,45,2020-11-01,2020-11-07,2020,2020-21,6,FALSE
Region 2,202046,202239,2022-10-07,98,3447,3,0,0.0870322,0.0870322,0,2020,46,2020-11-08,2020-11-14,2020,2020-21,7,FALSE
Region 2,202047,202239,2022-10-07,97,4285,1,1,0.0466744,0.0233372,0.0233372,2020,47,2020-11-15,2020-11-21,2020,2020-21,8,FALSE
Region 2,202048,202239,2022-10-07,96,3696,0,1,0.0270563,0,0.0270563,2020,48,2020-11-22,2020-11-28,2020,2020-21,9,FALSE
Region 2,202049,202239,2022-10-07,95,5145,2,0,0.0388727,0.0388727,0,2020,49,2020-11-29,2020-12-05,2020,2020-21,10,FALSE
Region 2,202050,202239,2022-10-07,94,4614,3,2,0.108366,0.0650195,0.0433463,2020,50,2020-12-06,2020-12-12,2020,2020-21,11,FALSE
Region 2,202051,202239,2022-10-07,93,4646,2,0,0.0430478,0.0430478,0,2020,51,2020-12-13,2020-12-19,2020,2020-21,12,FALSE
Region 2,202052,202239,2022-10-07,92,4664,1,1,0.0428816,0.0214408,0.0214408,2020,52,2020-12-20,2020-12-26,2020,2020-21,13,FALSE
Region 2,202053,202239,2022-10-07,91,4996,1,1,0.040032,0.020016,0.020016,2020,53,2020-12-27,2021-01-02,2020,2020-21,14,FALSE
Region 2,202101,202239,2022-10-07,90,5571,1,1,0.0359002,0.0179501,0.0179501,2021,1,2021-01-03,2021-01-09,2020,2020-21,15,FALSE
Region 2,202102,202239,2022-10-07,89,4834,2,0,0.0413736,0.0413736,0,2021,2,2021-01-10,2021-01-16,2020,2020-21,16,FALSE
Region 2,202103,202239,2022-10-07,88,4563,1,1,0.0438308,0.0219154,0.0219154,2021,3,2021-01-17,2021-01-23,2020,2020-21,17,FALSE
Region 2,202104,202239,2022-10-07,87,3614,2,0,0.0553403,0.0553403,0,2021,4,2021-01-24,2021-01-30,2020,2020-21,18,FALSE
Region 2,202105,202239,2022-10-07,86,4221,1,0,0.0236911,0.0236911,0,2021,5,2021-01-31,2021-02-06,2020,2020-21,19,FALSE
Region 2,202106,202239,2022-10-07,85,4082,0,0,0,0,0,2021,6,2021-02-07,2021-02-13,2020,2020-21,20,FALSE
Region 2,202107,202239,2022-10-07,84,3934,2,1,0.0762583,0.0508388,0.0254194,2021,7,2021-02-14,2021-02-20,2020,2020-21,21,FALSE
Region 2,202108,202239,2022-10-07,83,4321,4,2,0.138857,0.0925712,0.0462856,2021,8,2021-02-21,2021-02-27,2020,2020-21,22,FALSE
Region 2,202109,202239,2022-10-07,82,4203,0,0,0,0,0,2021,9,2021-02-28,2021-03-06,2020,2020-21,23,FALSE
Region 2,202110,202239,2022-10-07,81,4081,2,2,0.0980152,0.0490076,0.0490076,2021,10,2021-03-07,2021-03-13,2020,2020-21,24,FALSE
Region 2,202111,202239,2022-10-07,80,4020,1,1,0.0497512,0.0248756,0.0248756,2021,11,2021-03-14,2021-03-20,2020,2020-21,25,FALSE
Region 2,202112,202239,2022-10-07,79,4017,0,1,0.0248942,0,0.0248942,2021,12,2021-03-21,2021-03-27,2020,2020-21,26,FALSE
Region 2,202113,202239,2022-10-07,78,4205,1,0,0.0237812,0.0237812,0,2021,13,2021-03-28,2021-04-03,2020,2020-21,27,FALSE
Region 2,202114,202239,2022-10-07,77,4424,0,0,0,0,0,2021,14,2021-04-04,2021-04-10,2020,2020-21,28,FALSE
Region 2,202115,202239,2022-10-07,76,4660,0,1,0.0214592,0,0.0214592,2021,15,2021-04-11,2021-04-17,2020,2020-21,29,FALSE
Region 2,202116,202239,2022-10-07,75,4502,1,0,0.0222124,0.0222124,0,2021,16,2021-04-18,2021-04-24,2020,2020-21,30,FALSE
Region 2,202117,202239,2022-10-07,74,4697,0,0,0,0,0,2021,17,2021-04-25,2021-05-01,2020,2020-21,31,FALSE
Region 2,202118,202239,2022-10-07,73,4597,0,0,0,0,0,2021,18,2021-05-02,2021-05-08,2020,2020-21,32,FALSE
Region 2,202119,202239,2022-10-07,72,3974,1,0,0.0251636,0.0251636,0,2021,19,2021-05-09,2021-05-15,2020,2020-21,33,FALSE
Region 2,202120,202239,2022-10-07,71,4228,3,0,0.0709555,0.0709555,0,2021,20,2021-05-16,2021-05-22,2020,2020-21,34,FALSE
Region 2,202121,202239,2022-10-07,70,3767,0,0,0,0,0,2021,21,2021-05-23,2021-05-29,2020,2020-21,35,FALSE
Region 2,202122,202239,2022-10-07,69,3303,1,0,0.0302755,0.0302755,0,2021,22,2021-05-30,2021-06-05,2020,2020-21,36,FALSE
Region 2,202123,202239,2022-10-07,68,3120,1,1,0.0641026,0.0320513,0.0320513,2021,23,2021-06-06,2021-06-12,2020,2020-21,37,FALSE
Region 2,202124,202239,2022-10-07,67,3109,7,2,0.289482,0.225153,0.0643294,2021,24,2021-06-13,2021-06-19,2020,2020-21,38,FALSE
Region 2,202125,202239,2022-10-07,66,3227,1,1,0.0619771,0.0309885,0.0309885,2021,25,2021-06-20,2021-06-26,2020,2020-21,39,FALSE
Region 2,202126,202239,2022-10-07,65,3095,0,1,0.0323102,0,0.0323102,2021,26,2021-06-27,2021-07-03,2020,2020-21,40,FALSE
Region 2,202127,202239,2022-10-07,64,2368,3,0,0.126689,0.126689,0,2021,27,2021-07-04,2021-07-10,2020,2020-21,41,FALSE
Region 2,202128,202239,2022-10-07,63,3085,1,1,0.0648298,0.0324149,0.0324149,2021,28,2021-07-11,2021-07-17,2020,2020-21,42,FALSE
Region 2,202129,202239,2022-10-07,62,3374,0,0,0,0,0,2021,29,2021-07-18,2021-07-24,2020,2020-21,43,FALSE
Region 2,202130,202239,2022-10-07,61,3476,0,0,0,0,0,2021,30,2021-07-25,2021-07-31,2020,2020-21,44,FALSE
Region 2,202131,202239,2022-10-07,60,3853,0,0,0,0,0,2021,31,2021-08-01,2021-08-07,2020,2020-21,45,FALSE
Region 2,202132,202239,2022-10-07,59,4199,0,0,0,0,0,2021,32,2021-08-08,2021-08-14,2020,2020-21,46,FALSE
Region 2,202133,202239,2022-10-07,58,4285,2,0,0.0466744,0.0466744,0,2021,33,2021-08-15,2021-08-21,2020,2020-21,47,FALSE
Region 2,202134,202239,2022-10-07,57,4707,0,0,0,0,0,2021,34,2021-08-22,2021-08-28,2020,2020-21,48,FALSE
Region 2,202135,202239,2022-10-07,56,4628,1,0,0.0216076,0.0216076,0,2021,35,2021-08-29,2021-09-04,2020,2020-21,49,FALSE
Region 2,202136,202239,2022-10-07,55,4479,1,0,0.0223264,0.0223264,0,2021,36,2021-09-05,2021-09-11,2020,2020-21,50,FALSE
Region 2,202137,202239,2022-10-07,54,4944,1,1,0.0404531,0.0202265,0.0202265,2021,37,2021-09-12,2021-09-18,2020,2020-21,51,FALSE
Region 2,202138,202239,2022-10-07,53,5389,0,0,0,0,0,2021,38,2021-09-19,2021-09-25,2020,2020-21,52,FALSE
Region 2,202139,202239,2022-10-07,52,5507,3,2,0.0907935,0.0544761,0.0363174,2021,39,2021-09-26,2021-10-02,2020,2020-21,53,FALSE
Region 2,202140,202339,2023-10-06,103,5647,5,3,0.141668,0.0885426,0.0531256,2021,40,2021-10-03,2021-10-09,2021,2021-22,1,FALSE
Region 2,202141,202339,2023-10-06,102,5294,4,2,0.113336,0.0755572,0.0377786,2021,41,2021-10-10,2021-10-16,2021,2021-22,2,FALSE
Region 2,202142,202339,2023-10-06,101,5296,4,4,0.151057,0.0755287,0.0755287,2021,42,2021-10-17,2021-10-23,2021,2021-22,3,FALSE
Region 2,202143,202339,2023-10-06,100,5521,2,2,0.0724506,0.0362253,0.0362253,2021,43,2021-10-24,2021-10-30,2021,2021-22,4,FALSE
Region 2,202144,202339,2023-10-06,99,5720,16,1,0.297203,0.27972,0.0174825,2021,44,2021-10-31,2021-11-06,2021,2021-22,5,FALSE
Region 2,202145,202339,2023-10-06,98,6240,45,2,0.753205,0.721154,0.0320513,2021,45,2021-11-07,2021-11-13,2021,2021-22,6,FALSE
Region 2,202146,202339,2023-10-06,97,5980,66,7,1.22074,1.10368,0.117057,2021,46,2021-11-14,2021-11-20,2021,2021-22,7,FALSE
Region 2,202147,202339,2023-10-06,96,5667,90,0,1.58814,1.58814,0,2021,47,2021-11-21,2021-11-27,2021,2021-22,8,FALSE
Region 2,202148,202339,2023-10-06,95,7271,222,3,3.09448,3.05323,0.0412598,2021,48,2021-11-28,2021-12-04,2021,2021-22,9,FALSE
Region 2,202149,202339,2023-10-06,94,7614,317,1,4.17652,4.16338,0.0131337,2021,49,2021-12-05,2021-12-11,2021,2021-22,10,FALSE
Region 2,202150,202339,2023-10-06,93,7804,448,2,5.76627,5.74065,0.0256279,2021,50,2021-12-12,2021-12-18,2021,2021-22,11,FALSE
Region 2,202151,202339,2023-10-06,92,10151,405,3,4.01931,3.98975,0.0295537,2021,51,2021-12-19,2021-12-25,2021,2021-22,12,FALSE
Region 2,202152,202339,2023-10-06,91,11240,284,6,2.58007,2.52669,0.0533808,2021,52,2021-12-26,2022-01-01,2021,2021-22,13,FALSE
Region 2,202201,202339,2023-10-06,90,11116,136,2,1.24145,1.22346,0.0179921,2022,1,2022-01-02,2022-01-08,2021,2021-22,14,FALSE
Region 2,202202,202339,2023-10-06,89,9241,52,0,0.56271,0.56271,0,2022,2,2022-01-09,2022-01-15,2021,2021-22,15,FALSE
Region 2,202203,202339,2023-10-06,88,7185,32,2,0.473208,0.445372,0.0278358,2022,3,2022-01-16,2022-01-22,2021,2021-22,16,FALSE
Region 2,202204,202339,2023-10-06,87,6098,22,0,0.360774,0.360774,0,2022,4,2022-01-23,2022-01-29,2021,2021-22,17,FALSE
Region 2,202205,202339,2023-10-06,86,5475,36,1,0.675799,0.657534,0.0182648,2022,5,2022-01-30,2022-02-05,2021,2021-22,18,FALSE
Region 2,202206,202339,2023-10-06,85,5806,30,1,0.53393,0.516707,0.0172236,2022,6,2022-02-06,2022-02-12,2021,2021-22,19,FALSE
Region 2,202207,202339,2023-10-06,84,5638,47,1,0.851366,0.833629,0.0177368,2022,7,2022-02-13,2022-02-19,2021,2021-22,20,FALSE
Region 2,202208,202339,2023-10-06,83,5379,55,0,1.02249,1.02249,0,2022,8,2022-02-20,2022-02-26,2021,2021-22,21,FALSE
Region 2,202209,202339,2023-10-06,82,5723,75,0,1.3105,1.3105,0,2022,9,2022-02-27,2022-03-05,2021,2021-22,22,FALSE
Region 2,202210,202339,2023-10-06,81,5937,114,0,1.92016,1.92016,0,2022,10,2022-03-06,2022-03-12,2021,2021-22,23,FALSE
Region 2,202211,202339,2023-10-06,80,6340,216,0,3.40694,3.40694,0,2022,11,2022-03-13,2022-03-19,2021,2021-22,24,FALSE
Region 2,202212,202339,2023-10-06,79,6908,424,0,6.13781,6.13781,0,2022,12,2022-03-20,2022-03-26,2021,2021-22,25,FALSE
Region 2,202213,202339,2023-10-06,78,7702,618,1,8.03687,8.02389,0.0129836,2022,13,2022-03-27,2022-04-02,2021,2021-22,26,FALSE
Region 2,202214,202339,2023-10-06,77,8600,933,0,10.8488,10.8488,0,2022,14,2022-04-03,2022-04-09,2021,2021-22,27,FALSE
Region 2,202215,202339,2023-10-06,76,8340,910,0,10.9113,10.9113,0,2022,15,2022-04-10,2022-04-16,2021,2021-22,28,FALSE
Region 2,202216,202339,2023-10-06,75,8620,676,0,7.84223,7.84223,0,2022,16,2022-04-17,2022-04-23,2021,2021-22,29,FALSE
Region 2,202217,202339,2023-10-06,74,8383,564,0,6.7279,6.7279,0,2022,17,2022-04-24,2022-04-30,2021,2021-22,30,FALSE
Region 2,202218,202339,2023-10-06,73,8434,649,0,7.69504,7.69504,0,2022,18,2022-05-01,2022-05-07,2021,2021-22,31,FALSE
Region 2,202219,202339,2023-10-06,72,8494,517,0,6.08665,6.08665,0,2022,19,2022-05-08,2022-05-14,2021,2021-22,32,FALSE
Region 2,202220,202339,2023-10-06,71,7997,430,0,5.37702,5.37702,0,2022,20,2022-05-15,2022-05-21,2021,2021-22,33,FALSE
Region 2,202221,202339,2023-10-06,70,7653,293,6,3.90696,3.82856,0.0784006,2022,21,2022-05-22,2022-05-28,2021,2021-22,34,FALSE
Region 2,202222,202339,2023-10-06,69,6913,179,0,2.58932,2.58932,0,2022,22,2022-05-29,2022-06-04,2021,2021-22,35,FALSE
Region 2,202223,202339,2023-10-06,68,7018,83,1,1.19692,1.18267,0.0142491,2022,23,2022-06-05,2022-06-11,2021,2021-22,36,FALSE
Region 2,202224,202339,2023-10-06,67,6448,56,0,0.868486,0.868486,0,2022,24,2022-06-12,2022-06-18,2021,2021-22,37,FALSE
Region 2,202225,202339,2023-10-06,66,6325,41,0,0.648221,0.648221,0,2022,25,2022-06-19,2022-06-25,2021,2021-22,38,FALSE
Region 2,202226,202339,2023-10-06,65,6318,32,0,0.506489,0.506489,0,2022,26,2022-06-26,2022-07-02,2021,2021-22,39,FALSE
Region 2,202227,202339,2023-10-06,64,6273,16,0,0.255061,0.255061,0,2022,27,2022-07-03,2022-07-09,2021,2021-22,40,FALSE
Region 2,202228,202339,2023-10-06,63,6216,14,1,0.241313,0.225225,0.0160875,2022,28,2022-07-10,2022-07-16,2021,2021-22,41,FALSE
Region 2,202229,202339,2023-10-06,62,6306,9,0,0.142721,0.142721,0,2022,29,2022-07-17,2022-07-23,2021,2021-22,42,FALSE
Region 2,202230,202339,2023-10-06,61,6249,8,0,0.12802,0.12802,0,2022,30,2022-07-24,2022-07-30,2021,2021-22,43,FALSE
Region 2,202231,202339,2023-10-06,60,6176,6,1,0.113342,0.0971503,0.0161917,2022,31,2022-07-31,2022-08-06,2021,2021-22,44,FALSE
Region 2,202232,202339,2023-10-06,59,5276,9,0,0.170584,0.170584,0,2022,32,2022-08-07,2022-08-13,2021,2021-22,45,FALSE
Region 2,202233,202339,2023-10-06,58,4904,13,0,0.26509,0.26509,0,2022,33,2022-08-14,2022-08-20,2021,2021-22,46,FALSE
Region 2,202234,202339,2023-10-06,57,4794,11,0,0.229453,0.229453,0,2022,34,2022-08-21,2022-08-27,2021,2021-22,47,FALSE
Region 2,202235,202339,2023-10-06,56,4777,15,0,0.314005,0.314005,0,2022,35,2022-08-28,2022-09-03,2021,2021-22,48,FALSE
Region 2,202236,202339,2023-10-06,55,4889,14,0,0.286357,0.286357,0,2022,36,2022-09-04,2022-09-10,2021,2021-22,49,FALSE
Region 2,202237,202339,2023-10-06,54,5607,23,0,0.410202,0.410202,0,2022,37,2022-09-11,2022-09-17,2021,2021-22,50,FALSE
Region 2,202238,202339,2023-10-06,53,6268,22,0,0.350989,0.350989,0,2022,38,2022-09-18,2022-09-24,2021,2021-22,51,FALSE
Region 2,202239,202339,2023-10-06,52,6489,21,2,0.354446,0.323625,0.0308214,2022,39,2022-09-25,2022-10-01,2021,2021-22,52,FALSE
Region 2,202240,202439,2024-10-04,103,7652,31,1,0.418191,0.405123,0.0130685,2022,40,2022-10-02,2022-10-08,2022,2022-23,1,TRUE
Region 2,202241,202439,2024-10-04,102,7827,58,1,0.753801,0.741025,0.0127763,2022,41,2022-10-09,2022-10-15,2022,2022-23,2,TRUE
Region 2,202242,202439,2024-10-04,101,8523,116,1,1.37276,1.36102,0.011733,2022,42,2022-10-16,2022-10-22,2022,2022-23,3,TRUE
Region 2,202243,202439,2024-10-04,100,9955,335,1,3.37519,3.36514,0.0100452,2022,43,2022-10-23,2022-10-29,2022,2022-23,4,TRUE
Region 2,202244,202439,2024-10-04,99,11015,734,4,6.69995,6.66364,0.0363141,2022,44,2022-10-30,2022-11-05,2022,2022-23,5,TRUE
Region 2,202245,202439,2024-10-04,98,10969,1140,5,10.4385,10.3929,0.045583,2022,45,2022-11-06,2022-11-12,2022,2022-23,6,TRUE
Region 2,202246,202439,2024-10-04,97,12395,1740,1,14.046,14.0379,0.00806777,2022,46,2022-11-13,2022-11-19,2022,2022-23,7,TRUE
Region 2,202247,202439,2024-10-04,96,12720,3094,4,24.3553,24.3239,0.0314465,2022,47,2022-11-20,2022-11-26,2022,2022-23,8,TRUE
Region 2,202248,202439,2024-10-04,95,15728,4119,2,26.2017,26.189,0.0127162,2022,48,2022-11-27,2022-12-03,2022,2022-23,9,TRUE
Region 2,202249,202439,2024-10-04,94,14902,3793,5,25.4865,25.453,0.0335525,2022,49,2022-12-04,2022-12-10,2022,2022-23,10,TRUE
Region 2,202250,202439,2024-10-04,93,14431,3168,2,21.9666,21.9527,0.0138591,2022,50,2022-12-11,2022-12-17,2022,2022-23,11,TRUE
Region 2,202251,202439,2024-10-04,92,13129,2417,3,18.4325,18.4096,0.0228502,2022,51,2022-12-18,2022-12-24,2022,2022-23,12,TRUE
Region 2,202252,202439,2024-10-04,91,11633,1585,5,13.668,13.625,0.0429812,2022,52,2022-12-25,2022-12-31,2022,2022-23,13,TRUE
Region 2,202301,202439,2024-10-04,90,11243,883,9,7.93383,7.85378,0.0800498,2023,1,2023-01-01,2023-01-07,2022,2022-23,14,TRUE
Region 2,202302,202439,2024-10-04,89,10694,342,13,3.31962,3.19805,0.121563,2023,2,2023-01-08,2023-01-14,2022,2022-23,15,TRUE
Region 2,202303,202439,2024-10-04,88,9696,175,10,1.908,1.80487,0.103135,2023,3,2023-01-15,2023-01-21,2022,2022-23,16,TRUE
Region 2,202304,202439,2024-10-04,87,9470,100,22,1.28828,1.05597,0.232313,2023,4,2023-01-22,2023-01-28,2022,2022-23,17,TRUE
Region 2,202305,202439,2024-10-04,86,9798,65,23,0.898142,0.663401,0.234742,2023,5,2023-01-29,2023-02-04,2022,2022-23,18,TRUE
Region 2,202306,202439,2024-10-04,85,10147,54,42,0.946092,0.532177,0.413915,2023,6,2023-02-05,2023-02-11,2022,2022-23,19,TRUE
Region 2,202307,202439,2024-10-04,84,10221,52,28,0.782702,0.508756,0.273946,2023,7,2023-02-12,2023-02-18,2022,2022-23,20,TRUE
Region 2,202308,202439,2024-10-04,83,9461,57,26,0.877286,0.602473,0.274812,2023,8,2023-02-19,2023-02-25,2022,2022-23,21,TRUE
Region 2,202309,202439,2024-10-04,82,9503,42,28,0.736609,0.441966,0.294644,2023,9,2023-02-26,2023-03-04,2022,2022-23,22,TRUE
Region 2,202310,202439,2024-10-04,81,9263,62,41,1.11195,0.66933,0.442621,2023,10,2023-03-05,2023-03-11,2022,2022-23,23,TRUE
Region 2,202311,202439,2024-10-04,80,9021,50,43,1.03093,0.554262,0.476666,2023,11,2023-03-12,2023-03-18,2022,2022-23,24,TRUE
Region 2,202312,202439,2024-10-04,79,9404,54,51,1.11655,0.574224,0.542322,2023,12,2023-03-19,2023-03-25,2022,2022-23,25,TRUE
Region 2,202313,202439,2024-10-04,78,8621,39,80,1.38035,0.452384,0.927967,2023,13,2023-03-26,2023-04-01,2022,2022-23,26,TRUE
Region 2,202314,202439,2024-10-04,77,8325,52,70,1.46547,0.624625,0.840841,2023,14,2023-04-02,2023-04-08,2022,2022-23,27,TRUE
Region 2,202315,202439,2024-10-04,76,8092,24,72,1.18636,0.296589,0.889768,2023,15,2023-04-09,2023-04-15,2022,2022-23,28,TRUE
Region 2,202316,202439,2024-10-04,75,7183,21,51,1.00237,0.292357,0.71001,2023,16,2023-04-16,2023-04-22,2022,2022-23,29,TRUE
Region 2,202317,202439,2024-10-04,74,6286,24,56,1.27267,0.381801,0.890869,2023,17,2023-04-23,2023-04-29,2022,2022-23,30,TRUE
Region 2,202318,202439,2024-10-04,73,6364,22,48,1.09994,0.345695,0.754243,2023,18,2023-04-30,2023-05-06,2022,2022-23,31,TRUE
Region 2,202319,202439,2024-10-04,72,6014,25,74,1.64616,0.415697,1.23046,2023,19,2023-05-07,2023-05-13,2022,2022-23,32,TRUE
Region 2,202320,202439,2024-10-04,71,5866,31,66,1.6536,0.528469,1.12513,2023,20,2023-05-14,2023-05-20,2022,2022-23,33,TRUE
Region 2,202321,202439,2024-10-04,70,5290,27,62,1.68242,0.510397,1.17202,2023,21,2023-05-21,2023-05-27,2022,2022-23,34,TRUE
Region 2,202322,202439,2024-10-04,69,5111,49,55,2.03483,0.958716,1.07611,2023,22,2023-05-28,2023-06-03,2022,2022-23,35,TRUE
Region 2,202323,202439,2024-10-04,68,4896,23,28,1.04167,0.469771,0.571895,2023,23,2023-06-04,2023-06-10,2022,2022-23,36,TRUE
Region 2,202324,202439,2024-10-04,67,3948,19,16,0.886525,0.481256,0.405268,2023,24,2023-06-11,2023-06-17,2022,2022-23,37,TRUE
Region 2,202325,202439,2024-10-04,66,3058,9,6,0.490517,0.29431,0.196207,2023,25,2023-06-18,2023-06-24,2022,2022-23,38,TRUE
Region 2,202326,202439,2024-10-04,65,3529,14,7,0.595069,0.396713,0.198356,2023,26,2023-06-25,2023-07-01,2022,2022-23,39,TRUE
Region 2,202327,202439,2024-10-04,64,3893,15,3,0.462368,0.385307,0.0770614,2023,27,2023-07-02,2023-07-08,2022,2022-23,40,TRUE
Region 2,202328,202439,2024-10-04,63,4011,18,3,0.52356,0.448766,0.0747943,2023,28,2023-07-09,2023-07-15,2022,2022-23,41,TRUE
Region 2,202329,202439,2024-10-04,62,3731,10,3,0.348432,0.268025,0.0804074,2023,29,2023-07-16,2023-07-22,2022,2022-23,42,TRUE
Region 2,202330,202439,2024-10-04,61,3456,10,7,0.491898,0.289352,0.202546,2023,30,2023-07-23,2023-07-29,2022,2022-23,43,TRUE
Region 2,202331,202439,2024-10-04,60,3536,18,5,0.650452,0.50905,0.141403,2023,31,2023-07-30,2023-08-05,2022,2022-23,44,TRUE
Region 2,202332,202439,2024-10-04,59,3840,20,4,0.625,0.520833,0.104167,2023,32,2023-08-06,2023-08-12,2022,2022-23,45,TRUE
Region 2,202333,202439,2024-10-04,58,4359,16,2,0.412939,0.367057,0.0458821,2023,33,2023-08-13,2023-08-19,2022,2022-23,46,TRUE
Region 2,202334,202439,2024-10-04,57,4314,15,3,0.417246,0.347705,0.069541,2023,34,2023-08-20,2023-08-26,2022,2022-23,47,TRUE
Region 2,202335,202439,2024-10-04,56,4961,20,9,0.58456,0.403145,0.181415,2023,35,2023-08-27,2023-09-02,2022,2022-23,48,TRUE
Region 2,202336,202439,2024-10-04,55,5112,21,4,0.489045,0.410798,0.0782473,2023,36,2023-09-03,2023-09-09,2022,2022-23,49,TRUE
Region 2,202337,202439,2024-10-04,54,5855,21,4,0.426985,0.358668,0.0683177,2023,37,2023-09-10,2023-09-16,2022,2022-23,50,TRUE
Region 2,202338,202439,2024-10-04,53,7179,30,6,0.501463,0.417885,0.0835771,2023,38,2023-09-17,2023-09-23,2022,2022-23,51,TRUE
Region 2,202339,202439,2024-10-04,52,6901,17,5,0.318794,0.246341,0.0724533,2023,39,2023-09-24,2023-09-30,2022,2022-23,52,TRUE
Region 2,202340,202538,2025-09-26,102,7280,28,8,0.494505,0.384615,0.10989,2023,40,2023-10-01,2023-10-07,2023,2023-24,1,TRUE
Region 2,202341,202538,2025-09-26,101,6736,33,7,0.593824,0.489905,0.103919,2023,41,2023-10-08,2023-10-14,2023,2023-24,2,TRUE
Region 2,202342,202538,2025-09-26,100,6881,58,10,0.988228,0.842901,0.145328,2023,42,2023-10-15,2023-10-21,2023,2023-24,3,TRUE
Region 2,202343,202538,2025-09-26,99,6991,61,9,1.00129,0.87255,0.128737,2023,43,2023-10-22,2023-10-28,2023,2023-24,4,TRUE
Region 2,202344,202538,2025-09-26,98,7158,85,11,1.34116,1.18748,0.153674,2023,44,2023-10-29,2023-11-04,2023,2023-24,5,TRUE
Region 2,202345,202538,2025-09-26,97,7431,132,21,2.05894,1.77634,0.2826,2023,45,2023-11-05,2023-11-11,2023,2023-24,6,TRUE
Region 2,202346,202538,2025-09-26,96,8120,188,27,2.64778,2.31527,0.332512,2023,46,2023-11-12,2023-11-18,2023,2023-24,7,TRUE
Region 2,202347,202538,2025-09-26,95,7609,277,23,3.9427,3.64043,0.302274,2023,47,2023-11-19,2023-11-25,2023,2023-24,8,TRUE
Region 2,202348,202538,2025-09-26,94,9591,517,43,5.83881,5.39047,0.448337,2023,48,2023-11-26,2023-12-02,2023,2023-24,9,TRUE
Region 2,202349,202538,2025-09-26,93,9936,850,61,9.16868,8.55475,0.613929,2023,49,2023-12-03,2023-12-09,2023,2023-24,10,TRUE
Region 2,202350,202538,2025-09-26,92,11746,1455,129,13.4854,12.3872,1.09825,2023,50,2023-12-10,2023-12-16,2023,2023-24,11,TRUE
Region 2,202351,202538,2025-09-26,91,12637,2156,127,18.066,17.061,1.00499,2023,51,2023-12-17,2023-12-23,2023,2023-24,12,TRUE
Region 2,202352,202538,2025-09-26,90,12950,2433,191,20.2625,18.7876,1.4749,2023,52,2023-12-24,2023-12-30,2023,2023-24,13,TRUE
Region 2,202401,202538,2025-09-26,89,12540,1558,125,13.4211,12.4242,0.99681,2024,1,2023-12-31,2024-01-06,2023,2023-24,14,TRUE
Region 2,202402,202538,2025-09-26,88,11797,1381,149,12.9694,11.7064,1.26303,2024,2,2024-01-07,2024-01-13,2023,2023-24,15,TRUE
Region 2,202403,202538,2025-09-26,87,9944,1065,127,11.9871,10.71,1.27715,2024,3,2024-01-14,2024-01-20,2023,2023-24,16,TRUE
Region 2,202404,202538,2025-09-26,86,8687,883,157,11.9719,10.1646,1.8073,2024,4,2024-01-21,2024-01-27,2023,2023-24,17,TRUE
Region 2,202405,202538,2025-09-26,85,9303,839,223,11.4157,9.0186,2.39708,2024,5,2024-01-28,2024-02-03,2023,2023-24,18,TRUE
Region 2,202406,202538,2025-09-26,84,9448,824,294,11.8332,8.72142,3.11177,2024,6,2024-02-04,2024-02-10,2023,2023-24,19,TRUE
Region 2,202407,202538,2025-09-26,83,8767,812,360,13.3683,9.26201,4.10631,2024,7,2024-02-11,2024-02-17,2023,2023-24,20,TRUE
Region 2,202408,202538,2025-09-26,82,8856,775,402,13.2904,8.75113,4.5393,2024,8,2024-02-18,2024-02-24,2023,2023-24,21,TRUE
Region 2,202409,202538,2025-09-26,81,8590,684,351,12.0489,7.96275,4.08615,2024,9,2024-02-25,2024-03-02,2023,2023-24,22,TRUE
Region 2,202410,202538,2025-09-26,80,7716,540,350,11.5345,6.99844,4.53603,2024,10,2024-03-03,2024-03-09,2023,2023-24,23,TRUE
Region 2,202411,202538,2025-09-26,79,6661,345,267,9.18781,5.1794,4.00841,2024,11,2024-03-10,2024-03-16,2023,2023-24,24,TRUE
Region 2,202412,202538,2025-09-26,78,5502,270,248,9.41476,4.90731,4.50745,2024,12,2024-03-17,2024-03-23,2023,2023-24,25,TRUE
Region 2,202413,202538,2025-09-26,77,6729,331,349,10.1055,4.91901,5.18651,2024,13,2024-03-24,2024-03-30,2023,2023-24,26,TRUE
Region 2,202414,202538,2025-09-26,76,6566,251,270,7.93482,3.82272,4.11209,2024,14,2024-03-31,2024-04-06,2023,2023-24,27,TRUE
Region 2,202415,202538,2025-09-26,75,5678,163,184,6.11131,2.87073,3.24058,2024,15,2024-04-07,2024-04-13,2023,2023-24,28,TRUE
Region 2,202416,202538,2025-09-26,74,5354,94,125,4.0904,1.7557,2.3347,2024,16,2024-04-14,2024-04-20,2023,2023-24,29,TRUE
Region 2,202417,202538,2025-09-26,73,5489,109,81,3.46147,1.98579,1.47568,2024,17,2024-04-21,2024-04-27,2023,2023-24,30,TRUE
Region 2,202418,202538,2025-09-26,72,5305,126,65,3.60038,2.37512,1.22526,2024,18,2024-04-28,2024-05-04,2023,2023-24,31,TRUE
Region 2,202419,202538,2025-09-26,71,5068,71,36,2.11129,1.40095,0.710339,2024,19,2024-05-05,2024-05-11,2023,2023-24,32,TRUE
Region 2,202420,202538,2025-09-26,70,4651,34,21,1.18254,0.731026,0.451516,2024,20,2024-05-12,2024-05-18,2023,2023-24,33,TRUE
Region 2,202421,202538,2025-09-26,69,4915,49,25,1.5056,0.996948,0.508647,2024,21,2024-05-19,2024-05-25,2023,2023-24,34,TRUE
Region 2,202422,202538,2025-09-26,68,4552,40,5,0.988576,0.878735,0.109842,2024,22,2024-05-26,2024-06-01,2023,2023-24,35,TRUE
Region 2,202423,202538,2025-09-26,67,4164,24,8,0.768492,0.576369,0.192123,2024,23,2024-06-02,2024-06-08,2023,2023-24,36,TRUE
Region 2,202424,202538,2025-09-26,66,3919,26,8,0.867568,0.663435,0.204134,2024,24,2024-06-09,2024-06-15,2023,2023-24,37,TRUE
Region 2,202425,202538,2025-09-26,65,4295,31,7,0.88475,0.721769,0.16298,2024,25,2024-06-16,2024-06-22,2023,2023-24,38,TRUE
Region 2,202426,202538,2025-09-26,64,3891,22,3,0.642508,0.565407,0.077101,2024,26,2024-06-23,2024-06-29,2023,2023-24,39,TRUE
Region 2,202427,202538,2025-09-26,63,3976,27,1,0.704225,0.679074,0.0251509,2024,27,2024-06-30,2024-07-06,2023,2023-24,40,TRUE
Region 2,202428,202538,2025-09-26,62,3785,17,0,0.449141,0.449141,0,2024,28,2024-07-07,2024-07-13,2023,2023-24,41,TRUE
Region 2,202429,202538,2025-09-26,61,3855,22,3,0.648508,0.57068700000000006,0.077821,2024,29,2024-07-14,2024-07-20,2023,2023-24,42,TRUE
Region 2,202430,202538,2025-09-26,60,4001,16,0,0.3999,0.3999,0,2024,30,2024-07-21,2024-07-27,2023,2023-24,43,TRUE
Region 2,202431,202538,2025-09-26,59,4078,11,1,0.294262,0.26974,0.0245218,2024,31,2024-07-28,2024-08-03,2023,2023-24,44,TRUE
Region 2,202432,202538,2025-09-26,58,4118,10,0,0.242836,0.242836,0,2024,32,2024-08-04,2024-08-10,2023,2023-24,45,TRUE
Region 2,202433,202538,2025-09-26,57,4343,21,0,0.483537,0.483537,0,2024,33,2024-08-11,2024-08-17,2023,2023-24,46,TRUE
Region 2,202434,202538,2025-09-26,56,4371,9,0,0.205903,0.205903,0,2024,34,2024-08-18,2024-08-24,2023,2023-24,47,TRUE
Region 2,202435,202538,2025-09-26,55,4475,9,0,0.201117,0.201117,0,2024,35,2024-08-25,2024-08-31,2023,2023-24,48,TRUE
Region 2,202436,202538,2025-09-26,54,4496,9,0,0.200178,0.200178,0,2024,36,2024-09-01,2024-09-07,2023,2023-24,49,TRUE
Region 2,202437,202538,2025-09-26,53,5192,10,1,0.211864,0.192604,0.0192604,2024,37,2024-09-08,2024-09-14,2023,2023-24,50,TRUE
Region 2,202438,202538,2025-09-26,52,6117,22,4,0.425045,0.359653,0.0653915,2024,38,2024-09-15,2024-09-21,2023,2023-24,51,TRUE
Region 2,202439,202538,2025-09-26,51,6039,10,4,0.231826,0.16559,0.0662361,2024,39,2024-09-22,2024-09-28,2023,2023-24,52,TRUE
Region 2,202440,202638,2026-10-02,103,5443,16,1,0.312328,0.293956,0.0183722,2024,40,2024-09-29,2024-10-05,2024,2024-25,1,TRUE
Region 2,202441,202638,2026-10-02,102,5507,6,3,0.163428,0.108952,0.0544761,2024,41,2024-10-06,2024-10-12,2024,2024-25,2,TRUE
Region 2,202442,202638,2026-10-02,101,5386,13,3,0.297066,0.241367,0.0557,2024,42,2024-10-13,2024-10-19,2024,2024-25,3,TRUE
Region 2,202443,202638,2026-10-02,100,6318,16,1,0.269072,0.253245,0.0158278,2024,43,2024-10-20,2024-10-26,2024,2024-25,4,TRUE
Region 2,202444,202638,2026-10-02,99,5213,28,1,0.556302,0.537119,0.0191828,2024,44,2024-10-27,2024-11-02,2024,2024-25,5,TRUE
Region 2,202445,202638,2026-10-02,98,5080,37,5,0.826772,0.728346,0.0984252,2024,45,2024-11-03,2024-11-09,2024,2024-25,6,TRUE
Region 2,202446,202638,2026-10-02,97,5402,25,5,0.55535,0.462792,0.0925583,2024,46,2024-11-10,2024-11-16,2024,2024-25,7,TRUE
Region 2,202447,202638,2026-10-02,96,5365,51,6,1.06244,0.950606,0.111836,2024,47,2024-11-17,2024-11-23,2024,2024-25,8,TRUE
Region 2,202448,202638,2026-10-02,95,4949,90,6,1.93979,1.8185500000000001,0.121237,2024,48,2024-11-24,2024-11-30,2024,2024-25,9,TRUE
Region 2,202449,202638,2026-10-02,94,5798,160,13,2.98379,2.75957,0.224215,2024,49,2024-12-01,2024-12-07,2024,2024-25,10,TRUE
Region 2,202450,202638,2026-10-02,93,6198,268,16,4.58212,4.32398,0.258148,2024,50,2024-12-08,2024-12-14,2024,2024-25,11,TRUE
Region 2,202451,202638,2026-10-02,92,6897,487,26,7.43802,7.06104,0.376975,2024,51,2024-12-15,2024-12-21,2024,2024-25,12,TRUE
Region 2,202452,202638,2026-10-02,91,7272,977,50,14.1227,13.4351,0.687569,2024,52,2024-12-22,2024-12-28,2024,2024-25,13,TRUE
Region 2,202501,202638,2026-10-02,90,8095,1156,52,14.9228,14.2804,0.642372,2025,1,2024-12-29,2025-01-04,2024,2024-25,14,TRUE
Region 2,202502,202638,2026-10-02,89,8174,1188,45,15.0844,14.5339,0.550526,2025,2,2025-01-05,2025-01-11,2024,2024-25,15,TRUE
Region 2,202503,202638,2026-10-02,88,8441,1734,65,21.3126,20.5426,0.770051,2025,3,2025-01-12,2025-01-18,2024,2024-25,16,TRUE
Region 2,202504,202638,2026-10-02,87,8581,2362,97,28.6563,27.5259,1.1304,2025,4,2025-01-19,2025-01-25,2024,2024-25,17,TRUE
Region 2,202505,202638,2026-10-02,86,9646,2703,144,29.5148,28.022,1.49285,2025,5,2025-01-26,2025-02-01,2024,2024-25,18,TRUE
Region 2,202506,202638,2026-10-02,85,10064,2864,203,30.475,28.4579,2.01709,2025,6,2025-02-02,2025-02-08,2024,2024-25,19,TRUE
Region 2,202507,202638,2026-10-02,84,9746,2666,251,29.9302,27.3548,2.57542,2025,7,2025-02-09,2025-02-15,2024,2024-25,20,TRUE
Region 2,202508,202638,2026-10-02,83,8267,1789,289,25.1361,21.6403,3.49583,2025,8,2025-02-16,2025-02-22,2024,2024-25,21,TRUE
Region 2,202509,202638,2026-10-02,82,7920,1215,287,18.9646,15.3409,3.62374,2025,9,2025-02-23,2025-03-01,2024,2024-25,22,TRUE
Region 2,202510,202638,2026-10-02,81,7381,909,301,16.3934,12.3154,4.07804,2025,10,2025-03-02,2025-03-08,2024,2024-25,23,TRUE
Region 2,202511,202638,2026-10-02,80,6949,677,333,14.5345,9.74241,4.79206,2025,11,2025-03-09,2025-03-15,2024,2024-25,24,TRUE
Region 2,202512,202638,2026-10-02,79,6675,454,366,12.2846,6.8015,5.48315,2025,12,2025-03-16,2025-03-22,2024,2024-25,25,TRUE
Region 2,202513,202638,2026-10-02,78,6567,318,379,10.6137,4.84239,5.77128,2025,13,2025-03-23,2025-03-29,2024,2024-25,26,TRUE
Region 2,202514,202638,2026-10-02,77,6404,284,380,10.3685,4.43473,5.93379,2025,14,2025-03-30,2025-04-05,2024,2024-25,27,TRUE
Region 2,202515,202638,2026-10-02,76,6263,152,359,8.15903,2.42695,5.73208,2025,15,2025-04-06,2025-04-12,2024,2024-25,28,TRUE
Region 2,202516,202638,2026-10-02,75,5743,116,251,6.39039,2.01985,4.37054,2025,16,2025-04-13,2025-04-19,2024,2024-25,29,TRUE
Region 2,202517,202638,2026-10-02,74,5521,98,190,5.21645,1.77504,3.44141,2025,17,2025-04-20,2025-04-26,2024,2024-25,30,TRUE
Region 2,202518,202638,2026-10-02,73,4728,52,120,3.6379,1.09983,2.53807,2025,18,2025-04-27,2025-05-03,2024,2024-25,31,TRUE
Region 2,202519,202638,2026-10-02,72,4377,37,78,2.62737,0.845328,1.78204,2025,19,2025-05-04,2025-05-10,2024,2024-25,32,TRUE
Region 2,202520,202638,2026-10-02,71,4228,28,58,2.03406,0.662252,1.37181,2025,20,2025-05-11,2025-05-17,2024,2024-25,33,TRUE
Region 2,202521,202638,2026-10-02,70,3963,17,52,1.74111,0.428968,1.31214,2025,21,2025-05-18,2025-05-24,2024,2024-25,34,TRUE
Region 2,202522,202638,2026-10-02,69,3811,14,30,1.15455,0.367358,0.787195,2025,22,2025-05-25,2025-05-31,2024,2024-25,35,TRUE
Region 2,202523,202638,2026-10-02,68,3649,17,24,1.1236,0.465881,0.657714,2025,23,2025-06-01,2025-06-07,2024,2024-25,36,TRUE
Region 2,202524,202638,2026-10-02,67,3452,6,16,0.637312,0.173812,0.463499,2025,24,2025-06-08,2025-06-14,2024,2024-25,37,TRUE
Region 2,202525,202638,2026-10-02,66,3211,12,7,0.591716,0.373715,0.218001,2025,25,2025-06-15,2025-06-21,2024,2024-25,38,TRUE
Region 2,202526,202638,2026-10-02,65,3104,6,3,0.289948,0.193299,0.0966495,2025,26,2025-06-22,2025-06-28,2024,2024-25,39,TRUE
Region 2,202527,202638,2026-10-02,64,2882,4,5,0.312283,0.138793,0.173491,2025,27,2025-06-29,2025-07-05,2024,2024-25,40,TRUE
Region 2,202528,202638,2026-10-02,63,2755,10,7,0.61706,0.362976,0.254083,2025,28,2025-07-06,2025-07-12,2024,2024-25,41,TRUE
Region 2,202529,202638,2026-10-02,62,2764,7,2,0.325615,0.253256,0.0723589,2025,29,2025-07-13,2025-07-19,2024,2024-25,42,TRUE
Region 2,202530,202638,2026-10-02,61,2625,12,1,0.495238,0.457143,0.0380952,2025,30,2025-07-20,2025-07-26,2024,2024-25,43,TRUE
Region 2,202531,202638,2026-10-02,60,2635,5,2,0.265655,0.189753,0.0759013,2025,31,2025-07-27,2025-08-02,2024,2024-25,44,TRUE
Region 2,202532,202638,2026-10-02,59,2663,3,6,0.337965,0.112655,0.22531,2025,32,2025-08-03,2025-08-09,2024,2024-25,45,TRUE
Region 2,202533,202638,2026-10-02,58,2792,4,2,0.2149,0.143266,0.0716332,2025,33,2025-08-10,2025-08-16,2024,2024-25,46,TRUE
Region 2,202534,202638,2026-10-02,57,2946,12,0,0.407332,0.407332,0,2025,34,2025-08-17,2025-08-23,2024,2024-25,47,TRUE
Region 2,202535,202638,2026-10-02,56,2954,4,1,0.169262,0.13541,0.0338524,2025,35,2025-08-24,2025-08-30,2024,2024-25,48,TRUE
Region 2,202536,202638,2026-10-02,55,3140,7,1,0.254777,0.22293,0.0318471,2025,36,2025-08-31,2025-09-06,2024,2024-25,49,TRUE
Region 2,202537,202638,2026-10-02,54,3667,12,2,0.381783,0.327243,0.0545405,2025,37,2025-09-07,2025-09-13,2024,2024-25,50,TRUE
Region 2,202538,202638,2026-10-02,53,4540,14,0,0.30837,0.30837,0,2025,38,2025-09-14,2025-09-20,2024,2024-25,51,TRUE
Region 2,202539,202638,2026-10-02,52,4399,11,1,0.272789,0.250057,0.0227324,2025,39,2025-09-21,2025-09-27,2024,2024-25,52,TRUE
Region 2,202540,202638,2026-10-02,51,4020,14,0,0.348259,0.348259,0,2025,40,2025-09-28,2025-10-04,2025,2025-26,1,TRUE
Region 2,202541,202638,2026-10-02,50,4160,9,0,0.216346,0.216346,0,2025,41,2025-10-05,2025-10-11,2025,2025-26,2,TRUE
Region 2,202542,202638,2026-10-02,49,4033,17,1,0.446318,0.421522,0.0247954,2025,42,2025-10-12,2025-10-18,2025,2025-26,3,TRUE
Region 2,202543,202638,2026-10-02,48,4146,27,2,0.699469,0.65123,0.0482393,2025,43,2025-10-19,2025-10-25,2025,2025-26,4,TRUE
Region 2,202544,202638,2026-10-02,47,3857,37,0,0.959295,0.959295,0,2025,44,2025-10-26,2025-11-01,2025,2025-26,5,TRUE
Region 2,202545,202638,2026-10-02,46,4433,74,1,1.69186,1.6693,0.0225581,2025,45,2025-11-02,2025-11-08,2025,2025-26,6,TRUE
Region 2,202546,202638,2026-10-02,45,4044,158,1,3.93175,3.90702,0.024728,2025,46,2025-11-09,2025-11-15,2025,2025-26,7,TRUE
Region 2,202547,202638,2026-10-02,44,4321,380,1,8.8174,8.79426,0.0231428,2025,47,2025-11-16,2025-11-22,2025,2025-26,8,TRUE
Region 2,202548,202638,2026-10-02,43,4636,723,3,15.6601,15.5953,0.064711,2025,48,2025-11-23,2025-11-29,2025,2025-26,9,TRUE
Region 2,202549,202638,2026-10-02,42,5657,937,3,16.6166,16.5635,0.0530316,2025,49,2025-11-30,2025-12-06,2025,2025-26,10,TRUE
Region 2,202550,202638,2026-10-02,41,5470,1241,5,22.7788,22.6874,0.0914077,2025,50,2025-12-07,2025-12-13,2025,2025-26,11,TRUE
Region 2,202551,202638,2026-10-02,40,6962,2232,11,32.2178,32.0598,0.158001,2025,51,2025-12-14,2025-12-20,2025,2025-26,12,TRUE
Region 2,202552,202638,2026-10-02,39,7414,2755,12,37.3213,37.1594,0.161856,2025,52,2025-12-21,2025-12-27,2025,2025-26,13,TRUE
Region 2,202553,202638,2026-10-02,38,7123,2046,14,28.9204,28.7239,0.196546,2025,53,2025-12-28,2026-01-03,2025,2025-26,14,TRUE
Region 2,202601,202638,2026-10-02,37,6351,1373,45,22.3272,21.6186,0.70855,2026,1,2026-01-04,2026-01-10,2025,2025-26,15,TRUE
Region 2,202602,202638,2026-10-02,36,4984,557,51,12.199,11.1758,1.02327,2026,2,2026-01-11,2026-01-17,2025,2025-26,16,TRUE
Region 2,202603,202638,2026-10-02,35,4577,362,96,10.0066,7.90911,2.09744,2026,3,2026-01-18,2026-01-24,2025,2025-26,17,TRUE
Region 2,202604,202638,2026-10-02,34,4151,235,178,9.94941,5.66129,4.28812,2026,4,2026-01-25,2026-01-31,2025,2025-26,18,TRUE
Region 2,202605,202638,2026-10-02,33,4596,206,163,8.02872,4.48216,3.54656,2026,5,2026-02-01,2026-02-07,2025,2025-26,19,TRUE
Region 2,202606,202638,2026-10-02,32,5048,193,348,10.7171,3.8233,6.89382,2026,6,2026-02-08,2026-02-14,2025,2025-26,20,TRUE
Region 2,202607,202638,2026-10-02,31,5069,154,605,14.9734,3.03807,11.9353,2026,7,2026-02-15,2026-02-21,2025,2025-26,21,TRUE
Region 2,202608,202638,2026-10-02,30,4954,84,521,12.2124,1.6956,10.5168,2026,8,2026-02-22,2026-02-28,2025,2025-26,22,TRUE
Region 2,202609,202638,2026-10-02,29,4608,71,471,11.7622,1.5408,10.2214,2026,9,2026-03-01,2026-03-07,2025,2025-26,23,TRUE
Region 2,202610,202638,2026-10-02,28,4017,48,422,11.7003,1.19492,10.5054,2026,10,2026-03-08,2026-03-14,2025,2025-26,24,TRUE
Region 2,202611,202638,2026-10-02,27,4006,38,374,10.2846,0.948577,9.336,2026,11,2026-03-15,2026-03-21,2025,2025-26,25,TRUE
Region 2,202612,202638,2026-10-02,26,4064,46,334,9.35039,1.13189,8.2185,2026,12,2026-03-22,2026-03-28,2025,2025-26,26,TRUE
Region 2,202613,202638,2026-10-02,25,3772,32,237,7.1315,0.848356,6.28314,2026,13,2026-03-29,2026-04-04,2025,2025-26,27,TRUE
Region 2,202614,202638,2026-10-02,24,3384,29,158,5.526,0.856974,4.66903,2026,14,2026-04-05,2026-04-11,2025,2025-26,28,TRUE
Region 2,202615,202638,2026-10-02,23,4099,32,161,4.70847,0.780678,3.92779,2026,15,2026-04-12,2026-04-18,2025,2025-26,29,TRUE
Region 2,202616,202638,2026-10-02,22,3777,18,70,2.32989,0.476569,1.85332,2026,16,2026-04-19,2026-04-25,2025,2025-26,30,TRUE
Region 2,202617,202638,2026-10-02,21,3894,9,81,2.31125,0.231125,2.08012,2026,17,2026-04-26,2026-05-02,2025,2025-26,31,TRUE
Region 2,202618,202638,2026-10-02,20,3890,4,53,1.4653,0.102828,1.36247,2026,18,2026-05-03,2026-05-09,2025,2025-26,32,TRUE
Region 2,202619,202638,2026-10-02,19,3795,3,57,1.58103,0.0790514,1.50198,2026,19,2026-05-10,2026-05-16,2025,2025-26,33,TRUE
Region 2,202620,202638,2026-10-02,18,3681,8,51,1.60283,0.217332,1.38549,2026,20,2026-05-17,2026-05-23,2025,2025-26,34,TRUE
Region 2,202621,202638,2026-10-02,17,3267,12,17,0.887665,0.367309,0.520355,2026,21,2026-05-24,2026-05-30,2025,2025-26,35,TRUE
Region 2,202622,202638,2026-10-02,16,3096,10,13,0.742894,0.322997,0.419897,2026,22,2026-05-31,2026-06-06,2025,2025-26,36,TRUE
Region 2,202623,202638,2026-10-02,15,2929,3,9,0.409696,0.102424,0.307272,2026,23,2026-06-07,2026-06-13,2025,2025-26,37,TRUE
Region 2,202624,202638,2026-10-02,14,2894,5,4,0.310988,0.172771,0.138217,2026,24,2026-06-14,2026-06-20,2025,2025-26,38,TRUE
Region 2,202625,202638,2026-10-02,13,3315,4,3,0.211161,0.120664,0.0904977,2026,25,2026-06-21,2026-06-27,2025,2025-26,39,TRUE
Region 2,202626,202638,2026-10-02,12,2426,3,2,0.206101,0.12366,0.0824402,2026,26,2026-06-28,2026-07-04,2025,2025-26,40,TRUE
Region 2,202627,202638,2026-10-02,11,2510,5,1,0.239044,0.199203,0.0398406,2026,27,2026-07-05,2026-07-11,2025,2025-26,41,TRUE
Region 2,202628,202638,2026-10-02,10,2304,0,3,0.130208,0,0.130208,2026,28,2026-07-12,2026-07-18,2025,2025-26,42,TRUE
Region 2,202629,202638,2026-10-02,9,2317,4,3,0.302115,0.172637,0.129478,2026,29,2026-07-19,2026-07-25,2025,2025-26,43,TRUE
Region 2,202630,202638,2026-10-02,8,2177,4,1,0.229674,0.183739,0.0459348,2026,30,2026-07-26,2026-08-01,2025,2025-26,44,TRUE
Region 2,202631,202638,2026-10-02,7,2174,6,2,0.367985,0.275989,0.0919963,2026,31,2026-08-02,2026-08-08,2025,2025-26,45,TRUE
Region 2,202632,202638,2026-10-02,6,2269,10,3,0.57294,0.440723,0.132217,2026,32,2026-08-09,2026-08-15,2025,2025-26,46,TRUE
Region 2,202633,202638,2026-10-02,5,2246,5,0,0.222618,0.222618,0,2026,33,2026-08-16,2026-08-22,2025,2025-26,47,TRUE
Region 2,202634,202638,2026-10-02,4,2257,13,1,0.620292,0.575986,0.0443066,2026,34,2026-08-23,2026-08-29,2025,2025-26,48,TRUE
Region 2,202635,202638,2026-10-02,3,2370,17,0,0.7173,0.7173,0,2026,35,2026-08-30,2026-09-05,2025,2025-26,49,TRUE
Region 2,202636,202638,2026-10-02,2,2623,44,2,1.75372,1.67747,0.0762486,2026,36,2026-09-06,2026-09-12,2025,2025-26,50,TRUE
Region 2,202637,202638,2026-10-02,1,3294,51,2,1.60899,1.54827,0.0607165,2026,37,2026-09-13,2026-09-19,2025,2025-26,51,TRUE
Region 2,202638,202638,2026-10-02,0,1329,16,1,1.27916,1.20391,0.0752445,2026,38,2026-09-20,2026-09-26,2025,2025-26,52,TRUE
Region 3,201940,202139,2021-10-08,104,1119,5,4,0.80429,0.446828,0.357462,2019,40,2019-09-29,2019-10-05,2019,2019-20,1,FALSE
Region 3,201941,202139,2021-10-08,103,1171,1,5,0.512383,0.0853971,0.426985,2019,41,2019-10-06,2019-10-12,2019,2019-20,2,FALSE
Region 3,201942,202139,2021-10-08,102,1389,9,2,0.791937,0.647948,0.143988,2019,42,2019-10-13,2019-10-19,2019,2019-20,3,FALSE
Region 3,201943,202139,2021-10-08,101,1500,4,9,0.866667,0.266667,0.6,2019,43,2019-10-20,2019-10-26,2019,2019-20,4,FALSE
Region 3,201944,202139,2021-10-08,100,1505,4,5,0.598007,0.265781,0.332226,2019,44,2019-10-27,2019-11-02,2019,2019-20,5,FALSE
Region 3,201945,202139,2021-10-08,99,1717,7,14,1.22306,0.407688,0.815376,2019,45,2019-11-03,2019-11-09,2019,2019-20,6,FALSE
Region 3,201946,202139,2021-10-08,98,1901,7,13,1.05208,0.368227,0.683851,2019,46,2019-11-10,2019-11-16,2019,2019-20,7,FALSE
Region 3,201947,202139,2021-10-08,97,1884,10,19,1.53928,0.530786,1.00849,2019,47,2019-11-17,2019-11-23,2019,2019-20,8,FALSE
Region 3,201948,202139,2021-10-08,96,1976,23,42,3.28947,1.16397,2.12551,2019,48,2019-11-24,2019-11-30,2019,2019-20,9,FALSE
Region 3,201949,202139,2021-10-08,95,2224,34,103,6.16007,1.52878,4.63129,2019,49,2019-12-01,2019-12-07,2019,2019-20,10,FALSE
Region 3,201950,202139,2021-10-08,94,2414,56,125,7.49793,2.3198,5.17813,2019,50,2019-12-08,2019-12-14,2019,2019-20,11,FALSE
Region 3,201951,202139,2021-10-08,93,2895,124,275,13.7824,4.28325,9.49914,2019,51,2019-12-15,2019-12-21,2019,2019-20,12,FALSE
Region 3,201952,202139,2021-10-08,92,3729,215,556,20.6758,5.76562,14.9102,2019,52,2019-12-22,2019-12-28,2019,2019-20,13,FALSE
Region 3,202001,202139,2021-10-08,91,4002,275,532,20.1649,6.87156,13.2934,2020,1,2019-12-29,2020-01-04,2019,2019-20,14,FALSE
Region 3,202002,202139,2021-10-08,90,3741,303,464,20.5025,8.09944,12.4031,2020,2,2020-01-05,2020-01-11,2019,2019-20,15,FALSE
Region 3,202003,202139,2021-10-08,89,3713,392,471,23.2427,10.5575,12.6852,2020,3,2020-01-12,2020-01-18,2019,2019-20,16,FALSE
Region 3,202004,202139,2021-10-08,88,3866,450,547,25.7889,11.6399,14.149,2020,4,2020-01-19,2020-01-25,2019,2019-20,17,FALSE
Region 3,202005,202139,2021-10-08,87,4754,743,715,30.6689,15.6289,15.04,2020,5,2020-01-26,2020-02-01,2019,2019-20,18,FALSE
Region 3,202006,202139,2021-10-08,86,4725,696,813,31.9365,14.7302,17.2063,2020,6,2020-02-02,2020-02-08,2019,2019-20,19,FALSE
Region 3,202007,202139,2021-10-08,85,4454,738,624,30.5793,16.5694,14.0099,2020,7,2020-02-09,2020-02-15,2019,2019-20,20,FALSE
Region 3,202008,202139,2021-10-08,84,4053,671,407,26.5976,16.5556,10.0419,2020,8,2020-02-16,2020-02-22,2019,2019-20,21,FALSE
Region 3,202009,202139,2021-10-08,83,4044,684,277,23.7636,16.9139,6.84965,2020,9,2020-02-23,2020-02-29,2019,2019-20,22,FALSE
Region 3,202010,202139,2021-10-08,82,3959,665,228,22.5562,16.7972,5.75903,2020,10,2020-03-01,2020-03-07,2019,2019-20,23,FALSE
Region 3,202011,202139,2021-10-08,81,4462,600,150,16.8086,13.4469,3.36172,2020,11,2020-03-08,2020-03-14,2019,2019-20,24,FALSE
Region 3,202012,202139,2021-10-08,80,5011,354,72,8.5013,7.06446,1.43684,2020,12,2020-03-15,2020-03-21,2019,2019-20,25,FALSE
Region 3,202013,202139,2021-10-08,79,3716,75,15,2.42196,2.0183,0.40366,2020,13,2020-03-22,2020-03-28,2019,2019-20,26,FALSE
Region 3,202014,202139,2021-10-08,78,2090,21,7,1.33971,1.00478,0.334928,2020,14,2020-03-29,2020-04-04,2019,2019-20,27,FALSE
Region 3,202015,202139,2021-10-08,77,1049,4,1,0.476644,0.381316,0.0953289,2020,15,2020-04-05,2020-04-11,2019,2019-20,28,FALSE
Region 3,202016,202139,2021-10-08,76,691,1,0,0.144718,0.144718,0,2020,16,2020-04-12,2020-04-18,2019,2019-20,29,FALSE
Region 3,202017,202139,2021-10-08,75,636,0,0,0,0,0,2020,17,2020-04-19,2020-04-25,2019,2019-20,30,FALSE
Region 3,202018,202139,2021-10-08,74,487,0,0,0,0,0,2020,18,2020-04-26,2020-05-02,2019,2019-20,31,FALSE
Region 3,202019,202139,2021-10-08,73,438,0,0,0,0,0,2020,19,2020-05-03,2020-05-09,2019,2019-20,32,FALSE
Region 3,202020,202139,2021-10-08,72,442,1,0,0.226244,0.226244,0,2020,20,2020-05-10,2020-05-16,2019,2019-20,33,FALSE
Region 3,202021,202139,2021-10-08,71,564,0,0,0,0,0,2020,21,2020-05-17,2020-05-23,2019,2019-20,34,FALSE
Region 3,202022,202139,2021-10-08,70,427,0,0,0,0,0,2020,22,2020-05-24,2020-05-30,2019,2019-20,35,FALSE
Region 3,202023,202139,2021-10-08,69,417,0,0,0,0,0,2020,23,2020-05-31,2020-06-06,2019,2019-20,36,FALSE
Region 3,202024,202139,2021-10-08,68,422,0,0,0,0,0,2020,24,2020-06-07,2020-06-13,2019,2019-20,37,FALSE
Region 3,202025,202139,2021-10-08,67,387,0,0,0,0,0,2020,25,2020-06-14,2020-06-20,2019,2019-20,38,FALSE
Region 3,202026,202139,2021-10-08,66,400,0,0,0,0,0,2020,26,2020-06-21,2020-06-27,2019,2019-20,39,FALSE
Region 3,202027,202139,2021-10-08,65,439,0,0,0,0,0,2020,27,2020-06-28,2020-07-04,2019,2019-20,40,FALSE
Region 3,202028,202139,2021-10-08,64,491,0,0,0,0,0,2020,28,2020-07-05,2020-07-11,2019,2019-20,41,FALSE
Region 3,202029,202139,2021-10-08,63,442,0,0,0,0,0,2020,29,2020-07-12,2020-07-18,2019,2019-20,42,FALSE
Region 3,202030,202139,2021-10-08,62,456,0,0,0,0,0,2020,30,2020-07-19,2020-07-25,2019,2019-20,43,FALSE
Region 3,202031,202139,2021-10-08,61,550,0,0,0,0,0,2020,31,2020-07-26,2020-08-01,2019,2019-20,44,FALSE
Region 3,202032,202139,2021-10-08,60,528,0,0,0,0,0,2020,32,2020-08-02,2020-08-08,2019,2019-20,45,FALSE
Region 3,202033,202139,2021-10-08,59,608,0,0,0,0,0,2020,33,2020-08-09,2020-08-15,2019,2019-20,46,FALSE
Region 3,202034,202139,2021-10-08,58,534,0,0,0,0,0,2020,34,2020-08-16,2020-08-22,2019,2019-20,47,FALSE
Region 3,202035,202139,2021-10-08,57,591,0,0,0,0,0,2020,35,2020-08-23,2020-08-29,2019,2019-20,48,FALSE
Region 3,202036,202139,2021-10-08,56,558,0,0,0,0,0,2020,36,2020-08-30,2020-09-05,2019,2019-20,49,FALSE
Region 3,202037,202139,2021-10-08,55,653,0,0,0,0,0,2020,37,2020-09-06,2020-09-12,2019,2019-20,50,FALSE
Region 3,202038,202139,2021-10-08,54,801,0,0,0,0,0,2020,38,2020-09-13,2020-09-19,2019,2019-20,51,FALSE
Region 3,202039,202139,2021-10-08,53,803,0,0,0,0,0,2020,39,2020-09-20,2020-09-26,2019,2019-20,52,FALSE
Region 3,202040,202239,2022-10-07,104,1380,4,3,0.507246,0.289855,0.217391,2020,40,2020-09-27,2020-10-03,2020,2020-21,1,FALSE
Region 3,202041,202239,2022-10-07,103,1499,0,1,0.0667111,0,0.0667111,2020,41,2020-10-04,2020-10-10,2020,2020-21,2,FALSE
Region 3,202042,202239,2022-10-07,102,1555,1,0,0.0643087,0.0643087,0,2020,42,2020-10-11,2020-10-17,2020,2020-21,3,FALSE
Region 3,202043,202239,2022-10-07,101,1672,0,0,0,0,0,2020,43,2020-10-18,2020-10-24,2020,2020-21,4,FALSE
Region 3,202044,202239,2022-10-07,100,1674,0,1,0.0597372,0,0.0597372,2020,44,2020-10-25,2020-10-31,2020,2020-21,5,FALSE
Region 3,202045,202239,2022-10-07,99,1743,1,1,0.114745,0.0573723,0.0573723,2020,45,2020-11-01,2020-11-07,2020,2020-21,6,FALSE
Region 3,202046,202239,2022-10-07,98,1936,0,3,0.154959,0,0.154959,2020,46,2020-11-08,2020-11-14,2020,2020-21,7,FALSE
Region 3,202047,202239,2022-10-07,97,1991,0,2,0.100452,0,0.100452,2020,47,2020-11-15,2020-11-21,2020,2020-21,8,FALSE
Region 3,202048,202239,2022-10-07,96,2103,0,1,0.0475511,0,0.0475511,2020,48,2020-11-22,2020-11-28,2020,2020-21,9,FALSE
Region 3,202049,202239,2022-10-07,95,2236,0,2,0.0894454,0,0.0894454,2020,49,2020-11-29,2020-12-05,2020,2020-21,10,FALSE
Region 3,202050,202239,2022-10-07,94,2328,1,1,0.0859107,0.0429553,0.0429553,2020,50,2020-12-06,2020-12-12,2020,2020-21,11,FALSE
Region 3,202051,202239,2022-10-07,93,2135,2,4,0.28103,0.0936768,0.187354,2020,51,2020-12-13,2020-12-19,2020,2020-21,12,FALSE
Region 3,202052,202239,2022-10-07,92,2081,2,5,0.336377,0.0961076,0.240269,2020,52,2020-12-20,2020-12-26,2020,2020-21,13,FALSE
Region 3,202053,202239,2022-10-07,91,2409,1,0,0.041511,0.041511,0,2020,53,2020-12-27,2021-01-02,2020,2020-21,14,FALSE
Region 3,202101,202239,2022-10-07,90,2484,0,1,0.0402576,0,0.0402576,2021,1,2021-01-03,2021-01-09,2020,2020-21,15,FALSE
Region 3,202102,202239,2022-10-07,89,2575,3,4,0.271845,0.116505,0.15534,2021,2,2021-01-10,2021-01-16,2020,2020-21,16,FALSE
Region 3,202103,202239,2022-10-07,88,2646,1,2,0.113379,0.0377929,0.0755858,2021,3,2021-01-17,2021-01-23,2020,2020-21,17,FALSE
Region 3,202104,202239,2022-10-07,87,2194,3,2,0.227894,0.136737,0.0911577,2021,4,2021-01-24,2021-01-30,2020,2020-21,18,FALSE
Region 3,202105,202239,2022-10-07,86,2572,0,0,0,0,0,2021,5,2021-01-31,2021-02-06,2020,2020-21,19,FALSE
Region 3,202106,202239,2022-10-07,85,2422,0,1,0.0412882,0,0.0412882,2021,6,2021-02-07,2021-02-13,2020,2020-21,20,FALSE
Region 3,202107,202239,2022-10-07,84,2220,2,1,0.135135,0.0900901,0.045045,2021,7,2021-02-14,2021-02-20,2020,2020-21,21,FALSE
Region 3,202108,202239,2022-10-07,83,2351,0,0,0,0,0,2021,8,2021-02-21,2021-02-27,2020,2020-21,22,FALSE
Region 3,202109,202239,2022-10-07,82,2359,0,1,0.0423908,0,0.0423908,2021,9,2021-02-28,2021-03-06,2020,2020-21,23,FALSE
Region 3,202110,202239,2022-10-07,81,2202,0,0,0,0,0,2021,10,2021-03-07,2021-03-13,2020,2020-21,24,FALSE
Region 3,202111,202239,2022-10-07,80,2577,0,1,0.0388048,0,0.0388048,2021,11,2021-03-14,2021-03-20,2020,2020-21,25,FALSE
Region 3,202112,202239,2022-10-07,79,2389,1,2,0.125576,0.0418585,0.083717,2021,12,2021-03-21,2021-03-27,2020,2020-21,26,FALSE
Region 3,202113,202239,2022-10-07,78,3251,2,0,0.0615195,0.0615195,0,2021,13,2021-03-28,2021-04-03,2020,2020-21,27,FALSE
Region 3,202114,202239,2022-10-07,77,2394,0,1,0.0417711,0,0.0417711,2021,14,2021-04-04,2021-04-10,2020,2020-21,28,FALSE
Region 3,202115,202239,2022-10-07,76,2568,0,1,0.0389408,0,0.0389408,2021,15,2021-04-11,2021-04-17,2020,2020-21,29,FALSE
Region 3,202116,202239,2022-10-07,75,2270,0,1,0.0440529,0,0.0440529,2021,16,2021-04-18,2021-04-24,2020,2020-21,30,FALSE
Region 3,202117,202239,2022-10-07,74,2116,0,0,0,0,0,2021,17,2021-04-25,2021-05-01,2020,2020-21,31,FALSE
Region 3,202118,202239,2022-10-07,73,1946,0,1,0.0513875,0,0.0513875,2021,18,2021-05-02,2021-05-08,2020,2020-21,32,FALSE
Region 3,202119,202239,2022-10-07,72,1912,0,1,0.0523013,0,0.0523013,2021,19,2021-05-09,2021-05-15,2020,2020-21,33,FALSE
Region 3,202120,202239,2022-10-07,71,1953,0,0,0,0,0,2021,20,2021-05-16,2021-05-22,2020,2020-21,34,FALSE
Region 3,202121,202239,2022-10-07,70,1899,1,0,0.0526593,0.0526593,0,2021,21,2021-05-23,2021-05-29,2020,2020-21,35,FALSE
Region 3,202122,202239,2022-10-07,69,1850,0,0,0,0,0,2021,22,2021-05-30,2021-06-05,2020,2020-21,36,FALSE
Region 3,202123,202239,2022-10-07,68,1884,0,0,0,0,0,2021,23,2021-06-06,2021-06-12,2020,2020-21,37,FALSE
Region 3,202124,202239,2022-10-07,67,1961,3,0,0.152983,0.152983,0,2021,24,2021-06-13,2021-06-19,2020,2020-21,38,FALSE
Region 3,202125,202239,2022-10-07,66,1690,0,0,0,0,0,2021,25,2021-06-20,2021-06-26,2020,2020-21,39,FALSE
Region 3,202126,202239,2022-10-07,65,1506,0,0,0,0,0,2021,26,2021-06-27,2021-07-03,2020,2020-21,40,FALSE
Region 3,202127,202239,2022-10-07,64,1554,0,0,0,0,0,2021,27,2021-07-04,2021-07-10,2020,2020-21,41,FALSE
Region 3,202128,202239,2022-10-07,63,1616,0,1,0.0618812,0,0.0618812,2021,28,2021-07-11,2021-07-17,2020,2020-21,42,FALSE
Region 3,202129,202239,2022-10-07,62,1773,1,0,0.0564016,0.0564016,0,2021,29,2021-07-18,2021-07-24,2020,2020-21,43,FALSE
Region 3,202130,202239,2022-10-07,61,1987,0,0,0,0,0,2021,30,2021-07-25,2021-07-31,2020,2020-21,44,FALSE
Region 3,202131,202239,2022-10-07,60,2060,0,0,0,0,0,2021,31,2021-08-01,2021-08-07,2020,2020-21,45,FALSE
Region 3,202132,202239,2022-10-07,59,2346,0,0,0,0,0,2021,32,2021-08-08,2021-08-14,2020,2020-21,46,FALSE
Region 3,202133,202239,2022-10-07,58,2873,0,0,0,0,0,2021,33,2021-08-15,2021-08-21,2020,2020-21,47,FALSE
Region 3,202134,202239,2022-10-07,57,3492,0,0,0,0,0,2021,34,2021-08-22,2021-08-28,2020,2020-21,48,FALSE
Region 3,202135,202239,2022-10-07,56,3523,0,1,0.0283849,0,0.0283849,2021,35,2021-08-29,2021-09-04,2020,2020-21,49,FALSE
Region 3,202136,202239,2022-10-07,55,3492,0,0,0,0,0,2021,36,2021-09-05,2021-09-11,2020,2020-21,50,FALSE
Region 3,202137,202239,2022-10-07,54,3708,2,0,0.0539374,0.0539374,0,2021,37,2021-09-12,2021-09-18,2020,2020-21,51,FALSE
Region 3,202138,202239,2022-10-07,53,3587,3,1,0.111514,0.0836353,0.0278784,2021,38,2021-09-19,2021-09-25,2020,2020-21,52,FALSE
Region 3,202139,202239,2022-10-07,52,3508,0,2,0.0570125,0,0.0570125,2021,39,2021-09-26,2021-10-02,2020,2020-21,53,FALSE
Region 3,202140,202339,2023-10-06,103,3103,1,2,0.0966806,0.0322269,0.0644538,2021,40,2021-10-03,2021-10-09,2021,2021-22,1,FALSE
Region 3,202141,202339,2023-10-06,102,3173,2,2,0.126064,0.0630318,0.0630318,2021,41,2021-10-10,2021-10-16,2021,2021-22,2,FALSE
Region 3,202142,202339,2023-10-06,101,3319,0,1,0.0301296,0,0.0301296,2021,42,2021-10-17,2021-10-23,2021,2021-22,3,FALSE
Region 3,202143,202339,2023-10-06,100,2967,42,0,1.41557,1.41557,0,2021,43,2021-10-24,2021-10-30,2021,2021-22,4,FALSE
Region 3,202144,202339,2023-10-06,99,3337,15,0,0.449506,0.449506,0,2021,44,2021-10-31,2021-11-06,2021,2021-22,5,FALSE
Region 3,202145,202339,2023-10-06,98,3304,29,2,0.938257,0.877724,0.0605327,2021,45,2021-11-07,2021-11-13,2021,2021-22,6,FALSE
Region 3,202146,202339,2023-10-06,97,3763,30,1,0.823811,0.797236,0.0265745,2021,46,2021-11-14,2021-11-20,2021,2021-22,7,FALSE
Region 3,202147,202339,2023-10-06,96,3714,49,1,1.34626,1.31933,0.0269251,2021,47,2021-11-21,2021-11-27,2021,2021-22,8,FALSE
Region 3,202148,202339,2023-10-06,95,4117,108,1,2.64756,2.62327,0.0242895,2021,48,2021-11-28,2021-12-04,2021,2021-22,9,FALSE
Region 3,202149,202339,2023-10-06,94,4790,174,3,3.6952,3.63257,0.0626305,2021,49,2021-12-05,2021-12-11,2021,2021-22,10,FALSE
Region 3,202150,202339,2023-10-06,93,5471,361,0,6.59843,6.59843,0,2021,50,2021-12-12,2021-12-18,2021,2021-22,11,FALSE
Region 3,202151,202339,2023-10-06,92,6112,305,2,5.02291,4.99018,0.0327225,2021,51,2021-12-19,2021-12-25,2021,2021-22,12,FALSE
Region 3,202152,202339,2023-10-06,91,7336,282,1,3.85769,3.84406,0.0136314,2021,52,2021-12-26,2022-01-01,2021,2021-22,13,FALSE
Region 3,202201,202339,2023-10-06,90,6852,127,1,1.86807,1.85347,0.0145943,2022,1,2022-01-02,2022-01-08,2021,2021-22,14,FALSE
Region 3,202202,202339,2023-10-06,89,7251,104,2,1.46187,1.43428,0.0275824,2022,2,2022-01-09,2022-01-15,2021,2021-22,15,FALSE
Region 3,202203,202339,2023-10-06,88,5346,54,1,1.02881,1.0101,0.0187056,2022,3,2022-01-16,2022-01-22,2021,2021-22,16,FALSE
Region 3,202204,202339,2023-10-06,87,5251,59,0,1.1236,1.1236,0,2022,4,2022-01-23,2022-01-29,2021,2021-22,17,FALSE
Region 3,202205,202339,2023-10-06,86,4323,61,3,1.48045,1.41106,0.0693963,2022,5,2022-01-30,2022-02-05,2021,2021-22,18,FALSE
Region 3,202206,202339,2023-10-06,85,3913,89,3,2.35114,2.27447,0.0766675,2022,6,2022-02-06,2022-02-12,2021,2021-22,19,FALSE
Region 3,202207,202339,2023-10-06,84,3734,97,3,2.67809,2.59775,0.0803428,2022,7,2022-02-13,2022-02-19,2021,2021-22,20,FALSE
Region 3,202208,202339,2023-10-06,83,3878,160,0,4.12584,4.12584,0,2022,8,2022-02-20,2022-02-26,2021,2021-22,21,FALSE
Region 3,202209,202339,2023-10-06,82,3806,160,0,4.20389,4.20389,0,2022,9,2022-02-27,2022-03-05,2021,2021-22,22,FALSE
Region 3,202210,202339,2023-10-06,81,3669,218,4,6.0507,5.94167,0.109022,2022,10,2022-03-06,2022-03-12,2021,2021-22,23,FALSE
Region 3,202211,202339,2023-10-06,80,3409,224,0,6.57084,6.57084,0,2022,11,2022-03-13,2022-03-19,2021,2021-22,24,FALSE
Region 3,202212,202339,2023-10-06,79,3456,239,0,6.91551,6.91551,0,2022,12,2022-03-20,2022-03-26,2021,2021-22,25,FALSE
Region 3,202213,202339,2023-10-06,78,3237,183,1,5.68428,5.65338,0.0308928,2022,13,2022-03-27,2022-04-02,2021,2021-22,26,FALSE
Region 3,202214,202339,2023-10-06,77,3405,301,0,8.83994,8.83994,0,2022,14,2022-04-03,2022-04-09,2021,2021-22,27,FALSE
Region 3,202215,202339,2023-10-06,76,3689,273,0,7.40038,7.40038,0,2022,15,2022-04-10,2022-04-16,2021,2021-22,28,FALSE
Region 3,202216,202339,2023-10-06,75,3672,217,0,5.90959,5.90959,0,2022,16,2022-04-17,2022-04-23,2021,2021-22,29,FALSE
Region 3,202217,202339,2023-10-06,74,3761,219,0,5.82292,5.82292,0,2022,17,2022-04-24,2022-04-30,2021,2021-22,30,FALSE
Region 3,202218,202339,2023-10-06,73,3963,244,0,6.15695,6.15695,0,2022,18,2022-05-01,2022-05-07,2021,2021-22,31,FALSE
Region 3,202219,202339,2023-10-06,72,4230,172,0,4.06619,4.06619,0,2022,19,2022-05-08,2022-05-14,2021,2021-22,32,FALSE
Region 3,202220,202339,2023-10-06,71,4286,146,0,3.40644,3.40644,0,2022,20,2022-05-15,2022-05-21,2021,2021-22,33,FALSE
Region 3,202221,202339,2023-10-06,70,4258,96,0,2.25458,2.25458,0,2022,21,2022-05-22,2022-05-28,2021,2021-22,34,FALSE
Region 3,202222,202339,2023-10-06,69,3880,75,0,1.93299,1.93299,0,2022,22,2022-05-29,2022-06-04,2021,2021-22,35,FALSE
Region 3,202223,202339,2023-10-06,68,3671,44,0,1.19858,1.19858,0,2022,23,2022-06-05,2022-06-11,2021,2021-22,36,FALSE
Region 3,202224,202339,2023-10-06,67,3511,34,3,1.05383,0.968385,0.0854457,2022,24,2022-06-12,2022-06-18,2021,2021-22,37,FALSE
Region 3,202225,202339,2023-10-06,66,3456,30,1,0.896991,0.868056,0.0289352,2022,25,2022-06-19,2022-06-25,2021,2021-22,38,FALSE
Region 3,202226,202339,2023-10-06,65,3124,10,0,0.320102,0.320102,0,2022,26,2022-06-26,2022-07-02,2021,2021-22,39,FALSE
Region 3,202227,202339,2023-10-06,64,3489,6,0,0.171969,0.171969,0,2022,27,2022-07-03,2022-07-09,2021,2021-22,40,FALSE
Region 3,202228,202339,2023-10-06,63,3612,8,3,0.30454,0.221484,0.0830565,2022,28,2022-07-10,2022-07-16,2021,2021-22,41,FALSE
Region 3,202229,202339,2023-10-06,62,3646,8,0,0.219419,0.219419,0,2022,29,2022-07-17,2022-07-23,2021,2021-22,42,FALSE
Region 3,202230,202339,2023-10-06,61,3438,9,0,0.26178,0.26178,0,2022,30,2022-07-24,2022-07-30,2021,2021-22,43,FALSE
Region 3,202231,202339,2023-10-06,60,3479,9,0,0.258695,0.258695,0,2022,31,2022-07-31,2022-08-06,2021,2021-22,44,FALSE
Region 3,202232,202339,2023-10-06,59,3350,6,0,0.179104,0.179104,0,2022,32,2022-08-07,2022-08-13,2021,2021-22,45,FALSE
Region 3,202233,202339,2023-10-06,58,3254,3,0,0.0921942,0.0921942,0,2022,33,2022-08-14,2022-08-20,2021,2021-22,46,FALSE
Region 3,202234,202339,2023-10-06,57,3464,6,0,0.17321,0.17321,0,2022,34,2022-08-21,2022-08-27,2021,2021-22,47,FALSE
Region 3,202235,202339,2023-10-06,56,3847,6,0,0.155966,0.155966,0,2022,35,2022-08-28,2022-09-03,2021,2021-22,48,FALSE
Region 3,202236,202339,2023-10-06,55,3946,9,0,0.228079,0.228079,0,2022,36,2022-09-04,2022-09-10,2021,2021-22,49,FALSE
Region 3,202237,202339,2023-10-06,54,3993,12,1,0.32557,0.300526,0.0250438,2022,37,2022-09-11,2022-09-17,2021,2021-22,50,FALSE
Region 3,202238,202339,2023-10-06,53,4289,19,0,0.442994,0.442994,0,2022,38,2022-09-18,2022-09-24,2021,2021-22,51,FALSE
Region 3,202239,202339,2023-10-06,52,4205,40,0,0.951249,0.951249,0,2022,39,2022-09-25,2022-10-01,2021,2021-22,52,FALSE
Region 3,202240,202439,2024-10-04,103,4540,67,1,1.4978,1.47577,0.0220264,2022,40,2022-10-02,2022-10-08,2022,2022-23,1,TRUE
Region 3,202241,202439,2024-10-04,102,4993,151,0,3.02423,3.02423,0,2022,41,2022-10-09,2022-10-15,2022,2022-23,2,TRUE
Region 3,202242,202439,2024-10-04,101,5565,288,0,5.1752,5.1752,0,2022,42,2022-10-16,2022-10-22,2022,2022-23,3,TRUE
Region 3,202243,202439,2024-10-04,100,6541,806,1,12.3376,12.3223,0.0152882,2022,43,2022-10-23,2022-10-29,2022,2022-23,4,TRUE
Region 3,202244,202439,2024-10-04,99,7681,1393,2,18.1617,18.1357,0.0260383,2022,44,2022-10-30,2022-11-05,2022,2022-23,5,TRUE
Region 3,202245,202439,2024-10-04,98,7491,1481,1,19.7837,19.7704,0.0133494,2022,45,2022-11-06,2022-11-12,2022,2022-23,6,TRUE
Region 3,202246,202439,2024-10-04,97,7243,1531,5,21.2067,21.1377,0.0690322,2022,46,2022-11-13,2022-11-19,2022,2022-23,7,TRUE
Region 3,202247,202439,2024-10-04,96,7241,2052,6,28.4215,28.3386,0.0828615,2022,47,2022-11-20,2022-11-26,2022,2022-23,8,TRUE
Region 3,202248,202439,2024-10-04,95,8739,2237,2,25.6208,25.5979,0.0228859,2022,48,2022-11-27,2022-12-03,2022,2022-23,9,TRUE
Region 3,202249,202439,2024-10-04,94,7724,1748,4,22.6825,22.6308,0.0517866,2022,49,2022-12-04,2022-12-10,2022,2022-23,10,TRUE
Region 3,202250,202439,2024-10-04,93,7457,1275,2,17.1248,17.098,0.0268204,2022,50,2022-12-11,2022-12-17,2022,2022-23,11,TRUE
Region 3,202251,202439,2024-10-04,92,6271,777,1,12.4063,12.3904,0.0159464,2022,51,2022-12-18,2022-12-24,2022,2022-23,12,TRUE
Region 3,202252,202439,2024-10-04,91,6247,652,1,10.453,10.437,0.0160077,2022,52,2022-12-25,2022-12-31,2022,2022-23,13,TRUE
Region 3,202301,202439,2024-10-04,90,6644,364,0,5.47863,5.47863,0,2023,1,2023-01-01,2023-01-07,2022,2022-23,14,TRUE
Region 3,202302,202439,2024-10-04,89,5671,129,4,2.34527,2.27473,0.0705343,2023,2,2023-01-08,2023-01-14,2022,2022-23,15,TRUE
Region 3,202303,202439,2024-10-04,88,5483,95,1,1.75087,1.73263,0.0182382,2023,3,2023-01-15,2023-01-21,2022,2022-23,16,TRUE
Region 3,202304,202439,2024-10-04,87,5525,85,0,1.53846,1.53846,0,2023,4,2023-01-22,2023-01-28,2022,2022-23,17,TRUE
Region 3,202305,202439,2024-10-04,86,5397,66,3,1.27849,1.2229,0.0555864,2023,5,2023-01-29,2023-02-04,2022,2022-23,18,TRUE
Region 3,202306,202439,2024-10-04,85,5649,48,5,0.938219,0.849708,0.0885112,2023,6,2023-02-05,2023-02-11,2022,2022-23,19,TRUE
Region 3,202307,202439,2024-10-04,84,5389,51,3,1.00204,0.946372,0.055669,2023,7,2023-02-12,2023-02-18,2022,2022-23,20,TRUE
Region 3,202308,202439,2024-10-04,83,5083,22,2,0.472162,0.432815,0.0393468,2023,8,2023-02-19,2023-02-25,2022,2022-23,21,TRUE
Region 3,202309,202439,2024-10-04,82,4896,19,6,0.510621,0.388072,0.122549,2023,9,2023-02-26,2023-03-04,2022,2022-23,22,TRUE
Region 3,202310,202439,2024-10-04,81,4743,19,4,0.484925,0.40059,0.0843348,2023,10,2023-03-05,2023-03-11,2022,2022-23,23,TRUE
Region 3,202311,202439,2024-10-04,80,4521,18,4,0.486618,0.398142,0.088476,2023,11,2023-03-12,2023-03-18,2022,2022-23,24,TRUE
Region 3,202312,202439,2024-10-04,79,4321,26,3,0.671141,0.601713,0.0694284,2023,12,2023-03-19,2023-03-25,2022,2022-23,25,TRUE
Region 3,202313,202439,2024-10-04,78,3895,12,11,0.590501,0.308087,0.282413,2023,13,2023-03-26,2023-04-01,2022,2022-23,26,TRUE
Region 3,202314,202439,2024-10-04,77,3617,19,5,0.663533,0.525297,0.138236,2023,14,2023-04-02,2023-04-08,2022,2022-23,27,TRUE
Region 3,202315,202439,2024-10-04,76,2563,14,5,0.741319,0.546235,0.195084,2023,15,2023-04-09,2023-04-15,2022,2022-23,28,TRUE
Region 3,202316,202439,2024-10-04,75,3114,14,6,0.642261,0.449583,0.192678,2023,16,2023-04-16,2023-04-22,2022,2022-23,29,TRUE
Region 3,202317,202439,2024-10-04,74,2773,9,2,0.396682,0.324558,0.0721241,2023,17,2023-04-23,2023-04-29,2022,2022-23,30,TRUE
Region 3,202318,202439,2024-10-04,73,3024,6,5,0.363757,0.198413,0.165344,2023,18,2023-04-30,2023-05-06,2022,2022-23,31,TRUE
Region 3,202319,202439,2024-10-04,72,2697,10,3,0.482017,0.370782,0.111235,2023,19,2023-05-07,2023-05-13,2022,2022-23,32,TRUE
Region 3,202320,202439,2024-10-04,71,2419,4,3,0.289376,0.165358,0.124018,2023,20,2023-05-14,2023-05-20,2022,2022-23,33,TRUE
Region 3,202321,202439,2024-10-04,70,2359,5,5,0.423908,0.211954,0.211954,2023,21,2023-05-21,2023-05-27,2022,2022-23,34,TRUE
Region 3,202322,202439,2024-10-04,69,2131,4,2,0.281558,0.187705,0.0938527,2023,22,2023-05-28,2023-06-03,2022,2022-23,35,TRUE
Region 3,202323,202439,2024-10-04,68,2050,4,6,0.487805,0.195122,0.292683,2023,23,2023-06-04,2023-06-10,2022,2022-23,36,TRUE
Region 3,202324,202439,2024-10-04,67,1801,4,4,0.444198,0.222099,0.222099,2023,24,2023-06-11,2023-06-17,2022,2022-23,37,TRUE
Region 3,202325,202439,2024-10-04,66,1736,5,1,0.345622,0.288018,0.0576037,2023,25,2023-06-18,2023-06-24,2022,2022-23,38,TRUE
Region 3,202326,202439,2024-10-04,65,1724,2,4,0.348028,0.116009,0.232019,2023,26,2023-06-25,2023-07-01,2022,2022-23,39,TRUE
Region 3,202327,202439,2024-10-04,64,1610,2,4,0.372671,0.124224,0.248447,2023,27,2023-07-02,2023-07-08,2022,2022-23,40,TRUE
Region 3,202328,202439,2024-10-04,63,1729,6,3,0.520532,0.347021,0.173511,2023,28,2023-07-09,2023-07-15,2022,2022-23,41,TRUE
Region 3,202329,202439,2024-10-04,62,1631,5,0,0.30656,0.30656,0,2023,29,2023-07-16,2023-07-22,2022,2022-23,42,TRUE
Region 3,202330,202439,2024-10-04,61,1575,8,3,0.698413,0.507937,0.190476,2023,30,2023-07-23,2023-07-29,2022,2022-23,43,TRUE
Region 3,202331,202439,2024-10-04,60,1826,9,2,0.60241,0.492881,0.109529,2023,31,2023-07-30,2023-08-05,2022,2022-23,44,TRUE
Region 3,202332,202439,2024-10-04,59,1894,6,2,0.422386,0.31679,0.105597,2023,32,2023-08-06,2023-08-12,2022,2022-23,45,TRUE
Region 3,202333,202439,2024-10-04,58,2016,9,0,0.446429,0.446429,0,2023,33,2023-08-13,2023-08-19,2022,2022-23,46,TRUE
Region 3,202334,202439,2024-10-04,57,2413,6,0,0.248653,0.248653,0,2023,34,2023-08-20,2023-08-26,2022,2022-23,47,TRUE
Region 3,202335,202439,2024-10-04,56,3032,4,0,0.131926,0.131926,0,2023,35,2023-08-27,2023-09-02,2022,2022-23,48,TRUE
Region 3,202336,202439,2024-10-04,55,3220,9,0,0.279503,0.279503,0,2023,36,2023-09-03,2023-09-09,2022,2022-23,49,TRUE
Region 3,202337,202439,2024-10-04,54,3285,6,0,0.182648,0.182648,0,2023,37,2023-09-10,2023-09-16,2022,2022-23,50,TRUE
Region 3,202338,202439,2024-10-04,53,3274,12,2,0.427611,0.366524,0.0610874,2023,38,2023-09-17,2023-09-23,2022,2022-23,51,TRUE
Region 3,202339,202439,2024-10-04,52,3305,12,4,0.484115,0.363086,0.121029,2023,39,2023-09-24,2023-09-30,2022,2022-23,52,TRUE
Region 3,202340,202538,2025-09-26,102,3276,21,5,0.793651,0.641026,0.152625,2023,40,2023-10-01,2023-10-07,2023,2023-24,1,TRUE
Region 3,202341,202538,2025-09-26,101,2981,9,2,0.369004,0.301912,0.0670916,2023,41,2023-10-08,2023-10-14,2023,2023-24,2,TRUE
Region 3,202342,202538,2025-09-26,100,3082,21,3,0.778715,0.681376,0.0973394,2023,42,2023-10-15,2023-10-21,2023,2023-24,3,TRUE
Region 3,202343,202538,2025-09-26,99,3295,43,1,1.33536,1.30501,0.030349,2023,43,2023-10-22,2023-10-28,2023,2023-24,4,TRUE
Region 3,202344,202538,2025-09-26,98,3339,53,2,1.6472,1.5873,0.0598982,2023,44,2023-10-29,2023-11-04,2023,2023-24,5,TRUE
Region 3,202345,202538,2025-09-26,97,3801,74,8,2.15733,1.94686,0.210471,2023,45,2023-11-05,2023-11-11,2023,2023-24,6,TRUE
Region 3,202346,202538,2025-09-26,96,4015,100,7,2.66501,2.49066,0.174346,2023,46,2023-11-12,2023-11-18,2023,2023-24,7,TRUE
Region 3,202347,202538,2025-09-26,95,4019,105,8,2.81164,2.61259,0.199054,2023,47,2023-11-19,2023-11-25,2023,2023-24,8,TRUE
Region 3,202348,202538,2025-09-26,94,4967,198,19,4.36883,3.98631,0.382525,2023,48,2023-11-26,2023-12-02,2023,2023-24,9,TRUE
Region 3,202349,202538,2025-09-26,93,4817,314,28,7.09985,6.51858,0.581275,2023,49,2023-12-03,2023-12-09,2023,2023-24,10,TRUE
Region 3,202350,202538,2025-09-26,92,5371,538,46,10.8732,10.0168,0.856451,2023,50,2023-12-10,2023-12-16,2023,2023-24,11,TRUE
Region 3,202351,202538,2025-09-26,91,5971,833,98,15.592,13.9508,1.64127,2023,51,2023-12-17,2023-12-23,2023,2023-24,12,TRUE
Region 3,202352,202538,2025-09-26,90,6598,1074,138,18.3692,16.2777,2.09154,2023,52,2023-12-24,2023-12-30,2023,2023-24,13,TRUE
Region 3,202401,202538,2025-09-26,89,4852,599,95,14.3034,12.3454,1.95796,2024,1,2023-12-31,2024-01-06,2023,2023-24,14,TRUE
Region 3,202402,202538,2025-09-26,88,4221,486,97,13.8119,11.5139,2.29803,2024,2,2024-01-07,2024-01-13,2023,2023-24,15,TRUE
Region 3,202403,202538,2025-09-26,87,3415,374,146,15.2269,10.9517,4.27526,2024,3,2024-01-14,2024-01-20,2023,2023-24,16,TRUE
Region 3,202404,202538,2025-09-26,86,3669,364,126,13.3551,9.9209599999999991,3.43418,2024,4,2024-01-21,2024-01-27,2023,2023-24,17,TRUE
Region 3,202405,202538,2025-09-26,85,3524,302,202,14.3019,8.56981,5.73212,2024,5,2024-01-28,2024-02-03,2023,2023-24,18,TRUE
Region 3,202406,202538,2025-09-26,84,4071,396,298,17.0474,9.72734,7.32007,2024,6,2024-02-04,2024-02-10,2023,2023-24,19,TRUE
Region 3,202407,202538,2025-09-26,83,4124,359,368,17.6285,8.70514,8.92338,2024,7,2024-02-11,2024-02-17,2023,2023-24,20,TRUE
Region 3,202408,202538,2025-09-26,82,4083,301,415,17.5361,7.37203,10.1641,2024,8,2024-02-18,2024-02-24,2023,2023-24,21,TRUE
Region 3,202409,202538,2025-09-26,81,3981,289,405,17.4328,7.25948,10.1733,2024,9,2024-02-25,2024-03-02,2023,2023-24,22,TRUE
Region 3,202410,202538,2025-09-26,80,3748,256,356,16.3287,6.83031,9.4984,2024,10,2024-03-03,2024-03-09,2023,2023-24,23,TRUE
Region 3,202411,202538,2025-09-26,79,3345,138,267,12.1076,4.12556,7.98206,2024,11,2024-03-10,2024-03-16,2023,2023-24,24,TRUE
Region 3,202412,202538,2025-09-26,78,3336,114,208,9.65228,3.41727,6.23501,2024,12,2024-03-17,2024-03-23,2023,2023-24,25,TRUE
Region 3,202413,202538,2025-09-26,77,3102,114,165,8.9942,3.67505,5.31915,2024,13,2024-03-24,2024-03-30,2023,2023-24,26,TRUE
Region 3,202414,202538,2025-09-26,76,3598,147,146,8.14341,4.0856,4.05781,2024,14,2024-03-31,2024-04-06,2023,2023-24,27,TRUE
Region 3,202415,202538,2025-09-26,75,3194,90,62,4.75892,2.81778,1.94114,2024,15,2024-04-07,2024-04-13,2023,2023-24,28,TRUE
Region 3,202416,202538,2025-09-26,74,2916,48,44,3.15501,1.64609,1.50892,2024,16,2024-04-14,2024-04-20,2023,2023-24,29,TRUE
Region 3,202417,202538,2025-09-26,73,2870,31,39,2.43902,1.08014,1.35889,2024,17,2024-04-21,2024-04-27,2023,2023-24,30,TRUE
Region 3,202418,202538,2025-09-26,72,2708,25,23,1.77253,0.923191,0.849335,2024,18,2024-04-28,2024-05-04,2023,2023-24,31,TRUE
Region 3,202419,202538,2025-09-26,71,2864,9,21,1.04749,0.314246,0.73324,2024,19,2024-05-05,2024-05-11,2023,2023-24,32,TRUE
Region 3,202420,202538,2025-09-26,70,2570,13,10,0.894942,0.505837,0.389105,2024,20,2024-05-12,2024-05-18,2023,2023-24,33,TRUE
Region 3,202421,202538,2025-09-26,69,2437,5,4,0.369307,0.20517,0.164136,2024,21,2024-05-19,2024-05-25,2023,2023-24,34,TRUE
Region 3,202422,202538,2025-09-26,68,2531,8,1,0.355591,0.316081,0.0395101,2024,22,2024-05-26,2024-06-01,2023,2023-24,35,TRUE
Region 3,202423,202538,2025-09-26,67,2262,5,1,0.265252,0.221043,0.0442087,2024,23,2024-06-02,2024-06-08,2023,2023-24,36,TRUE
Region 3,202424,202538,2025-09-26,66,2261,9,2,0.48651,0.398054,0.0884564,2024,24,2024-06-09,2024-06-15,2023,2023-24,37,TRUE
Region 3,202425,202538,2025-09-26,65,2106,5,0,0.237417,0.237417,0,2024,25,2024-06-16,2024-06-22,2023,2023-24,38,TRUE
Region 3,202426,202538,2025-09-26,64,2054,4,0,0.194742,0.194742,0,2024,26,2024-06-23,2024-06-29,2023,2023-24,39,TRUE
Region 3,202427,202538,2025-09-26,63,2023,8,0,0.395452,0.395452,0,2024,27,2024-06-30,2024-07-06,2023,2023-24,40,TRUE
Region 3,202428,202538,2025-09-26,62,2208,16,2,0.815217,0.724638,0.0905797,2024,28,2024-07-07,2024-07-13,2023,2023-24,41,TRUE
Region 3,202429,202538,2025-09-26,61,2188,5,2,0.319927,0.228519,0.0914077,2024,29,2024-07-14,2024-07-20,2023,2023-24,42,TRUE
Region 3,202430,202538,2025-09-26,60,2381,6,0,0.251995,0.251995,0,2024,30,2024-07-21,2024-07-27,2023,2023-24,43,TRUE
Region 3,202431,202538,2025-09-26,59,2526,4,0,0.158353,0.158353,0,2024,31,2024-07-28,2024-08-03,2023,2023-24,44,TRUE
Region 3,202432,202538,2025-09-26,58,3018,11,0,0.36448,0.36448,0,2024,32,2024-08-04,2024-08-10,2023,2023-24,45,TRUE
Region 3,202433,202538,2025-09-26,57,3091,3,0,0.097056,0.097056,0,2024,33,2024-08-11,2024-08-17,2023,2023-24,46,TRUE
Region 3,202434,202538,2025-09-26,56,3354,4,0,0.119261,0.119261,0,2024,34,2024-08-18,2024-08-24,2023,2023-24,47,TRUE
Region 3,202435,202538,2025-09-26,55,3615,7,0,0.193638,0.193638,0,2024,35,2024-08-25,2024-08-31,2023,2023-24,48,TRUE
Region 3,202436,202538,2025-09-26,54,3617,6,0,0.165883,0.165883,0,2024,36,2024-09-01,2024-09-07,2023,2023-24,49,TRUE
Region 3,202437,202538,2025-09-26,53,3816,5,0,0.131027,0.131027,0,2024,37,2024-09-08,2024-09-14,2023,2023-24,50,TRUE
Region 3,202438,202538,2025-09-26,52,3735,1,0,0.0267738,0.0267738,0,2024,38,2024-09-15,2024-09-21,2023,2023-24,51,TRUE
Region 3,202439,202538,2025-09-26,51,3205,8,1,0.280811,0.24961,0.0312012,2024,39,2024-09-22,2024-09-28,2023,2023-24,52,TRUE
Region 3,202440,202638,2026-10-02,103,3818,6,0,0.15715,0.15715,0,2024,40,2024-09-29,2024-10-05,2024,2024-25,1,TRUE
Region 3,202441,202638,2026-10-02,102,3854,7,1,0.207577,0.181629,0.0259471,2024,41,2024-10-06,2024-10-12,2024,2024-25,2,TRUE
Region 3,202442,202638,2026-10-02,101,3935,14,0,0.355781,0.355781,0,2024,42,2024-10-13,2024-10-19,2024,2024-25,3,TRUE
Region 3,202443,202638,2026-10-02,100,4197,25,3,0.667143,0.595664,0.0714796,2024,43,2024-10-20,2024-10-26,2024,2024-25,4,TRUE
Region 3,202444,202638,2026-10-02,99,4114,20,3,0.559067,0.486145,0.0729217,2024,44,2024-10-27,2024-11-02,2024,2024-25,5,TRUE
Region 3,202445,202638,2026-10-02,98,4070,27,3,0.737101,0.663391,0.0737101,2024,45,2024-11-03,2024-11-09,2024,2024-25,6,TRUE
Region 3,202446,202638,2026-10-02,97,4500,42,3,1,0.933333,0.0666667,2024,46,2024-11-10,2024-11-16,2024,2024-25,7,TRUE
Region 3,202447,202638,2026-10-02,96,4805,53,6,1.22789,1.10302,0.12487,2024,47,2024-11-17,2024-11-23,2024,2024-25,8,TRUE
Region 3,202448,202638,2026-10-02,95,4358,70,3,1.67508,1.60624,0.0688389,2024,48,2024-11-24,2024-11-30,2024,2024-25,9,TRUE
Region 3,202449,202638,2026-10-02,94,4878,131,2,2.72653,2.68553,0.0410004,2024,49,2024-12-01,2024-12-07,2024,2024-25,10,TRUE
Region 3,202450,202638,2026-10-02,93,5253,222,2,4.26423,4.22616,0.0380735,2024,50,2024-12-08,2024-12-14,2024,2024-25,11,TRUE
Region 3,202451,202638,2026-10-02,92,5239,454,5,8.76121,8.66578,0.0954381,2024,51,2024-12-15,2024-12-21,2024,2024-25,12,TRUE
Region 3,202452,202638,2026-10-02,91,5730,840,7,14.7818,14.6597,0.122164,2024,52,2024-12-22,2024-12-28,2024,2024-25,13,TRUE
Region 3,202501,202638,2026-10-02,90,5014,851,6,17.0921,16.9725,0.119665,2025,1,2024-12-29,2025-01-04,2024,2024-25,14,TRUE
Region 3,202502,202638,2026-10-02,89,4405,766,17,17.7753,17.3893,0.385925,2025,2,2025-01-05,2025-01-11,2024,2024-25,15,TRUE
Region 3,202503,202638,2026-10-02,88,4863,1024,8,21.2215,21.057,0.164508,2025,3,2025-01-12,2025-01-18,2024,2024-25,16,TRUE
Region 3,202504,202638,2026-10-02,87,4769,1273,24,27.1965,26.6932,0.50325,2025,4,2025-01-19,2025-01-25,2024,2024-25,17,TRUE
Region 3,202505,202638,2026-10-02,86,5384,1690,28,31.9094,31.3893,0.520059,2025,5,2025-01-26,2025-02-01,2024,2024-25,18,TRUE
Region 3,202506,202638,2026-10-02,85,6069,1971,45,33.218,32.4765,0.741473,2025,6,2025-02-02,2025-02-08,2024,2024-25,19,TRUE
Region 3,202507,202638,2026-10-02,84,5128,1453,39,29.0952,28.3346,0.76053,2025,7,2025-02-09,2025-02-15,2024,2024-25,20,TRUE
Region 3,202508,202638,2026-10-02,83,5143,1191,49,24.1104,23.1577,0.952751,2025,8,2025-02-16,2025-02-22,2024,2024-25,21,TRUE
Region 3,202509,202638,2026-10-02,82,6626,1259,70,20.0573,19.0009,1.05644,2025,9,2025-02-23,2025-03-01,2024,2024-25,22,TRUE
Region 3,202510,202638,2026-10-02,81,5129,681,124,15.6951,13.2774,2.41763,2025,10,2025-03-02,2025-03-08,2024,2024-25,23,TRUE
Region 3,202511,202638,2026-10-02,80,4574,583,147,15.9598,12.746,3.21382,2025,11,2025-03-09,2025-03-15,2024,2024-25,24,TRUE
Region 3,202512,202638,2026-10-02,79,4201,384,194,13.7586,9.14068,4.6179500000000004,2025,12,2025-03-16,2025-03-22,2024,2024-25,25,TRUE
Region 3,202513,202638,2026-10-02,78,3982,239,218,11.4766,6.00201,5.47464,2025,13,2025-03-23,2025-03-29,2024,2024-25,26,TRUE
Region 3,202514,202638,2026-10-02,77,4013,153,171,8.07376,3.81261,4.26115,2025,14,2025-03-30,2025-04-05,2024,2024-25,27,TRUE
Region 3,202515,202638,2026-10-02,76,3752,72,124,5.22388,1.91898,3.3049,2025,15,2025-04-06,2025-04-12,2024,2024-25,28,TRUE
Region 3,202516,202638,2026-10-02,75,3073,44,116,5.20664,1.43183,3.77481,2025,16,2025-04-13,2025-04-19,2024,2024-25,29,TRUE
Region 3,202517,202638,2026-10-02,74,2902,38,105,4.92764,1.30944,3.61819,2025,17,2025-04-20,2025-04-26,2024,2024-25,30,TRUE
Region 3,202518,202638,2026-10-02,73,3223,17,43,1.86162,0.527459,1.33416,2025,18,2025-04-27,2025-05-03,2024,2024-25,31,TRUE
Region 3,202519,202638,2026-10-02,72,3009,9,44,1.76138,0.299103,1.46228,2025,19,2025-05-04,2025-05-10,2024,2024-25,32,TRUE
Region 3,202520,202638,2026-10-02,71,2959,2,29,1.04765,0.0675904,0.980061,2025,20,2025-05-11,2025-05-17,2024,2024-25,33,TRUE
Region 3,202521,202638,2026-10-02,70,2784,2,14,0.574713,0.0718391,0.502874,2025,21,2025-05-18,2025-05-24,2024,2024-25,34,TRUE
Region 3,202522,202638,2026-10-02,69,2849,5,8,0.4563,0.1755,0.2808,2025,22,2025-05-25,2025-05-31,2024,2024-25,35,TRUE
Region 3,202523,202638,2026-10-02,68,2688,8,8,0.595238,0.297619,0.297619,2025,23,2025-06-01,2025-06-07,2024,2024-25,36,TRUE
Region 3,202524,202638,2026-10-02,67,2631,5,11,0.608134,0.190042,0.418092,2025,24,2025-06-08,2025-06-14,2024,2024-25,37,TRUE
Region 3,202525,202638,2026-10-02,66,2477,7,2,0.363343,0.2826,0.0807428,2025,25,2025-06-15,2025-06-21,2024,2024-25,38,TRUE
Region 3,202526,202638,2026-10-02,65,2296,3,4,0.304878,0.130662,0.174216,2025,26,2025-06-22,2025-06-28,2024,2024-25,39,TRUE
Region 3,202527,202638,2026-10-02,64,2208,1,3,0.181159,0.0452899,0.13587,2025,27,2025-06-29,2025-07-05,2024,2024-25,40,TRUE
Region 3,202528,202638,2026-10-02,63,1831,5,4,0.491535,0.273075,0.21846,2025,28,2025-07-06,2025-07-12,2024,2024-25,41,TRUE
Region 3,202529,202638,2026-10-02,62,1822,5,2,0.384193,0.274424,0.109769,2025,29,2025-07-13,2025-07-19,2024,2024-25,42,TRUE
Region 3,202530,202638,2026-10-02,61,1713,5,0,0.291886,0.291886,0,2025,30,2025-07-20,2025-07-26,2024,2024-25,43,TRUE
Region 3,202531,202638,2026-10-02,60,1671,2,0,0.119689,0.119689,0,2025,31,2025-07-27,2025-08-02,2024,2024-25,44,TRUE
Region 3,202532,202638,2026-10-02,59,1735,5,2,0.403458,0.288184,0.115274,2025,32,2025-08-03,2025-08-09,2024,2024-25,45,TRUE
Region 3,202533,202638,2026-10-02,58,1923,5,1,0.312012,0.26001,0.0520021,2025,33,2025-08-10,2025-08-16,2024,2024-25,46,TRUE
Region 3,202534,202638,2026-10-02,57,2079,1,0,0.0481,0.0481,0,2025,34,2025-08-17,2025-08-23,2024,2024-25,47,TRUE
Region 3,202535,202638,2026-10-02,56,2331,2,0,0.0858001,0.0858001,0,2025,35,2025-08-24,2025-08-30,2024,2024-25,48,TRUE
Region 3,202536,202638,2026-10-02,55,2499,8,0,0.320128,0.320128,0,2025,36,2025-08-31,2025-09-06,2024,2024-25,49,TRUE
Region 3,202537,202638,2026-10-02,54,3491,9,0,0.257806,0.257806,0,2025,37,2025-09-07,2025-09-13,2024,2024-25,50,TRUE
Region 3,202538,202638,2026-10-02,53,3238,4,0,0.123533,0.123533,0,2025,38,2025-09-14,2025-09-20,2024,2024-25,51,TRUE
Region 3,202539,202638,2026-10-02,52,3148,11,0,0.349428,0.349428,0,2025,39,2025-09-21,2025-09-27,2024,2024-25,52,TRUE
Region 3,202540,202638,2026-10-02,51,2753,9,3,0.435888,0.326916,0.108972,2025,40,2025-09-28,2025-10-04,2025,2025-26,1,TRUE
Region 3,202541,202638,2026-10-02,50,2966,6,0,0.202293,0.202293,0,2025,41,2025-10-05,2025-10-11,2025,2025-26,2,TRUE
Region 3,202542,202638,2026-10-02,49,2914,13,3,0.549073,0.446122,0.102951,2025,42,2025-10-12,2025-10-18,2025,2025-26,3,TRUE
Region 3,202543,202638,2026-10-02,48,3050,11,0,0.360656,0.360656,0,2025,43,2025-10-19,2025-10-25,2025,2025-26,4,TRUE
Region 3,202544,202638,2026-10-02,47,2504,12,0,0.479233,0.479233,0,2025,44,2025-10-26,2025-11-01,2025,2025-26,5,TRUE
Region 3,202545,202638,2026-10-02,46,3121,48,2,1.60205,1.53797,0.064082,2025,45,2025-11-02,2025-11-08,2025,2025-26,6,TRUE
Region 3,202546,202638,2026-10-02,45,3206,53,2,1.71553,1.65315,0.062383,2025,46,2025-11-09,2025-11-15,2025,2025-26,7,TRUE
Region 3,202547,202638,2026-10-02,44,3172,78,6,2.64817,2.45902,0.189155,2025,47,2025-11-16,2025-11-22,2025,2025-26,8,TRUE
Region 3,202548,202638,2026-10-02,43,3247,110,3,3.48014,3.38774,0.092393,2025,48,2025-11-23,2025-11-29,2025,2025-26,9,TRUE
Region 3,202549,202638,2026-10-02,42,3683,235,3,6.46212,6.38067,0.0814553,2025,49,2025-11-30,2025-12-06,2025,2025-26,10,TRUE
Region 3,202550,202638,2026-10-02,41,3913,411,6,10.6568,10.5035,0.153335,2025,50,2025-12-07,2025-12-13,2025,2025-26,11,TRUE
Region 3,202551,202638,2026-10-02,40,4601,821,21,18.3004,17.8439,0.456423,2025,51,2025-12-14,2025-12-20,2025,2025-26,12,TRUE
Region 3,202552,202638,2026-10-02,39,5506,1500,23,27.6607,27.243,0.417726,2025,52,2025-12-21,2025-12-27,2025,2025-26,13,TRUE
Region 3,202553,202638,2026-10-02,38,6732,1426,22,21.5092,21.1824,0.326797,2025,53,2025-12-28,2026-01-03,2025,2025-26,14,TRUE
Region 3,202601,202638,2026-10-02,37,6241,996,28,16.4076,15.959,0.448646,2026,1,2026-01-04,2026-01-10,2025,2025-26,15,TRUE
Region 3,202602,202638,2026-10-02,36,5452,706,41,13.7014,12.9494,0.752018,2026,2,2026-01-11,2026-01-17,2025,2025-26,16,TRUE
Region 3,202603,202638,2026-10-02,35,5350,707,56,14.2617,13.215,1.04673,2026,3,2026-01-18,2026-01-24,2025,2025-26,17,TRUE
Region 3,202604,202638,2026-10-02,34,4113,515,53,13.8099,12.5213,1.2886,2026,4,2026-01-25,2026-01-31,2025,2025-26,18,TRUE
Region 3,202605,202638,2026-10-02,33,3995,337,74,10.2879,8.43554,1.85232,2026,5,2026-02-01,2026-02-07,2025,2025-26,19,TRUE
Region 3,202606,202638,2026-10-02,32,4250,333,133,10.9647,7.83529,3.12941,2026,6,2026-02-08,2026-02-14,2025,2025-26,20,TRUE
Region 3,202607,202638,2026-10-02,31,4521,281,208,10.8162,6.21544,4.60075,2026,7,2026-02-15,2026-02-21,2025,2025-26,21,TRUE
Region 3,202608,202638,2026-10-02,30,4371,206,281,11.1416,4.71288,6.42873,2026,8,2026-02-22,2026-02-28,2025,2025-26,22,TRUE
Region 3,202609,202638,2026-10-02,29,4394,147,349,11.2881,3.34547,7.94265,2026,9,2026-03-01,2026-03-07,2025,2025-26,23,TRUE
Region 3,202610,202638,2026-10-02,28,4438,96,425,11.7395,2.16314,9.57639,2026,10,2026-03-08,2026-03-14,2025,2025-26,24,TRUE
Region 3,202611,202638,2026-10-02,27,4121,41,311,8.54162,0.994904,7.54671,2026,11,2026-03-15,2026-03-21,2025,2025-26,25,TRUE
Region 3,202612,202638,2026-10-02,26,3880,41,325,9.43299,1.0567,8.37629,2026,12,2026-03-22,2026-03-28,2025,2025-26,26,TRUE
Region 3,202613,202638,2026-10-02,25,3070,24,230,8.27362,0.781759,7.49186,2026,13,2026-03-29,2026-04-04,2025,2025-26,27,TRUE
Region 3,202614,202638,2026-10-02,24,3269,12,144,4.7721,0.367085,4.40502,2026,14,2026-04-05,2026-04-11,2025,2025-26,28,TRUE
Region 3,202615,202638,2026-10-02,23,2969,7,97,3.50286,0.23577,3.26709,2026,15,2026-04-12,2026-04-18,2025,2025-26,29,TRUE
Region 3,202616,202638,2026-10-02,22,2678,0,50,1.86706,0,1.86706,2026,16,2026-04-19,2026-04-25,2025,2025-26,30,TRUE
Region 3,202617,202638,2026-10-02,21,2610,2,32,1.30268,0.0766284,1.22605,2026,17,2026-04-26,2026-05-02,2025,2025-26,31,TRUE
Region 3,202618,202638,2026-10-02,20,2690,4,29,1.22677,0.148699,1.07807,2026,18,2026-05-03,2026-05-09,2025,2025-26,32,TRUE
Region 3,202619,202638,2026-10-02,19,2590,5,28,1.27413,0.19305,1.08108,2026,19,2026-05-10,2026-05-16,2025,2025-26,33,TRUE
Region 3,202620,202638,2026-10-02,18,2640,6,22,1.06061,0.227273,0.833333,2026,20,2026-05-17,2026-05-23,2025,2025-26,34,TRUE
Region 3,202621,202638,2026-10-02,17,2564,2,16,0.702028,0.0780031,0.624025,2026,21,2026-05-24,2026-05-30,2025,2025-26,35,TRUE
Region 3,202622,202638,2026-10-02,16,2366,3,4,0.295858,0.126796,0.169062,2026,22,2026-05-31,2026-06-06,2025,2025-26,36,TRUE
Region 3,202623,202638,2026-10-02,15,2248,2,4,0.266904,0.088968,0.177936,2026,23,2026-06-07,2026-06-13,2025,2025-26,37,TRUE
Region 3,202624,202638,2026-10-02,14,2155,1,3,0.185615,0.0464037,0.139211,2026,24,2026-06-14,2026-06-20,2025,2025-26,38,TRUE
Region 3,202625,202638,2026-10-02,13,1824,6,0,0.328947,0.328947,0,2026,25,2026-06-21,2026-06-27,2025,2025-26,39,TRUE
Region 3,202626,202638,2026-10-02,12,1729,2,3,0.289184,0.115674,0.173511,2026,26,2026-06-28,2026-07-04,2025,2025-26,40,TRUE
Region 3,202627,202638,2026-10-02,11,1917,5,1,0.312989,0.260824,0.0521648,2026,27,2026-07-05,2026-07-11,2025,2025-26,41,TRUE
Region 3,202628,202638,2026-10-02,10,1753,2,3,0.285225,0.11409,0.171135,2026,28,2026-07-12,2026-07-18,2025,2025-26,42,TRUE
Region 3,202629,202638,2026-10-02,9,1672,4,1,0.299043,0.239234,0.0598086,2026,29,2026-07-19,2026-07-25,2025,2025-26,43,TRUE
Region 3,202630,202638,2026-10-02,8,922,1,0,0.10846,0.10846,0,2026,30,2026-07-26,2026-08-01,2025,2025-26,44,TRUE
Region 3,202631,202638,2026-10-02,7,1574,6,1,0.444727,0.381194,0.0635324,2026,31,2026-08-02,2026-08-08,2025,2025-26,45,TRUE
Region 3,202632,202638,2026-10-02,6,1533,3,1,0.260926,0.195695,0.0652316,2026,32,2026-08-09,2026-08-15,2025,2025-26,46,TRUE
Region 3,202633,202638,2026-10-02,5,1579,5,2,0.443319,0.316656,0.126662,2026,33,2026-08-16,2026-08-22,2025,2025-26,47,TRUE
Region 3,202634,202638,2026-10-02,4,1744,8,0,0.458716,0.458716,0,2026,34,2026-08-23,2026-08-29,2025,2025-26,48,TRUE
Region 3,202635,202638,2026-10-02,3,1991,5,0,0.25113,0.25113,0,2026,35,2026-08-30,2026-09-05,2025,2025-26,49,TRUE
Region 3,202636,202638,2026-10-02,2,2019,8,1,0.445765,0.396236,0.0495295,2026,36,2026-09-06,2026-09-12,2025,2025-26,50,TRUE
Region 3,202637,202638,2026-10-02,1,1765,12,1,0.736544,0.679887,0.0566572,2026,37,2026-09-13,2026-09-19,2025,2025-26,51,TRUE
Region 3,202638,202638,2026-10-02,0,1635,16,0,0.978593,0.978593,0,2026,38,2026-09-20,2026-09-26,2025,2025-26,52,TRUE
Region 4,201940,202139,2021-10-08,104,3153,30,37,2.12496,0.951475,1.17349,2019,40,2019-09-29,2019-10-05,2019,2019-20,1,FALSE
Region 4,201941,202139,2021-10-08,103,3386,36,59,2.80567,1.0632,1.74247,2019,41,2019-10-06,2019-10-12,2019,2019-20,2,FALSE
Region 4,201942,202139,2021-10-08,102,3512,40,32,2.05011,1.13895,0.911162,2019,42,2019-10-13,2019-10-19,2019,2019-20,3,FALSE
Region 4,201943,202139,2021-10-08,101,3852,49,76,3.24507,1.27207,1.973,2019,43,2019-10-20,2019-10-26,2019,2019-20,4,FALSE
Region 4,201944,202139,2021-10-08,100,3970,47,88,3.4005,1.18388,2.21662,2019,44,2019-10-27,2019-11-02,2019,2019-20,5,FALSE
Region 4,201945,202139,2021-10-08,99,4605,69,129,4.29967,1.49837,2.8013,2019,45,2019-11-03,2019-11-09,2019,2019-20,6,FALSE
Region 4,201946,202139,2021-10-08,98,5305,101,230,6.2394,1.90386,4.33553,2019,46,2019-11-10,2019-11-16,2019,2019-20,7,FALSE
Region 4,201947,202139,2021-10-08,97,6124,213,440,10.663,3.47812,7.18485,2019,47,2019-11-17,2019-11-23,2019,2019-20,8,FALSE
Region 4,201948,202139,2021-10-08,96,6004,273,521,13.2245,4.54697,8.67755,2019,48,2019-11-24,2019-11-30,2019,2019-20,9,FALSE
Region 4,201949,202139,2021-10-08,95,6507,296,425,11.0804,4.54895,6.53143,2019,49,2019-12-01,2019-12-07,2019,2019-20,10,FALSE
Region 4,201950,202139,2021-10-08,94,7298,602,651,17.1691,8.24884,8.92025,2019,50,2019-12-08,2019-12-14,2019,2019-20,11,FALSE
Region 4,201951,202139,2021-10-08,93,8219,964,861,22.2046,11.7289,10.4757,2019,51,2019-12-15,2019-12-21,2019,2019-20,12,FALSE
Region 4,201952,202139,2021-10-08,92,10192,1617,1127,26.9231,15.8654,11.0577,2019,52,2019-12-22,2019-12-28,2019,2019-20,13,FALSE
Region 4,202001,202139,2021-10-08,91,8846,1049,684,19.5908,11.8585,7.73231,2020,1,2019-12-29,2020-01-04,2019,2019-20,14,FALSE
Region 4,202002,202139,2021-10-08,90,7232,892,437,18.3767,12.3341,6.04259,2020,2,2020-01-05,2020-01-11,2019,2019-20,15,FALSE
Region 4,202003,202139,2021-10-08,89,6683,877,359,18.4947,13.1228,5.37184,2020,3,2020-01-12,2020-01-18,2019,2019-20,16,FALSE
Region 4,202004,202139,2021-10-08,88,6882,906,389,18.8172,13.1648,5.65243,2020,4,2020-01-19,2020-01-25,2019,2019-20,17,FALSE
Region 4,202005,202139,2021-10-08,87,7860,1176,446,20.6361,14.9618,5.6743,2020,5,2020-01-26,2020-02-01,2019,2019-20,18,FALSE
Region 4,202006,202139,2021-10-08,86,8184,1235,498,21.1755,15.0904,6.08504,2020,6,2020-02-02,2020-02-08,2019,2019-20,19,FALSE
Region 4,202007,202139,2021-10-08,85,7511,963,348,17.4544,12.8212,4.6332,2020,7,2020-02-09,2020-02-15,2019,2019-20,20,FALSE
Region 4,202008,202139,2021-10-08,84,6677,707,294,14.9918,10.5886,4.40318,2020,8,2020-02-16,2020-02-22,2019,2019-20,21,FALSE
Region 4,202009,202139,2021-10-08,83,5927,590,215,13.5819,9.95445,3.62747,2020,9,2020-02-23,2020-02-29,2019,2019-20,22,FALSE
Region 4,202010,202139,2021-10-08,82,7062,710,213,13.07,10.0538,3.01614,2020,10,2020-03-01,2020-03-07,2019,2019-20,23,FALSE
Region 4,202011,202139,2021-10-08,81,8894,604,264,9.75939,6.7911,2.96829,2020,11,2020-03-08,2020-03-14,2019,2019-20,24,FALSE
Region 4,202012,202139,2021-10-08,80,9656,302,148,4.66031,3.12759,1.53273,2020,12,2020-03-15,2020-03-21,2019,2019-20,25,FALSE
Region 4,202013,202139,2021-10-08,79,6204,65,53,1.902,1.04771,0.854288,2020,13,2020-03-22,2020-03-28,2019,2019-20,26,FALSE
Region 4,202014,202139,2021-10-08,78,4156,19,14,0.794033,0.45717,0.336862,2020,14,2020-03-29,2020-04-04,2019,2019-20,27,FALSE
Region 4,202015,202139,2021-10-08,77,3081,13,11,0.778968,0.421941,0.357027,2020,15,2020-04-05,2020-04-11,2019,2019-20,28,FALSE
Region 4,202016,202139,2021-10-08,76,2188,11,1,0.548446,0.502742,0.0457038,2020,16,2020-04-12,2020-04-18,2019,2019-20,29,FALSE
Region 4,202017,202139,2021-10-08,75,1933,5,1,0.310398,0.258665,0.0517331,2020,17,2020-04-19,2020-04-25,2019,2019-20,30,FALSE
Region 4,202018,202139,2021-10-08,74,1675,5,0,0.298507,0.298507,0,2020,18,2020-04-26,2020-05-02,2019,2019-20,31,FALSE
Region 4,202019,202139,2021-10-08,73,1564,7,6,0.831202,0.44757,0.383632,2020,19,2020-05-03,2020-05-09,2019,2019-20,32,FALSE
Region 4,202020,202139,2021-10-08,72,1343,7,2,0.670141,0.521221,0.14892,2020,20,2020-05-10,2020-05-16,2019,2019-20,33,FALSE
Region 4,202021,202139,2021-10-08,71,1247,3,3,0.481155,0.240577,0.240577,2020,21,2020-05-17,2020-05-23,2019,2019-20,34,FALSE
Region 4,202022,202139,2021-10-08,70,1110,5,0,0.45045,0.45045,0,2020,22,2020-05-24,2020-05-30,2019,2019-20,35,FALSE
Region 4,202023,202139,2021-10-08,69,1095,1,5,0.547945,0.0913242,0.456621,2020,23,2020-05-31,2020-06-06,2019,2019-20,36,FALSE
Region 4,202024,202139,2021-10-08,68,958,5,2,0.730689,0.521921,0.208768,2020,24,2020-06-07,2020-06-13,2019,2019-20,37,FALSE
Region 4,202025,202139,2021-10-08,67,1092,2,1,0.274725,0.18315,0.0915751,2020,25,2020-06-14,2020-06-20,2019,2019-20,38,FALSE
Region 4,202026,202139,2021-10-08,66,1151,2,0,0.173762,0.173762,0,2020,26,2020-06-21,2020-06-27,2019,2019-20,39,FALSE
Region 4,202027,202139,2021-10-08,65,1390,3,1,0.28777,0.215827,0.0719424,2020,27,2020-06-28,2020-07-04,2019,2019-20,40,FALSE
Region 4,202028,202139,2021-10-08,64,1318,0,2,0.151745,0,0.151745,2020,28,2020-07-05,2020-07-11,2019,2019-20,41,FALSE
Region 4,202029,202139,2021-10-08,63,1043,4,4,0.767018,0.383509,0.383509,2020,29,2020-07-12,2020-07-18,2019,2019-20,42,FALSE
Region 4,202030,202139,2021-10-08,62,1004,1,0,0.0996016,0.0996016,0,2020,30,2020-07-19,2020-07-25,2019,2019-20,43,FALSE
Region 4,202031,202139,2021-10-08,61,842,0,1,0.118765,0,0.118765,2020,31,2020-07-26,2020-08-01,2019,2019-20,44,FALSE
Region 4,202032,202139,2021-10-08,60,954,2,0,0.209644,0.209644,0,2020,32,2020-08-02,2020-08-08,2019,2019-20,45,FALSE
Region 4,202033,202139,2021-10-08,59,950,2,1,0.315789,0.210526,0.105263,2020,33,2020-08-09,2020-08-15,2019,2019-20,46,FALSE
Region 4,202034,202139,2021-10-08,58,907,1,4,0.551268,0.110254,0.441014,2020,34,2020-08-16,2020-08-22,2019,2019-20,47,FALSE
Region 4,202035,202139,2021-10-08,57,974,4,12,1.64271,0.410678,1.23203,2020,35,2020-08-23,2020-08-29,2019,2019-20,48,FALSE
Region 4,202036,202139,2021-10-08,56,928,1,1,0.215517,0.107759,0.107759,2020,36,2020-08-30,2020-09-05,2019,2019-20,49,FALSE
Region 4,202037,202139,2021-10-08,55,934,4,2,0.642398,0.428266,0.214133,2020,37,2020-09-06,2020-09-12,2019,2019-20,50,FALSE
Region 4,202038,202139,2021-10-08,54,1003,1,8,0.897308,0.0997009,0.797607,2020,38,2020-09-13,2020-09-19,2019,2019-20,51,FALSE
Region 4,202039,202139,2021-10-08,53,1109,3,2,0.450857,0.270514,0.180343,2020,39,2020-09-20,2020-09-26,2019,2019-20,52,FALSE
Region 4,202040,202239,2022-10-07,104,1503,5,6,0.73187,0.332668,0.399202,2020,40,2020-09-27,2020-10-03,2020,2020-21,1,FALSE
Region 4,202041,202239,2022-10-07,103,1801,8,8,0.888395,0.444198,0.444198,2020,41,2020-10-04,2020-10-10,2020,2020-21,2,FALSE
Region 4,202042,202239,2022-10-07,102,1773,9,6,0.846024,0.507614,0.338409,2020,42,2020-10-11,2020-10-17,2020,2020-21,3,FALSE
Region 4,202043,202239,2022-10-07,101,1905,2,5,0.367454,0.104987,0.262467,2020,43,2020-10-18,2020-10-24,2020,2020-21,4,FALSE
Region 4,202044,202239,2022-10-07,100,2051,7,2,0.43881,0.341297,0.0975134,2020,44,2020-10-25,2020-10-31,2020,2020-21,5,FALSE
Region 4,202045,202239,2022-10-07,99,2133,10,9,0.890764,0.468823,0.421941,2020,45,2020-11-01,2020-11-07,2020,2020-21,6,FALSE
Region 4,202046,202239,2022-10-07,98,2360,4,9,0.550847,0.169492,0.381356,2020,46,2020-11-08,2020-11-14,2020,2020-21,7,FALSE
Region 4,202047,202239,2022-10-07,97,2234,8,17,1.11907,0.358102,0.760967,2020,47,2020-11-15,2020-11-21,2020,2020-21,8,FALSE
Region 4,202048,202239,2022-10-07,96,2378,9,10,0.798991,0.378469,0.420521,2020,48,2020-11-22,2020-11-28,2020,2020-21,9,FALSE
Region 4,202049,202239,2022-10-07,95,3034,10,15,0.823995,0.329598,0.494397,2020,49,2020-11-29,2020-12-05,2020,2020-21,10,FALSE
Region 4,202050,202239,2022-10-07,94,3561,7,13,0.56164,0.196574,0.365066,2020,50,2020-12-06,2020-12-12,2020,2020-21,11,FALSE
Region 4,202051,202239,2022-10-07,93,3494,11,13,0.686892,0.314825,0.372066,2020,51,2020-12-13,2020-12-19,2020,2020-21,12,FALSE
Region 4,202052,202239,2022-10-07,92,3166,7,10,0.536955,0.221099,0.315856,2020,52,2020-12-20,2020-12-26,2020,2020-21,13,FALSE
Region 4,202053,202239,2022-10-07,91,3664,11,10,0.573144,0.300218,0.272926,2020,53,2020-12-27,2021-01-02,2020,2020-21,14,FALSE
Region 4,202101,202239,2022-10-07,90,3499,9,6,0.428694,0.257216,0.171478,2021,1,2021-01-03,2021-01-09,2020,2020-21,15,FALSE
Region 4,202102,202239,2022-10-07,89,3492,8,6,0.400916,0.229095,0.171821,2021,2,2021-01-10,2021-01-16,2020,2020-21,16,FALSE
Region 4,202103,202239,2022-10-07,88,3335,7,12,0.569715,0.209895,0.35982,2021,3,2021-01-17,2021-01-23,2020,2020-21,17,FALSE
Region 4,202104,202239,2022-10-07,87,3058,4,13,0.555919,0.130804,0.425114,2021,4,2021-01-24,2021-01-30,2020,2020-21,18,FALSE
Region 4,202105,202239,2022-10-07,86,3093,9,3,0.387973,0.29098,0.0969932,2021,5,2021-01-31,2021-02-06,2020,2020-21,19,FALSE
Region 4,202106,202239,2022-10-07,85,2901,3,7,0.344709,0.103413,0.241296,2021,6,2021-02-07,2021-02-13,2020,2020-21,20,FALSE
Region 4,202107,202239,2022-10-07,84,2630,3,2,0.190114,0.114068,0.0760456,2021,7,2021-02-14,2021-02-20,2020,2020-21,21,FALSE
Region 4,202108,202239,2022-10-07,83,2649,6,5,0.415251,0.226501,0.18875,2021,8,2021-02-21,2021-02-27,2020,2020-21,22,FALSE
Region 4,202109,202239,2022-10-07,82,2678,7,5,0.448096,0.261389,0.186706,2021,9,2021-02-28,2021-03-06,2020,2020-21,23,FALSE
Region 4,202110,202239,2022-10-07,81,2700,7,3,0.37037,0.259259,0.111111,2021,10,2021-03-07,2021-03-13,2020,2020-21,24,FALSE
Region 4,202111,202239,2022-10-07,80,2665,8,2,0.375235,0.300188,0.0750469,2021,11,2021-03-14,2021-03-20,2020,2020-21,25,FALSE
Region 4,202112,202239,2022-10-07,79,2924,3,6,0.307798,0.102599,0.205198,2021,12,2021-03-21,2021-03-27,2020,2020-21,26,FALSE
Region 4,202113,202239,2022-10-07,78,2516,7,3,0.397456,0.278219,0.119237,2021,13,2021-03-28,2021-04-03,2020,2020-21,27,FALSE
Region 4,202114,202239,2022-10-07,77,2888,7,6,0.450139,0.242382,0.207756,2021,14,2021-04-04,2021-04-10,2020,2020-21,28,FALSE
Region 4,202115,202239,2022-10-07,76,3002,4,4,0.266489,0.133245,0.133245,2021,15,2021-04-11,2021-04-17,2020,2020-21,29,FALSE
Region 4,202116,202239,2022-10-07,75,2902,5,4,0.310131,0.172295,0.137836,2021,16,2021-04-18,2021-04-24,2020,2020-21,30,FALSE
Region 4,202117,202239,2022-10-07,74,2726,5,4,0.330154,0.183419,0.146735,2021,17,2021-04-25,2021-05-01,2020,2020-21,31,FALSE
Region 4,202118,202239,2022-10-07,73,2761,5,8,0.470844,0.181094,0.28975,2021,18,2021-05-02,2021-05-08,2020,2020-21,32,FALSE
Region 4,202119,202239,2022-10-07,72,2832,10,8,0.635593,0.353107,0.282486,2021,19,2021-05-09,2021-05-15,2020,2020-21,33,FALSE
Region 4,202120,202239,2022-10-07,71,2598,12,7,0.731332,0.461894,0.269438,2021,20,2021-05-16,2021-05-22,2020,2020-21,34,FALSE
Region 4,202121,202239,2022-10-07,70,2048,5,5,0.488281,0.244141,0.244141,2021,21,2021-05-23,2021-05-29,2020,2020-21,35,FALSE
Region 4,202122,202239,2022-10-07,69,1955,4,3,0.358056,0.204604,0.153453,2021,22,2021-05-30,2021-06-05,2020,2020-21,36,FALSE
Region 4,202123,202239,2022-10-07,68,1837,2,3,0.272183,0.108873,0.16331,2021,23,2021-06-06,2021-06-12,2020,2020-21,37,FALSE
Region 4,202124,202239,2022-10-07,67,1892,2,1,0.158562,0.105708,0.0528541,2021,24,2021-06-13,2021-06-19,2020,2020-21,38,FALSE
Region 4,202125,202239,2022-10-07,66,1781,3,2,0.280741,0.168445,0.11229600000000001,2021,25,2021-06-20,2021-06-26,2020,2020-21,39,FALSE
Region 4,202126,202239,2022-10-07,65,1664,2,5,0.420673,0.120192,0.300481,2021,26,2021-06-27,2021-07-03,2020,2020-21,40,FALSE
Region 4,202127,202239,2022-10-07,64,1498,0,1,0.0667557,0,0.0667557,2021,27,2021-07-04,2021-07-10,2020,2020-21,41,FALSE
Region 4,202128,202239,2022-10-07,63,1762,1,1,0.113507,0.0567537,0.0567537,2021,28,2021-07-11,2021-07-17,2020,2020-21,42,FALSE
Region 4,202129,202239,2022-10-07,62,1874,2,3,0.266809,0.106724,0.160085,2021,29,2021-07-18,2021-07-24,2020,2020-21,43,FALSE
Region 4,202130,202239,2022-10-07,61,2281,1,5,0.263043,0.0438404,0.219202,2021,30,2021-07-25,2021-07-31,2020,2020-21,44,FALSE
Region 4,202131,202239,2022-10-07,60,1406,1,6,0.497866,0.0711238,0.426743,2021,31,2021-08-01,2021-08-07,2020,2020-21,45,FALSE
Region 4,202132,202239,2022-10-07,59,2007,4,3,0.348779,0.199302,0.149477,2021,32,2021-08-08,2021-08-14,2020,2020-21,46,FALSE
Region 4,202133,202239,2022-10-07,58,1515,5,3,0.528053,0.330033,0.19802,2021,33,2021-08-15,2021-08-21,2020,2020-21,47,FALSE
Region 4,202134,202239,2022-10-07,57,2197,4,5,0.40965,0.182066,0.227583,2021,34,2021-08-22,2021-08-28,2020,2020-21,48,FALSE
Region 4,202135,202239,2022-10-07,56,1929,4,2,0.311042,0.207361,0.103681,2021,35,2021-08-29,2021-09-04,2020,2020-21,49,FALSE
Region 4,202136,202239,2022-10-07,55,1727,0,0,0,0,0,2021,36,2021-09-05,2021-09-11,2020,2020-21,50,FALSE
Region 4,202137,202239,2022-10-07,54,2728,5,2,0.256598,0.183284,0.0733138,2021,37,2021-09-12,2021-09-18,2020,2020-21,51,FALSE
Region 4,202138,202239,2022-10-07,53,2854,0,3,0.105116,0,0.105116,2021,38,2021-09-19,2021-09-25,2020,2020-21,52,FALSE
Region 4,202139,202239,2022-10-07,52,2889,4,5,0.311526,0.138456,0.17307,2021,39,2021-09-26,2021-10-02,2020,2020-21,53,FALSE
Region 4,202140,202339,2023-10-06,103,3205,8,7,0.468019,0.24961,0.218409,2021,40,2021-10-03,2021-10-09,2021,2021-22,1,FALSE
Region 4,202141,202339,2023-10-06,102,3588,1,8,0.250836,0.0278707,0.222965,2021,41,2021-10-10,2021-10-16,2021,2021-22,2,FALSE
Region 4,202142,202339,2023-10-06,101,3579,1,4,0.139704,0.0279408,0.111763,2021,42,2021-10-17,2021-10-23,2021,2021-22,3,FALSE
Region 4,202143,202339,2023-10-06,100,3902,12,9,0.538186,0.307535,0.230651,2021,43,2021-10-24,2021-10-30,2021,2021-22,4,FALSE
Region 4,202144,202339,2023-10-06,99,4445,28,11,0.87739,0.629921,0.247469,2021,44,2021-10-31,2021-11-06,2021,2021-22,5,FALSE
Region 4,202145,202339,2023-10-06,98,5053,63,10,1.44469,1.24678,0.197902,2021,45,2021-11-07,2021-11-13,2021,2021-22,6,FALSE
Region 4,202146,202339,2023-10-06,97,4911,75,14,1.81226,1.52718,0.285074,2021,46,2021-11-14,2021-11-20,2021,2021-22,7,FALSE
Region 4,202147,202339,2023-10-06,96,5175,127,7,2.58937,2.45411,0.135266,2021,47,2021-11-21,2021-11-27,2021,2021-22,8,FALSE
Region 4,202148,202339,2023-10-06,95,7310,247,15,3.58413,3.37893,0.205198,2021,48,2021-11-28,2021-12-04,2021,2021-22,9,FALSE
Region 4,202149,202339,2023-10-06,94,6499,366,5,5.70857,5.63164,0.0769349,2021,49,2021-12-05,2021-12-11,2021,2021-22,10,FALSE
Region 4,202150,202339,2023-10-06,93,7378,531,12,7.35972,7.19707,0.162646,2021,50,2021-12-12,2021-12-18,2021,2021-22,11,FALSE
Region 4,202151,202339,2023-10-06,92,11119,506,27,4.7936,4.55077,0.242828,2021,51,2021-12-19,2021-12-25,2021,2021-22,12,FALSE
Region 4,202152,202339,2023-10-06,91,19391,407,42,2.31551,2.09891,0.216595,2021,52,2021-12-26,2022-01-01,2021,2021-22,13,FALSE
Region 4,202201,202339,2023-10-06,90,15137,147,20,1.10326,0.97113,0.132127,2022,1,2022-01-02,2022-01-08,2021,2021-22,14,FALSE
Region 4,202202,202339,2023-10-06,89,13648,106,13,0.871923,0.776671,0.0952521,2022,2,2022-01-09,2022-01-15,2021,2021-22,15,FALSE
Region 4,202203,202339,2023-10-06,88,12153,98,16,0.93804,0.806385,0.131655,2022,3,2022-01-16,2022-01-22,2021,2021-22,16,FALSE
Region 4,202204,202339,2023-10-06,87,10036,96,9,1.04623,0.956556,0.0896772,2022,4,2022-01-23,2022-01-29,2021,2021-22,17,FALSE
Region 4,202205,202339,2023-10-06,86,7811,86,5,1.16502,1.10101,0.0640123,2022,5,2022-01-30,2022-02-05,2021,2021-22,18,FALSE
Region 4,202206,202339,2023-10-06,85,7030,103,13,1.65007,1.46515,0.184922,2022,6,2022-02-06,2022-02-12,2021,2021-22,19,FALSE
Region 4,202207,202339,2023-10-06,84,8301,168,9,2.13227,2.02385,0.108421,2022,7,2022-02-13,2022-02-19,2021,2021-22,20,FALSE
Region 4,202208,202339,2023-10-06,83,8538,160,7,1.95596,1.87398,0.0819864,2022,8,2022-02-20,2022-02-26,2021,2021-22,21,FALSE
Region 4,202209,202339,2023-10-06,82,7539,173,5,2.36106,2.29473,0.0663218,2022,9,2022-02-27,2022-03-05,2021,2021-22,22,FALSE
Region 4,202210,202339,2023-10-06,81,8324,146,8,1.85007,1.75396,0.0961076,2022,10,2022-03-06,2022-03-12,2021,2021-22,23,FALSE
Region 4,202211,202339,2023-10-06,80,7470,219,12,3.09237,2.93173,0.160643,2022,11,2022-03-13,2022-03-19,2021,2021-22,24,FALSE
Region 4,202212,202339,2023-10-06,79,7842,229,9,3.03494,2.92017,0.114767,2022,12,2022-03-20,2022-03-26,2021,2021-22,25,FALSE
Region 4,202213,202339,2023-10-06,78,7626,298,5,3.97325,3.90768,0.0655652,2022,13,2022-03-27,2022-04-02,2021,2021-22,26,FALSE
Region 4,202214,202339,2023-10-06,77,7142,336,4,4.76057,4.70456,0.0560067,2022,14,2022-04-03,2022-04-09,2021,2021-22,27,FALSE
Region 4,202215,202339,2023-10-06,76,6987,370,2,5.32417,5.29555,0.0286246,2022,15,2022-04-10,2022-04-16,2021,2021-22,28,FALSE
Region 4,202216,202339,2023-10-06,75,7222,421,9,5.95403,5.82941,0.124619,2022,16,2022-04-17,2022-04-23,2021,2021-22,29,FALSE
Region 4,202217,202339,2023-10-06,74,7450,508,13,6.99329,6.81879,0.174497,2022,17,2022-04-24,2022-04-30,2021,2021-22,30,FALSE
Region 4,202218,202339,2023-10-06,73,7787,544,8,7.08874,6.986,0.102735,2022,18,2022-05-01,2022-05-07,2021,2021-22,31,FALSE
Region 4,202219,202339,2023-10-06,72,9067,621,3,6.8821,6.84901,0.033087,2022,19,2022-05-08,2022-05-14,2021,2021-22,32,FALSE
Region 4,202220,202339,2023-10-06,71,8666,535,3,6.20817,6.17355,0.034618,2022,20,2022-05-15,2022-05-21,2021,2021-22,33,FALSE
Region 4,202221,202339,2023-10-06,70,9518,927,4,9.78147,9.73944,0.0420256,2022,21,2022-05-22,2022-05-28,2021,2021-22,34,FALSE
Region 4,202222,202339,2023-10-06,69,9365,857,11,9.26855,9.15109,0.117459,2022,22,2022-05-29,2022-06-04,2021,2021-22,35,FALSE
Region 4,202223,202339,2023-10-06,68,9098,527,6,5.85843,5.79248,0.0659486,2022,23,2022-06-05,2022-06-11,2021,2021-22,36,FALSE
Region 4,202224,202339,2023-10-06,67,8759,320,11,3.77897,3.65339,0.125585,2022,24,2022-06-12,2022-06-18,2021,2021-22,37,FALSE
Region 4,202225,202339,2023-10-06,66,7661,146,5,1.97102,1.90576,0.065265599999999993,2022,25,2022-06-19,2022-06-25,2021,2021-22,38,FALSE
Region 4,202226,202339,2023-10-06,65,8482,136,17,1.80382,1.6034,0.200424,2022,26,2022-06-26,2022-07-02,2021,2021-22,39,FALSE
Region 4,202227,202339,2023-10-06,64,7694,102,10,1.45568,1.32571,0.129971,2022,27,2022-07-03,2022-07-09,2021,2021-22,40,FALSE
Region 4,202228,202339,2023-10-06,63,7587,68,17,1.12034,0.89627,0.224067,2022,28,2022-07-10,2022-07-16,2021,2021-22,41,FALSE
Region 4,202229,202339,2023-10-06,62,9108,62,11,0.801493,0.68072,0.120773,2022,29,2022-07-17,2022-07-23,2021,2021-22,42,FALSE
Region 4,202230,202339,2023-10-06,61,7007,29,17,0.656486,0.413872,0.242615,2022,30,2022-07-24,2022-07-30,2021,2021-22,43,FALSE
Region 4,202231,202339,2023-10-06,60,6458,23,14,0.572933,0.356147,0.216785,2022,31,2022-07-31,2022-08-06,2021,2021-22,44,FALSE
Region 4,202232,202339,2023-10-06,59,5849,28,11,0.666781,0.478714,0.188066,2022,32,2022-08-07,2022-08-13,2021,2021-22,45,FALSE
Region 4,202233,202339,2023-10-06,58,6092,27,17,0.722259,0.443204,0.279054,2022,33,2022-08-14,2022-08-20,2021,2021-22,46,FALSE
Region 4,202234,202339,2023-10-06,57,7514,47,19,0.87836,0.625499,0.252861,2022,34,2022-08-21,2022-08-27,2021,2021-22,47,FALSE
Region 4,202235,202339,2023-10-06,56,7005,46,12,0.82798,0.656674,0.17130600000000001,2022,35,2022-08-28,2022-09-03,2021,2021-22,48,FALSE
Region 4,202236,202339,2023-10-06,55,6758,78,4,1.21338,1.15419,0.0591891,2022,36,2022-09-04,2022-09-10,2021,2021-22,49,FALSE
Region 4,202237,202339,2023-10-06,54,6731,114,14,1.90165,1.69366,0.207993,2022,37,2022-09-11,2022-09-17,2021,2021-22,50,FALSE
Region 4,202238,202339,2023-10-06,53,6550,214,28,3.69466,3.26718,0.427481,2022,38,2022-09-18,2022-09-24,2021,2021-22,51,FALSE
Region 4,202239,202339,2023-10-06,52,4817,364,28,8.13785,7.55657,0.581275,2022,39,2022-09-25,2022-10-01,2021,2021-22,52,FALSE
Region 4,202240,202439,2024-10-04,103,7553,619,38,8.69853,8.19542,0.503111,2022,40,2022-10-02,2022-10-08,2022,2022-23,1,TRUE
Region 4,202241,202439,2024-10-04,102,7598,708,30,9.71308,9.31824,0.394841,2022,41,2022-10-09,2022-10-15,2022,2022-23,2,TRUE
Region 4,202242,202439,2024-10-04,101,9582,1376,22,14.5899,14.3603,0.229597,2022,42,2022-10-16,2022-10-22,2022,2022-23,3,TRUE
Region 4,202243,202439,2024-10-04,100,12122,2069,38,17.3816,17.0681,0.31348,2022,43,2022-10-23,2022-10-29,2022,2022-23,4,TRUE
Region 4,202244,202439,2024-10-04,99,15250,3369,45,22.3869,22.0918,0.295082,2022,44,2022-10-30,2022-11-05,2022,2022-23,5,TRUE
Region 4,202245,202439,2024-10-04,98,13784,2660,66,19.7766,19.2977,0.478816,2022,45,2022-11-06,2022-11-12,2022,2022-23,6,TRUE
Region 4,202246,202439,2024-10-04,97,11775,1929,56,16.8577,16.3822,0.475584,2022,46,2022-11-13,2022-11-19,2022,2022-23,7,TRUE
Region 4,202247,202439,2024-10-04,96,12472,2465,61,20.2534,19.7643,0.489096,2022,47,2022-11-20,2022-11-26,2022,2022-23,8,TRUE
Region 4,202248,202439,2024-10-04,95,12479,2092,48,17.1488,16.7642,0.384646,2022,48,2022-11-27,2022-12-03,2022,2022-23,9,TRUE
Region 4,202249,202439,2024-10-04,94,11548,1424,39,12.6689,12.3311,0.337721,2022,49,2022-12-04,2022-12-10,2022,2022-23,10,TRUE
Region 4,202250,202439,2024-10-04,93,10891,851,40,8.18107,7.81379,0.367276,2022,50,2022-12-11,2022-12-17,2022,2022-23,11,TRUE
Region 4,202251,202439,2024-10-04,92,10173,745,31,7.62803,7.32331,0.304728,2022,51,2022-12-18,2022-12-24,2022,2022-23,12,TRUE
Region 4,202252,202439,2024-10-04,91,11065,669,46,6.46182,6.04609,0.415725,2022,52,2022-12-25,2022-12-31,2022,2022-23,13,TRUE
Region 4,202301,202439,2024-10-04,90,10448,436,35,4.50804,4.17305,0.334992,2023,1,2023-01-01,2023-01-07,2022,2022-23,14,TRUE
Region 4,202302,202439,2024-10-04,89,9492,272,24,3.11842,2.86557,0.252845,2023,2,2023-01-08,2023-01-14,2022,2022-23,15,TRUE
Region 4,202303,202439,2024-10-04,88,8236,204,19,2.70763,2.47693,0.230695,2023,3,2023-01-15,2023-01-21,2022,2022-23,16,TRUE
Region 4,202304,202439,2024-10-04,87,8987,158,26,2.0474,1.7581,0.289307,2023,4,2023-01-22,2023-01-28,2022,2022-23,17,TRUE
Region 4,202305,202439,2024-10-04,86,8774,159,32,2.17689,1.81217,0.364714,2023,5,2023-01-29,2023-02-04,2022,2022-23,18,TRUE
Region 4,202306,202439,2024-10-04,85,9394,124,37,1.71386,1.31999,0.393868,2023,6,2023-02-05,2023-02-11,2022,2022-23,19,TRUE
Region 4,202307,202439,2024-10-04,84,8852,78,52,1.46859,0.881157,0.587438,2023,7,2023-02-12,2023-02-18,2022,2022-23,20,TRUE
Region 4,202308,202439,2024-10-04,83,8364,74,36,1.31516,0.884744,0.430416,2023,8,2023-02-19,2023-02-25,2022,2022-23,21,TRUE
Region 4,202309,202439,2024-10-04,82,7182,40,23,0.877193,0.556948,0.320245,2023,9,2023-02-26,2023-03-04,2022,2022-23,22,TRUE
Region 4,202310,202439,2024-10-04,81,6712,27,24,0.759833,0.402265,0.357569,2023,10,2023-03-05,2023-03-11,2022,2022-23,23,TRUE
Region 4,202311,202439,2024-10-04,80,7105,41,30,0.999296,0.577058,0.422238,2023,11,2023-03-12,2023-03-18,2022,2022-23,24,TRUE
Region 4,202312,202439,2024-10-04,79,7028,45,44,1.26636,0.640296,0.626067,2023,12,2023-03-19,2023-03-25,2022,2022-23,25,TRUE
Region 4,202313,202439,2024-10-04,78,5649,34,24,1.02673,0.601876,0.424854,2023,13,2023-03-26,2023-04-01,2022,2022-23,26,TRUE
Region 4,202314,202439,2024-10-04,77,5721,45,37,1.43332,0.786576,0.64674,2023,14,2023-04-02,2023-04-08,2022,2022-23,27,TRUE
Region 4,202315,202439,2024-10-04,76,5493,32,46,1.41999,0.58256,0.837429,2023,15,2023-04-09,2023-04-15,2022,2022-23,28,TRUE
Region 4,202316,202439,2024-10-04,75,4755,16,40,1.17771,0.336488,0.84122,2023,16,2023-04-16,2023-04-22,2022,2022-23,29,TRUE
Region 4,202317,202439,2024-10-04,74,5225,20,52,1.37799,0.382775,0.995215,2023,17,2023-04-23,2023-04-29,2022,2022-23,30,TRUE
Region 4,202318,202439,2024-10-04,73,4798,17,46,1.31305,0.354314,0.958733,2023,18,2023-04-30,2023-05-06,2022,2022-23,31,TRUE
Region 4,202319,202439,2024-10-04,72,10254,22,94,1.13127,0.21455,0.916715,2023,19,2023-05-07,2023-05-13,2022,2022-23,32,TRUE
Region 4,202320,202439,2024-10-04,71,5032,24,91,2.28537,0.476948,1.80843,2023,20,2023-05-14,2023-05-20,2022,2022-23,33,TRUE
Region 4,202321,202439,2024-10-04,70,4257,33,59,2.16115,0.775194,1.38595,2023,21,2023-05-21,2023-05-27,2022,2022-23,34,TRUE
Region 4,202322,202439,2024-10-04,69,4797,29,114,2.98103,0.604545,2.37649,2023,22,2023-05-28,2023-06-03,2022,2022-23,35,TRUE
Region 4,202323,202439,2024-10-04,68,4426,18,54,1.62675,0.406688,1.22006,2023,23,2023-06-04,2023-06-10,2022,2022-23,36,TRUE
Region 4,202324,202439,2024-10-04,67,4064,16,51,1.64862,0.393701,1.25492,2023,24,2023-06-11,2023-06-17,2022,2022-23,37,TRUE
Region 4,202325,202439,2024-10-04,66,3610,12,20,0.886427,0.33241,0.554017,2023,25,2023-06-18,2023-06-24,2022,2022-23,38,TRUE
Region 4,202326,202439,2024-10-04,65,3293,6,18,0.728819,0.182205,0.546614,2023,26,2023-06-25,2023-07-01,2022,2022-23,39,TRUE
Region 4,202327,202439,2024-10-04,64,3253,10,17,0.830003,0.307409,0.522595,2023,27,2023-07-02,2023-07-08,2022,2022-23,40,TRUE
Region 4,202328,202439,2024-10-04,63,3292,24,24,1.45808,0.72904,0.72904,2023,28,2023-07-09,2023-07-15,2022,2022-23,41,TRUE
Region 4,202329,202439,2024-10-04,62,3426,21,14,1.0216,0.61296,0.40864,2023,29,2023-07-16,2023-07-22,2022,2022-23,42,TRUE
Region 4,202330,202439,2024-10-04,61,4100,15,13,0.682927,0.365854,0.317073,2023,30,2023-07-23,2023-07-29,2022,2022-23,43,TRUE
Region 4,202331,202439,2024-10-04,60,4369,14,21,0.801099,0.320439,0.480659,2023,31,2023-07-30,2023-08-05,2022,2022-23,44,TRUE
Region 4,202332,202439,2024-10-04,59,4291,10,20,0.699138,0.233046,0.466092,2023,32,2023-08-06,2023-08-12,2022,2022-23,45,TRUE
Region 4,202333,202439,2024-10-04,58,4847,13,20,0.680834,0.268207,0.412626,2023,33,2023-08-13,2023-08-19,2022,2022-23,46,TRUE
Region 4,202334,202439,2024-10-04,57,6694,32,33,0.971019,0.47804,0.492979,2023,34,2023-08-20,2023-08-26,2022,2022-23,47,TRUE
Region 4,202335,202439,2024-10-04,56,6290,30,15,0.715421,0.476948,0.238474,2023,35,2023-08-27,2023-09-02,2022,2022-23,48,TRUE
Region 4,202336,202439,2024-10-04,55,6519,37,10,0.720969,0.567572,0.153398,2023,36,2023-09-03,2023-09-09,2022,2022-23,49,TRUE
Region 4,202337,202439,2024-10-04,54,6511,30,27,0.875442,0.460759,0.414683,2023,37,2023-09-10,2023-09-16,2022,2022-23,50,TRUE
Region 4,202338,202439,2024-10-04,53,7253,56,45,1.39253,0.772094,0.620433,2023,38,2023-09-17,2023-09-23,2022,2022-23,51,TRUE
Region 4,202339,202439,2024-10-04,52,6307,47,31,1.23672,0.745204,0.491517,2023,39,2023-09-24,2023-09-30,2022,2022-23,52,TRUE
Region 4,202340,202538,2025-09-26,102,7507,68,78,1.94485,0.905821,1.03903,2023,40,2023-10-01,2023-10-07,2023,2023-24,1,TRUE
Region 4,202341,202538,2025-09-26,101,7771,91,68,2.04607,1.17102,0.875048,2023,41,2023-10-08,2023-10-14,2023,2023-24,2,TRUE
Region 4,202342,202538,2025-09-26,100,7099,99,95,2.73278,1.39456,1.33822,2023,42,2023-10-15,2023-10-21,2023,2023-24,3,TRUE
Region 4,202343,202538,2025-09-26,99,7890,122,100,2.81369,1.54626,1.26743,2023,43,2023-10-22,2023-10-28,2023,2023-24,4,TRUE
Region 4,202344,202538,2025-09-26,98,8681,204,146,4.03179,2.34996,1.68183,2023,44,2023-10-29,2023-11-04,2023,2023-24,5,TRUE
Region 4,202345,202538,2025-09-26,97,9789,379,317,7.11002,3.87169,3.23833,2023,45,2023-11-05,2023-11-11,2023,2023-24,6,TRUE
Region 4,202346,202538,2025-09-26,96,9439,342,330,7.1194,3.62327,3.49613,2023,46,2023-11-12,2023-11-18,2023,2023-24,7,TRUE
Region 4,202347,202538,2025-09-26,95,9618,495,423,9.5446,5.1466,4.398,2023,47,2023-11-19,2023-11-25,2023,2023-24,8,TRUE
Region 4,202348,202538,2025-09-26,94,11646,722,467,10.2095,6.19955,4.00996,2023,48,2023-11-26,2023-12-02,2023,2023-24,9,TRUE
Region 4,202349,202538,2025-09-26,93,12926,1009,518,11.8134,7.80597,4.00743,2023,49,2023-12-03,2023-12-09,2023,2023-24,10,TRUE
Region 4,202350,202538,2025-09-26,92,15290,1725,748,16.174,11.2819,4.89209,2023,50,2023-12-10,2023-12-16,2023,2023-24,11,TRUE
Region 4,202351,202538,2025-09-26,91,16072,2033,1092,19.4438,12.6493,6.79443,2023,51,2023-12-17,2023-12-23,2023,2023-24,12,TRUE
Region 4,202352,202538,2025-09-26,90,18011,2644,1346,22.1531,14.6799,7.47321,2023,52,2023-12-24,2023-12-30,2023,2023-24,13,TRUE
Region 4,202401,202538,2025-09-26,89,15254,1334,774,13.8193,8.74525,5.07408,2024,1,2023-12-31,2024-01-06,2023,2023-24,14,TRUE
Region 4,202402,202538,2025-09-26,88,12787,1111,698,14.1472,8.68851,5.45867,2024,2,2024-01-07,2024-01-13,2023,2023-24,15,TRUE
Region 4,202403,202538,2025-09-26,87,11374,875,686,13.7243,7.69298,6.0313,2024,3,2024-01-14,2024-01-20,2023,2023-24,16,TRUE
Region 4,202404,202538,2025-09-26,86,12326,952,796,14.1814,7.72351,6.45789,2024,4,2024-01-21,2024-01-27,2023,2023-24,17,TRUE
Region 4,202405,202538,2025-09-26,85,11655,716,667,11.8662,6.14329,5.72287,2024,5,2024-01-28,2024-02-03,2023,2023-24,18,TRUE
Region 4,202406,202538,2025-09-26,84,11495,700,686,12.0574,6.0896,5.96781,2024,6,2024-02-04,2024-02-10,2023,2023-24,19,TRUE
Region 4,202407,202538,2025-09-26,83,10884,481,518,9.17861,4.41933,4.75928,2024,7,2024-02-11,2024-02-17,2023,2023-24,20,TRUE
Region 4,202408,202538,2025-09-26,82,10508,451,470,8.76475,4.29197,4.47278,2024,8,2024-02-18,2024-02-24,2023,2023-24,21,TRUE
Region 4,202409,202538,2025-09-26,81,9908,437,355,7.99354,4.41058,3.58296,2024,9,2024-02-25,2024-03-02,2023,2023-24,22,TRUE
Region 4,202410,202538,2025-09-26,80,8862,376,269,7.27827,4.24283,3.03543,2024,10,2024-03-03,2024-03-09,2023,2023-24,23,TRUE
Region 4,202411,202538,2025-09-26,79,8230,221,169,4.73876,2.6853,2.05346,2024,11,2024-03-10,2024-03-16,2023,2023-24,24,TRUE
Region 4,202412,202538,2025-09-26,78,7900,227,132,4.5443,2.87342,1.67089,2024,12,2024-03-17,2024-03-23,2023,2023-24,25,TRUE
Region 4,202413,202538,2025-09-26,77,6925,160,74,3.37906,2.31047,1.06859,2024,13,2024-03-24,2024-03-30,2023,2023-24,26,TRUE
Region 4,202414,202538,2025-09-26,76,6806,163,59,3.26183,2.39495,0.866882,2024,14,2024-03-31,2024-04-06,2023,2023-24,27,TRUE
Region 4,202415,202538,2025-09-26,75,6608,75,40,1.74031,1.13499,0.605327,2024,15,2024-04-07,2024-04-13,2023,2023-24,28,TRUE
Region 4,202416,202538,2025-09-26,74,5650,71,33,1.84071,1.25664,0.584071,2024,16,2024-04-14,2024-04-20,2023,2023-24,29,TRUE
Region 4,202417,202538,2025-09-26,73,5562,50,26,1.36641,0.898957,0.467458,2024,17,2024-04-21,2024-04-27,2023,2023-24,30,TRUE
Region 4,202418,202538,2025-09-26,72,5159,61,17,1.51192,1.1824,0.329521,2024,18,2024-04-28,2024-05-04,2023,2023-24,31,TRUE
Region 4,202419,202538,2025-09-26,71,5611,41,15,0.99804,0.730708,0.267332,2024,19,2024-05-05,2024-05-11,2023,2023-24,32,TRUE
Region 4,202420,202538,2025-09-26,70,5545,39,8,0.84761,0.703336,0.144274,2024,20,2024-05-12,2024-05-18,2023,2023-24,33,TRUE
Region 4,202421,202538,2025-09-26,69,4758,24,9,0.693569,0.504414,0.189155,2024,21,2024-05-19,2024-05-25,2023,2023-24,34,TRUE
Region 4,202422,202538,2025-09-26,68,3930,23,8,0.788804,0.585242,0.203562,2024,22,2024-05-26,2024-06-01,2023,2023-24,35,TRUE
Region 4,202423,202538,2025-09-26,67,3719,17,6,0.618446,0.457112,0.161334,2024,23,2024-06-02,2024-06-08,2023,2023-24,36,TRUE
Region 4,202424,202538,2025-09-26,66,3820,26,2,0.732984,0.680628,0.052356,2024,24,2024-06-09,2024-06-15,2023,2023-24,37,TRUE
Region 4,202425,202538,2025-09-26,65,3412,14,6,0.586166,0.410317,0.17585,2024,25,2024-06-16,2024-06-22,2023,2023-24,38,TRUE
Region 4,202426,202538,2025-09-26,64,3890,12,2,0.359897,0.308483,0.0514139,2024,26,2024-06-23,2024-06-29,2023,2023-24,39,TRUE
Region 4,202427,202538,2025-09-26,63,3771,15,6,0.556881,0.397772,0.159109,2024,27,2024-06-30,2024-07-06,2023,2023-24,40,TRUE
Region 4,202428,202538,2025-09-26,62,4225,21,10,0.733728,0.497041,0.236686,2024,28,2024-07-07,2024-07-13,2023,2023-24,41,TRUE
Region 4,202429,202538,2025-09-26,61,3948,16,6,0.557244,0.405268,0.151976,2024,29,2024-07-14,2024-07-20,2023,2023-24,42,TRUE
Region 4,202430,202538,2025-09-26,60,4416,11,10,0.475543,0.249094,0.226449,2024,30,2024-07-21,2024-07-27,2023,2023-24,43,TRUE
Region 4,202431,202538,2025-09-26,59,4423,11,12,0.520009,0.2487,0.271309,2024,31,2024-07-28,2024-08-03,2023,2023-24,44,TRUE
Region 4,202432,202538,2025-09-26,58,4766,13,8,0.440621,0.272765,0.167856,2024,32,2024-08-04,2024-08-10,2023,2023-24,45,TRUE
Region 4,202433,202538,2025-09-26,57,5860,13,12,0.426621,0.221843,0.204778,2024,33,2024-08-11,2024-08-17,2023,2023-24,46,TRUE
Region 4,202434,202538,2025-09-26,56,6390,20,10,0.469484,0.312989,0.156495,2024,34,2024-08-18,2024-08-24,2023,2023-24,47,TRUE
Region 4,202435,202538,2025-09-26,55,9024,13,5,0.199468,0.14406,0.0554078,2024,35,2024-08-25,2024-08-31,2023,2023-24,48,TRUE
Region 4,202436,202538,2025-09-26,54,8375,18,10,0.334328,0.214925,0.119403,2024,36,2024-09-01,2024-09-07,2023,2023-24,49,TRUE
Region 4,202437,202538,2025-09-26,53,6160,14,7,0.340909,0.227273,0.113636,2024,37,2024-09-08,2024-09-14,2023,2023-24,50,TRUE
Region 4,202438,202538,2025-09-26,52,6088,22,8,0.492773,0.361367,0.131406,2024,38,2024-09-15,2024-09-21,2023,2023-24,51,TRUE
Region 4,202439,202538,2025-09-26,51,5086,23,11,0.668502,0.452222,0.21628,2024,39,2024-09-22,2024-09-28,2023,2023-24,52,TRUE
Region 4,202440,202638,2026-10-02,103,6347,27,9,0.567197,0.425398,0.141799,2024,40,2024-09-29,2024-10-05,2024,2024-25,1,TRUE
Region 4,202441,202638,2026-10-02,102,5518,20,9,0.525553,0.36245,0.163103,2024,41,2024-10-06,2024-10-12,2024,2024-25,2,TRUE
Region 4,202442,202638,2026-10-02,101,6664,30,9,0.585234,0.45018,0.135054,2024,42,2024-10-13,2024-10-19,2024,2024-25,3,TRUE
Region 4,202443,202638,2026-10-02,100,6159,43,16,0.957948,0.698165,0.259782,2024,43,2024-10-20,2024-10-26,2024,2024-25,4,TRUE
Region 4,202444,202638,2026-10-02,99,7189,64,8,1.00153,0.890249,0.111281,2024,44,2024-10-27,2024-11-02,2024,2024-25,5,TRUE
Region 4,202445,202638,2026-10-02,98,6148,54,8,1.00846,0.878334,0.130124,2024,45,2024-11-03,2024-11-09,2024,2024-25,6,TRUE
Region 4,202446,202638,2026-10-02,97,7470,82,10,1.23159,1.09772,0.133869,2024,46,2024-11-10,2024-11-16,2024,2024-25,7,TRUE
Region 4,202447,202638,2026-10-02,96,6558,63,11,1.12839,0.960659,0.167734,2024,47,2024-11-17,2024-11-23,2024,2024-25,8,TRUE
Region 4,202448,202638,2026-10-02,95,7727,151,12,2.10949,1.95419,0.1553,2024,48,2024-11-24,2024-11-30,2024,2024-25,9,TRUE
Region 4,202449,202638,2026-10-02,94,8261,193,9,2.44522,2.33628,0.108946,2024,49,2024-12-01,2024-12-07,2024,2024-25,10,TRUE
Region 4,202450,202638,2026-10-02,93,9088,514,16,5.83187,5.65581,0.176056,2024,50,2024-12-08,2024-12-14,2024,2024-25,11,TRUE
Region 4,202451,202638,2026-10-02,92,10286,1124,19,11.1122,10.9275,0.184717,2024,51,2024-12-15,2024-12-21,2024,2024-25,12,TRUE
Region 4,202452,202638,2026-10-02,91,9731,1149,12,11.9309,11.8076,0.123317,2024,52,2024-12-22,2024-12-28,2024,2024-25,13,TRUE
Region 4,202501,202638,2026-10-02,90,11702,1660,17,14.3309,14.1856,0.145274,2025,1,2024-12-29,2025-01-04,2024,2024-25,14,TRUE
Region 4,202502,202638,2026-10-02,89,9344,1162,19,12.6391,12.4358,0.203339,2025,2,2025-01-05,2025-01-11,2024,2024-25,15,TRUE
Region 4,202503,202638,2026-10-02,88,11237,2212,28,19.9341,19.685,0.249177,2025,3,2025-01-12,2025-01-18,2024,2024-25,16,TRUE
Region 4,202504,202638,2026-10-02,87,11966,2988,26,25.188,24.9708,0.217282,2025,4,2025-01-19,2025-01-25,2024,2024-25,17,TRUE
Region 4,202505,202638,2026-10-02,86,14011,3769,40,27.1858,26.9003,0.28549,2025,5,2025-01-26,2025-02-01,2024,2024-25,18,TRUE
Region 4,202506,202638,2026-10-02,85,14362,3753,44,26.4378,26.1315,0.306364,2025,6,2025-02-02,2025-02-08,2024,2024-25,19,TRUE
Region 4,202507,202638,2026-10-02,84,11193,2172,38,19.7445,19.405,0.339498,2025,7,2025-02-09,2025-02-15,2024,2024-25,20,TRUE
Region 4,202508,202638,2026-10-02,83,9275,1327,45,14.7925,14.3073,0.485175,2025,8,2025-02-16,2025-02-22,2024,2024-25,21,TRUE
Region 4,202509,202638,2026-10-02,82,9320,1203,44,13.3798,12.9077,0.472103,2025,9,2025-02-23,2025-03-01,2024,2024-25,22,TRUE
Region 4,202510,202638,2026-10-02,81,8963,915,65,10.9338,10.2086,0.725204,2025,10,2025-03-02,2025-03-08,2024,2024-25,23,TRUE
Region 4,202511,202638,2026-10-02,80,8580,760,63,9.59207,8.85781,0.734266,2025,11,2025-03-09,2025-03-15,2024,2024-25,24,TRUE
Region 4,202512,202638,2026-10-02,79,7530,455,70,6.97211,6.0425,0.929615,2025,12,2025-03-16,2025-03-22,2024,2024-25,25,TRUE
Region 4,202513,202638,2026-10-02,78,6969,376,74,6.45717,5.39532,1.06185,2025,13,2025-03-23,2025-03-29,2024,2024-25,26,TRUE
Region 4,202514,202638,2026-10-02,77,5877,159,35,3.301,2.70546,0.595542,2025,14,2025-03-30,2025-04-05,2024,2024-25,27,TRUE
Region 4,202515,202638,2026-10-02,76,6057,123,55,2.93875,2.03071,0.90804,2025,15,2025-04-06,2025-04-12,2024,2024-25,28,TRUE
Region 4,202516,202638,2026-10-02,75,5964,90,44,2.24681,1.50905,0.73776,2025,16,2025-04-13,2025-04-19,2024,2024-25,29,TRUE
Region 4,202517,202638,2026-10-02,74,5959,53,63,1.94664,0.889411,1.05722,2025,17,2025-04-20,2025-04-26,2024,2024-25,30,TRUE
Region 4,202518,202638,2026-10-02,73,5546,25,40,1.17202,0.450775,0.721241,2025,18,2025-04-27,2025-05-03,2024,2024-25,31,TRUE
Region 4,202519,202638,2026-10-02,72,5613,24,42,1.17584,0.427579,0.748263,2025,19,2025-05-04,2025-05-10,2024,2024-25,32,TRUE
Region 4,202520,202638,2026-10-02,71,5351,17,51,1.27079,0.317698,0.953093,2025,20,2025-05-11,2025-05-17,2024,2024-25,33,TRUE
Region 4,202521,202638,2026-10-02,70,5398,20,38,1.07447,0.370508,0.703964,2025,21,2025-05-18,2025-05-24,2024,2024-25,34,TRUE
Region 4,202522,202638,2026-10-02,69,4327,12,23,0.808875,0.277328,0.531546,2025,22,2025-05-25,2025-05-31,2024,2024-25,35,TRUE
Region 4,202523,202638,2026-10-02,68,4345,17,20,0.851554,0.391254,0.460299,2025,23,2025-06-01,2025-06-07,2024,2024-25,36,TRUE
Region 4,202524,202638,2026-10-02,67,4699,19,23,0.893807,0.404341,0.489466,2025,24,2025-06-08,2025-06-14,2024,2024-25,37,TRUE
Region 4,202525,202638,2026-10-02,66,4372,16,16,0.73193,0.365965,0.365965,2025,25,2025-06-15,2025-06-21,2024,2024-25,38,TRUE
Region 4,202526,202638,2026-10-02,65,3490,10,3,0.372493,0.286533,0.0859599,2025,26,2025-06-22,2025-06-28,2024,2024-25,39,TRUE
Region 4,202527,202638,2026-10-02,64,3712,11,13,0.646552,0.296336,0.350216,2025,27,2025-06-29,2025-07-05,2024,2024-25,40,TRUE
Region 4,202528,202638,2026-10-02,63,3906,14,19,0.844854,0.358423,0.486431,2025,28,2025-07-06,2025-07-12,2024,2024-25,41,TRUE
Region 4,202529,202638,2026-10-02,62,3720,18,10,0.752688,0.483871,0.268817,2025,29,2025-07-13,2025-07-19,2024,2024-25,42,TRUE
Region 4,202530,202638,2026-10-02,61,3812,6,7,0.341028,0.157398,0.183631,2025,30,2025-07-20,2025-07-26,2024,2024-25,43,TRUE
Region 4,202531,202638,2026-10-02,60,3803,8,6,0.36813,0.21036,0.15777,2025,31,2025-07-27,2025-08-02,2024,2024-25,44,TRUE
Region 4,202532,202638,2026-10-02,59,3970,13,5,0.453401,0.327456,0.125945,2025,32,2025-08-03,2025-08-09,2024,2024-25,45,TRUE
Region 4,202533,202638,2026-10-02,58,4929,6,7,0.263745,0.121729,0.142017,2025,33,2025-08-10,2025-08-16,2024,2024-25,46,TRUE
Region 4,202534,202638,2026-10-02,57,5364,9,12,0.391499,0.167785,0.223714,2025,34,2025-08-17,2025-08-23,2024,2024-25,47,TRUE
Region 4,202535,202638,2026-10-02,56,5780,14,9,0.397924,0.242215,0.155709,2025,35,2025-08-24,2025-08-30,2024,2024-25,48,TRUE
Region 4,202536,202638,2026-10-02,55,5488,20,7,0.491983,0.364431,0.127551,2025,36,2025-08-31,2025-09-06,2024,2024-25,49,TRUE
Region 4,202537,202638,2026-10-02,54,5677,6,2,0.140919,0.10569,0.0352299,2025,37,2025-09-07,2025-09-13,2024,2024-25,50,TRUE
Region 4,202538,202638,2026-10-02,53,5481,9,6,0.273673,0.164204,0.109469,2025,38,2025-09-14,2025-09-20,2024,2024-25,51,TRUE
Region 4,202539,202638,2026-10-02,52,5253,14,5,0.361698,0.266514,0.0951837,2025,39,2025-09-21,2025-09-27,2024,2024-25,52,TRUE
Region 4,202540,202638,2026-10-02,51,4827,15,6,0.435053,0.310752,0.124301,2025,40,2025-09-28,2025-10-04,2025,2025-26,1,TRUE
Region 4,202541,202638,2026-10-02,50,4859,19,1,0.411607,0.391027,0.0205804,2025,41,2025-10-05,2025-10-11,2025,2025-26,2,TRUE
Region 4,202542,202638,2026-10-02,49,4785,13,3,0.334378,0.271682,0.0626959,2025,42,2025-10-12,2025-10-18,2025,2025-26,3,TRUE
Region 4,202543,202638,2026-10-02,48,4667,27,7,0.728519,0.57853,0.149989,2025,43,2025-10-19,2025-10-25,2025,2025-26,4,TRUE
Region 4,202544,202638,2026-10-02,47,4792,46,2,1.00167,0.959933,0.0417362,2025,44,2025-10-26,2025-11-01,2025,2025-26,5,TRUE
Region 4,202545,202638,2026-10-02,46,5224,87,5,1.7611,1.66539,0.0957121,2025,45,2025-11-02,2025-11-08,2025,2025-26,6,TRUE
Region 4,202546,202638,2026-10-02,45,5273,217,8,4.26702,4.1153,0.151716,2025,46,2025-11-09,2025-11-15,2025,2025-26,7,TRUE
Region 4,202547,202638,2026-10-02,44,5607,427,12,7.8295,7.61548,0.214018,2025,47,2025-11-16,2025-11-22,2025,2025-26,8,TRUE
Region 4,202548,202638,2026-10-02,43,5334,510,23,9.9925,9.5613,0.431196,2025,48,2025-11-23,2025-11-29,2025,2025-26,9,TRUE
Region 4,202549,202638,2026-10-02,42,6145,654,19,10.952,10.6428,0.309194,2025,49,2025-11-30,2025-12-06,2025,2025-26,10,TRUE
Region 4,202550,202638,2026-10-02,41,7048,1229,34,17.92,17.4376,0.482406,2025,50,2025-12-07,2025-12-13,2025,2025-26,11,TRUE
Region 4,202551,202638,2026-10-02,40,9170,2617,82,29.4329,28.5387,0.89422,2025,51,2025-12-14,2025-12-20,2025,2025-26,12,TRUE
Region 4,202552,202638,2026-10-02,39,10776,3600,156,34.8552,33.4076,1.44766,2025,52,2025-12-21,2025-12-27,2025,2025-26,13,TRUE
Region 4,202553,202638,2026-10-02,38,9454,2066,133,23.26,21.8532,1.40681,2025,53,2025-12-28,2026-01-03,2025,2025-26,14,TRUE
Region 4,202601,202638,2026-10-02,37,8037,1171,79,15.5531,14.5701,0.982954,2026,1,2026-01-04,2026-01-10,2025,2025-26,15,TRUE
Region 4,202602,202638,2026-10-02,36,6669,568,67,9.52167,8.51702,1.00465,2026,2,2026-01-11,2026-01-17,2025,2025-26,16,TRUE
Region 4,202603,202638,2026-10-02,35,6236,561,125,11.0006,8.99615,2.00449,2026,3,2026-01-18,2026-01-24,2025,2025-26,17,TRUE
Region 4,202604,202638,2026-10-02,34,5610,413,158,10.1783,7.36185,2.8164,2026,4,2026-01-25,2026-01-31,2025,2025-26,18,TRUE
Region 4,202605,202638,2026-10-02,33,5819,439,265,12.0983,7.54425,4.55405,2026,5,2026-02-01,2026-02-07,2025,2025-26,19,TRUE
Region 4,202606,202638,2026-10-02,32,6210,396,388,12.6248,6.37681,6.24799,2026,6,2026-02-08,2026-02-14,2025,2025-26,20,TRUE
Region 4,202607,202638,2026-10-02,31,6239,348,496,13.5278,5.57782,7.94999,2026,7,2026-02-15,2026-02-21,2025,2025-26,21,TRUE
Region 4,202608,202638,2026-10-02,30,5969,189,428,10.3367,3.16636,7.17038,2026,8,2026-02-22,2026-02-28,2025,2025-26,22,TRUE
Region 4,202609,202638,2026-10-02,29,6066,154,557,11.7211,2.53874,9.18233,2026,9,2026-03-01,2026-03-07,2025,2025-26,23,TRUE
Region 4,202610,202638,2026-10-02,28,5494,88,429,9.41027,1.60175,7.80852,2026,10,2026-03-08,2026-03-14,2025,2025-26,24,TRUE
Region 4,202611,202638,2026-10-02,27,5114,67,298,7.13727,1.31013,5.82714,2026,11,2026-03-15,2026-03-21,2025,2025-26,25,TRUE
Region 4,202612,202638,2026-10-02,26,5223,45,300,6.6054,0.861574,5.74383,2026,12,2026-03-22,2026-03-28,2025,2025-26,26,TRUE
Region 4,202613,202638,2026-10-02,25,4984,35,228,5.27689,0.702247,4.57464,2026,13,2026-03-29,2026-04-04,2025,2025-26,27,TRUE
Region 4,202614,202638,2026-10-02,24,4450,26,105,2.94382,0.58427,2.35955,2026,14,2026-04-05,2026-04-11,2025,2025-26,28,TRUE
Region 4,202615,202638,2026-10-02,23,4560,22,105,2.78509,0.482456,2.30263,2026,15,2026-04-12,2026-04-18,2025,2025-26,29,TRUE
Region 4,202616,202638,2026-10-02,22,4373,8,62,1.60073,0.182941,1.41779,2026,16,2026-04-19,2026-04-25,2025,2025-26,30,TRUE
Region 4,202617,202638,2026-10-02,21,4414,8,69,1.74445,0.181242,1.56321,2026,17,2026-04-26,2026-05-02,2025,2025-26,31,TRUE
Region 4,202618,202638,2026-10-02,20,4407,10,51,1.38416,0.226912,1.15725,2026,18,2026-05-03,2026-05-09,2025,2025-26,32,TRUE
Region 4,202619,202638,2026-10-02,19,4196,6,32,0.905624,0.142993,0.762631,2026,19,2026-05-10,2026-05-16,2025,2025-26,33,TRUE
Region 4,202620,202638,2026-10-02,18,4161,2,39,0.98534,0.0480654,0.937275,2026,20,2026-05-17,2026-05-23,2025,2025-26,34,TRUE
Region 4,202621,202638,2026-10-02,17,4055,21,23,1.08508,0.517879,0.567201,2026,21,2026-05-24,2026-05-30,2025,2025-26,35,TRUE
Region 4,202622,202638,2026-10-02,16,3739,6,8,0.374432,0.160471,0.213961,2026,22,2026-05-31,2026-06-06,2025,2025-26,36,TRUE
Region 4,202623,202638,2026-10-02,15,3381,0,8,0.236616,0,0.236616,2026,23,2026-06-07,2026-06-13,2025,2025-26,37,TRUE
Region 4,202624,202638,2026-10-02,14,3364,4,4,0.237812,0.118906,0.118906,2026,24,2026-06-14,2026-06-20,2025,2025-26,38,TRUE
Region 4,202625,202638,2026-10-02,13,3086,4,1,0.162022,0.129618,0.0324044,2026,25,2026-06-21,2026-06-27,2025,2025-26,39,TRUE
Region 4,202626,202638,2026-10-02,12,2841,5,5,0.351989,0.175994,0.175994,2026,26,2026-06-28,2026-07-04,2025,2025-26,40,TRUE
Region 4,202627,202638,2026-10-02,11,2866,14,9,0.802512,0.488486,0.314027,2026,27,2026-07-05,2026-07-11,2025,2025-26,41,TRUE
Region 4,202628,202638,2026-10-02,10,2700,6,2,0.296296,0.222222,0.0740741,2026,28,2026-07-12,2026-07-18,2025,2025-26,42,TRUE
Region 4,202629,202638,2026-10-02,9,2887,3,0,0.103914,0.103914,0,2026,29,2026-07-19,2026-07-25,2025,2025-26,43,TRUE
Region 4,202630,202638,2026-10-02,8,2845,6,2,0.281195,0.210896,0.0702988,2026,30,2026-07-26,2026-08-01,2025,2025-26,44,TRUE
Region 4,202631,202638,2026-10-02,7,2927,5,1,0.204988,0.170823,0.0341647,2026,31,2026-08-02,2026-08-08,2025,2025-26,45,TRUE
Region 4,202632,202638,2026-10-02,6,3186,7,3,0.313873,0.219711,0.094162,2026,32,2026-08-09,2026-08-15,2025,2025-26,46,TRUE
Region 4,202633,202638,2026-10-02,5,3813,9,1,0.262261,0.236035,0.0262261,2026,33,2026-08-16,2026-08-22,2025,2025-26,47,TRUE
Region 4,202634,202638,2026-10-02,4,3159,5,7,0.379867,0.158278,0.221589,2026,34,2026-08-23,2026-08-29,2025,2025-26,48,TRUE
Region 4,202635,202638,2026-10-02,3,4309,19,1,0.464145,0.440938,0.0232072,2026,35,2026-08-30,2026-09-05,2025,2025-26,49,TRUE
Region 4,202636,202638,2026-10-02,2,3709,18,2,0.539229,0.485306,0.0539229,2026,36,2026-09-06,2026-09-12,2025,2025-26,50,TRUE
Region 4,202637,202638,2026-10-02,1,3874,43,2,1.16159,1.10996,0.0516262,2026,37,2026-09-13,2026-09-19,2025,2025-26,51,TRUE
Region 4,202638,202638,2026-10-02,0,2308,33,3,1.55979,1.42981,0.129983,2026,38,2026-09-20,2026-09-26,2025,2025-26,52,TRUE
Region 5,201940,202139,2021-10-08,104,3819,12,7,0.497512,0.314218,0.183294,2019,40,2019-09-29,2019-10-05,2019,2019-20,1,FALSE
Region 5,201941,202139,2021-10-08,103,4119,14,5,0.461277,0.339888,0.121389,2019,41,2019-10-06,2019-10-12,2019,2019-20,2,FALSE
Region 5,201942,202139,2021-10-08,102,4404,13,9,0.499546,0.295186,0.20436000000000001,2019,42,2019-10-13,2019-10-19,2019,2019-20,3,FALSE
Region 5,201943,202139,2021-10-08,101,5022,20,19,0.776583,0.398248,0.378335,2019,43,2019-10-20,2019-10-26,2019,2019-20,4,FALSE
Region 5,201944,202139,2021-10-08,100,5114,18,19,0.723504,0.351975,0.371529,2019,44,2019-10-27,2019-11-02,2019,2019-20,5,FALSE
Region 5,201945,202139,2021-10-08,99,5617,31,16,0.836746,0.551896,0.28485,2019,45,2019-11-03,2019-11-09,2019,2019-20,6,FALSE
Region 5,201946,202139,2021-10-08,98,5681,46,49,1.67224,0.809717,0.862524,2019,46,2019-11-10,2019-11-16,2019,2019-20,7,FALSE
Region 5,201947,202139,2021-10-08,97,6422,99,116,3.34787,1.54158,1.80629,2019,47,2019-11-17,2019-11-23,2019,2019-20,8,FALSE
Region 5,201948,202139,2021-10-08,96,6585,114,218,5.04176,1.73121,3.31055,2019,48,2019-11-24,2019-11-30,2019,2019-20,9,FALSE
Region 5,201949,202139,2021-10-08,95,8217,182,409,7.19241,2.2149200000000002,4.97749,2019,49,2019-12-01,2019-12-07,2019,2019-20,10,FALSE
Region 5,201950,202139,2021-10-08,94,9002,282,795,11.964,3.13264,8.83137,2019,50,2019-12-08,2019-12-14,2019,2019-20,11,FALSE
Region 5,201951,202139,2021-10-08,93,11492,560,1688,19.5614,4.87296,14.6885,2019,51,2019-12-15,2019-12-21,2019,2019-20,12,FALSE
Region 5,201952,202139,2021-10-08,92,14409,1034,2830,26.8166,7.17607,19.6405,2019,52,2019-12-22,2019-12-28,2019,2019-20,13,FALSE
Region 5,202001,202139,2021-10-08,91,14992,972,2477,23.0056,6.48346,16.5221,2020,1,2019-12-29,2020-01-04,2019,2019-20,14,FALSE
Region 5,202002,202139,2021-10-08,90,14086,1071,2049,22.1497,7.60329,14.5464,2020,2,2020-01-05,2020-01-11,2019,2019-20,15,FALSE
Region 5,202003,202139,2021-10-08,89,13490,1473,2144,26.8125,10.9192,15.8933,2020,3,2020-01-12,2020-01-18,2019,2019-20,16,FALSE
Region 5,202004,202139,2021-10-08,88,14976,1952,2631,30.6023,13.0342,17.5681,2020,4,2020-01-19,2020-01-25,2019,2019-20,17,FALSE
Region 5,202005,202139,2021-10-08,87,17196,2776,3041,33.8276,16.1433,17.6843,2020,5,2020-01-26,2020-02-01,2019,2019-20,18,FALSE
Region 5,202006,202139,2021-10-08,86,18179,3782,2881,36.6522,20.8042,15.848,2020,6,2020-02-02,2020-02-08,2019,2019-20,19,FALSE
Region 5,202007,202139,2021-10-08,85,17624,4133,2462,37.4206,23.451,13.9696,2020,7,2020-02-09,2020-02-15,2019,2019-20,20,FALSE
Region 5,202008,202139,2021-10-08,84,17952,4396,2139,36.4026,24.4875,11.9151,2020,8,2020-02-16,2020-02-22,2019,2019-20,21,FALSE
Region 5,202009,202139,2021-10-08,83,16704,3991,1560,33.2316,23.8925,9.33908,2020,9,2020-02-23,2020-02-29,2019,2019-20,22,FALSE
Region 5,202010,202139,2021-10-08,82,16773,3836,1242,30.2748,22.8701,7.40476,2020,10,2020-03-01,2020-03-07,2019,2019-20,23,FALSE
Region 5,202011,202139,2021-10-08,81,19354,3294,966,22.011,17.0197,4.99122,2020,11,2020-03-08,2020-03-14,2019,2019-20,24,FALSE
Region 5,202012,202139,2021-10-08,80,19954,1501,509,10.0732,7.5223,2.55087,2020,12,2020-03-15,2020-03-21,2019,2019-20,25,FALSE
Region 5,202013,202139,2021-10-08,79,11598,237,98,2.88843,2.04346,0.844973,2020,13,2020-03-22,2020-03-28,2019,2019-20,26,FALSE
Region 5,202014,202139,2021-10-08,78,8404,48,40,1.04712,0.571157,0.475964,2020,14,2020-03-29,2020-04-04,2019,2019-20,27,FALSE
Region 5,202015,202139,2021-10-08,77,4539,15,8,0.50672,0.330469,0.17625,2020,15,2020-04-05,2020-04-11,2019,2019-20,28,FALSE
Region 5,202016,202139,2021-10-08,76,3177,3,4,0.220334,0.0944287,0.125905,2020,16,2020-04-12,2020-04-18,2019,2019-20,29,FALSE
Region 5,202017,202139,2021-10-08,75,2890,4,4,0.276817,0.138408,0.138408,2020,17,2020-04-19,2020-04-25,2019,2019-20,30,FALSE
Region 5,202018,202139,2021-10-08,74,2174,5,3,0.367985,0.229991,0.137994,2020,18,2020-04-26,2020-05-02,2019,2019-20,31,FALSE
Region 5,202019,202139,2021-10-08,73,1927,3,2,0.259471,0.155682,0.103788,2020,19,2020-05-03,2020-05-09,2019,2019-20,32,FALSE
Region 5,202020,202139,2021-10-08,72,1776,2,2,0.225225,0.112613,0.112613,2020,20,2020-05-10,2020-05-16,2019,2019-20,33,FALSE
Region 5,202021,202139,2021-10-08,71,1487,2,0,0.134499,0.134499,0,2020,21,2020-05-17,2020-05-23,2019,2019-20,34,FALSE
Region 5,202022,202139,2021-10-08,70,1266,0,2,0.157978,0,0.157978,2020,22,2020-05-24,2020-05-30,2019,2019-20,35,FALSE
Region 5,202023,202139,2021-10-08,69,1227,1,0,0.0814996,0.0814996,0,2020,23,2020-05-31,2020-06-06,2019,2019-20,36,FALSE
Region 5,202024,202139,2021-10-08,68,1019,1,1,0.196271,0.0981354,0.0981354,2020,24,2020-06-07,2020-06-13,2019,2019-20,37,FALSE
Region 5,202025,202139,2021-10-08,67,950,6,3,0.947368,0.631579,0.315789,2020,25,2020-06-14,2020-06-20,2019,2019-20,38,FALSE
Region 5,202026,202139,2021-10-08,66,1110,1,2,0.27027,0.0900901,0.18018,2020,26,2020-06-21,2020-06-27,2019,2019-20,39,FALSE
Region 5,202027,202139,2021-10-08,65,1004,1,1,0.199203,0.0996016,0.0996016,2020,27,2020-06-28,2020-07-04,2019,2019-20,40,FALSE
Region 5,202028,202139,2021-10-08,64,1174,2,1,0.255537,0.170358,0.0851789,2020,28,2020-07-05,2020-07-11,2019,2019-20,41,FALSE
Region 5,202029,202139,2021-10-08,63,1095,2,0,0.182648,0.182648,0,2020,29,2020-07-12,2020-07-18,2019,2019-20,42,FALSE
Region 5,202030,202139,2021-10-08,62,986,3,0,0.30426,0.30426,0,2020,30,2020-07-19,2020-07-25,2019,2019-20,43,FALSE
Region 5,202031,202139,2021-10-08,61,1034,0,0,0,0,0,2020,31,2020-07-26,2020-08-01,2019,2019-20,44,FALSE
Region 5,202032,202139,2021-10-08,60,1104,1,0,0.0905797,0.0905797,0,2020,32,2020-08-02,2020-08-08,2019,2019-20,45,FALSE
Region 5,202033,202139,2021-10-08,59,1040,1,1,0.192308,0.0961538,0.0961538,2020,33,2020-08-09,2020-08-15,2019,2019-20,46,FALSE
Region 5,202034,202139,2021-10-08,58,1065,4,1,0.469484,0.375587,0.0938967,2020,34,2020-08-16,2020-08-22,2019,2019-20,47,FALSE
Region 5,202035,202139,2021-10-08,57,1080,2,0,0.185185,0.185185,0,2020,35,2020-08-23,2020-08-29,2019,2019-20,48,FALSE
Region 5,202036,202139,2021-10-08,56,1151,3,0,0.260643,0.260643,0,2020,36,2020-08-30,2020-09-05,2019,2019-20,49,FALSE
Region 5,202037,202139,2021-10-08,55,1182,0,0,0,0,0,2020,37,2020-09-06,2020-09-12,2019,2019-20,50,FALSE
Region 5,202038,202139,2021-10-08,54,1380,2,2,0.289855,0.144928,0.144928,2020,38,2020-09-13,2020-09-19,2019,2019-20,51,FALSE
Region 5,202039,202139,2021-10-08,53,1520,0,0,0,0,0,2020,39,2020-09-20,2020-09-26,2019,2019-20,52,FALSE
Region 5,202040,202239,2022-10-07,104,2368,2,2,0.168919,0.0844595,0.0844595,2020,40,2020-09-27,2020-10-03,2020,2020-21,1,FALSE
Region 5,202041,202239,2022-10-07,103,3134,9,3,0.382897,0.287173,0.0957243,2020,41,2020-10-04,2020-10-10,2020,2020-21,2,FALSE
Region 5,202042,202239,2022-10-07,102,3084,5,4,0.291829,0.162127,0.129702,2020,42,2020-10-11,2020-10-17,2020,2020-21,3,FALSE
Region 5,202043,202239,2022-10-07,101,3422,6,6,0.350672,0.175336,0.175336,2020,43,2020-10-18,2020-10-24,2020,2020-21,4,FALSE
Region 5,202044,202239,2022-10-07,100,3729,4,0,0.107267,0.107267,0,2020,44,2020-10-25,2020-10-31,2020,2020-21,5,FALSE
Region 5,202045,202239,2022-10-07,99,9371,11,2,0.138726,0.117383,0.0213424,2020,45,2020-11-01,2020-11-07,2020,2020-21,6,FALSE
Region 5,202046,202239,2022-10-07,98,9970,6,6,0.120361,0.0601805,0.0601805,2020,46,2020-11-08,2020-11-14,2020,2020-21,7,FALSE
Region 5,202047,202239,2022-10-07,97,10375,13,5,0.173494,0.125301,0.0481928,2020,47,2020-11-15,2020-11-21,2020,2020-21,8,FALSE
Region 5,202048,202239,2022-10-07,96,9222,4,5,0.0975927,0.0433745,0.0542182,2020,48,2020-11-22,2020-11-28,2020,2020-21,9,FALSE
Region 5,202049,202239,2022-10-07,95,9585,5,0,0.0521648,0.0521648,0,2020,49,2020-11-29,2020-12-05,2020,2020-21,10,FALSE
Region 5,202050,202239,2022-10-07,94,9571,7,4,0.114931,0.0731376,0.0417929,2020,50,2020-12-06,2020-12-12,2020,2020-21,11,FALSE
Region 5,202051,202239,2022-10-07,93,8599,2,3,0.0581463,0.0232585,0.0348878,2020,51,2020-12-13,2020-12-19,2020,2020-21,12,FALSE
Region 5,202052,202239,2022-10-07,92,7469,6,9,0.20083,0.080332,0.120498,2020,52,2020-12-20,2020-12-26,2020,2020-21,13,FALSE
Region 5,202053,202239,2022-10-07,91,7733,2,1,0.0387948,0.0258632,0.0129316,2020,53,2020-12-27,2021-01-02,2020,2020-21,14,FALSE
Region 5,202101,202239,2022-10-07,90,8723,1,3,0.0458558,0.0114639,0.0343918,2021,1,2021-01-03,2021-01-09,2020,2020-21,15,FALSE
Region 5,202102,202239,2022-10-07,89,7837,0,2,0.02552,0,0.02552,2021,2,2021-01-10,2021-01-16,2020,2020-21,16,FALSE
Region 5,202103,202239,2022-10-07,88,7450,2,3,0.0671141,0.0268456,0.0402685,2021,3,2021-01-17,2021-01-23,2020,2020-21,17,FALSE
Region 5,202104,202239,2022-10-07,87,7237,0,3,0.0414536,0,0.0414536,2021,4,2021-01-24,2021-01-30,2020,2020-21,18,FALSE
Region 5,202105,202239,2022-10-07,86,6396,3,5,0.125078,0.0469043,0.0781739,2021,5,2021-01-31,2021-02-06,2020,2020-21,19,FALSE
Region 5,202106,202239,2022-10-07,85,6711,2,4,0.0894055,0.0298018,0.0596036,2021,6,2021-02-07,2021-02-13,2020,2020-21,20,FALSE
Region 5,202107,202239,2022-10-07,84,6122,1,2,0.0490036,0.0163345,0.0326691,2021,7,2021-02-14,2021-02-20,2020,2020-21,21,FALSE
Region 5,202108,202239,2022-10-07,83,6270,3,5,0.127592,0.0478469,0.0797448,2021,8,2021-02-21,2021-02-27,2020,2020-21,22,FALSE
Region 5,202109,202239,2022-10-07,82,6195,3,4,0.112994,0.0484262,0.0645682,2021,9,2021-02-28,2021-03-06,2020,2020-21,23,FALSE
Region 5,202110,202239,2022-10-07,81,6011,1,3,0.0665447,0.0166362,0.0499085,2021,10,2021-03-07,2021-03-13,2020,2020-21,24,FALSE
Region 5,202111,202239,2022-10-07,80,6155,2,3,0.0812348,0.0324939,0.0487409,2021,11,2021-03-14,2021-03-20,2020,2020-21,25,FALSE
Region 5,202112,202239,2022-10-07,79,6328,4,4,0.126422,0.0632111,0.0632111,2021,12,2021-03-21,2021-03-27,2020,2020-21,26,FALSE
Region 5,202113,202239,2022-10-07,78,5675,1,1,0.0352423,0.0176211,0.0176211,2021,13,2021-03-28,2021-04-03,2020,2020-21,27,FALSE
Region 5,202114,202239,2022-10-07,77,6041,0,0,0,0,0,2021,14,2021-04-04,2021-04-10,2020,2020-21,28,FALSE
Region 5,202115,202239,2022-10-07,76,5473,3,2,0.0913576,0.0548145,0.036543,2021,15,2021-04-11,2021-04-17,2020,2020-21,29,FALSE
Region 5,202116,202239,2022-10-07,75,4730,4,4,0.169133,0.0845666,0.0845666,2021,16,2021-04-18,2021-04-24,2020,2020-21,30,FALSE
Region 5,202117,202239,2022-10-07,74,4911,5,2,0.142537,0.101812,0.0407249,2021,17,2021-04-25,2021-05-01,2020,2020-21,31,FALSE
Region 5,202118,202239,2022-10-07,73,4467,0,1,0.0223864,0,0.0223864,2021,18,2021-05-02,2021-05-08,2020,2020-21,32,FALSE
Region 5,202119,202239,2022-10-07,72,4328,2,1,0.0693161,0.0462107,0.0231054,2021,19,2021-05-09,2021-05-15,2020,2020-21,33,FALSE
Region 5,202120,202239,2022-10-07,71,4059,3,7,0.246366,0.0739098,0.172456,2021,20,2021-05-16,2021-05-22,2020,2020-21,34,FALSE
Region 5,202121,202239,2022-10-07,70,3700,0,13,0.351351,0,0.351351,2021,21,2021-05-23,2021-05-29,2020,2020-21,35,FALSE
Region 5,202122,202239,2022-10-07,69,3515,1,8,0.256046,0.0284495,0.227596,2021,22,2021-05-30,2021-06-05,2020,2020-21,36,FALSE
Region 5,202123,202239,2022-10-07,68,3477,2,9,0.316365,0.0575209,0.258844,2021,23,2021-06-06,2021-06-12,2020,2020-21,37,FALSE
Region 5,202124,202239,2022-10-07,67,3572,3,8,0.307951,0.0839866,0.223964,2021,24,2021-06-13,2021-06-19,2020,2020-21,38,FALSE
Region 5,202125,202239,2022-10-07,66,3533,2,10,0.339655,0.0566091,0.283046,2021,25,2021-06-20,2021-06-26,2020,2020-21,39,FALSE
Region 5,202126,202239,2022-10-07,65,3544,0,1,0.0282167,0,0.0282167,2021,26,2021-06-27,2021-07-03,2020,2020-21,40,FALSE
Region 5,202127,202239,2022-10-07,64,3721,0,0,0,0,0,2021,27,2021-07-04,2021-07-10,2020,2020-21,41,FALSE
Region 5,202128,202239,2022-10-07,63,3872,2,1,0.0774793,0.0516529,0.0258264,2021,28,2021-07-11,2021-07-17,2020,2020-21,42,FALSE
Region 5,202129,202239,2022-10-07,62,4038,1,1,0.0495295,0.0247647,0.0247647,2021,29,2021-07-18,2021-07-24,2020,2020-21,43,FALSE
Region 5,202130,202239,2022-10-07,61,4523,3,0,0.0663277,0.0663277,0,2021,30,2021-07-25,2021-07-31,2020,2020-21,44,FALSE
Region 5,202131,202239,2022-10-07,60,4967,3,0,0.0603986,0.0603986,0,2021,31,2021-08-01,2021-08-07,2020,2020-21,45,FALSE
Region 5,202132,202239,2022-10-07,59,5785,0,1,0.0172861,0,0.0172861,2021,32,2021-08-08,2021-08-14,2020,2020-21,46,FALSE
Region 5,202133,202239,2022-10-07,58,6349,2,2,0.063002,0.031501,0.031501,2021,33,2021-08-15,2021-08-21,2020,2020-21,47,FALSE
Region 5,202134,202239,2022-10-07,57,7356,2,2,0.0543774,0.0271887,0.0271887,2021,34,2021-08-22,2021-08-28,2020,2020-21,48,FALSE
Region 5,202135,202239,2022-10-07,56,7664,5,3,0.104384,0.0652401,0.0391441,2021,35,2021-08-29,2021-09-04,2020,2020-21,49,FALSE
Region 5,202136,202239,2022-10-07,55,8487,1,2,0.0353482,0.0117827,0.0235655,2021,36,2021-09-05,2021-09-11,2020,2020-21,50,FALSE
Region 5,202137,202239,2022-10-07,54,9934,1,0,0.0100664,0.0100664,0,2021,37,2021-09-12,2021-09-18,2020,2020-21,51,FALSE
Region 5,202138,202239,2022-10-07,53,7633,5,5,0.13101,0.065505,0.065505,2021,38,2021-09-19,2021-09-25,2020,2020-21,52,FALSE
Region 5,202139,202239,2022-10-07,52,10784,9,2,0.102003,0.083457,0.018546,2021,39,2021-09-26,2021-10-02,2020,2020-21,53,FALSE
Region 5,202140,202339,2023-10-06,103,10822,13,10,0.21253,0.120126,0.0924044,2021,40,2021-10-03,2021-10-09,2021,2021-22,1,FALSE
Region 5,202141,202339,2023-10-06,102,9720,7,7,0.144033,0.0720165,0.0720165,2021,41,2021-10-10,2021-10-16,2021,2021-22,2,FALSE
Region 5,202142,202339,2023-10-06,101,9728,9,12,0.215872,0.0925164,0.123355,2021,42,2021-10-17,2021-10-23,2021,2021-22,3,FALSE
Region 5,202143,202339,2023-10-06,100,9978,10,4,0.140309,0.10022,0.0400882,2021,43,2021-10-24,2021-10-30,2021,2021-22,4,FALSE
Region 5,202144,202339,2023-10-06,99,12133,24,11,0.288469,0.197808,0.0906618,2021,44,2021-10-31,2021-11-06,2021,2021-22,5,FALSE
Region 5,202145,202339,2023-10-06,98,14182,34,4,0.267945,0.239741,0.0282048,2021,45,2021-11-07,2021-11-13,2021,2021-22,6,FALSE
Region 5,202146,202339,2023-10-06,97,21808,251,7,1.18305,1.15095,0.0320983,2021,46,2021-11-14,2021-11-20,2021,2021-22,7,FALSE
Region 5,202147,202339,2023-10-06,96,22343,617,8,2.7973,2.7614899999999998,0.0358054,2021,47,2021-11-21,2021-11-27,2021,2021-22,8,FALSE
Region 5,202148,202339,2023-10-06,95,21395,787,13,3.73919,3.67843,0.0607619,2021,48,2021-11-28,2021-12-04,2021,2021-22,9,FALSE
Region 5,202149,202339,2023-10-06,94,32856,1423,25,4.40711,4.33102,0.0760896,2021,49,2021-12-05,2021-12-11,2021,2021-22,10,FALSE
Region 5,202150,202339,2023-10-06,93,38342,2846,20,7.47483,7.42267,0.0521621,2021,50,2021-12-12,2021-12-18,2021,2021-22,11,FALSE
Region 5,202151,202339,2023-10-06,92,46067,3270,12,7.12441,7.09836,0.026049,2021,51,2021-12-19,2021-12-25,2021,2021-22,12,FALSE
Region 5,202152,202339,2023-10-06,91,49186,2786,31,5.72724,5.66421,0.0630261,2021,52,2021-12-26,2022-01-01,2021,2021-22,13,FALSE
Region 5,202201,202339,2023-10-06,90,46567,1595,21,3.47027,3.42517,0.0450963,2022,1,2022-01-02,2022-01-08,2021,2021-22,14,FALSE
Region 5,202202,202339,2023-10-06,89,35221,989,29,2.89032,2.80798,0.0823372,2022,2,2022-01-09,2022-01-15,2021,2021-22,15,FALSE
Region 5,202203,202339,2023-10-06,88,30764,937,10,3.07827,3.04577,0.0325055,2022,3,2022-01-16,2022-01-22,2021,2021-22,16,FALSE
Region 5,202204,202339,2023-10-06,87,24529,731,12,3.02907,2.98015,0.0489217,2022,4,2022-01-23,2022-01-29,2021,2021-22,17,FALSE
Region 5,202205,202339,2023-10-06,86,18570,612,14,3.37103,3.29564,0.0753904,2022,5,2022-01-30,2022-02-05,2021,2021-22,18,FALSE
Region 5,202206,202339,2023-10-06,85,16311,640,17,4.02796,3.92373,0.104224,2022,6,2022-02-06,2022-02-12,2021,2021-22,19,FALSE
Region 5,202207,202339,2023-10-06,84,15031,849,27,5.82796,5.64833,0.179629,2022,7,2022-02-13,2022-02-19,2021,2021-22,20,FALSE
Region 5,202208,202339,2023-10-06,83,14590,897,16,6.25771,6.14805,0.109664,2022,8,2022-02-20,2022-02-26,2021,2021-22,21,FALSE
Region 5,202209,202339,2023-10-06,82,13421,1051,30,8.05454,7.83101,0.22353,2022,9,2022-02-27,2022-03-05,2021,2021-22,22,FALSE
Region 5,202210,202339,2023-10-06,81,13674,1200,13,8.87085,8.77578,0.0950709,2022,10,2022-03-06,2022-03-12,2021,2021-22,23,FALSE
Region 5,202211,202339,2023-10-06,80,13873,1433,14,10.4303,10.3294,0.100915,2022,11,2022-03-13,2022-03-19,2021,2021-22,24,FALSE
Region 5,202212,202339,2023-10-06,79,15931,1728,8,10.897,10.8468,0.0502166,2022,12,2022-03-20,2022-03-26,2021,2021-22,25,FALSE
Region 5,202213,202339,2023-10-06,78,14964,1575,82,11.0732,10.5253,0.547982,2022,13,2022-03-27,2022-04-02,2021,2021-22,26,FALSE
Region 5,202214,202339,2023-10-06,77,17438,2052,7,11.8075,11.7674,0.0401422,2022,14,2022-04-03,2022-04-09,2021,2021-22,27,FALSE
Region 5,202215,202339,2023-10-06,76,16285,1993,7,12.2812,12.2383,0.0429843,2022,15,2022-04-10,2022-04-16,2021,2021-22,28,FALSE
Region 5,202216,202339,2023-10-06,75,18247,1850,23,10.2647,10.1387,0.126048,2022,16,2022-04-17,2022-04-23,2021,2021-22,29,FALSE
Region 5,202217,202339,2023-10-06,74,20572,1928,16,9.44974,9.37196,0.0777756,2022,17,2022-04-24,2022-04-30,2021,2021-22,30,FALSE
Region 5,202218,202339,2023-10-06,73,21222,2062,21,9.81529,9.71633,0.0989539,2022,18,2022-05-01,2022-05-07,2021,2021-22,31,FALSE
Region 5,202219,202339,2023-10-06,72,22797,1645,37,7.37816,7.21586,0.162302,2022,19,2022-05-08,2022-05-14,2021,2021-22,32,FALSE
Region 5,202220,202339,2023-10-06,71,21131,992,5,4.71819,4.69452,0.0236619,2022,20,2022-05-15,2022-05-21,2021,2021-22,33,FALSE
Region 5,202221,202339,2023-10-06,70,18932,621,6,3.31185,3.28016,0.0316924,2022,21,2022-05-22,2022-05-28,2021,2021-22,34,FALSE
Region 5,202222,202339,2023-10-06,69,16932,362,10,2.19702,2.13796,0.0590598,2022,22,2022-05-29,2022-06-04,2021,2021-22,35,FALSE
Region 5,202223,202339,2023-10-06,68,15630,218,11,1.46513,1.39475,0.0703775,2022,23,2022-06-05,2022-06-11,2021,2021-22,36,FALSE
Region 5,202224,202339,2023-10-06,67,13956,145,16,1.15363,1.03898,0.114646,2022,24,2022-06-12,2022-06-18,2021,2021-22,37,FALSE
Region 5,202225,202339,2023-10-06,66,13006,102,13,0.884207,0.784253,0.0999539,2022,25,2022-06-19,2022-06-25,2021,2021-22,38,FALSE
Region 5,202226,202339,2023-10-06,65,12003,57,11,0.566525,0.474881,0.0916438,2022,26,2022-06-26,2022-07-02,2021,2021-22,39,FALSE
Region 5,202227,202339,2023-10-06,64,10863,26,1,0.24855,0.239345,0.00920556,2022,27,2022-07-03,2022-07-09,2021,2021-22,40,FALSE
Region 5,202228,202339,2023-10-06,63,10231,36,15,0.498485,0.351872,0.146613,2022,28,2022-07-10,2022-07-16,2021,2021-22,41,FALSE
Region 5,202229,202339,2023-10-06,62,10268,24,4,0.272692,0.233736,0.038956,2022,29,2022-07-17,2022-07-23,2021,2021-22,42,FALSE
Region 5,202230,202339,2023-10-06,61,10236,29,4,0.322392,0.283314,0.0390778,2022,30,2022-07-24,2022-07-30,2021,2021-22,43,FALSE
Region 5,202231,202339,2023-10-06,60,9284,25,0,0.26928,0.26928,0,2022,31,2022-07-31,2022-08-06,2021,2021-22,44,FALSE
Region 5,202232,202339,2023-10-06,59,8407,12,3,0.178423,0.142738,0.0356845,2022,32,2022-08-07,2022-08-13,2021,2021-22,45,FALSE
Region 5,202233,202339,2023-10-06,58,8801,17,4,0.238609,0.19316,0.0454494,2022,33,2022-08-14,2022-08-20,2021,2021-22,46,FALSE
Region 5,202234,202339,2023-10-06,57,9546,13,8,0.219987,0.136183,0.0838047,2022,34,2022-08-21,2022-08-27,2021,2021-22,47,FALSE
Region 5,202235,202339,2023-10-06,56,10344,23,3,0.251353,0.222351,0.0290023,2022,35,2022-08-28,2022-09-03,2021,2021-22,48,FALSE
Region 5,202236,202339,2023-10-06,55,11093,18,3,0.189309,0.162264,0.0270441,2022,36,2022-09-04,2022-09-10,2021,2021-22,49,FALSE
Region 5,202237,202339,2023-10-06,54,10814,27,1,0.258924,0.249676,0.00924727,2022,37,2022-09-11,2022-09-17,2021,2021-22,50,FALSE
Region 5,202238,202339,2023-10-06,53,13633,73,15,0.645493,0.535465,0.110027,2022,38,2022-09-18,2022-09-24,2021,2021-22,51,FALSE
Region 5,202239,202339,2023-10-06,52,12129,77,25,0.84096,0.634842,0.206118,2022,39,2022-09-25,2022-10-01,2021,2021-22,52,FALSE
Region 5,202240,202439,2024-10-04,103,13976,127,22,1.06611,0.908701,0.157413,2022,40,2022-10-02,2022-10-08,2022,2022-23,1,TRUE
Region 5,202241,202439,2024-10-04,102,16209,263,18,1.7336,1.62256,0.111049,2022,41,2022-10-09,2022-10-15,2022,2022-23,2,TRUE
Region 5,202242,202439,2024-10-04,101,18630,566,18,3.13473,3.03811,0.0966184,2022,42,2022-10-16,2022-10-22,2022,2022-23,3,TRUE
Region 5,202243,202439,2024-10-04,100,21677,1291,13,6.01559,5.95562,0.0599714,2022,43,2022-10-23,2022-10-29,2022,2022-23,4,TRUE
Region 5,202244,202439,2024-10-04,99,25932,2811,32,10.9633,10.8399,0.1234,2022,44,2022-10-30,2022-11-05,2022,2022-23,5,TRUE
Region 5,202245,202439,2024-10-04,98,27452,3943,45,14.5272,14.3633,0.163922,2022,45,2022-11-06,2022-11-12,2022,2022-23,6,TRUE
Region 5,202246,202439,2024-10-04,97,31250,6648,58,21.4592,21.2736,0.1856,2022,46,2022-11-13,2022-11-19,2022,2022-23,7,TRUE
Region 5,202247,202439,2024-10-04,96,32308,9674,34,30.0483,29.943,0.105237,2022,47,2022-11-20,2022-11-26,2022,2022-23,8,TRUE
Region 5,202248,202439,2024-10-04,95,41958,12681,26,30.285,30.2231,0.0619667,2022,48,2022-11-27,2022-12-03,2022,2022-23,9,TRUE
Region 5,202249,202439,2024-10-04,94,41400,13090,48,31.7343,31.6184,0.115942,2022,49,2022-12-04,2022-12-10,2022,2022-23,10,TRUE
Region 5,202250,202439,2024-10-04,93,43173,13437,42,31.2209,31.1236,0.097283,2022,50,2022-12-11,2022-12-17,2022,2022-23,11,TRUE
Region 5,202251,202439,2024-10-04,92,33032,9007,29,27.3553,27.2675,0.0877937,2022,51,2022-12-18,2022-12-24,2022,2022-23,12,TRUE
Region 5,202252,202439,2024-10-04,91,28050,5414,24,19.3868,19.3012,0.0855615,2022,52,2022-12-25,2022-12-31,2022,2022-23,13,TRUE
Region 5,202301,202439,2024-10-04,90,24520,2767,20,11.3662,11.2847,0.0815661,2023,1,2023-01-01,2023-01-07,2022,2022-23,14,TRUE
Region 5,202302,202439,2024-10-04,89,21199,1281,20,6.13708,6.04274,0.0943441,2023,2,2023-01-08,2023-01-14,2022,2022-23,15,TRUE
Region 5,202303,202439,2024-10-04,88,19680,817,29,4.29878,4.15142,0.147358,2023,3,2023-01-15,2023-01-21,2022,2022-23,16,TRUE
Region 5,202304,202439,2024-10-04,87,19189,481,35,2.68904,2.50664,0.182396,2023,4,2023-01-22,2023-01-28,2022,2022-23,17,TRUE
Region 5,202305,202439,2024-10-04,86,18487,322,24,1.87159,1.74176,0.129821,2023,5,2023-01-29,2023-02-04,2022,2022-23,18,TRUE
Region 5,202306,202439,2024-10-04,85,18780,292,46,1.79979,1.55485,0.244941,2023,6,2023-02-05,2023-02-11,2022,2022-23,19,TRUE
Region 5,202307,202439,2024-10-04,84,17172,174,37,1.22874,1.01328,0.215467,2023,7,2023-02-12,2023-02-18,2022,2022-23,20,TRUE
Region 5,202308,202439,2024-10-04,83,16674,140,24,0.983567,0.839631,0.143937,2023,8,2023-02-19,2023-02-25,2022,2022-23,21,TRUE
Region 5,202309,202439,2024-10-04,82,16776,139,41,1.07296,0.828565,0.244397,2023,9,2023-02-26,2023-03-04,2022,2022-23,22,TRUE
Region 5,202310,202439,2024-10-04,81,15463,113,49,1.04766,0.730777,0.31688499999999997,2023,10,2023-03-05,2023-03-11,2022,2022-23,23,TRUE
Region 5,202311,202439,2024-10-04,80,14277,106,33,0.973594,0.742453,0.231141,2023,11,2023-03-12,2023-03-18,2022,2022-23,24,TRUE
Region 5,202312,202439,2024-10-04,79,14971,99,54,1.0219800000000001,0.661278,0.360697,2023,12,2023-03-19,2023-03-25,2022,2022-23,25,TRUE
Region 5,202313,202439,2024-10-04,78,14307,65,91,1.09038,0.454323,0.636052,2023,13,2023-03-26,2023-04-01,2022,2022-23,26,TRUE
Region 5,202314,202439,2024-10-04,77,13212,99,85,1.39267,0.749319,0.643355,2023,14,2023-04-02,2023-04-08,2022,2022-23,27,TRUE
Region 5,202315,202439,2024-10-04,76,11061,73,75,1.33803,0.659976,0.678058,2023,15,2023-04-09,2023-04-15,2022,2022-23,28,TRUE
Region 5,202316,202439,2024-10-04,75,9744,54,47,1.03654,0.554187,0.482348,2023,16,2023-04-16,2023-04-22,2022,2022-23,29,TRUE
Region 5,202317,202439,2024-10-04,74,9557,72,63,1.41258,0.753374,0.659203,2023,17,2023-04-23,2023-04-29,2022,2022-23,30,TRUE
Region 5,202318,202439,2024-10-04,73,9318,69,55,1.33076,0.740502,0.590255,2023,18,2023-04-30,2023-05-06,2022,2022-23,31,TRUE
Region 5,202319,202439,2024-10-04,72,8342,64,44,1.29465,0.767202,0.527451,2023,19,2023-05-07,2023-05-13,2022,2022-23,32,TRUE
Region 5,202320,202439,2024-10-04,71,8272,30,48,0.94294,0.362669,0.580271,2023,20,2023-05-14,2023-05-20,2022,2022-23,33,TRUE
Region 5,202321,202439,2024-10-04,70,7540,35,40,0.994695,0.464191,0.530504,2023,21,2023-05-21,2023-05-27,2022,2022-23,34,TRUE
Region 5,202322,202439,2024-10-04,69,6811,37,24,0.89561,0.543239,0.352371,2023,22,2023-05-28,2023-06-03,2022,2022-23,35,TRUE
Region 5,202323,202439,2024-10-04,68,6171,27,33,0.97229,0.43753,0.534759,2023,23,2023-06-04,2023-06-10,2022,2022-23,36,TRUE
Region 5,202324,202439,2024-10-04,67,5830,31,34,1.11492,0.531732,0.58319,2023,24,2023-06-11,2023-06-17,2022,2022-23,37,TRUE
Region 5,202325,202439,2024-10-04,66,5552,31,15,0.82853,0.558357,0.270173,2023,25,2023-06-18,2023-06-24,2022,2022-23,38,TRUE
Region 5,202326,202439,2024-10-04,65,5196,32,6,0.731332,0.615858,0.115473,2023,26,2023-06-25,2023-07-01,2022,2022-23,39,TRUE
Region 5,202327,202439,2024-10-04,64,4765,114,5,2.49738,2.39244,0.104932,2023,27,2023-07-02,2023-07-08,2022,2022-23,40,TRUE
Region 5,202328,202439,2024-10-04,63,4859,20,7,0.55567,0.411607,0.144063,2023,28,2023-07-09,2023-07-15,2022,2022-23,41,TRUE
Region 5,202329,202439,2024-10-04,62,5122,27,9,0.70285,0.527138,0.175713,2023,29,2023-07-16,2023-07-22,2022,2022-23,42,TRUE
Region 5,202330,202439,2024-10-04,61,5161,20,9,0.561907,0.387522,0.174385,2023,30,2023-07-23,2023-07-29,2022,2022-23,43,TRUE
Region 5,202331,202439,2024-10-04,60,5586,35,4,0.698174,0.626566,0.0716076,2023,31,2023-07-30,2023-08-05,2022,2022-23,44,TRUE
Region 5,202332,202439,2024-10-04,59,5981,21,4,0.41799,0.351112,0.0668784,2023,32,2023-08-06,2023-08-12,2022,2022-23,45,TRUE
Region 5,202333,202439,2024-10-04,58,6678,31,14,0.673854,0.464211,0.209644,2023,33,2023-08-13,2023-08-19,2022,2022-23,46,TRUE
Region 5,202334,202439,2024-10-04,57,7826,28,8,0.460005,0.357782,0.102223,2023,34,2023-08-20,2023-08-26,2022,2022-23,47,TRUE
Region 5,202335,202439,2024-10-04,56,9071,32,6,0.418917,0.352773,0.0661449,2023,35,2023-08-27,2023-09-02,2022,2022-23,48,TRUE
Region 5,202336,202439,2024-10-04,55,10555,28,4,0.303174,0.265277,0.0378967,2023,36,2023-09-03,2023-09-09,2022,2022-23,49,TRUE
Region 5,202337,202439,2024-10-04,54,12459,53,14,0.537764,0.425395,0.112369,2023,37,2023-09-10,2023-09-16,2022,2022-23,50,TRUE
Region 5,202338,202439,2024-10-04,53,14143,62,22,0.593933,0.438379,0.155554,2023,38,2023-09-17,2023-09-23,2022,2022-23,51,TRUE
Region 5,202339,202439,2024-10-04,52,13360,56,34,0.673653,0.419162,0.254491,2023,39,2023-09-24,2023-09-30,2022,2022-23,52,TRUE
Region 5,202340,202538,2025-09-26,102,14079,53,30,0.589531,0.376447,0.213083,2023,40,2023-10-01,2023-10-07,2023,2023-24,1,TRUE
Region 5,202341,202538,2025-09-26,101,14498,81,29,0.758725,0.558698,0.200028,2023,41,2023-10-08,2023-10-14,2023,2023-24,2,TRUE
Region 5,202342,202538,2025-09-26,100,15312,85,22,0.698798,0.55512,0.143678,2023,42,2023-10-15,2023-10-21,2023,2023-24,3,TRUE
Region 5,202343,202538,2025-09-26,99,16097,98,24,0.757905,0.608809,0.149096,2023,43,2023-10-22,2023-10-28,2023,2023-24,4,TRUE
Region 5,202344,202538,2025-09-26,98,15865,137,24,1.01481,0.863536,0.151276,2023,44,2023-10-29,2023-11-04,2023,2023-24,5,TRUE
Region 5,202345,202538,2025-09-26,97,18413,295,45,1.84652,1.60213,0.244393,2023,45,2023-11-05,2023-11-11,2023,2023-24,6,TRUE
Region 5,202346,202538,2025-09-26,96,20088,545,69,3.05655,2.71306,0.343489,2023,46,2023-11-12,2023-11-18,2023,2023-24,7,TRUE
Region 5,202347,202538,2025-09-26,95,19640,742,83,4.20061,3.778,0.422607,2023,47,2023-11-19,2023-11-25,2023,2023-24,8,TRUE
Region 5,202348,202538,2025-09-26,94,25142,1107,149,4.99562,4.40299,0.592634,2023,48,2023-11-26,2023-12-02,2023,2023-24,9,TRUE
Region 5,202349,202538,2025-09-26,93,26094,1719,188,7.30819,6.58772,0.720472,2023,49,2023-12-03,2023-12-09,2023,2023-24,10,TRUE
Region 5,202350,202538,2025-09-26,92,29128,2685,337,10.3749,9.21793,1.15696,2023,50,2023-12-10,2023-12-16,2023,2023-24,11,TRUE
Region 5,202351,202538,2025-09-26,91,31897,4080,496,14.3462,12.7912,1.55501,2023,51,2023-12-17,2023-12-23,2023,2023-24,12,TRUE
Region 5,202352,202538,2025-09-26,90,32188,4835,652,17.0467,15.0211,2.0256,2023,52,2023-12-24,2023-12-30,2023,2023-24,13,TRUE
Region 5,202401,202538,2025-09-26,89,30298,3275,586,12.7434,10.8093,1.93412,2024,1,2023-12-31,2024-01-06,2023,2023-24,14,TRUE
Region 5,202402,202538,2025-09-26,88,27735,3215,641,13.903,11.5919,2.31116,2024,2,2024-01-07,2024-01-13,2023,2023-24,15,TRUE
Region 5,202403,202538,2025-09-26,87,23316,2885,805,15.826,12.3735,3.45256,2024,3,2024-01-14,2024-01-20,2023,2023-24,16,TRUE
Region 5,202404,202538,2025-09-26,86,23419,3049,1156,17.9555,13.0193,4.93616,2024,4,2024-01-21,2024-01-27,2023,2023-24,17,TRUE
Region 5,202405,202538,2025-09-26,85,26162,3273,1672,18.9015,12.5105,6.39095,2024,5,2024-01-28,2024-02-03,2023,2023-24,18,TRUE
Region 5,202406,202538,2025-09-26,84,27655,3497,2207,20.6256,12.6451,7.98047,2024,6,2024-02-04,2024-02-10,2023,2023-24,19,TRUE
Region 5,202407,202538,2025-09-26,83,27618,3453,2491,21.5222,12.5027,9.01948,2024,7,2024-02-11,2024-02-17,2023,2023-24,20,TRUE
Region 5,202408,202538,2025-09-26,82,27880,3398,2956,22.7905,12.1879,10.6026,2024,8,2024-02-18,2024-02-24,2023,2023-24,21,TRUE
Region 5,202409,202538,2025-09-26,81,26491,3084,3029,23.0758,11.6417,11.4341,2024,9,2024-02-25,2024-03-02,2023,2023-24,22,TRUE
Region 5,202410,202538,2025-09-26,80,24950,2783,2821,22.4609,11.1543,11.3066,2024,10,2024-03-03,2024-03-09,2023,2023-24,23,TRUE
Region 5,202411,202538,2025-09-26,79,23004,1938,2397,18.8445,8.4246200000000009,10.4199,2024,11,2024-03-10,2024-03-16,2023,2023-24,24,TRUE
Region 5,202412,202538,2025-09-26,78,21068,1525,1939,16.442,7.23847,9.20353,2024,12,2024-03-17,2024-03-23,2023,2023-24,25,TRUE
Region 5,202413,202538,2025-09-26,77,19591,1276,1542,14.3842,6.51319,7.87096,2024,13,2024-03-24,2024-03-30,2023,2023-24,26,TRUE
Region 5,202414,202538,2025-09-26,76,18332,904,1137,11.1335,4.93127,6.20227,2024,14,2024-03-31,2024-04-06,2023,2023-24,27,TRUE
Region 5,202415,202538,2025-09-26,75,16999,656,763,8.34755,3.85905,4.4885,2024,15,2024-04-07,2024-04-13,2023,2023-24,28,TRUE
Region 5,202416,202538,2025-09-26,74,15294,392,529,6.02197,2.5631,3.45887,2024,16,2024-04-14,2024-04-20,2023,2023-24,29,TRUE
Region 5,202417,202538,2025-09-26,73,14513,272,385,4.52698,1.87418,2.65279,2024,17,2024-04-21,2024-04-27,2023,2023-24,30,TRUE
Region 5,202418,202538,2025-09-26,72,13406,180,258,3.26719,1.34268,1.92451,2024,18,2024-04-28,2024-05-04,2023,2023-24,31,TRUE
Region 5,202419,202538,2025-09-26,71,12427,116,107,1.79448,0.933451,0.861028,2024,19,2024-05-05,2024-05-11,2023,2023-24,32,TRUE
Region 5,202420,202538,2025-09-26,70,11955,87,62,1.24634,0.727729,0.518611,2024,20,2024-05-12,2024-05-18,2023,2023-24,33,TRUE
Region 5,202421,202538,2025-09-26,69,11323,64,45,0.962642,0.565221,0.397421,2024,21,2024-05-19,2024-05-25,2023,2023-24,34,TRUE
Region 5,202422,202538,2025-09-26,68,10433,72,19,0.872232,0.690118,0.182114,2024,22,2024-05-26,2024-06-01,2023,2023-24,35,TRUE
Region 5,202423,202538,2025-09-26,67,9825,83,23,1.07888,0.844784,0.234097,2024,23,2024-06-02,2024-06-08,2023,2023-24,36,TRUE
Region 5,202424,202538,2025-09-26,66,9280,60,13,0.786638,0.646552,0.140086,2024,24,2024-06-09,2024-06-15,2023,2023-24,37,TRUE
Region 5,202425,202538,2025-09-26,65,8418,43,5,0.570207,0.51081,0.0593965,2024,25,2024-06-16,2024-06-22,2023,2023-24,38,TRUE
Region 5,202426,202538,2025-09-26,64,8186,44,6,0.610799,0.537503,0.0732959,2024,26,2024-06-23,2024-06-29,2023,2023-24,39,TRUE
Region 5,202427,202538,2025-09-26,63,8053,40,3,0.533962,0.496709,0.0372532,2024,27,2024-06-30,2024-07-06,2023,2023-24,40,TRUE
Region 5,202428,202538,2025-09-26,62,9275,38,4,0.45283,0.409704,0.0431267,2024,28,2024-07-07,2024-07-13,2023,2023-24,41,TRUE
Region 5,202429,202538,2025-09-26,61,9755,32,2,0.348539,0.328037,0.0205023,2024,29,2024-07-14,2024-07-20,2023,2023-24,42,TRUE
Region 5,202430,202538,2025-09-26,60,10380,37,7,0.423892,0.356455,0.0674374,2024,30,2024-07-21,2024-07-27,2023,2023-24,43,TRUE
Region 5,202431,202538,2025-09-26,59,10301,30,6,0.349481,0.291234,0.0582468,2024,31,2024-07-28,2024-08-03,2023,2023-24,44,TRUE
Region 5,202432,202538,2025-09-26,58,10801,39,5,0.40737,0.361078,0.046292,2024,32,2024-08-04,2024-08-10,2023,2023-24,45,TRUE
Region 5,202433,202538,2025-09-26,57,11845,31,3,0.287041,0.261714,0.0253271,2024,33,2024-08-11,2024-08-17,2023,2023-24,46,TRUE
Region 5,202434,202538,2025-09-26,56,11757,31,5,0.306201,0.263673,0.0425279,2024,34,2024-08-18,2024-08-24,2023,2023-24,47,TRUE
Region 5,202435,202538,2025-09-26,55,13327,36,7,0.322653,0.270128,0.0525249,2024,35,2024-08-25,2024-08-31,2023,2023-24,48,TRUE
Region 5,202436,202538,2025-09-26,54,13823,33,5,0.274904,0.238733,0.0361716,2024,36,2024-09-01,2024-09-07,2023,2023-24,49,TRUE
Region 5,202437,202538,2025-09-26,53,16254,56,3,0.362988,0.344531,0.018457,2024,37,2024-09-08,2024-09-14,2023,2023-24,50,TRUE
Region 5,202438,202538,2025-09-26,52,16664,59,15,0.444071,0.354057,0.0900144,2024,38,2024-09-15,2024-09-21,2023,2023-24,51,TRUE
Region 5,202439,202538,2025-09-26,51,15249,43,17,0.393468,0.281986,0.111483,2024,39,2024-09-22,2024-09-28,2023,2023-24,52,TRUE
Region 5,202440,202638,2026-10-02,103,16683,51,21,0.431577,0.3057,0.125877,2024,40,2024-09-29,2024-10-05,2024,2024-25,1,TRUE
Region 5,202441,202638,2026-10-02,102,17190,57,15,0.418848,0.331588,0.08726,2024,41,2024-10-06,2024-10-12,2024,2024-25,2,TRUE
Region 5,202442,202638,2026-10-02,101,17406,46,10,0.321728,0.264277,0.0574515,2024,42,2024-10-13,2024-10-19,2024,2024-25,3,TRUE
Region 5,202443,202638,2026-10-02,100,17946,63,23,0.479215,0.351053,0.128162,2024,43,2024-10-20,2024-10-26,2024,2024-25,4,TRUE
Region 5,202444,202638,2026-10-02,99,18191,116,22,0.758617,0.637678,0.120939,2024,44,2024-10-27,2024-11-02,2024,2024-25,5,TRUE
Region 5,202445,202638,2026-10-02,98,17651,134,7,0.798822,0.759164,0.0396578,2024,45,2024-11-03,2024-11-09,2024,2024-25,6,TRUE
Region 5,202446,202638,2026-10-02,97,18851,184,15,1.05565,0.976076,0.0795714,2024,46,2024-11-10,2024-11-16,2024,2024-25,7,TRUE
Region 5,202447,202638,2026-10-02,96,20266,225,9,1.1546400000000001,1.11023,0.0444094,2024,47,2024-11-17,2024-11-23,2024,2024-25,8,TRUE
Region 5,202448,202638,2026-10-02,95,18128,268,12,1.54457,1.47838,0.0661959,2024,48,2024-11-24,2024-11-30,2024,2024-25,9,TRUE
Region 5,202449,202638,2026-10-02,94,22245,560,22,2.61632,2.51742,0.0988986,2024,49,2024-12-01,2024-12-07,2024,2024-25,10,TRUE
Region 5,202450,202638,2026-10-02,93,23811,1239,24,5.30427,5.20348,0.100794,2024,50,2024-12-08,2024-12-14,2024,2024-25,11,TRUE
Region 5,202451,202638,2026-10-02,92,28022,2772,34,10.0136,9.89223,0.121333,2024,51,2024-12-15,2024-12-21,2024,2024-25,12,TRUE
Region 5,202452,202638,2026-10-02,91,30034,4472,47,15.0463,14.8898,0.156489,2024,52,2024-12-22,2024-12-28,2024,2024-25,13,TRUE
Region 5,202501,202638,2026-10-02,90,31941,5033,54,15.9262,15.7572,0.169062,2025,1,2024-12-29,2025-01-04,2024,2024-25,14,TRUE
Region 5,202502,202638,2026-10-02,89,33525,6120,44,18.3863,18.255,0.131245,2025,2,2025-01-05,2025-01-11,2024,2024-25,15,TRUE
Region 5,202503,202638,2026-10-02,88,35719,9649,79,27.2348,27.0136,0.221171,2025,3,2025-01-12,2025-01-18,2024,2024-25,16,TRUE
Region 5,202504,202638,2026-10-02,87,38683,12842,101,33.4591,33.198,0.261097,2025,4,2025-01-19,2025-01-25,2024,2024-25,17,TRUE
Region 5,202505,202638,2026-10-02,86,44378,15330,187,34.9655,34.5441,0.42138,2025,5,2025-01-26,2025-02-01,2024,2024-25,18,TRUE
Region 5,202506,202638,2026-10-02,85,46142,16517,266,36.3725,35.796,0.576481,2025,6,2025-02-02,2025-02-08,2024,2024-25,19,TRUE
Region 5,202507,202638,2026-10-02,84,42231,14235,315,34.4534,33.7075,0.745898,2025,7,2025-02-09,2025-02-15,2024,2024-25,20,TRUE
Region 5,202508,202638,2026-10-02,83,38235,10885,435,29.6064,28.4687,1.1377,2025,8,2025-02-16,2025-02-22,2024,2024-25,21,TRUE
Region 5,202509,202638,2026-10-02,82,35162,8090,642,24.8336,23.0078,1.82583,2025,9,2025-02-23,2025-03-01,2024,2024-25,22,TRUE
Region 5,202510,202638,2026-10-02,81,30904,5126,775,19.0946,16.5868,2.50777,2025,10,2025-03-02,2025-03-08,2024,2024-25,23,TRUE
Region 5,202511,202638,2026-10-02,80,27338,3346,859,15.3815,12.2394,3.14215,2025,11,2025-03-09,2025-03-15,2024,2024-25,24,TRUE
Region 5,202512,202638,2026-10-02,79,23599,1763,865,11.1361,7.47066,3.66541,2025,12,2025-03-16,2025-03-22,2024,2024-25,25,TRUE
Region 5,202513,202638,2026-10-02,78,21578,1087,816,8.81917,5.03754,3.78163,2025,13,2025-03-23,2025-03-29,2024,2024-25,26,TRUE
Region 5,202514,202638,2026-10-02,77,19478,577,811,7.12599,2.96232,4.16367,2025,14,2025-03-30,2025-04-05,2024,2024-25,27,TRUE
Region 5,202515,202638,2026-10-02,76,18227,318,695,5.55769,1.74466,3.81302,2025,15,2025-04-06,2025-04-12,2024,2024-25,28,TRUE
Region 5,202516,202638,2026-10-02,75,18041,249,672,5.10504,1.38019,3.72485,2025,16,2025-04-13,2025-04-19,2024,2024-25,29,TRUE
Region 5,202517,202638,2026-10-02,74,17068,146,593,4.32974,0.855402,3.47434,2025,17,2025-04-20,2025-04-26,2024,2024-25,30,TRUE
Region 5,202518,202638,2026-10-02,73,15833,77,400,3.0127,0.486326,2.52637,2025,18,2025-04-27,2025-05-03,2024,2024-25,31,TRUE
Region 5,202519,202638,2026-10-02,72,14155,85,306,2.76227,0.600495,2.16178,2025,19,2025-05-04,2025-05-10,2024,2024-25,32,TRUE
Region 5,202520,202638,2026-10-02,71,13343,37,202,1.7912,0.277299,1.5139,2025,20,2025-05-11,2025-05-17,2024,2024-25,33,TRUE
Region 5,202521,202638,2026-10-02,70,12309,28,103,1.06426,0.227476,0.836786,2025,21,2025-05-18,2025-05-24,2024,2024-25,34,TRUE
Region 5,202522,202638,2026-10-02,69,11103,26,74,0.900657,0.234171,0.666487,2025,22,2025-05-25,2025-05-31,2024,2024-25,35,TRUE
Region 5,202523,202638,2026-10-02,68,11171,39,76,1.02945,0.349118,0.680333,2025,23,2025-06-01,2025-06-07,2024,2024-25,36,TRUE
Region 5,202524,202638,2026-10-02,67,9619,46,43,0.925252,0.47822,0.447032,2025,24,2025-06-08,2025-06-14,2024,2024-25,37,TRUE
Region 5,202525,202638,2026-10-02,66,8690,36,30,0.759494,0.414269,0.345224,2025,25,2025-06-15,2025-06-21,2024,2024-25,38,TRUE
Region 5,202526,202638,2026-10-02,65,7579,38,4,0.554163,0.501385,0.0527774,2025,26,2025-06-22,2025-06-28,2024,2024-25,39,TRUE
Region 5,202527,202638,2026-10-02,64,7632,37,5,0.550314,0.484801,0.0655136,2025,27,2025-06-29,2025-07-05,2024,2024-25,40,TRUE
Region 5,202528,202638,2026-10-02,63,8067,23,7,0.371885,0.285112,0.0867733,2025,28,2025-07-06,2025-07-12,2024,2024-25,41,TRUE
Region 5,202529,202638,2026-10-02,62,7331,11,6,0.231892,0.150048,0.0818442,2025,29,2025-07-13,2025-07-19,2024,2024-25,42,TRUE
Region 5,202530,202638,2026-10-02,61,7733,20,2,0.284495,0.258632,0.0258632,2025,30,2025-07-20,2025-07-26,2024,2024-25,43,TRUE
Region 5,202531,202638,2026-10-02,60,7545,20,2,0.291584,0.265076,0.0265076,2025,31,2025-07-27,2025-08-02,2024,2024-25,44,TRUE
Region 5,202532,202638,2026-10-02,59,8332,24,3,0.324052,0.288046,0.0360058,2025,32,2025-08-03,2025-08-09,2024,2024-25,45,TRUE
Region 5,202533,202638,2026-10-02,58,8639,12,2,0.162056,0.138905,0.0231508,2025,33,2025-08-10,2025-08-16,2024,2024-25,46,TRUE
Region 5,202534,202638,2026-10-02,57,8815,37,4,0.465116,0.419739,0.0453772,2025,34,2025-08-17,2025-08-23,2024,2024-25,47,TRUE
Region 5,202535,202638,2026-10-02,56,10622,33,3,0.338919,0.310676,0.0282433,2025,35,2025-08-24,2025-08-30,2024,2024-25,48,TRUE
Region 5,202536,202638,2026-10-02,55,12432,21,2,0.185006,0.168919,0.0160875,2025,36,2025-08-31,2025-09-06,2024,2024-25,49,TRUE
Region 5,202537,202638,2026-10-02,54,14615,59,1,0.410537,0.403695,0.00684229,2025,37,2025-09-07,2025-09-13,2024,2024-25,50,TRUE
Region 5,202538,202638,2026-10-02,53,15336,103,6,0.710746,0.671622,0.0391236,2025,38,2025-09-14,2025-09-20,2024,2024-25,51,TRUE
Region 5,202539,202638,2026-10-02,52,14219,108,17,0.879105,0.759547,0.119558,2025,39,2025-09-21,2025-09-27,2024,2024-25,52,TRUE
Region 5,202540,202638,2026-10-02,51,15378,71,14,0.552738,0.461699,0.0910391,2025,40,2025-09-28,2025-10-04,2025,2025-26,1,TRUE
Region 5,202541,202638,2026-10-02,50,14534,49,8,0.392184,0.33714,0.0550433,2025,41,2025-10-05,2025-10-11,2025,2025-26,2,TRUE
Region 5,202542,202638,2026-10-02,49,14592,61,3,0.438596,0.418037,0.0205592,2025,42,2025-10-12,2025-10-18,2025,2025-26,3,TRUE
Region 5,202543,202638,2026-10-02,48,15002,73,5,0.519931,0.486602,0.0333289,2025,43,2025-10-19,2025-10-25,2025,2025-26,4,TRUE
Region 5,202544,202638,2026-10-02,47,14867,106,7,0.760073,0.712988,0.0470841,2025,44,2025-10-26,2025-11-01,2025,2025-26,5,TRUE
Region 5,202545,202638,2026-10-02,46,15860,188,26,1.34931,1.18537,0.163934,2025,45,2025-11-02,2025-11-08,2025,2025-26,6,TRUE
Region 5,202546,202638,2026-10-02,45,15893,324,54,2.37841,2.03863,0.339772,2025,46,2025-11-09,2025-11-15,2025,2025-26,7,TRUE
Region 5,202547,202638,2026-10-02,44,16858,667,61,4.31842,3.95658,0.361846,2025,47,2025-11-16,2025-11-22,2025,2025-26,8,TRUE
Region 5,202548,202638,2026-10-02,43,16473,1068,78,6.95684,6.48334,0.473502,2025,48,2025-11-23,2025-11-29,2025,2025-26,9,TRUE
Region 5,202549,202638,2026-10-02,42,19436,1589,117,8.77753,8.17555,0.601976,2025,49,2025-11-30,2025-12-06,2025,2025-26,10,TRUE
Region 5,202550,202638,2026-10-02,41,22447,3487,211,16.4744,15.5344,0.939992,2025,50,2025-12-07,2025-12-13,2025,2025-26,11,TRUE
Region 5,202551,202638,2026-10-02,40,30563,8293,590,29.0646,27.1341,1.93044,2025,51,2025-12-14,2025-12-20,2025,2025-26,12,TRUE
Region 5,202552,202638,2026-10-02,39,36354,11936,881,35.256100000000004,32.8327,2.42339,2025,52,2025-12-21,2025-12-27,2025,2025-26,13,TRUE
Region 5,202553,202638,2026-10-02,38,36308,9316,817,27.9084,25.6583,2.25019,2025,53,2025-12-28,2026-01-03,2025,2025-26,14,TRUE
Region 5,202601,202638,2026-10-02,37,32742,6029,671,20.463,18.4137,2.04936,2026,1,2026-01-04,2026-01-10,2025,2025-26,15,TRUE
Region 5,202602,202638,2026-10-02,36,28368,5152,709,20.6606,18.1613,2.49929,2026,2,2026-01-11,2026-01-17,2025,2025-26,16,TRUE
Region 5,202603,202638,2026-10-02,35,25335,3513,1066,18.0738,13.8662,4.20762,2026,3,2026-01-18,2026-01-24,2025,2025-26,17,TRUE
Region 5,202604,202638,2026-10-02,34,24110,2844,1287,17.134,11.7959,5.33803,2026,4,2026-01-25,2026-01-31,2025,2025-26,18,TRUE
Region 5,202605,202638,2026-10-02,33,25143,2468,1802,16.9829,9.81585,7.167,2026,5,2026-02-01,2026-02-07,2025,2025-26,19,TRUE
Region 5,202606,202638,2026-10-02,32,26599,2078,2947,18.8917,7.81232,11.0794,2026,6,2026-02-08,2026-02-14,2025,2025-26,20,TRUE
Region 5,202607,202638,2026-10-02,31,29212,1819,4139,20.3957,6.22689,14.1688,2026,7,2026-02-15,2026-02-21,2025,2025-26,21,TRUE
Region 5,202608,202638,2026-10-02,30,28277,1175,4005,18.3188,4.15532,14.1635,2026,8,2026-02-22,2026-02-28,2025,2025-26,22,TRUE
Region 5,202609,202638,2026-10-02,29,26638,782,4138,18.4699,2.93566,15.5342,2026,9,2026-03-01,2026-03-07,2025,2025-26,23,TRUE
Region 5,202610,202638,2026-10-02,28,25594,527,3718,16.5859,2.05908,14.5268,2026,10,2026-03-08,2026-03-14,2025,2025-26,24,TRUE
Region 5,202611,202638,2026-10-02,27,21328,314,2422,12.8282,1.47224,11.356,2026,11,2026-03-15,2026-03-21,2025,2025-26,25,TRUE
Region 5,202612,202638,2026-10-02,26,19347,249,1811,10.6476,1.28702,9.36062,2026,12,2026-03-22,2026-03-28,2025,2025-26,26,TRUE
Region 5,202613,202638,2026-10-02,25,17474,180,1178,7.77155,1.0301,6.74144,2026,13,2026-03-29,2026-04-04,2025,2025-26,27,TRUE
Region 5,202614,202638,2026-10-02,24,16924,92,774,5.11699,0.543607,4.57339,2026,14,2026-04-05,2026-04-11,2025,2025-26,28,TRUE
Region 5,202615,202638,2026-10-02,23,15156,63,496,3.68831,0.415677,3.27263,2026,15,2026-04-12,2026-04-18,2025,2025-26,29,TRUE
Region 5,202616,202638,2026-10-02,22,13220,30,223,1.91377,0.226929,1.68684,2026,16,2026-04-19,2026-04-25,2025,2025-26,30,TRUE
Region 5,202617,202638,2026-10-02,21,13267,18,167,1.39444,0.135675,1.25876,2026,17,2026-04-26,2026-05-02,2025,2025-26,31,TRUE
Region 5,202618,202638,2026-10-02,20,12437,16,99,0.92466,0.128648,0.796012,2026,18,2026-05-03,2026-05-09,2025,2025-26,32,TRUE
Region 5,202619,202638,2026-10-02,19,11394,19,92,0.974197,0.166754,0.807443,2026,19,2026-05-10,2026-05-16,2025,2025-26,33,TRUE
Region 5,202620,202638,2026-10-02,18,10785,32,65,0.899397,0.296708,0.602689,2026,20,2026-05-17,2026-05-23,2025,2025-26,34,TRUE
Region 5,202621,202638,2026-10-02,17,10569,18,30,0.454158,0.170309,0.283849,2026,21,2026-05-24,2026-05-30,2025,2025-26,35,TRUE
Region 5,202622,202638,2026-10-02,16,9296,21,38,0.634682,0.225904,0.408778,2026,22,2026-05-31,2026-06-06,2025,2025-26,36,TRUE
Region 5,202623,202638,2026-10-02,15,8556,14,45,0.689575,0.163628,0.525947,2026,23,2026-06-07,2026-06-13,2025,2025-26,37,TRUE
Region 5,202624,202638,2026-10-02,14,7848,12,12,0.30581,0.152905,0.152905,2026,24,2026-06-14,2026-06-20,2025,2025-26,38,TRUE
Region 5,202625,202638,2026-10-02,13,7481,8,5,0.173774,0.106938,0.066836,2026,25,2026-06-21,2026-06-27,2025,2025-26,39,TRUE
Region 5,202626,202638,2026-10-02,12,7755,21,9,0.386847,0.270793,0.116054,2026,26,2026-06-28,2026-07-04,2025,2025-26,40,TRUE
Region 5,202627,202638,2026-10-02,11,7162,20,9,0.404915,0.279252,0.125663,2026,27,2026-07-05,2026-07-11,2025,2025-26,41,TRUE
Region 5,202628,202638,2026-10-02,10,6799,14,5,0.279453,0.205913,0.0735402,2026,28,2026-07-12,2026-07-18,2025,2025-26,42,TRUE
Region 5,202629,202638,2026-10-02,9,6601,19,4,0.348432,0.287835,0.0605969,2026,29,2026-07-19,2026-07-25,2025,2025-26,43,TRUE
Region 5,202630,202638,2026-10-02,8,6458,13,4,0.263239,0.201301,0.0619387,2026,30,2026-07-26,2026-08-01,2025,2025-26,44,TRUE
Region 5,202631,202638,2026-10-02,7,6672,8,1,0.134892,0.119904,0.014988,2026,31,2026-08-02,2026-08-08,2025,2025-26,45,TRUE
Region 5,202632,202638,2026-10-02,6,6879,32,7,0.566943,0.465184,0.101759,2026,32,2026-08-09,2026-08-15,2025,2025-26,46,TRUE
Region 5,202633,202638,2026-10-02,5,7122,34,1,0.491435,0.477394,0.014041,2026,33,2026-08-16,2026-08-22,2025,2025-26,47,TRUE
Region 5,202634,202638,2026-10-02,4,8007,50,4,0.67441,0.624454,0.0499563,2026,34,2026-08-23,2026-08-29,2025,2025-26,48,TRUE
Region 5,202635,202638,2026-10-02,3,9096,192,5,2.16579,2.11082,0.0549692,2026,35,2026-08-30,2026-09-05,2025,2025-26,49,TRUE
Region 5,202636,202638,2026-10-02,2,10374,147,6,1.47484,1.417,0.0578369,2026,36,2026-09-06,2026-09-12,2025,2025-26,50,TRUE
Region 5,202637,202638,2026-10-02,1,12177,231,6,1.94629,1.89702,0.0492732,2026,37,2026-09-13,2026-09-19,2025,2025-26,51,TRUE
Region 5,202638,202638,2026-10-02,0,7998,178,18,2.45061,2.22556,0.225056,2026,38,2026-09-20,2026-09-26,2025,2025-26,52,TRUE
Region 6,201940,202139,2021-10-08,104,2693,24,46,2.59933,0.891199,1.70813,2019,40,2019-09-29,2019-10-05,2019,2019-20,1,FALSE
Region 6,201941,202139,2021-10-08,103,3268,17,73,2.75398,0.520196,2.23378,2019,41,2019-10-06,2019-10-12,2019,2019-20,2,FALSE
Region 6,201942,202139,2021-10-08,102,3333,26,95,3.63036,0.780078,2.85029,2019,42,2019-10-13,2019-10-19,2019,2019-20,3,FALSE
Region 6,201943,202139,2021-10-08,101,3440,33,169,5.87209,0.959302,4.91279,2019,43,2019-10-20,2019-10-26,2019,2019-20,4,FALSE
Region 6,201944,202139,2021-10-08,100,3856,43,324,9.51763,1.11515,8.40249,2019,44,2019-10-27,2019-11-02,2019,2019-20,5,FALSE
Region 6,201945,202139,2021-10-08,99,5019,90,623,14.206,1.79319,12.4128,2019,45,2019-11-03,2019-11-09,2019,2019-20,6,FALSE
Region 6,201946,202139,2021-10-08,98,5692,114,775,15.6184,2.00281,13.6156,2019,46,2019-11-10,2019-11-16,2019,2019-20,7,FALSE
Region 6,201947,202139,2021-10-08,97,7341,216,1311,20.801,2.94238,17.8586,2019,47,2019-11-17,2019-11-23,2019,2019-20,8,FALSE
Region 6,201948,202139,2021-10-08,96,6081,230,987,20.0132,3.78227,16.2309,2019,48,2019-11-24,2019-11-30,2019,2019-20,9,FALSE
Region 6,201949,202139,2021-10-08,95,6986,297,990,18.4226,4.25136,14.1712,2019,49,2019-12-01,2019-12-07,2019,2019-20,10,FALSE
Region 6,201950,202139,2021-10-08,94,5696,329,975,22.8933,5.77598,17.1173,2019,50,2019-12-08,2019-12-14,2019,2019-20,11,FALSE
Region 6,201951,202139,2021-10-08,93,7910,626,1832,31.0746,7.91403,23.1606,2019,51,2019-12-15,2019-12-21,2019,2019-20,12,FALSE
Region 6,201952,202139,2021-10-08,92,8631,1001,2118,36.1372,11.5977,24.5395,2019,52,2019-12-22,2019-12-28,2019,2019-20,13,FALSE
Region 6,202001,202139,2021-10-08,91,7925,794,1543,29.489,10.0189,19.47,2020,1,2019-12-29,2020-01-04,2019,2019-20,14,FALSE
Region 6,202002,202139,2021-10-08,90,7020,973,1160,30.3846,13.8604,16.5242,2020,2,2020-01-05,2020-01-11,2019,2019-20,15,FALSE
Region 6,202003,202139,2021-10-08,89,7639,1376,1071,32.033,18.0128,14.0202,2020,3,2020-01-12,2020-01-18,2019,2019-20,16,FALSE
Region 6,202004,202139,2021-10-08,88,8059,1620,807,30.1154,20.1017,10.0136,2020,4,2020-01-19,2020-01-25,2019,2019-20,17,FALSE
Region 6,202005,202139,2021-10-08,87,9767,2158,1075,33.1013,22.0948,11.0065,2020,5,2020-01-26,2020-02-01,2019,2019-20,18,FALSE
Region 6,202006,202139,2021-10-08,86,8906,1879,661,28.5201,21.0981,7.42196,2020,6,2020-02-02,2020-02-08,2019,2019-20,19,FALSE
Region 6,202007,202139,2021-10-08,85,8348,1808,538,28.1025,21.6579,6.44466,2020,7,2020-02-09,2020-02-15,2019,2019-20,20,FALSE
Region 6,202008,202139,2021-10-08,84,8201,1779,448,27.1552,21.6925,5.46275,2020,8,2020-02-16,2020-02-22,2019,2019-20,21,FALSE
Region 6,202009,202139,2021-10-08,83,6791,1312,280,23.4428,19.3197,4.1231,2020,9,2020-02-23,2020-02-29,2019,2019-20,22,FALSE
Region 6,202010,202139,2021-10-08,82,7429,1219,298,20.42,16.4087,4.01131,2020,10,2020-03-01,2020-03-07,2019,2019-20,23,FALSE
Region 6,202011,202139,2021-10-08,81,7870,856,259,14.1677,10.8767,3.29098,2020,11,2020-03-08,2020-03-14,2019,2019-20,24,FALSE
Region 6,202012,202139,2021-10-08,80,7895,315,97,5.21849,3.98987,1.2286300000000001,2020,12,2020-03-15,2020-03-21,2019,2019-20,25,FALSE
Region 6,202013,202139,2021-10-08,79,5369,50,27,1.43416,0.931272,0.502887,2020,13,2020-03-22,2020-03-28,2019,2019-20,26,FALSE
Region 6,202014,202139,2021-10-08,78,2565,9,13,0.8577,0.350877,0.506823,2020,14,2020-03-29,2020-04-04,2019,2019-20,27,FALSE
Region 6,202015,202139,2021-10-08,77,1960,8,10,0.918367,0.408163,0.510204,2020,15,2020-04-05,2020-04-11,2019,2019-20,28,FALSE
Region 6,202016,202139,2021-10-08,76,1586,1,4,0.315259,0.0630517,0.252207,2020,16,2020-04-12,2020-04-18,2019,2019-20,29,FALSE
Region 6,202017,202139,2021-10-08,75,1497,3,1,0.267201,0.200401,0.0668003,2020,17,2020-04-19,2020-04-25,2019,2019-20,30,FALSE
Region 6,202018,202139,2021-10-08,74,1577,2,0,0.126823,0.126823,0,2020,18,2020-04-26,2020-05-02,2019,2019-20,31,FALSE
Region 6,202019,202139,2021-10-08,73,1098,3,4,0.637523,0.273224,0.364299,2020,19,2020-05-03,2020-05-09,2019,2019-20,32,FALSE
Region 6,202020,202139,2021-10-08,72,871,1,3,0.459242,0.114811,0.344432,2020,20,2020-05-10,2020-05-16,2019,2019-20,33,FALSE
Region 6,202021,202139,2021-10-08,71,1049,1,3,0.381316,0.0953289,0.285987,2020,21,2020-05-17,2020-05-23,2019,2019-20,34,FALSE
Region 6,202022,202139,2021-10-08,70,959,1,0,0.104275,0.104275,0,2020,22,2020-05-24,2020-05-30,2019,2019-20,35,FALSE
Region 6,202023,202139,2021-10-08,69,748,0,1,0.13369,0,0.13369,2020,23,2020-05-31,2020-06-06,2019,2019-20,36,FALSE
Region 6,202024,202139,2021-10-08,68,899,2,4,0.667408,0.222469,0.444939,2020,24,2020-06-07,2020-06-13,2019,2019-20,37,FALSE
Region 6,202025,202139,2021-10-08,67,934,4,4,0.856531,0.428266,0.428266,2020,25,2020-06-14,2020-06-20,2019,2019-20,38,FALSE
Region 6,202026,202139,2021-10-08,66,847,6,4,1.18064,0.708383,0.472255,2020,26,2020-06-21,2020-06-27,2019,2019-20,39,FALSE
Region 6,202027,202139,2021-10-08,65,906,1,3,0.441501,0.110375,0.331126,2020,27,2020-06-28,2020-07-04,2019,2019-20,40,FALSE
Region 6,202028,202139,2021-10-08,64,840,1,2,0.357143,0.119048,0.238095,2020,28,2020-07-05,2020-07-11,2019,2019-20,41,FALSE
Region 6,202029,202139,2021-10-08,63,829,4,5,1.08565,0.482509,0.603136,2020,29,2020-07-12,2020-07-18,2019,2019-20,42,FALSE
Region 6,202030,202139,2021-10-08,62,491,0,3,0.610998,0,0.610998,2020,30,2020-07-19,2020-07-25,2019,2019-20,43,FALSE
Region 6,202031,202139,2021-10-08,61,779,0,3,0.385109,0,0.385109,2020,31,2020-07-26,2020-08-01,2019,2019-20,44,FALSE
Region 6,202032,202139,2021-10-08,60,771,0,3,0.389105,0,0.389105,2020,32,2020-08-02,2020-08-08,2019,2019-20,45,FALSE
Region 6,202033,202139,2021-10-08,59,504,0,2,0.396825,0,0.396825,2020,33,2020-08-09,2020-08-15,2019,2019-20,46,FALSE
Region 6,202034,202139,2021-10-08,58,583,0,2,0.343053,0,0.343053,2020,34,2020-08-16,2020-08-22,2019,2019-20,47,FALSE
Region 6,202035,202139,2021-10-08,57,667,1,1,0.29985,0.149925,0.149925,2020,35,2020-08-23,2020-08-29,2019,2019-20,48,FALSE
Region 6,202036,202139,2021-10-08,56,805,2,4,0.745342,0.248447,0.496894,2020,36,2020-08-30,2020-09-05,2019,2019-20,49,FALSE
Region 6,202037,202139,2021-10-08,55,813,1,3,0.492005,0.123001,0.369004,2020,37,2020-09-06,2020-09-12,2019,2019-20,50,FALSE
Region 6,202038,202139,2021-10-08,54,921,7,5,1.30293,0.760043,0.542888,2020,38,2020-09-13,2020-09-19,2019,2019-20,51,FALSE
Region 6,202039,202139,2021-10-08,53,1160,8,7,1.2931,0.689655,0.603448,2020,39,2020-09-20,2020-09-26,2019,2019-20,52,FALSE
Region 6,202040,202239,2022-10-07,104,1513,7,10,1.1236,0.462657,0.660939,2020,40,2020-09-27,2020-10-03,2020,2020-21,1,FALSE
Region 6,202041,202239,2022-10-07,103,1808,11,10,1.1615,0.608407,0.553097,2020,41,2020-10-04,2020-10-10,2020,2020-21,2,FALSE
Region 6,202042,202239,2022-10-07,102,1778,4,9,0.731159,0.224972,0.506187,2020,42,2020-10-11,2020-10-17,2020,2020-21,3,FALSE
Region 6,202043,202239,2022-10-07,101,1803,4,7,0.610094,0.221852,0.388242,2020,43,2020-10-18,2020-10-24,2020,2020-21,4,FALSE
Region 6,202044,202239,2022-10-07,100,2005,5,8,0.648379,0.249377,0.399002,2020,44,2020-10-25,2020-10-31,2020,2020-21,5,FALSE
Region 6,202045,202239,2022-10-07,99,2363,4,10,0.592467,0.169276,0.423191,2020,45,2020-11-01,2020-11-07,2020,2020-21,6,FALSE
Region 6,202046,202239,2022-10-07,98,3138,9,16,0.796686,0.286807,0.509879,2020,46,2020-11-08,2020-11-14,2020,2020-21,7,FALSE
Region 6,202047,202239,2022-10-07,97,3550,6,24,0.84507,0.169014,0.676056,2020,47,2020-11-15,2020-11-21,2020,2020-21,8,FALSE
Region 6,202048,202239,2022-10-07,96,3042,4,18,0.723208,0.131492,0.591716,2020,48,2020-11-22,2020-11-28,2020,2020-21,9,FALSE
Region 6,202049,202239,2022-10-07,95,3039,7,31,1.25041,0.230339,1.02007,2020,49,2020-11-29,2020-12-05,2020,2020-21,10,FALSE
Region 6,202050,202239,2022-10-07,94,2964,5,42,1.5857,0.168691,1.417,2020,50,2020-12-06,2020-12-12,2020,2020-21,11,FALSE
Region 6,202051,202239,2022-10-07,93,3006,12,55,2.22888,0.399202,1.82967,2020,51,2020-12-13,2020-12-19,2020,2020-21,12,FALSE
Region 6,202052,202239,2022-10-07,92,2767,11,36,1.69859,0.397542,1.30105,2020,52,2020-12-20,2020-12-26,2020,2020-21,13,FALSE
Region 6,202053,202239,2022-10-07,91,5524,8,56,1.15858,0.144823,1.01376,2020,53,2020-12-27,2021-01-02,2020,2020-21,14,FALSE
Region 6,202101,202239,2022-10-07,90,5947,11,75,1.44611,0.184967,1.26114,2021,1,2021-01-03,2021-01-09,2020,2020-21,15,FALSE
Region 6,202102,202239,2022-10-07,89,5332,9,33,0.787697,0.168792,0.618905,2021,2,2021-01-10,2021-01-16,2020,2020-21,16,FALSE
Region 6,202103,202239,2022-10-07,88,5109,8,42,0.978665,0.156586,0.822079,2021,3,2021-01-17,2021-01-23,2020,2020-21,17,FALSE
Region 6,202104,202239,2022-10-07,87,5103,2,28,0.587889,0.0391926,0.548697,2021,4,2021-01-24,2021-01-30,2020,2020-21,18,FALSE
Region 6,202105,202239,2022-10-07,86,5061,4,41,0.889152,0.0790358,0.810117,2021,5,2021-01-31,2021-02-06,2020,2020-21,19,FALSE
Region 6,202106,202239,2022-10-07,85,4667,4,18,0.471395,0.0857082,0.385687,2021,6,2021-02-07,2021-02-13,2020,2020-21,20,FALSE
Region 6,202107,202239,2022-10-07,84,3570,9,6,0.420168,0.252101,0.168067,2021,7,2021-02-14,2021-02-20,2020,2020-21,21,FALSE
Region 6,202108,202239,2022-10-07,83,4597,2,8,0.217533,0.0435066,0.174027,2021,8,2021-02-21,2021-02-27,2020,2020-21,22,FALSE
Region 6,202109,202239,2022-10-07,82,4493,2,2,0.0890274,0.0445137,0.0445137,2021,9,2021-02-28,2021-03-06,2020,2020-21,23,FALSE
Region 6,202110,202239,2022-10-07,81,4650,4,9,0.27957,0.0860215,0.193548,2021,10,2021-03-07,2021-03-13,2020,2020-21,24,FALSE
Region 6,202111,202239,2022-10-07,80,4705,8,5,0.276302,0.170032,0.10627,2021,11,2021-03-14,2021-03-20,2020,2020-21,25,FALSE
Region 6,202112,202239,2022-10-07,79,4943,3,3,0.121384,0.0606919,0.0606919,2021,12,2021-03-21,2021-03-27,2020,2020-21,26,FALSE
Region 6,202113,202239,2022-10-07,78,4684,1,3,0.0853971,0.0213493,0.0640478,2021,13,2021-03-28,2021-04-03,2020,2020-21,27,FALSE
Region 6,202114,202239,2022-10-07,77,4948,0,5,0.101051,0,0.101051,2021,14,2021-04-04,2021-04-10,2020,2020-21,28,FALSE
Region 6,202115,202239,2022-10-07,76,4681,1,1,0.0427259,0.021363,0.021363,2021,15,2021-04-11,2021-04-17,2020,2020-21,29,FALSE
Region 6,202116,202239,2022-10-07,75,5197,0,5,0.0962094,0,0.0962094,2021,16,2021-04-18,2021-04-24,2020,2020-21,30,FALSE
Region 6,202117,202239,2022-10-07,74,5278,4,2,0.113679,0.0757863,0.0378931,2021,17,2021-04-25,2021-05-01,2020,2020-21,31,FALSE
Region 6,202118,202239,2022-10-07,73,5186,3,1,0.0771307,0.0578481,0.0192827,2021,18,2021-05-02,2021-05-08,2020,2020-21,32,FALSE
Region 6,202119,202239,2022-10-07,72,4900,2,1,0.0612245,0.0408163,0.0204082,2021,19,2021-05-09,2021-05-15,2020,2020-21,33,FALSE
Region 6,202120,202239,2022-10-07,71,5015,2,4,0.119641,0.0398804,0.0797607,2021,20,2021-05-16,2021-05-22,2020,2020-21,34,FALSE
Region 6,202121,202239,2022-10-07,70,3025,6,3,0.297521,0.198347,0.0991736,2021,21,2021-05-23,2021-05-29,2020,2020-21,35,FALSE
Region 6,202122,202239,2022-10-07,69,3051,1,3,0.131105,0.0327761,0.0983284,2021,22,2021-05-30,2021-06-05,2020,2020-21,36,FALSE
Region 6,202123,202239,2022-10-07,68,5115,3,4,0.136852,0.058651,0.0782014,2021,23,2021-06-06,2021-06-12,2020,2020-21,37,FALSE
Region 6,202124,202239,2022-10-07,67,5023,2,1,0.0597253,0.0398168,0.0199084,2021,24,2021-06-13,2021-06-19,2020,2020-21,38,FALSE
Region 6,202125,202239,2022-10-07,66,3388,2,3,0.14758,0.0590319,0.0885478,2021,25,2021-06-20,2021-06-26,2020,2020-21,39,FALSE
Region 6,202126,202239,2022-10-07,65,5119,1,4,0.0976753,0.0195351,0.0781403,2021,26,2021-06-27,2021-07-03,2020,2020-21,40,FALSE
Region 6,202127,202239,2022-10-07,64,5630,2,5,0.124334,0.035524,0.0888099,2021,27,2021-07-04,2021-07-10,2020,2020-21,41,FALSE
Region 6,202128,202239,2022-10-07,63,5975,3,10,0.217573,0.0502092,0.167364,2021,28,2021-07-11,2021-07-17,2020,2020-21,42,FALSE
Region 6,202129,202239,2022-10-07,62,6802,1,8,0.132314,0.0147016,0.117612,2021,29,2021-07-18,2021-07-24,2020,2020-21,43,FALSE
Region 6,202130,202239,2022-10-07,61,7359,6,6,0.163066,0.0815328,0.0815328,2021,30,2021-07-25,2021-07-31,2020,2020-21,44,FALSE
Region 6,202131,202239,2022-10-07,60,4919,8,7,0.30494,0.162635,0.142305,2021,31,2021-08-01,2021-08-07,2020,2020-21,45,FALSE
Region 6,202132,202239,2022-10-07,59,8542,3,7,0.117069,0.0351206,0.081947999999999993,2021,32,2021-08-08,2021-08-14,2020,2020-21,46,FALSE
Region 6,202133,202239,2022-10-07,58,5635,5,4,0.159716,0.0887311,0.0709849,2021,33,2021-08-15,2021-08-21,2020,2020-21,47,FALSE
Region 6,202134,202239,2022-10-07,57,10164,4,2,0.0590319,0.039354600000000003,0.019677300000000002,2021,34,2021-08-22,2021-08-28,2020,2020-21,48,FALSE
Region 6,202135,202239,2022-10-07,56,9823,5,4,0.0916217,0.0509009,0.0407208,2021,35,2021-08-29,2021-09-04,2020,2020-21,49,FALSE
Region 6,202136,202239,2022-10-07,55,5167,5,5,0.193536,0.096768,0.096768,2021,36,2021-09-05,2021-09-11,2020,2020-21,50,FALSE
Region 6,202137,202239,2022-10-07,54,8205,1,4,0.0609385,0.0121877,0.0487508,2021,37,2021-09-12,2021-09-18,2020,2020-21,51,FALSE
Region 6,202138,202239,2022-10-07,53,7807,3,5,0.102472,0.0384271,0.0640451,2021,38,2021-09-19,2021-09-25,2020,2020-21,52,FALSE
Region 6,202139,202239,2022-10-07,52,7742,4,6,0.129166,0.0516662,0.0774994,2021,39,2021-09-26,2021-10-02,2020,2020-21,53,FALSE
Region 6,202140,202339,2023-10-06,103,11678,5,5,0.0856311,0.0428156,0.0428156,2021,40,2021-10-03,2021-10-09,2021,2021-22,1,FALSE
Region 6,202141,202339,2023-10-06,102,8638,3,6,0.104191,0.0347303,0.0694605,2021,41,2021-10-10,2021-10-16,2021,2021-22,2,FALSE
Region 6,202142,202339,2023-10-06,101,9555,5,12,0.177917,0.0523286,0.125589,2021,42,2021-10-17,2021-10-23,2021,2021-22,3,FALSE
Region 6,202143,202339,2023-10-06,100,9058,7,9,0.176639,0.0772798,0.0993597,2021,43,2021-10-24,2021-10-30,2021,2021-22,4,FALSE
Region 6,202144,202339,2023-10-06,99,9140,4,4,0.0875274,0.0437637,0.0437637,2021,44,2021-10-31,2021-11-06,2021,2021-22,5,FALSE
Region 6,202145,202339,2023-10-06,98,10905,28,4,0.293443,0.256763,0.0366804,2021,45,2021-11-07,2021-11-13,2021,2021-22,6,FALSE
Region 6,202146,202339,2023-10-06,97,11566,112,6,1.02023,0.968356,0.0518762,2021,46,2021-11-14,2021-11-20,2021,2021-22,7,FALSE
Region 6,202147,202339,2023-10-06,96,10271,153,9,1.57726,1.48963,0.0876254,2021,47,2021-11-21,2021-11-27,2021,2021-22,8,FALSE
Region 6,202148,202339,2023-10-06,95,13257,340,16,2.68537,2.56468,0.120691,2021,48,2021-11-28,2021-12-04,2021,2021-22,9,FALSE
Region 6,202149,202339,2023-10-06,94,13689,595,5,4.38308,4.34656,0.0365257,2021,49,2021-12-05,2021-12-11,2021,2021-22,10,FALSE
Region 6,202150,202339,2023-10-06,93,14606,1013,10,7.00397,6.93551,0.068465,2021,50,2021-12-12,2021-12-18,2021,2021-22,11,FALSE
Region 6,202151,202339,2023-10-06,92,15118,1005,13,6.73369,6.6477,0.0859902,2021,51,2021-12-19,2021-12-25,2021,2021-22,12,FALSE
Region 6,202152,202339,2023-10-06,91,18898,822,15,4.42904,4.34967,0.0793735,2021,52,2021-12-26,2022-01-01,2021,2021-22,13,FALSE
Region 6,202201,202339,2023-10-06,90,19955,546,9,2.78126,2.73616,0.0451015,2022,1,2022-01-02,2022-01-08,2021,2021-22,14,FALSE
Region 6,202202,202339,2023-10-06,89,19284,462,9,2.44244,2.39577,0.0466708,2022,2,2022-01-09,2022-01-15,2021,2021-22,15,FALSE
Region 6,202203,202339,2023-10-06,88,15624,346,16,2.31695,2.21454,0.102407,2022,3,2022-01-16,2022-01-22,2021,2021-22,16,FALSE
Region 6,202204,202339,2023-10-06,87,12464,284,2,2.29461,2.27856,0.0160462,2022,4,2022-01-23,2022-01-29,2021,2021-22,17,FALSE
Region 6,202205,202339,2023-10-06,86,8975,278,6,3.16435,3.09749,0.0668524,2022,5,2022-01-30,2022-02-05,2021,2021-22,18,FALSE
Region 6,202206,202339,2023-10-06,85,9078,401,5,4.47235,4.41727,0.0550782,2022,6,2022-02-06,2022-02-12,2021,2021-22,19,FALSE
Region 6,202207,202339,2023-10-06,84,9420,593,6,6.35881,6.29512,0.0636943,2022,7,2022-02-13,2022-02-19,2021,2021-22,20,FALSE
Region 6,202208,202339,2023-10-06,83,9176,774,5,8.48954,8.43505,0.05449,2022,8,2022-02-20,2022-02-26,2021,2021-22,21,FALSE
Region 6,202209,202339,2023-10-06,82,10149,1230,3,12.149,12.1194,0.0295596,2022,9,2022-02-27,2022-03-05,2021,2021-22,22,FALSE
Region 6,202210,202339,2023-10-06,81,10810,1536,15,14.3478,14.2091,0.13876,2022,10,2022-03-06,2022-03-12,2021,2021-22,23,FALSE
Region 6,202211,202339,2023-10-06,80,10889,1798,10,16.6039,16.5121,0.0918358,2022,11,2022-03-13,2022-03-19,2021,2021-22,24,FALSE
Region 6,202212,202339,2023-10-06,79,11387,1735,5,15.2806,15.2367,0.0439097,2022,12,2022-03-20,2022-03-26,2021,2021-22,25,FALSE
Region 6,202213,202339,2023-10-06,78,11232,1722,13,15.4469,15.3312,0.115741,2022,13,2022-03-27,2022-04-02,2021,2021-22,26,FALSE
Region 6,202214,202339,2023-10-06,77,11378,1629,14,14.4401,14.3171,0.123044,2022,14,2022-04-03,2022-04-09,2021,2021-22,27,FALSE
Region 6,202215,202339,2023-10-06,76,11261,1703,6,15.1763,15.123,0.0532812,2022,15,2022-04-10,2022-04-16,2021,2021-22,28,FALSE
Region 6,202216,202339,2023-10-06,75,10493,1394,6,13.3422,13.285,0.057181,2022,16,2022-04-17,2022-04-23,2021,2021-22,29,FALSE
Region 6,202217,202339,2023-10-06,74,10534,1212,7,11.5721,11.5056,0.0664515,2022,17,2022-04-24,2022-04-30,2021,2021-22,30,FALSE
Region 6,202218,202339,2023-10-06,73,10344,1095,13,10.7115,10.5858,0.125677,2022,18,2022-05-01,2022-05-07,2021,2021-22,31,FALSE
Region 6,202219,202339,2023-10-06,72,10024,850,5,8.52953,8.47965,0.0498803,2022,19,2022-05-08,2022-05-14,2021,2021-22,32,FALSE
Region 6,202220,202339,2023-10-06,71,10907,680,7,6.29871,6.23453,0.064179,2022,20,2022-05-15,2022-05-21,2021,2021-22,33,FALSE
Region 6,202221,202339,2023-10-06,70,10743,508,15,4.86829,4.72866,0.139626,2022,21,2022-05-22,2022-05-28,2021,2021-22,34,FALSE
Region 6,202222,202339,2023-10-06,69,10473,339,10,3.33238,3.23689,0.0954836,2022,22,2022-05-29,2022-06-04,2021,2021-22,35,FALSE
Region 6,202223,202339,2023-10-06,68,10679,203,6,1.95711,1.90093,0.056185,2022,23,2022-06-05,2022-06-11,2021,2021-22,36,FALSE
Region 6,202224,202339,2023-10-06,67,10741,139,5,1.34066,1.29411,0.0465506,2022,24,2022-06-12,2022-06-18,2021,2021-22,37,FALSE
Region 6,202225,202339,2023-10-06,66,11023,84,11,0.861834,0.762043,0.0997913,2022,25,2022-06-19,2022-06-25,2021,2021-22,38,FALSE
Region 6,202226,202339,2023-10-06,65,10637,66,5,0.667481,0.620476,0.0470057,2022,26,2022-06-26,2022-07-02,2021,2021-22,39,FALSE
Region 6,202227,202339,2023-10-06,64,10726,47,14,0.568712,0.438188,0.130524,2022,27,2022-07-03,2022-07-09,2021,2021-22,40,FALSE
Region 6,202228,202339,2023-10-06,63,10551,44,9,0.502322,0.417022,0.0853,2022,28,2022-07-10,2022-07-16,2021,2021-22,41,FALSE
Region 6,202229,202339,2023-10-06,62,10487,37,13,0.476781,0.352818,0.123963,2022,29,2022-07-17,2022-07-23,2021,2021-22,42,FALSE
Region 6,202230,202339,2023-10-06,61,9721,37,5,0.432054,0.380619,0.051435,2022,30,2022-07-24,2022-07-30,2021,2021-22,43,FALSE
Region 6,202231,202339,2023-10-06,60,9165,33,10,0.469176,0.360065,0.109111,2022,31,2022-07-31,2022-08-06,2021,2021-22,44,FALSE
Region 6,202232,202339,2023-10-06,59,8850,24,10,0.384181,0.271186,0.112994,2022,32,2022-08-07,2022-08-13,2021,2021-22,45,FALSE
Region 6,202233,202339,2023-10-06,58,10013,37,9,0.459403,0.36952,0.0898832,2022,33,2022-08-14,2022-08-20,2021,2021-22,46,FALSE
Region 6,202234,202339,2023-10-06,57,11832,61,7,0.574713,0.515551,0.0591616,2022,34,2022-08-21,2022-08-27,2021,2021-22,47,FALSE
Region 6,202235,202339,2023-10-06,56,12729,95,15,0.864168,0.746327,0.117841,2022,35,2022-08-28,2022-09-03,2021,2021-22,48,FALSE
Region 6,202236,202339,2023-10-06,55,11825,119,6,1.05708,1.00634,0.05074,2022,36,2022-09-04,2022-09-10,2021,2021-22,49,FALSE
Region 6,202237,202339,2023-10-06,54,12451,164,13,1.42157,1.31716,0.104409,2022,37,2022-09-11,2022-09-17,2021,2021-22,50,FALSE
Region 6,202238,202339,2023-10-06,53,12435,239,14,2.03458,1.92199,0.112585,2022,38,2022-09-18,2022-09-24,2021,2021-22,51,FALSE
Region 6,202239,202339,2023-10-06,52,12767,404,17,3.29756,3.16441,0.133156,2022,39,2022-09-25,2022-10-01,2021,2021-22,52,FALSE
Region 6,202240,202439,2024-10-04,103,12793,680,22,5.48738,5.31541,0.171969,2022,40,2022-10-02,2022-10-08,2022,2022-23,1,TRUE
Region 6,202241,202439,2024-10-04,102,17476,1138,21,6.63195,6.51179,0.120165,2022,41,2022-10-09,2022-10-15,2022,2022-23,2,TRUE
Region 6,202242,202439,2024-10-04,101,14587,1699,31,11.8599,11.6474,0.212518,2022,42,2022-10-16,2022-10-22,2022,2022-23,3,TRUE
Region 6,202243,202439,2024-10-04,100,18346,3037,24,16.6848,16.554,0.130819,2022,43,2022-10-23,2022-10-29,2022,2022-23,4,TRUE
Region 6,202244,202439,2024-10-04,99,21945,4641,24,21.2577,21.1483,0.109364,2022,44,2022-10-30,2022-11-05,2022,2022-23,5,TRUE
Region 6,202245,202439,2024-10-04,98,23230,4882,25,21.1235,21.0159,0.107619,2022,45,2022-11-06,2022-11-12,2022,2022-23,6,TRUE
Region 6,202246,202439,2024-10-04,97,23809,4983,29,21.0509,20.9291,0.121803,2022,46,2022-11-13,2022-11-19,2022,2022-23,7,TRUE
Region 6,202247,202439,2024-10-04,96,22090,5739,28,26.1068,25.9801,0.126754,2022,47,2022-11-20,2022-11-26,2022,2022-23,8,TRUE
Region 6,202248,202439,2024-10-04,95,24135,5437,34,22.6683,22.5274,0.140874,2022,48,2022-11-27,2022-12-03,2022,2022-23,9,TRUE
Region 6,202249,202439,2024-10-04,94,23902,6125,56,25.8598,25.6255,0.23429,2022,49,2022-12-04,2022-12-10,2022,2022-23,10,TRUE
Region 6,202250,202439,2024-10-04,93,21586,5035,65,23.6264,23.3253,0.301121,2022,50,2022-12-11,2022-12-17,2022,2022-23,11,TRUE
Region 6,202251,202439,2024-10-04,92,19694,3922,33,20.0823,19.9147,0.167564,2022,51,2022-12-18,2022-12-24,2022,2022-23,12,TRUE
Region 6,202252,202439,2024-10-04,91,19132,2732,38,14.4784,14.2797,0.19862,2022,52,2022-12-25,2022-12-31,2022,2022-23,13,TRUE
Region 6,202301,202439,2024-10-04,90,17481,1458,40,8.5693,8.34048,0.22882,2023,1,2023-01-01,2023-01-07,2022,2022-23,14,TRUE
Region 6,202302,202439,2024-10-04,89,15003,712,29,4.93901,4.74572,0.193295,2023,2,2023-01-08,2023-01-14,2022,2022-23,15,TRUE
Region 6,202303,202439,2024-10-04,88,21682,451,29,2.21382,2.08007,0.133751,2023,3,2023-01-15,2023-01-21,2022,2022-23,16,TRUE
Region 6,202304,202439,2024-10-04,87,14899,330,28,2.40285,2.21491,0.187932,2023,4,2023-01-22,2023-01-28,2022,2022-23,17,TRUE
Region 6,202305,202439,2024-10-04,86,14074,253,59,2.21685,1.79764,0.419213,2023,5,2023-01-29,2023-02-04,2022,2022-23,18,TRUE
Region 6,202306,202439,2024-10-04,85,14156,159,65,1.58237,1.1232,0.459169,2023,6,2023-02-05,2023-02-11,2022,2022-23,19,TRUE
Region 6,202307,202439,2024-10-04,84,13285,139,45,1.38502,1.04629,0.338728,2023,7,2023-02-12,2023-02-18,2022,2022-23,20,TRUE
Region 6,202308,202439,2024-10-04,83,13797,142,48,1.37711,1.02921,0.347902,2023,8,2023-02-19,2023-02-25,2022,2022-23,21,TRUE
Region 6,202309,202439,2024-10-04,82,13265,150,47,1.48511,1.1308,0.354316,2023,9,2023-02-26,2023-03-04,2022,2022-23,22,TRUE
Region 6,202310,202439,2024-10-04,81,12665,138,59,1.55547,1.08962,0.465851,2023,10,2023-03-05,2023-03-11,2022,2022-23,23,TRUE
Region 6,202311,202439,2024-10-04,80,11575,99,51,1.2959,0.855292,0.440605,2023,11,2023-03-12,2023-03-18,2022,2022-23,24,TRUE
Region 6,202312,202439,2024-10-04,79,11165,90,44,1.20018,0.80609,0.394089,2023,12,2023-03-19,2023-03-25,2022,2022-23,25,TRUE
Region 6,202313,202439,2024-10-04,78,10751,72,36,1.00456,0.669705,0.334853,2023,13,2023-03-26,2023-04-01,2022,2022-23,26,TRUE
Region 6,202314,202439,2024-10-04,77,9962,47,50,0.9737,0.471793,0.501907,2023,14,2023-04-02,2023-04-08,2022,2022-23,27,TRUE
Region 6,202315,202439,2024-10-04,76,9774,39,56,0.971966,0.399018,0.572949,2023,15,2023-04-09,2023-04-15,2022,2022-23,28,TRUE
Region 6,202316,202439,2024-10-04,75,9861,37,52,0.902545,0.375215,0.52733,2023,16,2023-04-16,2023-04-22,2022,2022-23,29,TRUE
Region 6,202317,202439,2024-10-04,74,9209,36,43,0.857856,0.390922,0.466935,2023,17,2023-04-23,2023-04-29,2022,2022-23,30,TRUE
Region 6,202318,202439,2024-10-04,73,8969,24,53,0.858513,0.267588,0.590924,2023,18,2023-04-30,2023-05-06,2022,2022-23,31,TRUE
Region 6,202319,202439,2024-10-04,72,7974,29,60,1.11613,0.363682,0.752445,2023,19,2023-05-07,2023-05-13,2022,2022-23,32,TRUE
Region 6,202320,202439,2024-10-04,71,7789,32,65,1.24535,0.410836,0.83451,2023,20,2023-05-14,2023-05-20,2022,2022-23,33,TRUE
Region 6,202321,202439,2024-10-04,70,7162,34,58,1.28456,0.474728,0.80983,2023,21,2023-05-21,2023-05-27,2022,2022-23,34,TRUE
Region 6,202322,202439,2024-10-04,69,6586,33,40,1.10841,0.501063,0.607349,2023,22,2023-05-28,2023-06-03,2022,2022-23,35,TRUE
Region 6,202323,202439,2024-10-04,68,6015,27,26,0.881131,0.448878,0.432253,2023,23,2023-06-04,2023-06-10,2022,2022-23,36,TRUE
Region 6,202324,202439,2024-10-04,67,5523,30,26,1.01394,0.543183,0.470759,2023,24,2023-06-11,2023-06-17,2022,2022-23,37,TRUE
Region 6,202325,202439,2024-10-04,66,5224,37,23,1.14855,0.70827,0.440276,2023,25,2023-06-18,2023-06-24,2022,2022-23,38,TRUE
Region 6,202326,202439,2024-10-04,65,4846,21,19,0.825423,0.433347,0.392076,2023,26,2023-06-25,2023-07-01,2022,2022-23,39,TRUE
Region 6,202327,202439,2024-10-04,64,4910,21,23,0.89613,0.427699,0.468432,2023,27,2023-07-02,2023-07-08,2022,2022-23,40,TRUE
Region 6,202328,202439,2024-10-04,63,4709,30,26,1.18921,0.637078,0.552134,2023,28,2023-07-09,2023-07-15,2022,2022-23,41,TRUE
Region 6,202329,202439,2024-10-04,62,5192,40,25,1.25193,0.770416,0.48151,2023,29,2023-07-16,2023-07-22,2022,2022-23,42,TRUE
Region 6,202330,202439,2024-10-04,61,5270,32,19,0.967742,0.607211,0.360531,2023,30,2023-07-23,2023-07-29,2022,2022-23,43,TRUE
Region 6,202331,202439,2024-10-04,60,4550,34,30,1.40659,0.747253,0.659341,2023,31,2023-07-30,2023-08-05,2022,2022-23,44,TRUE
Region 6,202332,202439,2024-10-04,59,6480,30,22,0.802469,0.462963,0.339506,2023,32,2023-08-06,2023-08-12,2022,2022-23,45,TRUE
Region 6,202333,202439,2024-10-04,58,8165,37,44,0.992039,0.453154,0.538885,2023,33,2023-08-13,2023-08-19,2022,2022-23,46,TRUE
Region 6,202334,202439,2024-10-04,57,10683,48,38,0.805017,0.449312,0.355705,2023,34,2023-08-20,2023-08-26,2022,2022-23,47,TRUE
Region 6,202335,202439,2024-10-04,56,12186,60,33,0.763171,0.492368,0.270803,2023,35,2023-08-27,2023-09-02,2022,2022-23,48,TRUE
Region 6,202336,202439,2024-10-04,55,11369,43,50,0.818014,0.378221,0.439792,2023,36,2023-09-03,2023-09-09,2022,2022-23,49,TRUE
Region 6,202337,202439,2024-10-04,54,10272,52,36,0.856698,0.506231,0.350467,2023,37,2023-09-10,2023-09-16,2022,2022-23,50,TRUE
Region 6,202338,202439,2024-10-04,53,8591,33,48,0.942847,0.384123,0.558724,2023,38,2023-09-17,2023-09-23,2022,2022-23,51,TRUE
Region 6,202339,202439,2024-10-04,52,10563,76,59,1.27805,0.719493,0.558553,2023,39,2023-09-24,2023-09-30,2022,2022-23,52,TRUE
Region 6,202340,202538,2025-09-26,102,10376,71,63,1.29144,0.684271,0.60717,2023,40,2023-10-01,2023-10-07,2023,2023-24,1,TRUE
Region 6,202341,202538,2025-09-26,101,10610,124,83,1.95099,1.16871,0.782281,2023,41,2023-10-08,2023-10-14,2023,2023-24,2,TRUE
Region 6,202342,202538,2025-09-26,100,11173,143,87,2.05853,1.27987,0.778663,2023,42,2023-10-15,2023-10-21,2023,2023-24,3,TRUE
Region 6,202343,202538,2025-09-26,99,11841,183,136,2.69403,1.54548,1.14855,2023,43,2023-10-22,2023-10-28,2023,2023-24,4,TRUE
Region 6,202344,202538,2025-09-26,98,12615,254,224,3.78914,2.01348,1.77566,2023,44,2023-10-29,2023-11-04,2023,2023-24,5,TRUE
Region 6,202345,202538,2025-09-26,97,14646,459,414,5.96067,3.13396,2.82671,2023,45,2023-11-05,2023-11-11,2023,2023-24,6,TRUE
Region 6,202346,202538,2025-09-26,96,15912,673,485,7.27753,4.22951,3.04801,2023,46,2023-11-12,2023-11-18,2023,2023-24,7,TRUE
Region 6,202347,202538,2025-09-26,95,14306,636,475,7.76597,4.44569,3.32029,2023,47,2023-11-19,2023-11-25,2023,2023-24,8,TRUE
Region 6,202348,202538,2025-09-26,94,16631,969,551,9.13956,5.82647,3.31309,2023,48,2023-11-26,2023-12-02,2023,2023-24,9,TRUE
Region 6,202349,202538,2025-09-26,93,18127,1696,756,13.5268,9.35621,4.17057,2023,49,2023-12-03,2023-12-09,2023,2023-24,10,TRUE
Region 6,202350,202538,2025-09-26,92,17960,2433,1118,19.7717,13.5468,6.22494,2023,50,2023-12-10,2023-12-16,2023,2023-24,11,TRUE
Region 6,202351,202538,2025-09-26,91,22250,4044,1563,25.2,18.1753,7.02472,2023,51,2023-12-17,2023-12-23,2023,2023-24,12,TRUE
Region 6,202352,202538,2025-09-26,90,20273,3446,1359,23.7015,16.998,6.7035,2023,52,2023-12-24,2023-12-30,2023,2023-24,13,TRUE
Region 6,202401,202538,2025-09-26,89,12695,1866,984,22.4498,14.6987,7.75108,2024,1,2023-12-31,2024-01-06,2023,2023-24,14,TRUE
Region 6,202402,202538,2025-09-26,88,17202,2577,1061,21.1487,14.9808,6.16789,2024,2,2024-01-07,2024-01-13,2023,2023-24,15,TRUE
Region 6,202403,202538,2025-09-26,87,16761,2731,1166,23.2504,16.2938,6.95663,2024,3,2024-01-14,2024-01-20,2023,2023-24,16,TRUE
Region 6,202404,202538,2025-09-26,86,20973,3961,1725,27.111,18.8862,8.22486,2024,4,2024-01-21,2024-01-27,2023,2023-24,17,TRUE
Region 6,202405,202538,2025-09-26,85,22405,3766,2215,26.6949,16.8087,9.88619,2024,5,2024-01-28,2024-02-03,2023,2023-24,18,TRUE
Region 6,202406,202538,2025-09-26,84,21268,2559,1998,21.4266,12.0322,9.3944,2024,6,2024-02-04,2024-02-10,2023,2023-24,19,TRUE
Region 6,202407,202538,2025-09-26,83,18890,1877,1723,19.0577,9.93647,9.12123,2024,7,2024-02-11,2024-02-17,2023,2023-24,20,TRUE
Region 6,202408,202538,2025-09-26,82,18191,1509,1568,16.915,8.29531,8.61965,2024,8,2024-02-18,2024-02-24,2023,2023-24,21,TRUE
Region 6,202409,202538,2025-09-26,81,16625,1089,1306,14.406,6.55038,7.85564,2024,9,2024-02-25,2024-03-02,2023,2023-24,22,TRUE
Region 6,202410,202538,2025-09-26,80,15773,940,1285,14.1064,5.95955,8.14683,2024,10,2024-03-03,2024-03-09,2023,2023-24,23,TRUE
Region 6,202411,202538,2025-09-26,79,14428,716,970,11.6856,4.96257,6.72304,2024,11,2024-03-10,2024-03-16,2023,2023-24,24,TRUE
Region 6,202412,202538,2025-09-26,78,13279,572,673,9.37571,4.30755,5.06815,2024,12,2024-03-17,2024-03-23,2023,2023-24,25,TRUE
Region 6,202413,202538,2025-09-26,77,12537,415,519,7.44995,3.3102,4.13975,2024,13,2024-03-24,2024-03-30,2023,2023-24,26,TRUE
Region 6,202414,202538,2025-09-26,76,11934,300,316,5.16172,2.51383,2.6479,2024,14,2024-03-31,2024-04-06,2023,2023-24,27,TRUE
Region 6,202415,202538,2025-09-26,75,11641,221,251,4.05463,1.89846,2.15617,2024,15,2024-04-07,2024-04-13,2023,2023-24,28,TRUE
Region 6,202416,202538,2025-09-26,74,10920,191,195,3.5348,1.74908,1.78571,2024,16,2024-04-14,2024-04-20,2023,2023-24,29,TRUE
Region 6,202417,202538,2025-09-26,73,10639,131,169,2.81981,1.23132,1.5885,2024,17,2024-04-21,2024-04-27,2023,2023-24,30,TRUE
Region 6,202418,202538,2025-09-26,72,9365,135,92,2.42392,1.44154,0.982381,2024,18,2024-04-28,2024-05-04,2023,2023-24,31,TRUE
Region 6,202419,202538,2025-09-26,71,8973,114,51,1.83885,1.27048,0.568372,2024,19,2024-05-05,2024-05-11,2023,2023-24,32,TRUE
Region 6,202420,202538,2025-09-26,70,9005,99,52,1.67685,1.09939,0.577457,2024,20,2024-05-12,2024-05-18,2023,2023-24,33,TRUE
Region 6,202421,202538,2025-09-26,69,8889,88,31,1.33873,0.989988,0.348746,2024,21,2024-05-19,2024-05-25,2023,2023-24,34,TRUE
Region 6,202422,202538,2025-09-26,68,7507,72,28,1.33209,0.959105,0.372985,2024,22,2024-05-26,2024-06-01,2023,2023-24,35,TRUE
Region 6,202423,202538,2025-09-26,67,8412,71,17,1.04612,0.844032,0.202092,2024,23,2024-06-02,2024-06-08,2023,2023-24,36,TRUE
Region 6,202424,202538,2025-09-26,66,7394,62,11,0.987287,0.838518,0.148769,2024,24,2024-06-09,2024-06-15,2023,2023-24,37,TRUE
Region 6,202425,202538,2025-09-26,65,7218,40,4,0.609587,0.55417,0.055417,2024,25,2024-06-16,2024-06-22,2023,2023-24,38,TRUE
Region 6,202426,202538,2025-09-26,64,7436,40,4,0.591716,0.537924,0.0537924,2024,26,2024-06-23,2024-06-29,2023,2023-24,39,TRUE
Region 6,202427,202538,2025-09-26,63,7369,47,5,0.705659,0.637807,0.0678518,2024,27,2024-06-30,2024-07-06,2023,2023-24,40,TRUE
Region 6,202428,202538,2025-09-26,62,7694,48,6,0.701846,0.623863,0.0779828,2024,28,2024-07-07,2024-07-13,2023,2023-24,41,TRUE
Region 6,202429,202538,2025-09-26,61,8091,40,5,0.556174,0.494376,0.0617971,2024,29,2024-07-14,2024-07-20,2023,2023-24,42,TRUE
Region 6,202430,202538,2025-09-26,60,9048,41,5,0.5084,0.453139,0.0552608,2024,30,2024-07-21,2024-07-27,2023,2023-24,43,TRUE
Region 6,202431,202538,2025-09-26,59,9418,35,6,0.435337,0.371629,0.0637078,2024,31,2024-07-28,2024-08-03,2023,2023-24,44,TRUE
Region 6,202432,202538,2025-09-26,58,9350,29,3,0.342246,0.31016,0.0320856,2024,32,2024-08-04,2024-08-10,2023,2023-24,45,TRUE
Region 6,202433,202538,2025-09-26,57,10018,44,0,0.439209,0.439209,0,2024,33,2024-08-11,2024-08-17,2023,2023-24,46,TRUE
Region 6,202434,202538,2025-09-26,56,11992,54,6,0.500334,0.4503,0.0500334,2024,34,2024-08-18,2024-08-24,2023,2023-24,47,TRUE
Region 6,202435,202538,2025-09-26,55,12780,54,13,0.524257,0.422535,0.101721,2024,35,2024-08-25,2024-08-31,2023,2023-24,48,TRUE
Region 6,202436,202538,2025-09-26,54,11928,57,4,0.511402,0.477867,0.0335345,2024,36,2024-09-01,2024-09-07,2023,2023-24,49,TRUE
Region 6,202437,202538,2025-09-26,53,11543,61,4,0.563112,0.528459,0.034653,2024,37,2024-09-08,2024-09-14,2023,2023-24,50,TRUE
Region 6,202438,202538,2025-09-26,52,11244,79,4,0.738171,0.702597,0.0355745,2024,38,2024-09-15,2024-09-21,2023,2023-24,51,TRUE
Region 6,202439,202538,2025-09-26,51,8640,55,4,0.68287,0.636574,0.0462963,2024,39,2024-09-22,2024-09-28,2023,2023-24,52,TRUE
Region 6,202440,202638,2026-10-02,103,9356,70,4,0.790936,0.748183,0.0427533,2024,40,2024-09-29,2024-10-05,2024,2024-25,1,TRUE
Region 6,202441,202638,2026-10-02,102,9433,86,6,0.975299,0.911693,0.0636065,2024,41,2024-10-06,2024-10-12,2024,2024-25,2,TRUE
Region 6,202442,202638,2026-10-02,101,9436,93,14,1.13396,0.985587,0.148368,2024,42,2024-10-13,2024-10-19,2024,2024-25,3,TRUE
Region 6,202443,202638,2026-10-02,100,9679,127,15,1.46709,1.31212,0.154975,2024,43,2024-10-20,2024-10-26,2024,2024-25,4,TRUE
Region 6,202444,202638,2026-10-02,99,9989,153,7,1.60176,1.53168,0.0700771,2024,44,2024-10-27,2024-11-02,2024,2024-25,5,TRUE
Region 6,202445,202638,2026-10-02,98,10485,226,13,2.27945,2.15546,0.123987,2024,45,2024-11-03,2024-11-09,2024,2024-25,6,TRUE
Region 6,202446,202638,2026-10-02,97,11629,322,23,2.96672,2.76894,0.197781,2024,46,2024-11-10,2024-11-16,2024,2024-25,7,TRUE
Region 6,202447,202638,2026-10-02,96,12863,468,25,3.8327,3.63834,0.194356,2024,47,2024-11-17,2024-11-23,2024,2024-25,8,TRUE
Region 6,202448,202638,2026-10-02,95,12263,605,22,5.11294,4.93354,0.179401,2024,48,2024-11-24,2024-11-30,2024,2024-25,9,TRUE
Region 6,202449,202638,2026-10-02,94,13991,802,33,5.96812,5.73226,0.235866,2024,49,2024-12-01,2024-12-07,2024,2024-25,10,TRUE
Region 6,202450,202638,2026-10-02,93,14680,1660,34,11.5395,11.3079,0.231608,2024,50,2024-12-08,2024-12-14,2024,2024-25,11,TRUE
Region 6,202451,202638,2026-10-02,92,16786,2978,50,18.0388,17.741,0.297867,2024,51,2024-12-15,2024-12-21,2024,2024-25,12,TRUE
Region 6,202452,202638,2026-10-02,91,17665,3832,51,21.9813,21.6926,0.288706,2024,52,2024-12-22,2024-12-28,2024,2024-25,13,TRUE
Region 6,202501,202638,2026-10-02,90,17475,4097,59,23.7825,23.4449,0.337625,2025,1,2024-12-29,2025-01-04,2024,2024-25,14,TRUE
Region 6,202502,202638,2026-10-02,89,14787,3295,37,22.5333,22.2831,0.25022,2025,2,2025-01-05,2025-01-11,2024,2024-25,15,TRUE
Region 6,202503,202638,2026-10-02,88,15967,4446,43,28.1142,27.8449,0.269305,2025,3,2025-01-12,2025-01-18,2024,2024-25,16,TRUE
Region 6,202504,202638,2026-10-02,87,15873,5013,63,31.9788,31.5819,0.3969,2025,4,2025-01-19,2025-01-25,2024,2024-25,17,TRUE
Region 6,202505,202638,2026-10-02,86,20233,7447,102,37.3103,36.8062,0.504127,2025,5,2025-01-26,2025-02-01,2024,2024-25,18,TRUE
Region 6,202506,202638,2026-10-02,85,20072,6396,135,32.5379,31.8653,0.672579,2025,6,2025-02-02,2025-02-08,2024,2024-25,19,TRUE
Region 6,202507,202638,2026-10-02,84,17028,4153,125,25.1233,24.3892,0.734085,2025,7,2025-02-09,2025-02-15,2024,2024-25,20,TRUE
Region 6,202508,202638,2026-10-02,83,14381,2838,170,20.9165,19.7344,1.18212,2025,8,2025-02-16,2025-02-22,2024,2024-25,21,TRUE
Region 6,202509,202638,2026-10-02,82,15434,2401,196,16.8265,15.5566,1.26992,2025,9,2025-02-23,2025-03-01,2024,2024-25,22,TRUE
Region 6,202510,202638,2026-10-02,81,13580,1762,158,14.1384,12.975,1.16348,2025,10,2025-03-02,2025-03-08,2024,2024-25,23,TRUE
Region 6,202511,202638,2026-10-02,80,12637,1269,151,11.2368,10.0419,1.1949,2025,11,2025-03-09,2025-03-15,2024,2024-25,24,TRUE
Region 6,202512,202638,2026-10-02,79,11207,797,145,8.40546,7.11163,1.29383,2025,12,2025-03-16,2025-03-22,2024,2024-25,25,TRUE
Region 6,202513,202638,2026-10-02,78,11155,689,168,7.68265,6.1766,1.5060500000000001,2025,13,2025-03-23,2025-03-29,2024,2024-25,26,TRUE
Region 6,202514,202638,2026-10-02,77,10188,451,173,6.12485,4.42678,1.69808,2025,14,2025-03-30,2025-04-05,2024,2024-25,27,TRUE
Region 6,202515,202638,2026-10-02,76,10431,336,187,5.0139,3.22117,1.79273,2025,15,2025-04-06,2025-04-12,2024,2024-25,28,TRUE
Region 6,202516,202638,2026-10-02,75,10369,238,195,4.17591,2.2953,1.88061,2025,16,2025-04-13,2025-04-19,2024,2024-25,29,TRUE
Region 6,202517,202638,2026-10-02,74,9767,160,181,3.49135,1.63817,1.85318,2025,17,2025-04-20,2025-04-26,2024,2024-25,30,TRUE
Region 6,202518,202638,2026-10-02,73,8978,122,174,3.29695,1.35888,1.93807,2025,18,2025-04-27,2025-05-03,2024,2024-25,31,TRUE
Region 6,202519,202638,2026-10-02,72,8145,51,131,2.2345,0.626151,1.60835,2025,19,2025-05-04,2025-05-10,2024,2024-25,32,TRUE
Region 6,202520,202638,2026-10-02,71,8147,60,132,2.3567,0.736467,1.62023,2025,20,2025-05-11,2025-05-17,2024,2024-25,33,TRUE
Region 6,202521,202638,2026-10-02,70,7757,45,154,2.56542,0.580121,1.9853,2025,21,2025-05-18,2025-05-24,2024,2024-25,34,TRUE
Region 6,202522,202638,2026-10-02,69,7501,64,174,3.17291,0.85322,2.31969,2025,22,2025-05-25,2025-05-31,2024,2024-25,35,TRUE
Region 6,202523,202638,2026-10-02,68,6736,51,133,2.73159,0.757126,1.97447,2025,23,2025-06-01,2025-06-07,2024,2024-25,36,TRUE
Region 6,202524,202638,2026-10-02,67,6025,23,69,1.52697,0.381743,1.14523,2025,24,2025-06-08,2025-06-14,2024,2024-25,37,TRUE
Region 6,202525,202638,2026-10-02,66,5286,28,42,1.32425,0.529701,0.794552,2025,25,2025-06-15,2025-06-21,2024,2024-25,38,TRUE
Region 6,202526,202638,2026-10-02,65,5101,23,37,1.17624,0.450892,0.725348,2025,26,2025-06-22,2025-06-28,2024,2024-25,39,TRUE
Region 6,202527,202638,2026-10-02,64,4841,24,37,1.26007,0.495765,0.764305,2025,27,2025-06-29,2025-07-05,2024,2024-25,40,TRUE
Region 6,202528,202638,2026-10-02,63,5099,15,30,0.882526,0.294175,0.588351,2025,28,2025-07-06,2025-07-12,2024,2024-25,41,TRUE
Region 6,202529,202638,2026-10-02,62,5159,10,12,0.426439,0.193836,0.232603,2025,29,2025-07-13,2025-07-19,2024,2024-25,42,TRUE
Region 6,202530,202638,2026-10-02,61,5349,11,7,0.336511,0.205646,0.130866,2025,30,2025-07-20,2025-07-26,2024,2024-25,43,TRUE
Region 6,202531,202638,2026-10-02,60,5449,13,18,0.568912,0.238576,0.330336,2025,31,2025-07-27,2025-08-02,2024,2024-25,44,TRUE
Region 6,202532,202638,2026-10-02,59,5699,8,8,0.280751,0.140376,0.140376,2025,32,2025-08-03,2025-08-09,2024,2024-25,45,TRUE
Region 6,202533,202638,2026-10-02,58,6703,21,12,0.492317,0.313293,0.179024,2025,33,2025-08-10,2025-08-16,2024,2024-25,46,TRUE
Region 6,202534,202638,2026-10-02,57,9345,17,13,0.321027,0.181915,0.139112,2025,34,2025-08-17,2025-08-23,2024,2024-25,47,TRUE
Region 6,202535,202638,2026-10-02,56,10140,26,11,0.364892,0.25641,0.108481,2025,35,2025-08-24,2025-08-30,2024,2024-25,48,TRUE
Region 6,202536,202638,2026-10-02,55,8471,26,4,0.354149,0.30693,0.0472199,2025,36,2025-08-31,2025-09-06,2024,2024-25,49,TRUE
Region 6,202537,202638,2026-10-02,54,8610,42,4,0.534262,0.487805,0.0464576,2025,37,2025-09-07,2025-09-13,2024,2024-25,50,TRUE
Region 6,202538,202638,2026-10-02,53,8017,31,7,0.473993,0.386678,0.0873145,2025,38,2025-09-14,2025-09-20,2024,2024-25,51,TRUE
Region 6,202539,202638,2026-10-02,52,8021,68,15,1.03478,0.847775,0.187009,2025,39,2025-09-21,2025-09-27,2024,2024-25,52,TRUE
Region 6,202540,202638,2026-10-02,51,7776,55,13,0.874486,0.707305,0.167181,2025,40,2025-09-28,2025-10-04,2025,2025-26,1,TRUE
Region 6,202541,202638,2026-10-02,50,7671,59,22,1.05592,0.76913,0.286794,2025,41,2025-10-05,2025-10-11,2025,2025-26,2,TRUE
Region 6,202542,202638,2026-10-02,49,7283,70,19,1.22202,0.961142,0.260882,2025,42,2025-10-12,2025-10-18,2025,2025-26,3,TRUE
Region 6,202543,202638,2026-10-02,48,7396,94,19,1.52785,1.27096,0.256896,2025,43,2025-10-19,2025-10-25,2025,2025-26,4,TRUE
Region 6,202544,202638,2026-10-02,47,7499,116,33,1.98693,1.54687,0.440059,2025,44,2025-10-26,2025-11-01,2025,2025-26,5,TRUE
Region 6,202545,202638,2026-10-02,46,8407,224,59,3.36624,2.66445,0.701796,2025,45,2025-11-02,2025-11-08,2025,2025-26,6,TRUE
Region 6,202546,202638,2026-10-02,45,9326,461,79,5.79026,4.94317,0.847094,2025,46,2025-11-09,2025-11-15,2025,2025-26,7,TRUE
Region 6,202547,202638,2026-10-02,44,10589,871,149,9.63264,8.22552,1.40712,2025,47,2025-11-16,2025-11-22,2025,2025-26,8,TRUE
Region 6,202548,202638,2026-10-02,43,9140,1103,105,13.2166,12.0678,1.1488,2025,48,2025-11-23,2025-11-29,2025,2025-26,9,TRUE
Region 6,202549,202638,2026-10-02,42,10139,961,131,10.7703,9.47825,1.29204,2025,49,2025-11-30,2025-12-06,2025,2025-26,10,TRUE
Region 6,202550,202638,2026-10-02,41,12218,2160,212,19.414,17.6788,1.73514,2025,50,2025-12-07,2025-12-13,2025,2025-26,11,TRUE
Region 6,202551,202638,2026-10-02,40,16207,4501,488,30.783,27.772,3.01104,2025,51,2025-12-14,2025-12-20,2025,2025-26,12,TRUE
Region 6,202552,202638,2026-10-02,39,17423,5956,674,38.0531,34.1847,3.86845,2025,52,2025-12-21,2025-12-27,2025,2025-26,13,TRUE
Region 6,202553,202638,2026-10-02,38,14326,3723,393,28.731,25.9877,2.74326,2025,53,2025-12-28,2026-01-03,2025,2025-26,14,TRUE
Region 6,202601,202638,2026-10-02,37,13066,2459,291,21.047,18.8198,2.22715,2026,1,2026-01-04,2026-01-10,2025,2025-26,15,TRUE
Region 6,202602,202638,2026-10-02,36,12163,2000,357,19.3784,16.4433,2.93513,2026,2,2026-01-11,2026-01-17,2025,2025-26,16,TRUE
Region 6,202603,202638,2026-10-02,35,12750,2342,574,22.8706,18.3686,4.50196,2026,3,2026-01-18,2026-01-24,2025,2025-26,17,TRUE
Region 6,202604,202638,2026-10-02,34,11853,1761,863,22.1379,14.857,7.28086,2026,4,2026-01-25,2026-01-31,2025,2025-26,18,TRUE
Region 6,202605,202638,2026-10-02,33,13636,1708,1388,22.7046,12.5257,10.1789,2026,5,2026-02-01,2026-02-07,2025,2025-26,19,TRUE
Region 6,202606,202638,2026-10-02,32,14251,1500,1867,23.6264,10.5256,13.1008,2026,6,2026-02-08,2026-02-14,2025,2025-26,20,TRUE
Region 6,202607,202638,2026-10-02,31,13337,1032,1893,21.9315,7.73787,14.1936,2026,7,2026-02-15,2026-02-21,2025,2025-26,21,TRUE
Region 6,202608,202638,2026-10-02,30,12999,732,1683,18.5784,5.6312,12.9471,2026,8,2026-02-22,2026-02-28,2025,2025-26,22,TRUE
Region 6,202609,202638,2026-10-02,29,12502,518,1618,17.0853,4.14334,12.9419,2026,9,2026-03-01,2026-03-07,2025,2025-26,23,TRUE
Region 6,202610,202638,2026-10-02,28,10887,308,1367,15.3853,2.82906,12.5563,2026,10,2026-03-08,2026-03-14,2025,2025-26,24,TRUE
Region 6,202611,202638,2026-10-02,27,10051,164,1143,13.0037,1.63168,11.372,2026,11,2026-03-15,2026-03-21,2025,2025-26,25,TRUE
Region 6,202612,202638,2026-10-02,26,9037,138,861,11.0546,1.52706,9.5275,2026,12,2026-03-22,2026-03-28,2025,2025-26,26,TRUE
Region 6,202613,202638,2026-10-02,25,8431,83,560,7.62662,0.984462,6.64215,2026,13,2026-03-29,2026-04-04,2025,2025-26,27,TRUE
Region 6,202614,202638,2026-10-02,24,8203,73,424,6.05876,0.889918,5.16884,2026,14,2026-04-05,2026-04-11,2025,2025-26,28,TRUE
Region 6,202615,202638,2026-10-02,23,8013,51,261,3.89367,0.636466,3.25721,2026,15,2026-04-12,2026-04-18,2025,2025-26,29,TRUE
Region 6,202616,202638,2026-10-02,22,7446,44,206,3.35751,0.590921,2.76659,2026,16,2026-04-19,2026-04-25,2025,2025-26,30,TRUE
Region 6,202617,202638,2026-10-02,21,6709,49,146,2.90654,0.730362,2.17618,2026,17,2026-04-26,2026-05-02,2025,2025-26,31,TRUE
Region 6,202618,202638,2026-10-02,20,6926,25,107,1.90586,0.360959,1.5449,2026,18,2026-05-03,2026-05-09,2025,2025-26,32,TRUE
Region 6,202619,202638,2026-10-02,19,6647,15,74,1.33895,0.225666,1.11328,2026,19,2026-05-10,2026-05-16,2025,2025-26,33,TRUE
Region 6,202620,202638,2026-10-02,18,6050,13,59,1.19008,0.214876,0.975207,2026,20,2026-05-17,2026-05-23,2025,2025-26,34,TRUE
Region 6,202621,202638,2026-10-02,17,5533,7,59,1.19284,0.126514,1.06633,2026,21,2026-05-24,2026-05-30,2025,2025-26,35,TRUE
Region 6,202622,202638,2026-10-02,16,5038,7,32,0.774117,0.138944,0.635173,2026,22,2026-05-31,2026-06-06,2025,2025-26,36,TRUE
Region 6,202623,202638,2026-10-02,15,4708,8,23,0.658454,0.169924,0.48853,2026,23,2026-06-07,2026-06-13,2025,2025-26,37,TRUE
Region 6,202624,202638,2026-10-02,14,4246,5,12,0.400377,0.117758,0.282619,2026,24,2026-06-14,2026-06-20,2025,2025-26,38,TRUE
Region 6,202625,202638,2026-10-02,13,4080,6,10,0.392157,0.147059,0.245098,2026,25,2026-06-21,2026-06-27,2025,2025-26,39,TRUE
Region 6,202626,202638,2026-10-02,12,4424,27,15,0.949367,0.610307,0.33906,2026,26,2026-06-28,2026-07-04,2025,2025-26,40,TRUE
Region 6,202627,202638,2026-10-02,11,3868,17,10,0.698035,0.439504,0.258532,2026,27,2026-07-05,2026-07-11,2025,2025-26,41,TRUE
Region 6,202628,202638,2026-10-02,10,3753,24,13,0.985878,0.639488,0.34639,2026,28,2026-07-12,2026-07-18,2025,2025-26,42,TRUE
Region 6,202629,202638,2026-10-02,9,3811,12,4,0.419837,0.314878,0.104959,2026,29,2026-07-19,2026-07-25,2025,2025-26,43,TRUE
Region 6,202630,202638,2026-10-02,8,3920,11,4,0.382653,0.280612,0.102041,2026,30,2026-07-26,2026-08-01,2025,2025-26,44,TRUE
Region 6,202631,202638,2026-10-02,7,4141,17,5,0.531273,0.410529,0.120744,2026,31,2026-08-02,2026-08-08,2025,2025-26,45,TRUE
Region 6,202632,202638,2026-10-02,6,4434,21,6,0.608931,0.473613,0.135318,2026,32,2026-08-09,2026-08-15,2025,2025-26,46,TRUE
Region 6,202633,202638,2026-10-02,5,5992,36,11,0.784379,0.600801,0.183578,2026,33,2026-08-16,2026-08-22,2025,2025-26,47,TRUE
Region 6,202634,202638,2026-10-02,4,7376,57,12,0.935466,0.772777,0.16269,2026,34,2026-08-23,2026-08-29,2025,2025-26,48,TRUE
Region 6,202635,202638,2026-10-02,3,7432,61,6,0.901507,0.820775,0.080732,2026,35,2026-08-30,2026-09-05,2025,2025-26,49,TRUE
Region 6,202636,202638,2026-10-02,2,6897,74,6,1.15992,1.07293,0.0869943,2026,36,2026-09-06,2026-09-12,2025,2025-26,50,TRUE
Region 6,202637,202638,2026-10-02,1,6882,113,14,1.84539,1.64196,0.203429,2026,37,2026-09-13,2026-09-19,2025,2025-26,51,TRUE
Region 6,202638,202638,2026-10-02,0,5266,149,9,3.00038,2.82947,0.170908,2026,38,2026-09-20,2026-09-26,2025,2025-26,52,TRUE
Region 7,201940,202139,2021-10-08,104,1071,2,1,0.28011200000000003,0.186741,0.0933707,2019,40,2019-09-29,2019-10-05,2019,2019-20,1,FALSE
Region 7,201941,202139,2021-10-08,103,1243,7,0,0.563154,0.563154,0,2019,41,2019-10-06,2019-10-12,2019,2019-20,2,FALSE
Region 7,201942,202139,2021-10-08,102,1365,0,0,0,0,0,2019,42,2019-10-13,2019-10-19,2019,2019-20,3,FALSE
Region 7,201943,202139,2021-10-08,101,1454,3,0,0.206327,0.206327,0,2019,43,2019-10-20,2019-10-26,2019,2019-20,4,FALSE
Region 7,201944,202139,2021-10-08,100,1462,3,2,0.341997,0.205198,0.136799,2019,44,2019-10-27,2019-11-02,2019,2019-20,5,FALSE
Region 7,201945,202139,2021-10-08,99,1059,7,1,0.75543,0.661001,0.0944287,2019,45,2019-11-03,2019-11-09,2019,2019-20,6,FALSE
Region 7,201946,202139,2021-10-08,98,1085,20,12,2.94931,1.84332,1.10599,2019,46,2019-11-10,2019-11-16,2019,2019-20,7,FALSE
Region 7,201947,202139,2021-10-08,97,2072,62,22,4.05405,2.99228,1.06178,2019,47,2019-11-17,2019-11-23,2019,2019-20,8,FALSE
Region 7,201948,202139,2021-10-08,96,2072,59,52,5.35714,2.84749,2.50965,2019,48,2019-11-24,2019-11-30,2019,2019-20,9,FALSE
Region 7,201949,202139,2021-10-08,95,2326,67,91,6.79278,2.88048,3.9123,2019,49,2019-12-01,2019-12-07,2019,2019-20,10,FALSE
Region 7,201950,202139,2021-10-08,94,2882,130,288,14.5038,4.51076,9.99306,2019,50,2019-12-08,2019-12-14,2019,2019-20,11,FALSE
Region 7,201951,202139,2021-10-08,93,3374,192,561,22.3177,5.69057,16.6271,2019,51,2019-12-15,2019-12-21,2019,2019-20,12,FALSE
Region 7,201952,202139,2021-10-08,92,4038,321,809,27.9842,7.94948,20.0347,2019,52,2019-12-22,2019-12-28,2019,2019-20,13,FALSE
Region 7,202001,202139,2021-10-08,91,3934,294,619,23.2079,7.47331,15.7346,2020,1,2019-12-29,2020-01-04,2019,2019-20,14,FALSE
Region 7,202002,202139,2021-10-08,90,3489,263,502,21.9261,7.53798,14.3881,2020,2,2020-01-05,2020-01-11,2019,2019-20,15,FALSE
Region 7,202003,202139,2021-10-08,89,3463,277,599,25.296,7.99884,17.2971,2020,3,2020-01-12,2020-01-18,2019,2019-20,16,FALSE
Region 7,202004,202139,2021-10-08,88,3585,460,654,31.0739,12.8312,18.2427,2020,4,2020-01-19,2020-01-25,2019,2019-20,17,FALSE
Region 7,202005,202139,2021-10-08,87,4058,662,717,33.9823,16.3135,17.6688,2020,5,2020-01-26,2020-02-01,2019,2019-20,18,FALSE
Region 7,202006,202139,2021-10-08,86,4415,812,809,36.7157,18.3918,18.3239,2020,6,2020-02-02,2020-02-08,2019,2019-20,19,FALSE
Region 7,202007,202139,2021-10-08,85,4600,947,690,35.587,20.587,15,2020,7,2020-02-09,2020-02-15,2019,2019-20,20,FALSE
Region 7,202008,202139,2021-10-08,84,4297,927,611,35.7924,21.5732,14.2192,2020,8,2020-02-16,2020-02-22,2019,2019-20,21,FALSE
Region 7,202009,202139,2021-10-08,83,4320,879,513,32.2222,20.3472,11.875,2020,9,2020-02-23,2020-02-29,2019,2019-20,22,FALSE
Region 7,202010,202139,2021-10-08,82,2904,553,320,30.062,19.0427,11.0193,2020,10,2020-03-01,2020-03-07,2019,2019-20,23,FALSE
Region 7,202011,202139,2021-10-08,81,4313,561,311,20.2179,13.0072,7.21076,2020,11,2020-03-08,2020-03-14,2019,2019-20,24,FALSE
Region 7,202012,202139,2021-10-08,80,4416,208,146,8.0163,4.71014,3.30616,2020,12,2020-03-15,2020-03-21,2019,2019-20,25,FALSE
Region 7,202013,202139,2021-10-08,79,1156,22,12,2.94118,1.90311,1.03806,2020,13,2020-03-22,2020-03-28,2019,2019-20,26,FALSE
Region 7,202014,202139,2021-10-08,78,1782,10,10,1.12233,0.561167,0.561167,2020,14,2020-03-29,2020-04-04,2019,2019-20,27,FALSE
Region 7,202015,202139,2021-10-08,77,1189,3,1,0.336417,0.252313,0.0841043,2020,15,2020-04-05,2020-04-11,2019,2019-20,28,FALSE
Region 7,202016,202139,2021-10-08,76,804,5,2,0.870647,0.621891,0.248756,2020,16,2020-04-12,2020-04-18,2019,2019-20,29,FALSE
Region 7,202017,202139,2021-10-08,75,733,0,0,0,0,0,2020,17,2020-04-19,2020-04-25,2019,2019-20,30,FALSE
Region 7,202018,202139,2021-10-08,74,504,2,1,0.595238,0.396825,0.198413,2020,18,2020-04-26,2020-05-02,2019,2019-20,31,FALSE
Region 7,202019,202139,2021-10-08,73,474,0,2,0.421941,0,0.421941,2020,19,2020-05-03,2020-05-09,2019,2019-20,32,FALSE
Region 7,202020,202139,2021-10-08,72,181,0,0,0,0,0,2020,20,2020-05-10,2020-05-16,2019,2019-20,33,FALSE
Region 7,202021,202139,2021-10-08,71,407,1,1,0.4914,0.2457,0.2457,2020,21,2020-05-17,2020-05-23,2019,2019-20,34,FALSE
Region 7,202022,202139,2021-10-08,70,137,0,0,0,0,0,2020,22,2020-05-24,2020-05-30,2019,2019-20,35,FALSE
Region 7,202023,202139,2021-10-08,69,375,1,0,0.266667,0.266667,0,2020,23,2020-05-31,2020-06-06,2019,2019-20,36,FALSE
Region 7,202024,202139,2021-10-08,68,329,0,0,0,0,0,2020,24,2020-06-07,2020-06-13,2019,2019-20,37,FALSE
Region 7,202025,202139,2021-10-08,67,118,0,0,0,0,0,2020,25,2020-06-14,2020-06-20,2019,2019-20,38,FALSE
Region 7,202026,202139,2021-10-08,66,362,0,1,0.276243,0,0.276243,2020,26,2020-06-21,2020-06-27,2019,2019-20,39,FALSE
Region 7,202027,202139,2021-10-08,65,346,0,0,0,0,0,2020,27,2020-06-28,2020-07-04,2019,2019-20,40,FALSE
Region 7,202028,202139,2021-10-08,64,201,0,0,0,0,0,2020,28,2020-07-05,2020-07-11,2019,2019-20,41,FALSE
Region 7,202029,202139,2021-10-08,63,425,0,2,0.470588,0,0.470588,2020,29,2020-07-12,2020-07-18,2019,2019-20,42,FALSE
Region 7,202030,202139,2021-10-08,62,459,0,0,0,0,0,2020,30,2020-07-19,2020-07-25,2019,2019-20,43,FALSE
Region 7,202031,202139,2021-10-08,61,418,0,1,0.239234,0,0.239234,2020,31,2020-07-26,2020-08-01,2019,2019-20,44,FALSE
Region 7,202032,202139,2021-10-08,60,464,1,0,0.215517,0.215517,0,2020,32,2020-08-02,2020-08-08,2019,2019-20,45,FALSE
Region 7,202033,202139,2021-10-08,59,463,0,0,0,0,0,2020,33,2020-08-09,2020-08-15,2019,2019-20,46,FALSE
Region 7,202034,202139,2021-10-08,58,515,0,0,0,0,0,2020,34,2020-08-16,2020-08-22,2019,2019-20,47,FALSE
Region 7,202035,202139,2021-10-08,57,516,0,0,0,0,0,2020,35,2020-08-23,2020-08-29,2019,2019-20,48,FALSE
Region 7,202036,202139,2021-10-08,56,576,0,0,0,0,0,2020,36,2020-08-30,2020-09-05,2019,2019-20,49,FALSE
Region 7,202037,202139,2021-10-08,55,533,0,0,0,0,0,2020,37,2020-09-06,2020-09-12,2019,2019-20,50,FALSE
Region 7,202038,202139,2021-10-08,54,582,1,0,0.171821,0.171821,0,2020,38,2020-09-13,2020-09-19,2019,2019-20,51,FALSE
Region 7,202039,202139,2021-10-08,53,757,0,0,0,0,0,2020,39,2020-09-20,2020-09-26,2019,2019-20,52,FALSE
Region 7,202040,202239,2022-10-07,104,859,0,0,0,0,0,2020,40,2020-09-27,2020-10-03,2020,2020-21,1,FALSE
Region 7,202041,202239,2022-10-07,103,953,0,1,0.104932,0,0.104932,2020,41,2020-10-04,2020-10-10,2020,2020-21,2,FALSE
Region 7,202042,202239,2022-10-07,102,599,1,0,0.166945,0.166945,0,2020,42,2020-10-11,2020-10-17,2020,2020-21,3,FALSE
Region 7,202043,202239,2022-10-07,101,1061,0,0,0,0,0,2020,43,2020-10-18,2020-10-24,2020,2020-21,4,FALSE
Region 7,202044,202239,2022-10-07,100,1153,0,0,0,0,0,2020,44,2020-10-25,2020-10-31,2020,2020-21,5,FALSE
Region 7,202045,202239,2022-10-07,99,884,0,0,0,0,0,2020,45,2020-11-01,2020-11-07,2020,2020-21,6,FALSE
Region 7,202046,202239,2022-10-07,98,1159,0,1,0.0862813,0,0.0862813,2020,46,2020-11-08,2020-11-14,2020,2020-21,7,FALSE
Region 7,202047,202239,2022-10-07,97,1149,0,0,0,0,0,2020,47,2020-11-15,2020-11-21,2020,2020-21,8,FALSE
Region 7,202048,202239,2022-10-07,96,1074,0,0,0,0,0,2020,48,2020-11-22,2020-11-28,2020,2020-21,9,FALSE
Region 7,202049,202239,2022-10-07,95,1881,0,3,0.15949,0,0.15949,2020,49,2020-11-29,2020-12-05,2020,2020-21,10,FALSE
Region 7,202050,202239,2022-10-07,94,2612,1,1,0.0765697,0.0382848,0.0382848,2020,50,2020-12-06,2020-12-12,2020,2020-21,11,FALSE
Region 7,202051,202239,2022-10-07,93,2437,0,2,0.0820681,0,0.0820681,2020,51,2020-12-13,2020-12-19,2020,2020-21,12,FALSE
Region 7,202052,202239,2022-10-07,92,2038,1,1,0.0981354,0.0490677,0.0490677,2020,52,2020-12-20,2020-12-26,2020,2020-21,13,FALSE
Region 7,202053,202239,2022-10-07,91,2224,0,0,0,0,0,2020,53,2020-12-27,2021-01-02,2020,2020-21,14,FALSE
Region 7,202101,202239,2022-10-07,90,2442,0,1,0.04095,0,0.04095,2021,1,2021-01-03,2021-01-09,2020,2020-21,15,FALSE
Region 7,202102,202239,2022-10-07,89,2298,0,0,0,0,0,2021,2,2021-01-10,2021-01-16,2020,2020-21,16,FALSE
Region 7,202103,202239,2022-10-07,88,2102,1,0,0.0475737,0.0475737,0,2021,3,2021-01-17,2021-01-23,2020,2020-21,17,FALSE
Region 7,202104,202239,2022-10-07,87,2017,0,1,0.0495786,0,0.0495786,2021,4,2021-01-24,2021-01-30,2020,2020-21,18,FALSE
Region 7,202105,202239,2022-10-07,86,2557,0,1,0.0391083,0,0.0391083,2021,5,2021-01-31,2021-02-06,2020,2020-21,19,FALSE
Region 7,202106,202239,2022-10-07,85,2162,0,1,0.0462535,0,0.0462535,2021,6,2021-02-07,2021-02-13,2020,2020-21,20,FALSE
Region 7,202107,202239,2022-10-07,84,2211,0,0,0,0,0,2021,7,2021-02-14,2021-02-20,2020,2020-21,21,FALSE
Region 7,202108,202239,2022-10-07,83,2387,0,1,0.0418936,0,0.0418936,2021,8,2021-02-21,2021-02-27,2020,2020-21,22,FALSE
Region 7,202109,202239,2022-10-07,82,2441,1,0,0.0409668,0.0409668,0,2021,9,2021-02-28,2021-03-06,2020,2020-21,23,FALSE
Region 7,202110,202239,2022-10-07,81,2398,0,0,0,0,0,2021,10,2021-03-07,2021-03-13,2020,2020-21,24,FALSE
Region 7,202111,202239,2022-10-07,80,2337,1,2,0.12837,0.0427899,0.0855798,2021,11,2021-03-14,2021-03-20,2020,2020-21,25,FALSE
Region 7,202112,202239,2022-10-07,79,2353,0,1,0.0424989,0,0.0424989,2021,12,2021-03-21,2021-03-27,2020,2020-21,26,FALSE
Region 7,202113,202239,2022-10-07,78,1057,0,0,0,0,0,2021,13,2021-03-28,2021-04-03,2020,2020-21,27,FALSE
Region 7,202114,202239,2022-10-07,77,2115,0,1,0.0472813,0,0.0472813,2021,14,2021-04-04,2021-04-10,2020,2020-21,28,FALSE
Region 7,202115,202239,2022-10-07,76,1139,0,2,0.175593,0,0.175593,2021,15,2021-04-11,2021-04-17,2020,2020-21,29,FALSE
Region 7,202116,202239,2022-10-07,75,2500,1,0,0.04,0.04,0,2021,16,2021-04-18,2021-04-24,2020,2020-21,30,FALSE
Region 7,202117,202239,2022-10-07,74,2541,0,0,0,0,0,2021,17,2021-04-25,2021-05-01,2020,2020-21,31,FALSE
Region 7,202118,202239,2022-10-07,73,2643,0,0,0,0,0,2021,18,2021-05-02,2021-05-08,2020,2020-21,32,FALSE
Region 7,202119,202239,2022-10-07,72,3035,0,0,0,0,0,2021,19,2021-05-09,2021-05-15,2020,2020-21,33,FALSE
Region 7,202120,202239,2022-10-07,71,3189,0,0,0,0,0,2021,20,2021-05-16,2021-05-22,2020,2020-21,34,FALSE
Region 7,202121,202239,2022-10-07,70,2915,0,0,0,0,0,2021,21,2021-05-23,2021-05-29,2020,2020-21,35,FALSE
Region 7,202122,202239,2022-10-07,69,2995,0,0,0,0,0,2021,22,2021-05-30,2021-06-05,2020,2020-21,36,FALSE
Region 7,202123,202239,2022-10-07,68,3271,0,1,0.0305717,0,0.0305717,2021,23,2021-06-06,2021-06-12,2020,2020-21,37,FALSE
Region 7,202124,202239,2022-10-07,67,2542,0,0,0,0,0,2021,24,2021-06-13,2021-06-19,2020,2020-21,38,FALSE
Region 7,202125,202239,2022-10-07,66,2347,1,1,0.0852152,0.0426076,0.0426076,2021,25,2021-06-20,2021-06-26,2020,2020-21,39,FALSE
Region 7,202126,202239,2022-10-07,65,2261,0,0,0,0,0,2021,26,2021-06-27,2021-07-03,2020,2020-21,40,FALSE
Region 7,202127,202239,2022-10-07,64,3672,0,0,0,0,0,2021,27,2021-07-04,2021-07-10,2020,2020-21,41,FALSE
Region 7,202128,202239,2022-10-07,63,2542,0,0,0,0,0,2021,28,2021-07-11,2021-07-17,2020,2020-21,42,FALSE
Region 7,202129,202239,2022-10-07,62,2409,0,0,0,0,0,2021,29,2021-07-18,2021-07-24,2020,2020-21,43,FALSE
Region 7,202130,202239,2022-10-07,61,1788,0,1,0.0559284,0,0.0559284,2021,30,2021-07-25,2021-07-31,2020,2020-21,44,FALSE
Region 7,202131,202239,2022-10-07,60,1892,0,1,0.0528541,0,0.0528541,2021,31,2021-08-01,2021-08-07,2020,2020-21,45,FALSE
Region 7,202132,202239,2022-10-07,59,1912,0,0,0,0,0,2021,32,2021-08-08,2021-08-14,2020,2020-21,46,FALSE
Region 7,202133,202239,2022-10-07,58,2030,0,0,0,0,0,2021,33,2021-08-15,2021-08-21,2020,2020-21,47,FALSE
Region 7,202134,202239,2022-10-07,57,2150,0,0,0,0,0,2021,34,2021-08-22,2021-08-28,2020,2020-21,48,FALSE
Region 7,202135,202239,2022-10-07,56,2421,0,1,0.0413052,0,0.0413052,2021,35,2021-08-29,2021-09-04,2020,2020-21,49,FALSE
Region 7,202136,202239,2022-10-07,55,2789,0,0,0,0,0,2021,36,2021-09-05,2021-09-11,2020,2020-21,50,FALSE
Region 7,202137,202239,2022-10-07,54,3076,0,1,0.0325098,0,0.0325098,2021,37,2021-09-12,2021-09-18,2020,2020-21,51,FALSE
Region 7,202138,202239,2022-10-07,53,2375,0,0,0,0,0,2021,38,2021-09-19,2021-09-25,2020,2020-21,52,FALSE
Region 7,202139,202239,2022-10-07,52,2246,0,1,0.0445236,0,0.0445236,2021,39,2021-09-26,2021-10-02,2020,2020-21,53,FALSE
Region 7,202140,202339,2023-10-06,103,2677,0,1,0.0373552,0,0.0373552,2021,40,2021-10-03,2021-10-09,2021,2021-22,1,FALSE
Region 7,202141,202339,2023-10-06,102,2493,0,0,0,0,0,2021,41,2021-10-10,2021-10-16,2021,2021-22,2,FALSE
Region 7,202142,202339,2023-10-06,101,3208,1,1,0.0623441,0.0311721,0.0311721,2021,42,2021-10-17,2021-10-23,2021,2021-22,3,FALSE
Region 7,202143,202339,2023-10-06,100,3232,0,2,0.0618812,0,0.0618812,2021,43,2021-10-24,2021-10-30,2021,2021-22,4,FALSE
Region 7,202144,202339,2023-10-06,99,3492,3,1,0.114548,0.0859107,0.0286369,2021,44,2021-10-31,2021-11-06,2021,2021-22,5,FALSE
Region 7,202145,202339,2023-10-06,98,3655,7,0,0.191518,0.191518,0,2021,45,2021-11-07,2021-11-13,2021,2021-22,6,FALSE
Region 7,202146,202339,2023-10-06,97,4487,8,1,0.200579,0.178293,0.0222866,2021,46,2021-11-14,2021-11-20,2021,2021-22,7,FALSE
Region 7,202147,202339,2023-10-06,96,4343,45,1,1.05918,1.03615,0.0230256,2021,47,2021-11-21,2021-11-27,2021,2021-22,8,FALSE
Region 7,202148,202339,2023-10-06,95,6529,155,1,2.38934,2.37402,0.0153163,2021,48,2021-11-28,2021-12-04,2021,2021-22,9,FALSE
Region 7,202149,202339,2023-10-06,94,6968,248,0,3.55913,3.55913,0,2021,49,2021-12-05,2021-12-11,2021,2021-22,10,FALSE
Region 7,202150,202339,2023-10-06,93,7811,471,1,6.04276,6.02996,0.0128025,2021,50,2021-12-12,2021-12-18,2021,2021-22,11,FALSE
Region 7,202151,202339,2023-10-06,92,8626,655,0,7.59332,7.59332,0,2021,51,2021-12-19,2021-12-25,2021,2021-22,12,FALSE
Region 7,202152,202339,2023-10-06,91,9042,566,1,6.27074,6.25968,0.0110595,2021,52,2021-12-26,2022-01-01,2021,2021-22,13,FALSE
Region 7,202201,202339,2023-10-06,90,12556,405,0,3.22555,3.22555,0,2022,1,2022-01-02,2022-01-08,2021,2021-22,14,FALSE
Region 7,202202,202339,2023-10-06,89,10822,270,0,2.49492,2.49492,0,2022,2,2022-01-09,2022-01-15,2021,2021-22,15,FALSE
Region 7,202203,202339,2023-10-06,88,8863,241,2,2.74174,2.71917,0.0225657,2022,3,2022-01-16,2022-01-22,2021,2021-22,16,FALSE
Region 7,202204,202339,2023-10-06,87,7086,221,1,3.13294,3.11883,0.0141123,2022,4,2022-01-23,2022-01-29,2021,2021-22,17,FALSE
Region 7,202205,202339,2023-10-06,86,5402,212,2,3.9615,3.92447,0.0370233,2022,5,2022-01-30,2022-02-05,2021,2021-22,18,FALSE
Region 7,202206,202339,2023-10-06,85,5178,267,1,5.17574,5.15643,0.0193125,2022,6,2022-02-06,2022-02-12,2021,2021-22,19,FALSE
Region 7,202207,202339,2023-10-06,84,5134,415,2,8.12232,8.08337,0.038956,2022,7,2022-02-13,2022-02-19,2021,2021-22,20,FALSE
Region 7,202208,202339,2023-10-06,83,4925,470,0,9.54315,9.54315,0,2022,8,2022-02-20,2022-02-26,2021,2021-22,21,FALSE
Region 7,202209,202339,2023-10-06,82,5017,524,0,10.4445,10.4445,0,2022,9,2022-02-27,2022-03-05,2021,2021-22,22,FALSE
Region 7,202210,202339,2023-10-06,81,4370,553,3,12.7231,12.6545,0.0686499,2022,10,2022-03-06,2022-03-12,2021,2021-22,23,FALSE
Region 7,202211,202339,2023-10-06,80,4545,441,0,9.70297,9.70297,0,2022,11,2022-03-13,2022-03-19,2021,2021-22,24,FALSE
Region 7,202212,202339,2023-10-06,79,4464,370,0,8.28853,8.28853,0,2022,12,2022-03-20,2022-03-26,2021,2021-22,25,FALSE
Region 7,202213,202339,2023-10-06,78,4697,328,1,7.00447,6.98318,0.0212902,2022,13,2022-03-27,2022-04-02,2021,2021-22,26,FALSE
Region 7,202214,202339,2023-10-06,77,4524,351,1,7.78073,7.75862,0.0221043,2022,14,2022-04-03,2022-04-09,2021,2021-22,27,FALSE
Region 7,202215,202339,2023-10-06,76,4344,305,0,7.02118,7.02118,0,2022,15,2022-04-10,2022-04-16,2021,2021-22,28,FALSE
Region 7,202216,202339,2023-10-06,75,3718,229,0,6.15923,6.15923,0,2022,16,2022-04-17,2022-04-23,2021,2021-22,29,FALSE
Region 7,202217,202339,2023-10-06,74,4500,247,0,5.48889,5.48889,0,2022,17,2022-04-24,2022-04-30,2021,2021-22,30,FALSE
Region 7,202218,202339,2023-10-06,73,4627,152,0,3.28507,3.28507,0,2022,18,2022-05-01,2022-05-07,2021,2021-22,31,FALSE
Region 7,202219,202339,2023-10-06,72,4531,129,0,2.84705,2.84705,0,2022,19,2022-05-08,2022-05-14,2021,2021-22,32,FALSE
Region 7,202220,202339,2023-10-06,71,4320,70,0,1.62037,1.62037,0,2022,20,2022-05-15,2022-05-21,2021,2021-22,33,FALSE
Region 7,202221,202339,2023-10-06,70,4165,51,0,1.22449,1.22449,0,2022,21,2022-05-22,2022-05-28,2021,2021-22,34,FALSE
Region 7,202222,202339,2023-10-06,69,4065,43,0,1.05781,1.05781,0,2022,22,2022-05-29,2022-06-04,2021,2021-22,35,FALSE
Region 7,202223,202339,2023-10-06,68,4015,15,0,0.373599,0.373599,0,2022,23,2022-06-05,2022-06-11,2021,2021-22,36,FALSE
Region 7,202224,202339,2023-10-06,67,3840,14,0,0.364583,0.364583,0,2022,24,2022-06-12,2022-06-18,2021,2021-22,37,FALSE
Region 7,202225,202339,2023-10-06,66,3926,9,0,0.229241,0.229241,0,2022,25,2022-06-19,2022-06-25,2021,2021-22,38,FALSE
Region 7,202226,202339,2023-10-06,65,3925,8,0,0.203822,0.203822,0,2022,26,2022-06-26,2022-07-02,2021,2021-22,39,FALSE
Region 7,202227,202339,2023-10-06,64,3940,7,0,0.177665,0.177665,0,2022,27,2022-07-03,2022-07-09,2021,2021-22,40,FALSE
Region 7,202228,202339,2023-10-06,63,4317,7,1,0.185314,0.16215,0.0231642,2022,28,2022-07-10,2022-07-16,2021,2021-22,41,FALSE
Region 7,202229,202339,2023-10-06,62,4403,7,1,0.181694,0.158983,0.0227118,2022,29,2022-07-17,2022-07-23,2021,2021-22,42,FALSE
Region 7,202230,202339,2023-10-06,61,4054,4,1,0.123335,0.098668,0.024667,2022,30,2022-07-24,2022-07-30,2021,2021-22,43,FALSE
Region 7,202231,202339,2023-10-06,60,3897,3,0,0.0769823,0.0769823,0,2022,31,2022-07-31,2022-08-06,2021,2021-22,44,FALSE
Region 7,202232,202339,2023-10-06,59,3892,4,0,0.102775,0.102775,0,2022,32,2022-08-07,2022-08-13,2021,2021-22,45,FALSE
Region 7,202233,202339,2023-10-06,58,3724,9,0,0.241676,0.241676,0,2022,33,2022-08-14,2022-08-20,2021,2021-22,46,FALSE
Region 7,202234,202339,2023-10-06,57,3763,3,0,0.0797236,0.0797236,0,2022,34,2022-08-21,2022-08-27,2021,2021-22,47,FALSE
Region 7,202235,202339,2023-10-06,56,4182,3,0,0.071736,0.071736,0,2022,35,2022-08-28,2022-09-03,2021,2021-22,48,FALSE
Region 7,202236,202339,2023-10-06,55,4194,5,0,0.119218,0.119218,0,2022,36,2022-09-04,2022-09-10,2021,2021-22,49,FALSE
Region 7,202237,202339,2023-10-06,54,4224,5,0,0.118371,0.118371,0,2022,37,2022-09-11,2022-09-17,2021,2021-22,50,FALSE
Region 7,202238,202339,2023-10-06,53,3993,3,1,0.100175,0.0751315,0.0250438,2022,38,2022-09-18,2022-09-24,2021,2021-22,51,FALSE
Region 7,202239,202339,2023-10-06,52,3762,6,1,0.186071,0.15949,0.0265816,2022,39,2022-09-25,2022-10-01,2021,2021-22,52,FALSE
Region 7,202240,202439,2024-10-04,103,6454,28,11,0.604276,0.433839,0.170437,2022,40,2022-10-02,2022-10-08,2022,2022-23,1,TRUE
Region 7,202241,202439,2024-10-04,102,6570,38,3,0.624049,0.578387,0.0456621,2022,41,2022-10-09,2022-10-15,2022,2022-23,2,TRUE
Region 7,202242,202439,2024-10-04,101,7164,101,10,1.54941,1.40983,0.139587,2022,42,2022-10-16,2022-10-22,2022,2022-23,3,TRUE
Region 7,202243,202439,2024-10-04,100,7289,270,13,3.88256,3.70421,0.178351,2022,43,2022-10-23,2022-10-29,2022,2022-23,4,TRUE
Region 7,202244,202439,2024-10-04,99,9110,620,15,6.97036,6.80571,0.164654,2022,44,2022-10-30,2022-11-05,2022,2022-23,5,TRUE
Region 7,202245,202439,2024-10-04,98,9735,933,12,9.70724,9.58398,0.123267,2022,45,2022-11-06,2022-11-12,2022,2022-23,6,TRUE
Region 7,202246,202439,2024-10-04,97,11081,1780,18,16.226,16.0635,0.16244,2022,46,2022-11-13,2022-11-19,2022,2022-23,7,TRUE
Region 7,202247,202439,2024-10-04,96,11794,3238,13,27.5649,27.4546,0.110226,2022,47,2022-11-20,2022-11-26,2022,2022-23,8,TRUE
Region 7,202248,202439,2024-10-04,95,15021,4185,21,28.0008,27.861,0.139804,2022,48,2022-11-27,2022-12-03,2022,2022-23,9,TRUE
Region 7,202249,202439,2024-10-04,94,15950,5098,12,32.0376,31.9624,0.0752351,2022,49,2022-12-04,2022-12-10,2022,2022-23,10,TRUE
Region 7,202250,202439,2024-10-04,93,14187,5080,25,35.9836,35.8074,0.176218,2022,50,2022-12-11,2022-12-17,2022,2022-23,11,TRUE
Region 7,202251,202439,2024-10-04,92,12187,3647,8,29.991,29.9253,0.0656437,2022,51,2022-12-18,2022-12-24,2022,2022-23,12,TRUE
Region 7,202252,202439,2024-10-04,91,10979,2323,18,21.3225,21.1586,0.163949,2022,52,2022-12-25,2022-12-31,2022,2022-23,13,TRUE
Region 7,202301,202439,2024-10-04,90,8932,1106,11,12.5056,12.3824,0.123153,2023,1,2023-01-01,2023-01-07,2022,2022-23,14,TRUE
Region 7,202302,202439,2024-10-04,89,8307,584,22,7.29505,7.03022,0.264837,2023,2,2023-01-08,2023-01-14,2022,2022-23,15,TRUE
Region 7,202303,202439,2024-10-04,88,7642,352,15,4.80241,4.60612,0.196284,2023,3,2023-01-15,2023-01-21,2022,2022-23,16,TRUE
Region 7,202304,202439,2024-10-04,87,7470,213,19,3.10576,2.85141,0.254351,2023,4,2023-01-22,2023-01-28,2022,2022-23,17,TRUE
Region 7,202305,202439,2024-10-04,86,6868,120,20,2.03844,1.74723,0.291206,2023,5,2023-01-29,2023-02-04,2022,2022-23,18,TRUE
Region 7,202306,202439,2024-10-04,85,7222,73,26,1.37081,1.0108,0.360011,2023,6,2023-02-05,2023-02-11,2022,2022-23,19,TRUE
Region 7,202307,202439,2024-10-04,84,7071,64,29,1.31523,0.905105,0.410126,2023,7,2023-02-12,2023-02-18,2022,2022-23,20,TRUE
Region 7,202308,202439,2024-10-04,83,7172,46,23,0.962075,0.641383,0.320692,2023,8,2023-02-19,2023-02-25,2022,2022-23,21,TRUE
Region 7,202309,202439,2024-10-04,82,7159,38,29,0.935885,0.5308,0.405085,2023,9,2023-02-26,2023-03-04,2022,2022-23,22,TRUE
Region 7,202310,202439,2024-10-04,81,6922,41,42,1.19908,0.592314,0.606761,2023,10,2023-03-05,2023-03-11,2022,2022-23,23,TRUE
Region 7,202311,202439,2024-10-04,80,6845,32,35,0.978817,0.467495,0.511322,2023,11,2023-03-12,2023-03-18,2022,2022-23,24,TRUE
Region 7,202312,202439,2024-10-04,79,6332,44,36,1.26342,0.694883,0.568541,2023,12,2023-03-19,2023-03-25,2022,2022-23,25,TRUE
Region 7,202313,202439,2024-10-04,78,5724,38,24,1.08316,0.663871,0.419287,2023,13,2023-03-26,2023-04-01,2022,2022-23,26,TRUE
Region 7,202314,202439,2024-10-04,77,5276,29,26,1.04246,0.549659,0.492798,2023,14,2023-04-02,2023-04-08,2022,2022-23,27,TRUE
Region 7,202315,202439,2024-10-04,76,5063,24,16,0.790045,0.474027,0.316018,2023,15,2023-04-09,2023-04-15,2022,2022-23,28,TRUE
Region 7,202316,202439,2024-10-04,75,3887,20,21,1.0548,0.514536,0.540262,2023,16,2023-04-16,2023-04-22,2022,2022-23,29,TRUE
Region 7,202317,202439,2024-10-04,74,3304,10,19,0.877724,0.302663,0.575061,2023,17,2023-04-23,2023-04-29,2022,2022-23,30,TRUE
Region 7,202318,202439,2024-10-04,73,3949,13,22,0.8863,0.329197,0.557103,2023,18,2023-04-30,2023-05-06,2022,2022-23,31,TRUE
Region 7,202319,202439,2024-10-04,72,3678,9,19,0.761283,0.244698,0.516585,2023,19,2023-05-07,2023-05-13,2022,2022-23,32,TRUE
Region 7,202320,202439,2024-10-04,71,3643,8,21,0.796047,0.219599,0.576448,2023,20,2023-05-14,2023-05-20,2022,2022-23,33,TRUE
Region 7,202321,202439,2024-10-04,70,3415,4,14,0.527086,0.11713,0.409956,2023,21,2023-05-21,2023-05-27,2022,2022-23,34,TRUE
Region 7,202322,202439,2024-10-04,69,3170,8,8,0.504732,0.252366,0.252366,2023,22,2023-05-28,2023-06-03,2022,2022-23,35,TRUE
Region 7,202323,202439,2024-10-04,68,2754,9,8,0.617284,0.326797,0.290487,2023,23,2023-06-04,2023-06-10,2022,2022-23,36,TRUE
Region 7,202324,202439,2024-10-04,67,2495,17,8,1.002,0.681363,0.320641,2023,24,2023-06-11,2023-06-17,2022,2022-23,37,TRUE
Region 7,202325,202439,2024-10-04,66,2326,12,10,0.94583,0.515907,0.429923,2023,25,2023-06-18,2023-06-24,2022,2022-23,38,TRUE
Region 7,202326,202439,2024-10-04,65,2110,8,11,0.900474,0.379147,0.521327,2023,26,2023-06-25,2023-07-01,2022,2022-23,39,TRUE
Region 7,202327,202439,2024-10-04,64,2131,8,1,0.422337,0.375411,0.0469263,2023,27,2023-07-02,2023-07-08,2022,2022-23,40,TRUE
Region 7,202328,202439,2024-10-04,63,2246,9,10,0.845948,0.400712,0.445236,2023,28,2023-07-09,2023-07-15,2022,2022-23,41,TRUE
Region 7,202329,202439,2024-10-04,62,2159,5,11,0.741084,0.231589,0.509495,2023,29,2023-07-16,2023-07-22,2022,2022-23,42,TRUE
Region 7,202330,202439,2024-10-04,61,1897,7,10,0.896152,0.369004,0.527148,2023,30,2023-07-23,2023-07-29,2022,2022-23,43,TRUE
Region 7,202331,202439,2024-10-04,60,2271,4,11,0.660502,0.176134,0.484368,2023,31,2023-07-30,2023-08-05,2022,2022-23,44,TRUE
Region 7,202332,202439,2024-10-04,59,2429,6,9,0.617538,0.247015,0.370523,2023,32,2023-08-06,2023-08-12,2022,2022-23,45,TRUE
Region 7,202333,202439,2024-10-04,58,2872,10,28,1.32312,0.348189,0.97493,2023,33,2023-08-13,2023-08-19,2022,2022-23,46,TRUE
Region 7,202334,202439,2024-10-04,57,2535,15,13,1.10454,0.591716,0.512821,2023,34,2023-08-20,2023-08-26,2022,2022-23,47,TRUE
Region 7,202335,202439,2024-10-04,56,3274,10,7,0.519243,0.305437,0.213806,2023,35,2023-08-27,2023-09-02,2022,2022-23,48,TRUE
Region 7,202336,202439,2024-10-04,55,3560,5,10,0.421348,0.140449,0.280899,2023,36,2023-09-03,2023-09-09,2022,2022-23,49,TRUE
Region 7,202337,202439,2024-10-04,54,3770,6,12,0.477454,0.159151,0.318302,2023,37,2023-09-10,2023-09-16,2022,2022-23,50,TRUE
Region 7,202338,202439,2024-10-04,53,3693,8,7,0.406174,0.216626,0.189548,2023,38,2023-09-17,2023-09-23,2022,2022-23,51,TRUE
Region 7,202339,202439,2024-10-04,52,3342,8,1,0.2693,0.239378,0.0299222,2023,39,2023-09-24,2023-09-30,2022,2022-23,52,TRUE
Region 7,202340,202538,2025-09-26,102,4508,19,3,0.488021,0.421473,0.0665484,2023,40,2023-10-01,2023-10-07,2023,2023-24,1,TRUE
Region 7,202341,202538,2025-09-26,101,4749,27,4,0.652769,0.568541,0.0842283,2023,41,2023-10-08,2023-10-14,2023,2023-24,2,TRUE
Region 7,202342,202538,2025-09-26,100,4932,31,3,0.689376,0.628548,0.0608273,2023,42,2023-10-15,2023-10-21,2023,2023-24,3,TRUE
Region 7,202343,202538,2025-09-26,99,4968,19,14,0.664251,0.382448,0.281804,2023,43,2023-10-22,2023-10-28,2023,2023-24,4,TRUE
Region 7,202344,202538,2025-09-26,98,5282,38,17,1.04127,0.719424,0.321848,2023,44,2023-10-29,2023-11-04,2023,2023-24,5,TRUE
Region 7,202345,202538,2025-09-26,97,6219,81,29,1.76877,1.30246,0.466313,2023,45,2023-11-05,2023-11-11,2023,2023-24,6,TRUE
Region 7,202346,202538,2025-09-26,96,6368,92,32,1.94724,1.44472,0.502513,2023,46,2023-11-12,2023-11-18,2023,2023-24,7,TRUE
Region 7,202347,202538,2025-09-26,95,6353,117,47,2.58146,1.84165,0.739808,2023,47,2023-11-19,2023-11-25,2023,2023-24,8,TRUE
Region 7,202348,202538,2025-09-26,94,8258,222,72,3.56018,2.6883,0.871882,2023,48,2023-11-26,2023-12-02,2023,2023-24,9,TRUE
Region 7,202349,202538,2025-09-26,93,9229,384,142,5.69943,4.1608,1.53863,2023,49,2023-12-03,2023-12-09,2023,2023-24,10,TRUE
Region 7,202350,202538,2025-09-26,92,10529,574,311,8.40536,5.45161,2.95375,2023,50,2023-12-10,2023-12-16,2023,2023-24,11,TRUE
Region 7,202351,202538,2025-09-26,91,11304,876,412,11.3942,7.74947,3.64473,2023,51,2023-12-17,2023-12-23,2023,2023-24,12,TRUE
Region 7,202352,202538,2025-09-26,90,11167,977,459,12.8683,8.74899,4.11033,2023,52,2023-12-24,2023-12-30,2023,2023-24,13,TRUE
Region 7,202401,202538,2025-09-26,89,9838,825,341,11.8927,8.38585,3.46615,2024,1,2023-12-31,2024-01-06,2023,2023-24,14,TRUE
Region 7,202402,202538,2025-09-26,88,8501,838,351,13.9984,9.85766,4.12893,2024,2,2024-01-07,2024-01-13,2023,2023-24,15,TRUE
Region 7,202403,202538,2025-09-26,87,7293,690,349,14.3014,9.46113,4.78541,2024,3,2024-01-14,2024-01-20,2023,2023-24,16,TRUE
Region 7,202404,202538,2025-09-26,86,8021,827,441,15.8085,10.3104,5.49807,2024,4,2024-01-21,2024-01-27,2023,2023-24,17,TRUE
Region 7,202405,202538,2025-09-26,85,9164,1138,773,20.8533,12.4182,8.43518,2024,5,2024-01-28,2024-02-03,2023,2023-24,18,TRUE
Region 7,202406,202538,2025-09-26,84,10256,1255,1083,22.7964,12.2367,10.5597,2024,6,2024-02-04,2024-02-10,2023,2023-24,19,TRUE
Region 7,202407,202538,2025-09-26,83,10181,1339,1146,24.4082,13.1519,11.2563,2024,7,2024-02-11,2024-02-17,2023,2023-24,20,TRUE
Region 7,202408,202538,2025-09-26,82,10469,1415,1311,26.0388,13.5161,12.5227,2024,8,2024-02-18,2024-02-24,2023,2023-24,21,TRUE
Region 7,202409,202538,2025-09-26,81,8151,1264,1018,27.9966,15.5073,12.4893,2024,9,2024-02-25,2024-03-02,2023,2023-24,22,TRUE
Region 7,202410,202538,2025-09-26,80,6818,1014,880,27.7794,14.8724,12.907,2024,10,2024-03-03,2024-03-09,2023,2023-24,23,TRUE
Region 7,202411,202538,2025-09-26,79,7597,886,817,22.4167,11.6625,10.7542,2024,11,2024-03-10,2024-03-16,2023,2023-24,24,TRUE
Region 7,202412,202538,2025-09-26,78,6578,620,510,17.1785,9.42536,7.75312,2024,12,2024-03-17,2024-03-23,2023,2023-24,25,TRUE
Region 7,202413,202538,2025-09-26,77,6246,580,442,16.3625,9.28594,7.07653,2024,13,2024-03-24,2024-03-30,2023,2023-24,26,TRUE
Region 7,202414,202538,2025-09-26,76,5089,526,323,16.683,10.336,6.34702,2024,14,2024-03-31,2024-04-06,2023,2023-24,27,TRUE
Region 7,202415,202538,2025-09-26,75,4493,349,195,12.1077,7.76764,4.34008,2024,15,2024-04-07,2024-04-13,2023,2023-24,28,TRUE
Region 7,202416,202538,2025-09-26,74,4089,264,107,9.07312,6.45635,2.61678,2024,16,2024-04-14,2024-04-20,2023,2023-24,29,TRUE
Region 7,202417,202538,2025-09-26,73,4881,213,70,5.79799,4.36386,1.43413,2024,17,2024-04-21,2024-04-27,2023,2023-24,30,TRUE
Region 7,202418,202538,2025-09-26,72,3438,101,43,4.18848,2.93775,1.25073,2024,18,2024-04-28,2024-05-04,2023,2023-24,31,TRUE
Region 7,202419,202538,2025-09-26,71,3114,62,25,2.79383,1.99101,0.802826,2024,19,2024-05-05,2024-05-11,2023,2023-24,32,TRUE
Region 7,202420,202538,2025-09-26,70,2681,29,19,1.79038,1.08169,0.708691,2024,20,2024-05-12,2024-05-18,2023,2023-24,33,TRUE
Region 7,202421,202538,2025-09-26,69,2316,17,7,1.03627,0.734024,0.302245,2024,21,2024-05-19,2024-05-25,2023,2023-24,34,TRUE
Region 7,202422,202538,2025-09-26,68,2009,23,1,1.19462,1.14485,0.049776,2024,22,2024-05-26,2024-06-01,2023,2023-24,35,TRUE
Region 7,202423,202538,2025-09-26,67,1984,15,1,0.806452,0.756048,0.0504032,2024,23,2024-06-02,2024-06-08,2023,2023-24,36,TRUE
Region 7,202424,202538,2025-09-26,66,1962,8,1,0.458716,0.407747,0.0509684,2024,24,2024-06-09,2024-06-15,2023,2023-24,37,TRUE
Region 7,202425,202538,2025-09-26,65,1796,11,0,0.612472,0.612472,0,2024,25,2024-06-16,2024-06-22,2023,2023-24,38,TRUE
Region 7,202426,202538,2025-09-26,64,1745,4,1,0.286533,0.229226,0.0573066,2024,26,2024-06-23,2024-06-29,2023,2023-24,39,TRUE
Region 7,202427,202538,2025-09-26,63,1660,14,2,0.963855,0.843373,0.120482,2024,27,2024-06-30,2024-07-06,2023,2023-24,40,TRUE
Region 7,202428,202538,2025-09-26,62,1954,7,2,0.460594,0.35824,0.102354,2024,28,2024-07-07,2024-07-13,2023,2023-24,41,TRUE
Region 7,202429,202538,2025-09-26,61,1923,4,1,0.26001,0.208008,0.0520021,2024,29,2024-07-14,2024-07-20,2023,2023-24,42,TRUE
Region 7,202430,202538,2025-09-26,60,2079,0,0,0,0,0,2024,30,2024-07-21,2024-07-27,2023,2023-24,43,TRUE
Region 7,202431,202538,2025-09-26,59,2182,1,0,0.0458295,0.0458295,0,2024,31,2024-07-28,2024-08-03,2023,2023-24,44,TRUE
Region 7,202432,202538,2025-09-26,58,2379,5,1,0.252207,0.210172,0.0420345,2024,32,2024-08-04,2024-08-10,2023,2023-24,45,TRUE
Region 7,202433,202538,2025-09-26,57,2463,4,0,0.162404,0.162404,0,2024,33,2024-08-11,2024-08-17,2023,2023-24,46,TRUE
Region 7,202434,202538,2025-09-26,56,2779,4,1,0.179921,0.143937,0.0359842,2024,34,2024-08-18,2024-08-24,2023,2023-24,47,TRUE
Region 7,202435,202538,2025-09-26,55,3039,10,0,0.329056,0.329056,0,2024,35,2024-08-25,2024-08-31,2023,2023-24,48,TRUE
Region 7,202436,202538,2025-09-26,54,4149,3,1,0.0964088,0.0723066,0.0241022,2024,36,2024-09-01,2024-09-07,2023,2023-24,49,TRUE
Region 7,202437,202538,2025-09-26,53,4599,6,3,0.195695,0.130463,0.0652316,2024,37,2024-09-08,2024-09-14,2023,2023-24,50,TRUE
Region 7,202438,202538,2025-09-26,52,4401,18,2,0.454442,0.408998,0.0454442,2024,38,2024-09-15,2024-09-21,2023,2023-24,51,TRUE
Region 7,202439,202538,2025-09-26,51,4116,15,2,0.413022,0.364431,0.0485909,2024,39,2024-09-22,2024-09-28,2023,2023-24,52,TRUE
Region 7,202440,202638,2026-10-02,103,4556,10,5,0.329236,0.219491,0.109745,2024,40,2024-09-29,2024-10-05,2024,2024-25,1,TRUE
Region 7,202441,202638,2026-10-02,102,4912,14,2,0.325733,0.285016,0.0407166,2024,41,2024-10-06,2024-10-12,2024,2024-25,2,TRUE
Region 7,202442,202638,2026-10-02,101,6207,14,2,0.257773,0.225552,0.0322217,2024,42,2024-10-13,2024-10-19,2024,2024-25,3,TRUE
Region 7,202443,202638,2026-10-02,100,6318,25,1,0.41152300000000003,0.395695,0.0158278,2024,43,2024-10-20,2024-10-26,2024,2024-25,4,TRUE
Region 7,202444,202638,2026-10-02,99,6285,50,6,0.89101,0.795545,0.0954654,2024,44,2024-10-27,2024-11-02,2024,2024-25,5,TRUE
Region 7,202445,202638,2026-10-02,98,6388,32,7,0.61052,0.500939,0.10958,2024,45,2024-11-03,2024-11-09,2024,2024-25,6,TRUE
Region 7,202446,202638,2026-10-02,97,6089,27,7,0.558384,0.443423,0.114961,2024,46,2024-11-10,2024-11-16,2024,2024-25,7,TRUE
Region 7,202447,202638,2026-10-02,96,6970,47,7,0.774749,0.674319,0.10043,2024,47,2024-11-17,2024-11-23,2024,2024-25,8,TRUE
Region 7,202448,202638,2026-10-02,95,7405,93,9,1.37745,1.25591,0.12154,2024,48,2024-11-24,2024-11-30,2024,2024-25,9,TRUE
Region 7,202449,202638,2026-10-02,94,7850,236,9,3.12102,3.00637,0.11465,2024,49,2024-12-01,2024-12-07,2024,2024-25,10,TRUE
Region 7,202450,202638,2026-10-02,93,8357,461,20,5.75565,5.51633,0.23932,2024,50,2024-12-08,2024-12-14,2024,2024-25,11,TRUE
Region 7,202451,202638,2026-10-02,92,9391,1081,44,11.9796,11.511,0.468534,2024,51,2024-12-15,2024-12-21,2024,2024-25,12,TRUE
Region 7,202452,202638,2026-10-02,91,10804,2044,48,19.3632,18.9189,0.44428,2024,52,2024-12-22,2024-12-28,2024,2024-25,13,TRUE
Region 7,202501,202638,2026-10-02,90,11296,1930,57,17.5903,17.0857,0.504603,2025,1,2024-12-29,2025-01-04,2024,2024-25,14,TRUE
Region 7,202502,202638,2026-10-02,89,10732,1930,78,18.7104,17.9836,0.726798,2025,2,2025-01-05,2025-01-11,2024,2024-25,15,TRUE
Region 7,202503,202638,2026-10-02,88,11715,2539,118,22.6803,21.6731,1.00726,2025,3,2025-01-12,2025-01-18,2024,2024-25,16,TRUE
Region 7,202504,202638,2026-10-02,87,11778,3170,113,27.874,26.9146,0.959416,2025,4,2025-01-19,2025-01-25,2024,2024-25,17,TRUE
Region 7,202505,202638,2026-10-02,86,15432,5387,202,36.217,34.908,1.30897,2025,5,2025-01-26,2025-02-01,2024,2024-25,18,TRUE
Region 7,202506,202638,2026-10-02,85,16362,5530,230,35.2035,33.7978,1.4057,2025,6,2025-02-02,2025-02-08,2024,2024-25,19,TRUE
Region 7,202507,202638,2026-10-02,84,14690,4342,199,30.9122,29.5575,1.35466,2025,7,2025-02-09,2025-02-15,2024,2024-25,20,TRUE
Region 7,202508,202638,2026-10-02,83,12161,2997,157,25.9354,24.6444,1.29101,2025,8,2025-02-16,2025-02-22,2024,2024-25,21,TRUE
Region 7,202509,202638,2026-10-02,82,10812,2153,130,21.1154,19.9131,1.20237,2025,9,2025-02-23,2025-03-01,2024,2024-25,22,TRUE
Region 7,202510,202638,2026-10-02,81,9531,1428,118,16.2208,14.9827,1.23807,2025,10,2025-03-02,2025-03-08,2024,2024-25,23,TRUE
Region 7,202511,202638,2026-10-02,80,8530,942,119,12.4385,11.0434,1.39508,2025,11,2025-03-09,2025-03-15,2024,2024-25,24,TRUE
Region 7,202512,202638,2026-10-02,79,7235,480,84,7.79544,6.63442,1.16102,2025,12,2025-03-16,2025-03-22,2024,2024-25,25,TRUE
Region 7,202513,202638,2026-10-02,78,6714,320,106,6.34495,4.76616,1.57879,2025,13,2025-03-23,2025-03-29,2024,2024-25,26,TRUE
Region 7,202514,202638,2026-10-02,77,6145,159,122,4.57282,2.58747,1.98535,2025,14,2025-03-30,2025-04-05,2024,2024-25,27,TRUE
Region 7,202515,202638,2026-10-02,76,6201,120,113,3.75746,1.93517,1.82229,2025,15,2025-04-06,2025-04-12,2024,2024-25,28,TRUE
Region 7,202516,202638,2026-10-02,75,4636,64,94,3.40811,1.3805,2.02761,2025,16,2025-04-13,2025-04-19,2024,2024-25,29,TRUE
Region 7,202517,202638,2026-10-02,74,5682,58,73,2.30553,1.02077,1.28476,2025,17,2025-04-20,2025-04-26,2024,2024-25,30,TRUE
Region 7,202518,202638,2026-10-02,73,5252,18,71,1.69459,0.342727,1.35187,2025,18,2025-04-27,2025-05-03,2024,2024-25,31,TRUE
Region 7,202519,202638,2026-10-02,72,5003,19,53,1.43914,0.379772,1.05936,2025,19,2025-05-04,2025-05-10,2024,2024-25,32,TRUE
Region 7,202520,202638,2026-10-02,71,4935,13,44,1.15502,0.263425,0.891591,2025,20,2025-05-11,2025-05-17,2024,2024-25,33,TRUE
Region 7,202521,202638,2026-10-02,70,4364,15,25,0.91659,0.343721,0.572869,2025,21,2025-05-18,2025-05-24,2024,2024-25,34,TRUE
Region 7,202522,202638,2026-10-02,69,4343,14,13,0.62169,0.322358,0.299332,2025,22,2025-05-25,2025-05-31,2024,2024-25,35,TRUE
Region 7,202523,202638,2026-10-02,68,3910,15,8,0.588235,0.383632,0.204604,2025,23,2025-06-01,2025-06-07,2024,2024-25,36,TRUE
Region 7,202524,202638,2026-10-02,67,3700,12,5,0.459459,0.324324,0.135135,2025,24,2025-06-08,2025-06-14,2024,2024-25,37,TRUE
Region 7,202525,202638,2026-10-02,66,3585,14,2,0.446304,0.390516,0.055788,2025,25,2025-06-15,2025-06-21,2024,2024-25,38,TRUE
Region 7,202526,202638,2026-10-02,65,3568,10,2,0.336323,0.280269,0.0560538,2025,26,2025-06-22,2025-06-28,2024,2024-25,39,TRUE
Region 7,202527,202638,2026-10-02,64,3210,12,5,0.529595,0.373832,0.155763,2025,27,2025-06-29,2025-07-05,2024,2024-25,40,TRUE
Region 7,202528,202638,2026-10-02,63,3080,9,6,0.487013,0.292208,0.194805,2025,28,2025-07-06,2025-07-12,2024,2024-25,41,TRUE
Region 7,202529,202638,2026-10-02,62,3090,7,3,0.323625,0.226537,0.0970874,2025,29,2025-07-13,2025-07-19,2024,2024-25,42,TRUE
Region 7,202530,202638,2026-10-02,61,3233,6,2,0.247448,0.185586,0.061862,2025,30,2025-07-20,2025-07-26,2024,2024-25,43,TRUE
Region 7,202531,202638,2026-10-02,60,3188,3,0,0.0941029,0.0941029,0,2025,31,2025-07-27,2025-08-02,2024,2024-25,44,TRUE
Region 7,202532,202638,2026-10-02,59,3449,4,1,0.14497,0.115976,0.0289939,2025,32,2025-08-03,2025-08-09,2024,2024-25,45,TRUE
Region 7,202533,202638,2026-10-02,58,3629,5,2,0.192891,0.137779,0.0551116,2025,33,2025-08-10,2025-08-16,2024,2024-25,46,TRUE
Region 7,202534,202638,2026-10-02,57,4004,8,2,0.24975,0.1998,0.04995,2025,34,2025-08-17,2025-08-23,2024,2024-25,47,TRUE
Region 7,202535,202638,2026-10-02,56,4678,15,6,0.44891,0.32065,0.12826,2025,35,2025-08-24,2025-08-30,2024,2024-25,48,TRUE
Region 7,202536,202638,2026-10-02,55,5294,14,2,0.302229,0.26445,0.0377786,2025,36,2025-08-31,2025-09-06,2024,2024-25,49,TRUE
Region 7,202537,202638,2026-10-02,54,5811,12,3,0.258131,0.206505,0.0516262,2025,37,2025-09-07,2025-09-13,2024,2024-25,50,TRUE
Region 7,202538,202638,2026-10-02,53,5486,8,5,0.236967,0.145826,0.0911411,2025,38,2025-09-14,2025-09-20,2024,2024-25,51,TRUE
Region 7,202539,202638,2026-10-02,52,5049,10,1,0.217865,0.198059,0.0198059,2025,39,2025-09-21,2025-09-27,2024,2024-25,52,TRUE
Region 7,202540,202638,2026-10-02,51,5104,6,2,0.15674,0.117555,0.039185,2025,40,2025-09-28,2025-10-04,2025,2025-26,1,TRUE
Region 7,202541,202638,2026-10-02,50,5152,4,3,0.13587,0.0776398,0.0582298,2025,41,2025-10-05,2025-10-11,2025,2025-26,2,TRUE
Region 7,202542,202638,2026-10-02,49,5002,11,6,0.339864,0.219912,0.119952,2025,42,2025-10-12,2025-10-18,2025,2025-26,3,TRUE
Region 7,202543,202638,2026-10-02,48,4901,11,6,0.346868,0.224444,0.122424,2025,43,2025-10-19,2025-10-25,2025,2025-26,4,TRUE
Region 7,202544,202638,2026-10-02,47,4989,13,9,0.44097,0.260573,0.180397,2025,44,2025-10-26,2025-11-01,2025,2025-26,5,TRUE
Region 7,202545,202638,2026-10-02,46,5595,30,12,0.75067,0.536193,0.214477,2025,45,2025-11-02,2025-11-08,2025,2025-26,6,TRUE
Region 7,202546,202638,2026-10-02,45,5620,47,17,1.13879,0.836299,0.302491,2025,46,2025-11-09,2025-11-15,2025,2025-26,7,TRUE
Region 7,202547,202638,2026-10-02,44,5836,82,36,2.02193,1.40507,0.616861,2025,47,2025-11-16,2025-11-22,2025,2025-26,8,TRUE
Region 7,202548,202638,2026-10-02,43,4885,82,36,2.41556,1.67861,0.73695,2025,48,2025-11-23,2025-11-29,2025,2025-26,9,TRUE
Region 7,202549,202638,2026-10-02,42,6027,157,37,3.21885,2.60494,0.613904,2025,49,2025-11-30,2025-12-06,2025,2025-26,10,TRUE
Region 7,202550,202638,2026-10-02,41,6490,399,72,7.25732,6.14792,1.1094,2025,50,2025-12-07,2025-12-13,2025,2025-26,11,TRUE
Region 7,202551,202638,2026-10-02,40,8545,1561,109,19.5436,18.268,1.2756,2025,51,2025-12-14,2025-12-20,2025,2025-26,12,TRUE
Region 7,202552,202638,2026-10-02,39,10485,2765,206,28.3357,26.371,1.96471,2025,52,2025-12-21,2025-12-27,2025,2025-26,13,TRUE
Region 7,202553,202638,2026-10-02,38,10288,2342,169,24.4071,22.7644,1.64269,2025,53,2025-12-28,2026-01-03,2025,2025-26,14,TRUE
Region 7,202601,202638,2026-10-02,37,10497,1912,136,19.5103,18.2147,1.29561,2026,1,2026-01-04,2026-01-10,2025,2025-26,15,TRUE
Region 7,202602,202638,2026-10-02,36,9521,1934,122,21.5944,20.313,1.28138,2026,2,2026-01-11,2026-01-17,2025,2025-26,16,TRUE
Region 7,202603,202638,2026-10-02,35,9337,2034,235,24.3012,21.784300000000002,2.51687,2026,3,2026-01-18,2026-01-24,2025,2025-26,17,TRUE
Region 7,202604,202638,2026-10-02,34,9191,1853,352,23.9909,20.161,3.82983,2026,4,2026-01-25,2026-01-31,2025,2025-26,18,TRUE
Region 7,202605,202638,2026-10-02,33,10369,1875,735,25.1712,18.0827,7.08844,2026,5,2026-02-01,2026-02-07,2025,2025-26,19,TRUE
Region 7,202606,202638,2026-10-02,32,10551,1677,1095,26.2724,15.8942,10.3782,2026,6,2026-02-08,2026-02-14,2025,2025-26,20,TRUE
Region 7,202607,202638,2026-10-02,31,10578,1243,1316,24.1917,11.7508,12.4409,2026,7,2026-02-15,2026-02-21,2025,2025-26,21,TRUE
Region 7,202608,202638,2026-10-02,30,9715,658,1158,18.6927,6.77303,11.9197,2026,8,2026-02-22,2026-02-28,2025,2025-26,22,TRUE
Region 7,202609,202638,2026-10-02,29,9343,515,1353,19.9936,5.51215,14.4814,2026,9,2026-03-01,2026-03-07,2025,2025-26,23,TRUE
Region 7,202610,202638,2026-10-02,28,8040,244,975,15.1617,3.03483,12.1269,2026,10,2026-03-08,2026-03-14,2025,2025-26,24,TRUE
Region 7,202611,202638,2026-10-02,27,6690,114,591,10.5381,1.70404,8.83408,2026,11,2026-03-15,2026-03-21,2025,2025-26,25,TRUE
Region 7,202612,202638,2026-10-02,26,6294,80,420,7.94407,1.27105,6.67302,2026,12,2026-03-22,2026-03-28,2025,2025-26,26,TRUE
Region 7,202613,202638,2026-10-02,25,5752,50,300,6.08484,0.869263,5.21558,2026,13,2026-03-29,2026-04-04,2025,2025-26,27,TRUE
Region 7,202614,202638,2026-10-02,24,5277,28,183,3.99848,0.530605,3.46788,2026,14,2026-04-05,2026-04-11,2025,2025-26,28,TRUE
Region 7,202615,202638,2026-10-02,23,5221,31,136,3.19862,0.593756,2.60486,2026,15,2026-04-12,2026-04-18,2025,2025-26,29,TRUE
Region 7,202616,202638,2026-10-02,22,4821,23,93,2.40614,0.477079,1.92906,2026,16,2026-04-19,2026-04-25,2025,2025-26,30,TRUE
Region 7,202617,202638,2026-10-02,21,4224,8,44,1.23106,0.189394,1.04167,2026,17,2026-04-26,2026-05-02,2025,2025-26,31,TRUE
Region 7,202618,202638,2026-10-02,20,4196,6,25,0.738799,0.142993,0.595806,2026,18,2026-05-03,2026-05-09,2025,2025-26,32,TRUE
Region 7,202619,202638,2026-10-02,19,3869,1,24,0.646162,0.0258465,0.620315,2026,19,2026-05-10,2026-05-16,2025,2025-26,33,TRUE
Region 7,202620,202638,2026-10-02,18,3706,3,13,0.431732,0.0809498,0.350783,2026,20,2026-05-17,2026-05-23,2025,2025-26,34,TRUE
Region 7,202621,202638,2026-10-02,17,3453,7,5,0.347524,0.202722,0.144802,2026,21,2026-05-24,2026-05-30,2025,2025-26,35,TRUE
Region 7,202622,202638,2026-10-02,16,3392,4,5,0.26533,0.117925,0.147406,2026,22,2026-05-31,2026-06-06,2025,2025-26,36,TRUE
Region 7,202623,202638,2026-10-02,15,2874,5,4,0.313152,0.173974,0.139179,2026,23,2026-06-07,2026-06-13,2025,2025-26,37,TRUE
Region 7,202624,202638,2026-10-02,14,2663,12,1,0.488171,0.45062,0.0375516,2026,24,2026-06-14,2026-06-20,2025,2025-26,38,TRUE
Region 7,202625,202638,2026-10-02,13,2627,19,0,0.723258,0.723258,0,2026,25,2026-06-21,2026-06-27,2025,2025-26,39,TRUE
Region 7,202626,202638,2026-10-02,12,2411,7,4,0.456242,0.290336,0.165906,2026,26,2026-06-28,2026-07-04,2025,2025-26,40,TRUE
Region 7,202627,202638,2026-10-02,11,2638,15,4,0.720243,0.568613,0.15163,2026,27,2026-07-05,2026-07-11,2025,2025-26,41,TRUE
Region 7,202628,202638,2026-10-02,10,2320,1,2,0.12931,0.0431034,0.0862069,2026,28,2026-07-12,2026-07-18,2025,2025-26,42,TRUE
Region 7,202629,202638,2026-10-02,9,2449,7,0,0.285831,0.285831,0,2026,29,2026-07-19,2026-07-25,2025,2025-26,43,TRUE
Region 7,202630,202638,2026-10-02,8,2438,3,1,0.164069,0.123052,0.0410172,2026,30,2026-07-26,2026-08-01,2025,2025-26,44,TRUE
Region 7,202631,202638,2026-10-02,7,2585,10,0,0.386847,0.386847,0,2026,31,2026-08-02,2026-08-08,2025,2025-26,45,TRUE
Region 7,202632,202638,2026-10-02,6,2560,9,3,0.46875,0.351563,0.117188,2026,32,2026-08-09,2026-08-15,2025,2025-26,46,TRUE
Region 7,202633,202638,2026-10-02,5,2665,11,0,0.412758,0.412758,0,2026,33,2026-08-16,2026-08-22,2025,2025-26,47,TRUE
Region 7,202634,202638,2026-10-02,4,3111,25,0,0.8036,0.8036,0,2026,34,2026-08-23,2026-08-29,2025,2025-26,48,TRUE
Region 7,202635,202638,2026-10-02,3,3149,20,0,0.635122,0.635122,0,2026,35,2026-08-30,2026-09-05,2025,2025-26,49,TRUE
Region 7,202636,202638,2026-10-02,2,3303,25,1,0.787163,0.756888,0.0302755,2026,36,2026-09-06,2026-09-12,2025,2025-26,50,TRUE
Region 7,202637,202638,2026-10-02,1,3546,42,1,1.21263,1.18443,0.0282008,2026,37,2026-09-13,2026-09-19,2025,2025-26,51,TRUE
Region 7,202638,202638,2026-10-02,0,3238,61,1,1.91476,1.88388,0.0308833,2026,38,2026-09-20,2026-09-26,2025,2025-26,52,TRUE
Region 8,201940,202139,2021-10-08,104,1098,12,3,1.36612,1.0929,0.273224,2019,40,2019-09-29,2019-10-05,2019,2019-20,1,FALSE
Region 8,201941,202139,2021-10-08,103,1151,10,5,1.30321,0.86881,0.434405,2019,41,2019-10-06,2019-10-12,2019,2019-20,2,FALSE
Region 8,201942,202139,2021-10-08,102,1333,10,13,1.72543,0.750188,0.975244,2019,42,2019-10-13,2019-10-19,2019,2019-20,3,FALSE
Region 8,201943,202139,2021-10-08,101,1340,12,15,2.01493,0.895522,1.1194,2019,43,2019-10-20,2019-10-26,2019,2019-20,4,FALSE
Region 8,201944,202139,2021-10-08,100,1301,11,19,2.30592,0.845503,1.46042,2019,44,2019-10-27,2019-11-02,2019,2019-20,5,FALSE
Region 8,201945,202139,2021-10-08,99,1515,25,55,5.28053,1.65017,3.63036,2019,45,2019-11-03,2019-11-09,2019,2019-20,6,FALSE
Region 8,201946,202139,2021-10-08,98,1641,22,79,6.15478,1.34065,4.81414,2019,46,2019-11-10,2019-11-16,2019,2019-20,7,FALSE
Region 8,201947,202139,2021-10-08,97,1880,28,118,7.76596,1.48936,6.2766,2019,47,2019-11-17,2019-11-23,2019,2019-20,8,FALSE
Region 8,201948,202139,2021-10-08,96,1899,37,188,11.8483,1.94839,9.89995,2019,48,2019-11-24,2019-11-30,2019,2019-20,9,FALSE
Region 8,201949,202139,2021-10-08,95,2265,77,230,13.5541,3.39956,10.1545,2019,49,2019-12-01,2019-12-07,2019,2019-20,10,FALSE
Region 8,201950,202139,2021-10-08,94,2547,75,331,15.9403,2.94464,12.9957,2019,50,2019-12-08,2019-12-14,2019,2019-20,11,FALSE
Region 8,201951,202139,2021-10-08,93,3241,176,550,22.4005,5.43042,16.9701,2019,51,2019-12-15,2019-12-21,2019,2019-20,12,FALSE
Region 8,201952,202139,2021-10-08,92,3626,298,685,27.1098,8.21842,18.8913,2019,52,2019-12-22,2019-12-28,2019,2019-20,13,FALSE
Region 8,202001,202139,2021-10-08,91,3986,355,724,27.0697,8.90617,18.1636,2020,1,2019-12-29,2020-01-04,2019,2019-20,14,FALSE
Region 8,202002,202139,2021-10-08,90,3868,400,577,25.2585,10.3413,14.9173,2020,2,2020-01-05,2020-01-11,2019,2019-20,15,FALSE
Region 8,202003,202139,2021-10-08,89,4123,579,657,29.9782,14.0432,15.935,2020,3,2020-01-12,2020-01-18,2019,2019-20,16,FALSE
Region 8,202004,202139,2021-10-08,88,4647,753,726,31.827,16.204,15.623,2020,4,2020-01-19,2020-01-25,2019,2019-20,17,FALSE
Region 8,202005,202139,2021-10-08,87,4941,864,664,30.9249,17.4863,13.4386,2020,5,2020-01-26,2020-02-01,2019,2019-20,18,FALSE
Region 8,202006,202139,2021-10-08,86,4827,998,515,31.3445,20.6754,10.6692,2020,6,2020-02-02,2020-02-08,2019,2019-20,19,FALSE
Region 8,202007,202139,2021-10-08,85,5079,1134,460,31.3841,22.3272,9.0569,2020,7,2020-02-09,2020-02-15,2019,2019-20,20,FALSE
Region 8,202008,202139,2021-10-08,84,4598,1061,358,30.8612,23.0753,7.78599,2020,8,2020-02-16,2020-02-22,2019,2019-20,21,FALSE
Region 8,202009,202139,2021-10-08,83,4512,1005,290,28.7012,22.2739,6.4273,2020,9,2020-02-23,2020-02-29,2019,2019-20,22,FALSE
Region 8,202010,202139,2021-10-08,82,4751,1049,194,26.1629,22.0796,4.08335,2020,10,2020-03-01,2020-03-07,2019,2019-20,23,FALSE
Region 8,202011,202139,2021-10-08,81,5930,871,139,17.032,14.688,2.34401,2020,11,2020-03-08,2020-03-14,2019,2019-20,24,FALSE
Region 8,202012,202139,2021-10-08,80,6878,556,101,9.5522,8.08375,1.46845,2020,12,2020-03-15,2020-03-21,2019,2019-20,25,FALSE
Region 8,202013,202139,2021-10-08,79,4706,125,21,3.10242,2.65618,0.446239,2020,13,2020-03-22,2020-03-28,2019,2019-20,26,FALSE
Region 8,202014,202139,2021-10-08,78,2890,14,4,0.622837,0.484429,0.138408,2020,14,2020-03-29,2020-04-04,2019,2019-20,27,FALSE
Region 8,202015,202139,2021-10-08,77,1769,2,2,0.226116,0.113058,0.113058,2020,15,2020-04-05,2020-04-11,2019,2019-20,28,FALSE
Region 8,202016,202139,2021-10-08,76,1397,2,1,0.214746,0.143164,0.071582,2020,16,2020-04-12,2020-04-18,2019,2019-20,29,FALSE
Region 8,202017,202139,2021-10-08,75,1232,3,1,0.324675,0.243506,0.0811688,2020,17,2020-04-19,2020-04-25,2019,2019-20,30,FALSE
Region 8,202018,202139,2021-10-08,74,1007,1,0,0.0993049,0.0993049,0,2020,18,2020-04-26,2020-05-02,2019,2019-20,31,FALSE
Region 8,202019,202139,2021-10-08,73,924,0,0,0,0,0,2020,19,2020-05-03,2020-05-09,2019,2019-20,32,FALSE
Region 8,202020,202139,2021-10-08,72,848,0,0,0,0,0,2020,20,2020-05-10,2020-05-16,2019,2019-20,33,FALSE
Region 8,202021,202139,2021-10-08,71,757,0,0,0,0,0,2020,21,2020-05-17,2020-05-23,2019,2019-20,34,FALSE
Region 8,202022,202139,2021-10-08,70,616,1,0,0.162338,0.162338,0,2020,22,2020-05-24,2020-05-30,2019,2019-20,35,FALSE
Region 8,202023,202139,2021-10-08,69,599,6,6,2.00334,1.00167,1.00167,2020,23,2020-05-31,2020-06-06,2019,2019-20,36,FALSE
Region 8,202024,202139,2021-10-08,68,498,0,0,0,0,0,2020,24,2020-06-07,2020-06-13,2019,2019-20,37,FALSE
Region 8,202025,202139,2021-10-08,67,509,0,0,0,0,0,2020,25,2020-06-14,2020-06-20,2019,2019-20,38,FALSE
Region 8,202026,202139,2021-10-08,66,541,0,0,0,0,0,2020,26,2020-06-21,2020-06-27,2019,2019-20,39,FALSE
Region 8,202027,202139,2021-10-08,65,533,0,0,0,0,0,2020,27,2020-06-28,2020-07-04,2019,2019-20,40,FALSE
Region 8,202028,202139,2021-10-08,64,468,0,0,0,0,0,2020,28,2020-07-05,2020-07-11,2019,2019-20,41,FALSE
Region 8,202029,202139,2021-10-08,63,635,1,1,0.314961,0.15748,0.15748,2020,29,2020-07-12,2020-07-18,2019,2019-20,42,FALSE
Region 8,202030,202139,2021-10-08,62,922,0,0,0,0,0,2020,30,2020-07-19,2020-07-25,2019,2019-20,43,FALSE
Region 8,202031,202139,2021-10-08,61,834,1,0,0.119904,0.119904,0,2020,31,2020-07-26,2020-08-01,2019,2019-20,44,FALSE
Region 8,202032,202139,2021-10-08,60,844,0,0,0,0,0,2020,32,2020-08-02,2020-08-08,2019,2019-20,45,FALSE
Region 8,202033,202139,2021-10-08,59,782,0,0,0,0,0,2020,33,2020-08-09,2020-08-15,2019,2019-20,46,FALSE
Region 8,202034,202139,2021-10-08,58,703,0,0,0,0,0,2020,34,2020-08-16,2020-08-22,2019,2019-20,47,FALSE
Region 8,202035,202139,2021-10-08,57,694,0,0,0,0,0,2020,35,2020-08-23,2020-08-29,2019,2019-20,48,FALSE
Region 8,202036,202139,2021-10-08,56,706,0,0,0,0,0,2020,36,2020-08-30,2020-09-05,2019,2019-20,49,FALSE
Region 8,202037,202139,2021-10-08,55,910,0,0,0,0,0,2020,37,2020-09-06,2020-09-12,2019,2019-20,50,FALSE
Region 8,202038,202139,2021-10-08,54,1121,0,1,0.0892061,0,0.0892061,2020,38,2020-09-13,2020-09-19,2019,2019-20,51,FALSE
Region 8,202039,202139,2021-10-08,53,1188,0,0,0,0,0,2020,39,2020-09-20,2020-09-26,2019,2019-20,52,FALSE
Region 8,202040,202239,2022-10-07,104,1394,0,0,0,0,0,2020,40,2020-09-27,2020-10-03,2020,2020-21,1,FALSE
Region 8,202041,202239,2022-10-07,103,1558,0,0,0,0,0,2020,41,2020-10-04,2020-10-10,2020,2020-21,2,FALSE
Region 8,202042,202239,2022-10-07,102,1555,2,1,0.192926,0.128617,0.0643087,2020,42,2020-10-11,2020-10-17,2020,2020-21,3,FALSE
Region 8,202043,202239,2022-10-07,101,1737,1,0,0.0575705,0.0575705,0,2020,43,2020-10-18,2020-10-24,2020,2020-21,4,FALSE
Region 8,202044,202239,2022-10-07,100,2431,0,2,0.0822707,0,0.0822707,2020,44,2020-10-25,2020-10-31,2020,2020-21,5,FALSE
Region 8,202045,202239,2022-10-07,99,3452,0,0,0,0,0,2020,45,2020-11-01,2020-11-07,2020,2020-21,6,FALSE
Region 8,202046,202239,2022-10-07,98,3577,2,1,0.0838692,0.0559128,0.0279564,2020,46,2020-11-08,2020-11-14,2020,2020-21,7,FALSE
Region 8,202047,202239,2022-10-07,97,3162,0,1,0.0316256,0,0.0316256,2020,47,2020-11-15,2020-11-21,2020,2020-21,8,FALSE
Region 8,202048,202239,2022-10-07,96,2560,0,0,0,0,0,2020,48,2020-11-22,2020-11-28,2020,2020-21,9,FALSE
Region 8,202049,202239,2022-10-07,95,4116,1,3,0.0971817,0.0242954,0.0728863,2020,49,2020-11-29,2020-12-05,2020,2020-21,10,FALSE
Region 8,202050,202239,2022-10-07,94,2392,0,1,0.041806,0,0.041806,2020,50,2020-12-06,2020-12-12,2020,2020-21,11,FALSE
Region 8,202051,202239,2022-10-07,93,2160,0,0,0,0,0,2020,51,2020-12-13,2020-12-19,2020,2020-21,12,FALSE
Region 8,202052,202239,2022-10-07,92,1857,0,0,0,0,0,2020,52,2020-12-20,2020-12-26,2020,2020-21,13,FALSE
Region 8,202053,202239,2022-10-07,91,1837,0,1,0.0544366,0,0.0544366,2020,53,2020-12-27,2021-01-02,2020,2020-21,14,FALSE
Region 8,202101,202239,2022-10-07,90,2092,0,0,0,0,0,2021,1,2021-01-03,2021-01-09,2020,2020-21,15,FALSE
Region 8,202102,202239,2022-10-07,89,1726,0,0,0,0,0,2021,2,2021-01-10,2021-01-16,2020,2020-21,16,FALSE
Region 8,202103,202239,2022-10-07,88,1717,0,0,0,0,0,2021,3,2021-01-17,2021-01-23,2020,2020-21,17,FALSE
Region 8,202104,202239,2022-10-07,87,1628,0,0,0,0,0,2021,4,2021-01-24,2021-01-30,2020,2020-21,18,FALSE
Region 8,202105,202239,2022-10-07,86,1582,0,0,0,0,0,2021,5,2021-01-31,2021-02-06,2020,2020-21,19,FALSE
Region 8,202106,202239,2022-10-07,85,1572,0,0,0,0,0,2021,6,2021-02-07,2021-02-13,2020,2020-21,20,FALSE
Region 8,202107,202239,2022-10-07,84,1778,0,0,0,0,0,2021,7,2021-02-14,2021-02-20,2020,2020-21,21,FALSE
Region 8,202108,202239,2022-10-07,83,1635,1,0,0.0611621,0.0611621,0,2021,8,2021-02-21,2021-02-27,2020,2020-21,22,FALSE
Region 8,202109,202239,2022-10-07,82,1396,0,0,0,0,0,2021,9,2021-02-28,2021-03-06,2020,2020-21,23,FALSE
Region 8,202110,202239,2022-10-07,81,1593,0,0,0,0,0,2021,10,2021-03-07,2021-03-13,2020,2020-21,24,FALSE
Region 8,202111,202239,2022-10-07,80,1709,0,0,0,0,0,2021,11,2021-03-14,2021-03-20,2020,2020-21,25,FALSE
Region 8,202112,202239,2022-10-07,79,2035,0,0,0,0,0,2021,12,2021-03-21,2021-03-27,2020,2020-21,26,FALSE
Region 8,202113,202239,2022-10-07,78,1872,0,0,0,0,0,2021,13,2021-03-28,2021-04-03,2020,2020-21,27,FALSE
Region 8,202114,202239,2022-10-07,77,1938,0,0,0,0,0,2021,14,2021-04-04,2021-04-10,2020,2020-21,28,FALSE
Region 8,202115,202239,2022-10-07,76,2078,0,0,0,0,0,2021,15,2021-04-11,2021-04-17,2020,2020-21,29,FALSE
Region 8,202116,202239,2022-10-07,75,2039,0,0,0,0,0,2021,16,2021-04-18,2021-04-24,2020,2020-21,30,FALSE
Region 8,202117,202239,2022-10-07,74,2094,0,0,0,0,0,2021,17,2021-04-25,2021-05-01,2020,2020-21,31,FALSE
Region 8,202118,202239,2022-10-07,73,1841,0,0,0,0,0,2021,18,2021-05-02,2021-05-08,2020,2020-21,32,FALSE
Region 8,202119,202239,2022-10-07,72,1872,0,0,0,0,0,2021,19,2021-05-09,2021-05-15,2020,2020-21,33,FALSE
Region 8,202120,202239,2022-10-07,71,1636,0,0,0,0,0,2021,20,2021-05-16,2021-05-22,2020,2020-21,34,FALSE
Region 8,202121,202239,2022-10-07,70,1599,0,1,0.0625391,0,0.0625391,2021,21,2021-05-23,2021-05-29,2020,2020-21,35,FALSE
Region 8,202122,202239,2022-10-07,69,1625,0,0,0,0,0,2021,22,2021-05-30,2021-06-05,2020,2020-21,36,FALSE
Region 8,202123,202239,2022-10-07,68,1260,0,0,0,0,0,2021,23,2021-06-06,2021-06-12,2020,2020-21,37,FALSE
Region 8,202124,202239,2022-10-07,67,896,0,0,0,0,0,2021,24,2021-06-13,2021-06-19,2020,2020-21,38,FALSE
Region 8,202125,202239,2022-10-07,66,941,0,0,0,0,0,2021,25,2021-06-20,2021-06-26,2020,2020-21,39,FALSE
Region 8,202126,202239,2022-10-07,65,939,0,0,0,0,0,2021,26,2021-06-27,2021-07-03,2020,2020-21,40,FALSE
Region 8,202127,202239,2022-10-07,64,1028,0,0,0,0,0,2021,27,2021-07-04,2021-07-10,2020,2020-21,41,FALSE
Region 8,202128,202239,2022-10-07,63,1213,1,0,0.0824402,0.0824402,0,2021,28,2021-07-11,2021-07-17,2020,2020-21,42,FALSE
Region 8,202129,202239,2022-10-07,62,1356,0,0,0,0,0,2021,29,2021-07-18,2021-07-24,2020,2020-21,43,FALSE
Region 8,202130,202239,2022-10-07,61,1583,0,0,0,0,0,2021,30,2021-07-25,2021-07-31,2020,2020-21,44,FALSE
Region 8,202131,202239,2022-10-07,60,1865,0,1,0.0536193,0,0.0536193,2021,31,2021-08-01,2021-08-07,2020,2020-21,45,FALSE
Region 8,202132,202239,2022-10-07,59,2219,0,0,0,0,0,2021,32,2021-08-08,2021-08-14,2020,2020-21,46,FALSE
Region 8,202133,202239,2022-10-07,58,2307,0,0,0,0,0,2021,33,2021-08-15,2021-08-21,2020,2020-21,47,FALSE
Region 8,202134,202239,2022-10-07,57,2501,1,1,0.079968,0.039984,0.039984,2021,34,2021-08-22,2021-08-28,2020,2020-21,48,FALSE
Region 8,202135,202239,2022-10-07,56,2886,0,0,0,0,0,2021,35,2021-08-29,2021-09-04,2020,2020-21,49,FALSE
Region 8,202136,202239,2022-10-07,55,2668,0,0,0,0,0,2021,36,2021-09-05,2021-09-11,2020,2020-21,50,FALSE
Region 8,202137,202239,2022-10-07,54,2668,0,2,0.0749625,0,0.0749625,2021,37,2021-09-12,2021-09-18,2020,2020-21,51,FALSE
Region 8,202138,202239,2022-10-07,53,2585,0,1,0.0386847,0,0.0386847,2021,38,2021-09-19,2021-09-25,2020,2020-21,52,FALSE
Region 8,202139,202239,2022-10-07,52,2992,1,0,0.0334225,0.0334225,0,2021,39,2021-09-26,2021-10-02,2020,2020-21,53,FALSE
Region 8,202140,202339,2023-10-06,103,3030,1,2,0.0990099,0.0330033,0.0660066,2021,40,2021-10-03,2021-10-09,2021,2021-22,1,FALSE
Region 8,202141,202339,2023-10-06,102,2884,0,2,0.0693481,0,0.0693481,2021,41,2021-10-10,2021-10-16,2021,2021-22,2,FALSE
Region 8,202142,202339,2023-10-06,101,3543,1,1,0.0564493,0.0282247,0.0282247,2021,42,2021-10-17,2021-10-23,2021,2021-22,3,FALSE
Region 8,202143,202339,2023-10-06,100,3072,2,1,0.0976563,0.0651042,0.0325521,2021,43,2021-10-24,2021-10-30,2021,2021-22,4,FALSE
Region 8,202144,202339,2023-10-06,99,3980,3,1,0.100503,0.0753769,0.0251256,2021,44,2021-10-31,2021-11-06,2021,2021-22,5,FALSE
Region 8,202145,202339,2023-10-06,98,4514,8,2,0.221533,0.177226,0.0443066,2021,45,2021-11-07,2021-11-13,2021,2021-22,6,FALSE
Region 8,202146,202339,2023-10-06,97,4588,19,1,0.43592,0.414124,0.021796,2021,46,2021-11-14,2021-11-20,2021,2021-22,7,FALSE
Region 8,202147,202339,2023-10-06,96,4054,16,2,0.444006,0.394672,0.049334,2021,47,2021-11-21,2021-11-27,2021,2021-22,8,FALSE
Region 8,202148,202339,2023-10-06,95,4749,59,1,1.26342,1.24237,0.0210571,2021,48,2021-11-28,2021-12-04,2021,2021-22,9,FALSE
Region 8,202149,202339,2023-10-06,94,4187,74,0,1.76738,1.76738,0,2021,49,2021-12-05,2021-12-11,2021,2021-22,10,FALSE
Region 8,202150,202339,2023-10-06,93,4054,206,0,5.0814,5.0814,0,2021,50,2021-12-12,2021-12-18,2021,2021-22,11,FALSE
Region 8,202151,202339,2023-10-06,92,5005,333,0,6.65335,6.65335,0,2021,51,2021-12-19,2021-12-25,2021,2021-22,12,FALSE
Region 8,202152,202339,2023-10-06,91,6654,362,2,5.47039,5.44034,0.0300571,2021,52,2021-12-26,2022-01-01,2021,2021-22,13,FALSE
Region 8,202201,202339,2023-10-06,90,6421,278,1,4.34512,4.32954,0.0155739,2022,1,2022-01-02,2022-01-08,2021,2021-22,14,FALSE
Region 8,202202,202339,2023-10-06,89,7138,410,4,5.79994,5.74391,0.0560381,2022,2,2022-01-09,2022-01-15,2021,2021-22,15,FALSE
Region 8,202203,202339,2023-10-06,88,5892,340,2,5.80448,5.77054,0.0339443,2022,3,2022-01-16,2022-01-22,2021,2021-22,16,FALSE
Region 8,202204,202339,2023-10-06,87,4118,193,2,4.73531,4.68674,0.0485673,2022,4,2022-01-23,2022-01-29,2021,2021-22,17,FALSE
Region 8,202205,202339,2023-10-06,86,3323,188,2,5.71772,5.65754,0.0601866,2022,5,2022-01-30,2022-02-05,2021,2021-22,18,FALSE
Region 8,202206,202339,2023-10-06,85,4417,220,0,4.98076,4.98076,0,2022,6,2022-02-06,2022-02-12,2021,2021-22,19,FALSE
Region 8,202207,202339,2023-10-06,84,2874,215,1,7.51566,7.48086,0.0347947,2022,7,2022-02-13,2022-02-19,2021,2021-22,20,FALSE
Region 8,202208,202339,2023-10-06,83,2298,132,0,5.74413,5.74413,0,2022,8,2022-02-20,2022-02-26,2021,2021-22,21,FALSE
Region 8,202209,202339,2023-10-06,82,2360,117,1,5,4.95763,0.0423729,2022,9,2022-02-27,2022-03-05,2021,2021-22,22,FALSE
Region 8,202210,202339,2023-10-06,81,2177,123,0,5.64998,5.64998,0,2022,10,2022-03-06,2022-03-12,2021,2021-22,23,FALSE
Region 8,202211,202339,2023-10-06,80,2031,137,1,6.79468,6.74545,0.0492368,2022,11,2022-03-13,2022-03-19,2021,2021-22,24,FALSE
Region 8,202212,202339,2023-10-06,79,2023,121,0,5.98122,5.98122,0,2022,12,2022-03-20,2022-03-26,2021,2021-22,25,FALSE
Region 8,202213,202339,2023-10-06,78,1976,168,0,8.50202,8.50202,0,2022,13,2022-03-27,2022-04-02,2021,2021-22,26,FALSE
Region 8,202214,202339,2023-10-06,77,1931,153,1,7.97514,7.92336,0.0517866,2022,14,2022-04-03,2022-04-09,2021,2021-22,27,FALSE
Region 8,202215,202339,2023-10-06,76,2074,200,1,9.69142,9.6432,0.048216,2022,15,2022-04-10,2022-04-16,2021,2021-22,28,FALSE
Region 8,202216,202339,2023-10-06,75,2132,217,0,10.1782,10.1782,0,2022,16,2022-04-17,2022-04-23,2021,2021-22,29,FALSE
Region 8,202217,202339,2023-10-06,74,2579,233,0,9.03451,9.03451,0,2022,17,2022-04-24,2022-04-30,2021,2021-22,30,FALSE
Region 8,202218,202339,2023-10-06,73,2588,264,0,10.2009,10.2009,0,2022,18,2022-05-01,2022-05-07,2021,2021-22,31,FALSE
Region 8,202219,202339,2023-10-06,72,2527,165,1,6.56905,6.52948,0.0395726,2022,19,2022-05-08,2022-05-14,2021,2021-22,32,FALSE
Region 8,202220,202339,2023-10-06,71,3439,166,0,4.82698,4.82698,0,2022,20,2022-05-15,2022-05-21,2021,2021-22,33,FALSE
Region 8,202221,202339,2023-10-06,70,2304,162,1,7.07465,7.03125,0.0434028,2022,21,2022-05-22,2022-05-28,2021,2021-22,34,FALSE
Region 8,202222,202339,2023-10-06,69,2774,96,0,3.46071,3.46071,0,2022,22,2022-05-29,2022-06-04,2021,2021-22,35,FALSE
Region 8,202223,202339,2023-10-06,68,2670,58,0,2.17228,2.17228,0,2022,23,2022-06-05,2022-06-11,2021,2021-22,36,FALSE
Region 8,202224,202339,2023-10-06,67,2391,26,0,1.08741,1.08741,0,2022,24,2022-06-12,2022-06-18,2021,2021-22,37,FALSE
Region 8,202225,202339,2023-10-06,66,2384,19,0,0.79698,0.79698,0,2022,25,2022-06-19,2022-06-25,2021,2021-22,38,FALSE
Region 8,202226,202339,2023-10-06,65,2305,9,0,0.390456,0.390456,0,2022,26,2022-06-26,2022-07-02,2021,2021-22,39,FALSE
Region 8,202227,202339,2023-10-06,64,2316,5,0,0.215889,0.215889,0,2022,27,2022-07-03,2022-07-09,2021,2021-22,40,FALSE
Region 8,202228,202339,2023-10-06,63,2134,2,0,0.0937207,0.0937207,0,2022,28,2022-07-10,2022-07-16,2021,2021-22,41,FALSE
Region 8,202229,202339,2023-10-06,62,2223,3,0,0.134953,0.134953,0,2022,29,2022-07-17,2022-07-23,2021,2021-22,42,FALSE
Region 8,202230,202339,2023-10-06,61,1987,3,0,0.150981,0.150981,0,2022,30,2022-07-24,2022-07-30,2021,2021-22,43,FALSE
Region 8,202231,202339,2023-10-06,60,1851,3,2,0.270124,0.162075,0.10805,2022,31,2022-07-31,2022-08-06,2021,2021-22,44,FALSE
Region 8,202232,202339,2023-10-06,59,1787,2,0,0.111919,0.111919,0,2022,32,2022-08-07,2022-08-13,2021,2021-22,45,FALSE
Region 8,202233,202339,2023-10-06,58,1764,1,0,0.0566893,0.0566893,0,2022,33,2022-08-14,2022-08-20,2021,2021-22,46,FALSE
Region 8,202234,202339,2023-10-06,57,2424,1,0,0.0412541,0.0412541,0,2022,34,2022-08-21,2022-08-27,2021,2021-22,47,FALSE
Region 8,202235,202339,2023-10-06,56,1972,1,0,0.0507099,0.0507099,0,2022,35,2022-08-28,2022-09-03,2021,2021-22,48,FALSE
Region 8,202236,202339,2023-10-06,55,1961,4,1,0.254972,0.203978,0.0509944,2022,36,2022-09-04,2022-09-10,2021,2021-22,49,FALSE
Region 8,202237,202339,2023-10-06,54,1838,0,2,0.108814,0,0.108814,2022,37,2022-09-11,2022-09-17,2021,2021-22,50,FALSE
Region 8,202238,202339,2023-10-06,53,2195,2,0,0.0911162,0.0911162,0,2022,38,2022-09-18,2022-09-24,2021,2021-22,51,FALSE
Region 8,202239,202339,2023-10-06,52,1984,2,0,0.100806,0.100806,0,2022,39,2022-09-25,2022-10-01,2021,2021-22,52,FALSE
Region 8,202240,202439,2024-10-04,103,2023,3,0,0.148295,0.148295,0,2022,40,2022-10-02,2022-10-08,2022,2022-23,1,TRUE
Region 8,202241,202439,2024-10-04,102,1893,11,2,0.686741,0.581088,0.105652,2022,41,2022-10-09,2022-10-15,2022,2022-23,2,TRUE
Region 8,202242,202439,2024-10-04,101,1916,29,2,1.61795,1.51357,0.104384,2022,42,2022-10-16,2022-10-22,2022,2022-23,3,TRUE
Region 8,202243,202439,2024-10-04,100,2197,50,0,2.27583,2.27583,0,2022,43,2022-10-23,2022-10-29,2022,2022-23,4,TRUE
Region 8,202244,202439,2024-10-04,99,2807,180,3,6.51942,6.41254,0.106876,2022,44,2022-10-30,2022-11-05,2022,2022-23,5,TRUE
Region 8,202245,202439,2024-10-04,98,3239,358,1,11.0837,11.0528,0.0308737,2022,45,2022-11-06,2022-11-12,2022,2022-23,6,TRUE
Region 8,202246,202439,2024-10-04,97,4155,687,2,16.5824,16.534300000000002,0.0481348,2022,46,2022-11-13,2022-11-19,2022,2022-23,7,TRUE
Region 8,202247,202439,2024-10-04,96,4344,904,2,20.8564,20.8103,0.0460405,2022,47,2022-11-20,2022-11-26,2022,2022-23,8,TRUE
Region 8,202248,202439,2024-10-04,95,4585,1117,2,24.4057,24.3621,0.0436205,2022,48,2022-11-27,2022-12-03,2022,2022-23,9,TRUE
Region 8,202249,202439,2024-10-04,94,4523,1157,5,25.6909,25.5804,0.110546,2022,49,2022-12-04,2022-12-10,2022,2022-23,10,TRUE
Region 8,202250,202439,2024-10-04,93,4715,1191,4,25.3446,25.2598,0.0848356,2022,50,2022-12-11,2022-12-17,2022,2022-23,11,TRUE
Region 8,202251,202439,2024-10-04,92,3961,875,7,22.2671,22.0904,0.176723,2022,51,2022-12-18,2022-12-24,2022,2022-23,12,TRUE
Region 8,202252,202439,2024-10-04,91,3880,714,6,18.5567,18.4021,0.154639,2022,52,2022-12-25,2022-12-31,2022,2022-23,13,TRUE
Region 8,202301,202439,2024-10-04,90,3111,394,4,12.7933,12.6647,0.128576,2023,1,2023-01-01,2023-01-07,2022,2022-23,14,TRUE
Region 8,202302,202439,2024-10-04,89,2596,208,2,8.08937,8.01233,0.0770416,2023,2,2023-01-08,2023-01-14,2022,2022-23,15,TRUE
Region 8,202303,202439,2024-10-04,88,2456,142,7,6.06678,5.78176,0.285016,2023,3,2023-01-15,2023-01-21,2022,2022-23,16,TRUE
Region 8,202304,202439,2024-10-04,87,2301,88,2,3.91134,3.82442,0.0869187,2023,4,2023-01-22,2023-01-28,2022,2022-23,17,TRUE
Region 8,202305,202439,2024-10-04,86,2285,54,6,2.62582,2.36324,0.262582,2023,5,2023-01-29,2023-02-04,2022,2022-23,18,TRUE
Region 8,202306,202439,2024-10-04,85,2400,41,6,1.95833,1.70833,0.25,2023,6,2023-02-05,2023-02-11,2022,2022-23,19,TRUE
Region 8,202307,202439,2024-10-04,84,2393,30,12,1.75512,1.25366,0.501463,2023,7,2023-02-12,2023-02-18,2022,2022-23,20,TRUE
Region 8,202308,202439,2024-10-04,83,2394,26,3,1.21136,1.08605,0.125313,2023,8,2023-02-19,2023-02-25,2022,2022-23,21,TRUE
Region 8,202309,202439,2024-10-04,82,2333,16,7,0.985855,0.685812,0.300043,2023,9,2023-02-26,2023-03-04,2022,2022-23,22,TRUE
Region 8,202310,202439,2024-10-04,81,2237,16,9,1.11757,0.715244,0.402325,2023,10,2023-03-05,2023-03-11,2022,2022-23,23,TRUE
Region 8,202311,202439,2024-10-04,80,2128,13,11,1.12782,0.610902,0.516917,2023,11,2023-03-12,2023-03-18,2022,2022-23,24,TRUE
Region 8,202312,202439,2024-10-04,79,2129,17,10,1.2682,0.798497,0.469704,2023,12,2023-03-19,2023-03-25,2022,2022-23,25,TRUE
Region 8,202313,202439,2024-10-04,78,1854,15,9,1.2945,0.809061,0.485437,2023,13,2023-03-26,2023-04-01,2022,2022-23,26,TRUE
Region 8,202314,202439,2024-10-04,77,1934,25,15,2.06825,1.29266,0.775595,2023,14,2023-04-02,2023-04-08,2022,2022-23,27,TRUE
Region 8,202315,202439,2024-10-04,76,1900,18,15,1.73684,0.947368,0.789474,2023,15,2023-04-09,2023-04-15,2022,2022-23,28,TRUE
Region 8,202316,202439,2024-10-04,75,1770,8,8,0.903955,0.451977,0.451977,2023,16,2023-04-16,2023-04-22,2022,2022-23,29,TRUE
Region 8,202317,202439,2024-10-04,74,1720,6,14,1.16279,0.348837,0.813953,2023,17,2023-04-23,2023-04-29,2022,2022-23,30,TRUE
Region 8,202318,202439,2024-10-04,73,1643,7,13,1.21729,0.42605,0.791236,2023,18,2023-04-30,2023-05-06,2022,2022-23,31,TRUE
Region 8,202319,202439,2024-10-04,72,1451,2,10,0.827016,0.137836,0.68918,2023,19,2023-05-07,2023-05-13,2022,2022-23,32,TRUE
Region 8,202320,202439,2024-10-04,71,1375,4,16,1.45455,0.290909,1.16364,2023,20,2023-05-14,2023-05-20,2022,2022-23,33,TRUE
Region 8,202321,202439,2024-10-04,70,1269,10,8,1.41844,0.788022,0.630418,2023,21,2023-05-21,2023-05-27,2022,2022-23,34,TRUE
Region 8,202322,202439,2024-10-04,69,1221,6,6,0.982801,0.4914,0.4914,2023,22,2023-05-28,2023-06-03,2022,2022-23,35,TRUE
Region 8,202323,202439,2024-10-04,68,1145,3,1,0.349345,0.262009,0.0873362,2023,23,2023-06-04,2023-06-10,2022,2022-23,36,TRUE
Region 8,202324,202439,2024-10-04,67,1058,9,3,1.13422,0.850662,0.283554,2023,24,2023-06-11,2023-06-17,2022,2022-23,37,TRUE
Region 8,202325,202439,2024-10-04,66,1022,3,2,0.489237,0.293542,0.195695,2023,25,2023-06-18,2023-06-24,2022,2022-23,38,TRUE
Region 8,202326,202439,2024-10-04,65,986,10,3,1.31846,1.0142,0.30426,2023,26,2023-06-25,2023-07-01,2022,2022-23,39,TRUE
Region 8,202327,202439,2024-10-04,64,910,2,1,0.32967,0.21978,0.10989,2023,27,2023-07-02,2023-07-08,2022,2022-23,40,TRUE
Region 8,202328,202439,2024-10-04,63,942,7,5,1.27389,0.7431,0.530786,2023,28,2023-07-09,2023-07-15,2022,2022-23,41,TRUE
Region 8,202329,202439,2024-10-04,62,926,5,0,0.539957,0.539957,0,2023,29,2023-07-16,2023-07-22,2022,2022-23,42,TRUE
Region 8,202330,202439,2024-10-04,61,955,1,3,0.418848,0.104712,0.314136,2023,30,2023-07-23,2023-07-29,2022,2022-23,43,TRUE
Region 8,202331,202439,2024-10-04,60,960,3,1,0.416667,0.3125,0.104167,2023,31,2023-07-30,2023-08-05,2022,2022-23,44,TRUE
Region 8,202332,202439,2024-10-04,59,1003,5,3,0.797607,0.498504,0.299103,2023,32,2023-08-06,2023-08-12,2022,2022-23,45,TRUE
Region 8,202333,202439,2024-10-04,58,1182,6,2,0.676819,0.507614,0.169205,2023,33,2023-08-13,2023-08-19,2022,2022-23,46,TRUE
Region 8,202334,202439,2024-10-04,57,1340,4,0,0.298507,0.298507,0,2023,34,2023-08-20,2023-08-26,2022,2022-23,47,TRUE
Region 8,202335,202439,2024-10-04,56,1441,4,0,0.277585,0.277585,0,2023,35,2023-08-27,2023-09-02,2022,2022-23,48,TRUE
Region 8,202336,202439,2024-10-04,55,1656,5,3,0.483092,0.301932,0.181159,2023,36,2023-09-03,2023-09-09,2022,2022-23,49,TRUE
Region 8,202337,202439,2024-10-04,54,1622,5,0,0.308261,0.308261,0,2023,37,2023-09-10,2023-09-16,2022,2022-23,50,TRUE
Region 8,202338,202439,2024-10-04,53,1795,11,3,0.779944,0.612813,0.167131,2023,38,2023-09-17,2023-09-23,2022,2022-23,51,TRUE
Region 8,202339,202439,2024-10-04,52,1873,13,5,0.961025,0.694074,0.266951,2023,39,2023-09-24,2023-09-30,2022,2022-23,52,TRUE
Region 8,202340,202538,2025-09-26,102,2107,18,5,1.0916,0.854295,0.237304,2023,40,2023-10-01,2023-10-07,2023,2023-24,1,TRUE
Region 8,202341,202538,2025-09-26,101,2286,29,12,1.79353,1.26859,0.524934,2023,41,2023-10-08,2023-10-14,2023,2023-24,2,TRUE
Region 8,202342,202538,2025-09-26,100,2174,23,4,1.24195,1.05796,0.183993,2023,42,2023-10-15,2023-10-21,2023,2023-24,3,TRUE
Region 8,202343,202538,2025-09-26,99,2065,33,10,2.08232,1.59806,0.484262,2023,43,2023-10-22,2023-10-28,2023,2023-24,4,TRUE
Region 8,202344,202538,2025-09-26,98,2089,68,16,4.02106,3.25515,0.765917,2023,44,2023-10-29,2023-11-04,2023,2023-24,5,TRUE
Region 8,202345,202538,2025-09-26,97,2453,118,42,6.52263,4.81044,1.71219,2023,45,2023-11-05,2023-11-11,2023,2023-24,6,TRUE
Region 8,202346,202538,2025-09-26,96,2885,228,92,11.0919,7.90295,3.18891,2023,46,2023-11-12,2023-11-18,2023,2023-24,7,TRUE
Region 8,202347,202538,2025-09-26,95,2928,310,76,13.1831,10.5874,2.59563,2023,47,2023-11-19,2023-11-25,2023,2023-24,8,TRUE
Region 8,202348,202538,2025-09-26,94,3529,359,91,12.7515,10.1729,2.57863,2023,48,2023-11-26,2023-12-02,2023,2023-24,9,TRUE
Region 8,202349,202538,2025-09-26,93,3622,468,144,16.8967,12.921,3.9757,2023,49,2023-12-03,2023-12-09,2023,2023-24,10,TRUE
Region 8,202350,202538,2025-09-26,92,3720,683,215,24.1398,18.3602,5.77957,2023,50,2023-12-10,2023-12-16,2023,2023-24,11,TRUE
Region 8,202351,202538,2025-09-26,91,3835,671,300,25.3194,17.4967,7.82269,2023,51,2023-12-17,2023-12-23,2023,2023-24,12,TRUE
Region 8,202352,202538,2025-09-26,90,3723,683,356,27.9076,18.3454,9.56218,2023,52,2023-12-24,2023-12-30,2023,2023-24,13,TRUE
Region 8,202401,202538,2025-09-26,89,3888,606,266,22.428,15.5864,6.84156,2024,1,2023-12-31,2024-01-06,2023,2023-24,14,TRUE
Region 8,202402,202538,2025-09-26,88,3565,543,235,21.8233,15.2314,6.59187,2024,2,2024-01-07,2024-01-13,2023,2023-24,15,TRUE
Region 8,202403,202538,2025-09-26,87,3238,461,225,21.1859,14.2372,6.94873,2024,3,2024-01-14,2024-01-20,2023,2023-24,16,TRUE
Region 8,202404,202538,2025-09-26,86,3286,450,231,20.7243,13.6945,7.02982,2024,4,2024-01-21,2024-01-27,2023,2023-24,17,TRUE
Region 8,202405,202538,2025-09-26,85,3236,389,266,20.241,12.021,8.22002,2024,5,2024-01-28,2024-02-03,2023,2023-24,18,TRUE
Region 8,202406,202538,2025-09-26,84,3236,350,306,20.3028,10.8158,9.45612,2024,6,2024-02-04,2024-02-10,2023,2023-24,19,TRUE
Region 8,202407,202538,2025-09-26,83,2860,254,257,17.8671,8.88112,8.98601,2024,7,2024-02-11,2024-02-17,2023,2023-24,20,TRUE
Region 8,202408,202538,2025-09-26,82,2738,238,235,17.2754,8.69248,8.58291,2024,8,2024-02-18,2024-02-24,2023,2023-24,21,TRUE
Region 8,202409,202538,2025-09-26,81,2733,222,181,14.7457,8.12294,6.62276,2024,9,2024-02-25,2024-03-02,2023,2023-24,22,TRUE
Region 8,202410,202538,2025-09-26,80,2588,158,168,12.5966,6.1051,6.4915,2024,10,2024-03-03,2024-03-09,2023,2023-24,23,TRUE
Region 8,202411,202538,2025-09-26,79,2430,151,148,12.3045,6.21399,6.09053,2024,11,2024-03-10,2024-03-16,2023,2023-24,24,TRUE
Region 8,202412,202538,2025-09-26,78,2285,108,109,9.49672,4.72648,4.77024,2024,12,2024-03-17,2024-03-23,2023,2023-24,25,TRUE
Region 8,202413,202538,2025-09-26,77,2083,96,72,8.06529,4.60874,3.45655,2024,13,2024-03-24,2024-03-30,2023,2023-24,26,TRUE
Region 8,202414,202538,2025-09-26,76,2011,69,71,6.96171,3.43113,3.53058,2024,14,2024-03-31,2024-04-06,2023,2023-24,27,TRUE
Region 8,202415,202538,2025-09-26,75,2050,83,54,6.68293,4.04878,2.63415,2024,15,2024-04-07,2024-04-13,2023,2023-24,28,TRUE
Region 8,202416,202538,2025-09-26,74,1788,46,34,4.47427,2.57271,1.90157,2024,16,2024-04-14,2024-04-20,2023,2023-24,29,TRUE
Region 8,202417,202538,2025-09-26,73,1822,31,22,2.90889,1.70143,1.20746,2024,17,2024-04-21,2024-04-27,2023,2023-24,30,TRUE
Region 8,202418,202538,2025-09-26,72,1761,31,19,2.8393,1.76036,1.07893,2024,18,2024-04-28,2024-05-04,2023,2023-24,31,TRUE
Region 8,202419,202538,2025-09-26,71,1753,33,6,2.22476,1.88249,0.34227,2024,19,2024-05-05,2024-05-11,2023,2023-24,32,TRUE
Region 8,202420,202538,2025-09-26,70,1618,29,2,1.91595,1.79234,0.123609,2024,20,2024-05-12,2024-05-18,2023,2023-24,33,TRUE
Region 8,202421,202538,2025-09-26,69,1586,21,2,1.45019,1.32409,0.126103,2024,21,2024-05-19,2024-05-25,2023,2023-24,34,TRUE
Region 8,202422,202538,2025-09-26,68,1449,24,0,1.65631,1.65631,0,2024,22,2024-05-26,2024-06-01,2023,2023-24,35,TRUE
Region 8,202423,202538,2025-09-26,67,1331,10,1,0.826446,0.751315,0.0751315,2024,23,2024-06-02,2024-06-08,2023,2023-24,36,TRUE
Region 8,202424,202538,2025-09-26,66,1121,18,0,1.60571,1.60571,0,2024,24,2024-06-09,2024-06-15,2023,2023-24,37,TRUE
Region 8,202425,202538,2025-09-26,65,1259,7,1,0.635425,0.555997,0.0794281,2024,25,2024-06-16,2024-06-22,2023,2023-24,38,TRUE
Region 8,202426,202538,2025-09-26,64,1222,11,0,0.900164,0.900164,0,2024,26,2024-06-23,2024-06-29,2023,2023-24,39,TRUE
Region 8,202427,202538,2025-09-26,63,1185,18,4,1.85654,1.51899,0.337553,2024,27,2024-06-30,2024-07-06,2023,2023-24,40,TRUE
Region 8,202428,202538,2025-09-26,62,1468,11,2,0.885559,0.749319,0.13624,2024,28,2024-07-07,2024-07-13,2023,2023-24,41,TRUE
Region 8,202429,202538,2025-09-26,61,1476,12,1,0.880759,0.813008,0.0677507,2024,29,2024-07-14,2024-07-20,2023,2023-24,42,TRUE
Region 8,202430,202538,2025-09-26,60,1544,8,0,0.518135,0.518135,0,2024,30,2024-07-21,2024-07-27,2023,2023-24,43,TRUE
Region 8,202431,202538,2025-09-26,59,1500,9,0,0.6,0.6,0,2024,31,2024-07-28,2024-08-03,2023,2023-24,44,TRUE
Region 8,202432,202538,2025-09-26,58,1481,6,0,0.405132,0.405132,0,2024,32,2024-08-04,2024-08-10,2023,2023-24,45,TRUE
Region 8,202433,202538,2025-09-26,57,1701,2,1,0.176367,0.117578,0.0587889,2024,33,2024-08-11,2024-08-17,2023,2023-24,46,TRUE
Region 8,202434,202538,2025-09-26,56,1799,4,0,0.222346,0.222346,0,2024,34,2024-08-18,2024-08-24,2023,2023-24,47,TRUE
Region 8,202435,202538,2025-09-26,55,2097,4,0,0.190749,0.190749,0,2024,35,2024-08-25,2024-08-31,2023,2023-24,48,TRUE
Region 8,202436,202538,2025-09-26,54,2026,8,0,0.394867,0.394867,0,2024,36,2024-09-01,2024-09-07,2023,2023-24,49,TRUE
Region 8,202437,202538,2025-09-26,53,2061,8,1,0.436681,0.388161,0.0485201,2024,37,2024-09-08,2024-09-14,2023,2023-24,50,TRUE
Region 8,202438,202538,2025-09-26,52,1617,3,0,0.185529,0.185529,0,2024,38,2024-09-15,2024-09-21,2023,2023-24,51,TRUE
Region 8,202439,202538,2025-09-26,51,1772,5,3,0.451467,0.282167,0.1693,2024,39,2024-09-22,2024-09-28,2023,2023-24,52,TRUE
Region 8,202440,202638,2026-10-02,103,1826,9,0,0.492881,0.492881,0,2024,40,2024-09-29,2024-10-05,2024,2024-25,1,TRUE
Region 8,202441,202638,2026-10-02,102,1811,14,0,0.773054,0.773054,0,2024,41,2024-10-06,2024-10-12,2024,2024-25,2,TRUE
Region 8,202442,202638,2026-10-02,101,1721,10,1,0.639163,0.581058,0.0581058,2024,42,2024-10-13,2024-10-19,2024,2024-25,3,TRUE
Region 8,202443,202638,2026-10-02,100,1954,13,1,0.716479,0.665302,0.0511771,2024,43,2024-10-20,2024-10-26,2024,2024-25,4,TRUE
Region 8,202444,202638,2026-10-02,99,2000,19,0,0.95,0.95,0,2024,44,2024-10-27,2024-11-02,2024,2024-25,5,TRUE
Region 8,202445,202638,2026-10-02,98,1935,28,0,1.44703,1.44703,0,2024,45,2024-11-03,2024-11-09,2024,2024-25,6,TRUE
Region 8,202446,202638,2026-10-02,97,2004,37,0,1.84631,1.84631,0,2024,46,2024-11-10,2024-11-16,2024,2024-25,7,TRUE
Region 8,202447,202638,2026-10-02,96,2026,37,4,2.02369,1.82626,0.197433,2024,47,2024-11-17,2024-11-23,2024,2024-25,8,TRUE
Region 8,202448,202638,2026-10-02,95,2003,82,1,4.14378,4.09386,0.0499251,2024,48,2024-11-24,2024-11-30,2024,2024-25,9,TRUE
Region 8,202449,202638,2026-10-02,94,2315,115,2,5.054,4.9676,0.0863931,2024,49,2024-12-01,2024-12-07,2024,2024-25,10,TRUE
Region 8,202450,202638,2026-10-02,93,2470,163,2,6.68016,6.59919,0.0809717,2024,50,2024-12-08,2024-12-14,2024,2024-25,11,TRUE
Region 8,202451,202638,2026-10-02,92,2996,467,0,15.5874,15.5874,0,2024,51,2024-12-15,2024-12-21,2024,2024-25,12,TRUE
Region 8,202452,202638,2026-10-02,91,3559,756,9,21.4948,21.2419,0.25288,2024,52,2024-12-22,2024-12-28,2024,2024-25,13,TRUE
Region 8,202501,202638,2026-10-02,90,3759,819,14,22.1601,21.7877,0.372439,2025,1,2024-12-29,2025-01-04,2024,2024-25,14,TRUE
Region 8,202502,202638,2026-10-02,89,3617,721,5,20.0719,19.9336,0.138236,2025,2,2025-01-05,2025-01-11,2024,2024-25,15,TRUE
Region 8,202503,202638,2026-10-02,88,3482,844,11,24.5549,24.2389,0.31591,2025,3,2025-01-12,2025-01-18,2024,2024-25,16,TRUE
Region 8,202504,202638,2026-10-02,87,4004,993,9,25.025,24.8002,0.224775,2025,4,2025-01-19,2025-01-25,2024,2024-25,17,TRUE
Region 8,202505,202638,2026-10-02,86,3924,1165,15,30.0714,29.6891,0.382263,2025,5,2025-01-26,2025-02-01,2024,2024-25,18,TRUE
Region 8,202506,202638,2026-10-02,85,4985,1509,26,30.7924,30.2708,0.521565,2025,6,2025-02-02,2025-02-08,2024,2024-25,19,TRUE
Region 8,202507,202638,2026-10-02,84,4806,1263,38,27.0703,26.2797,0.790678,2025,7,2025-02-09,2025-02-15,2024,2024-25,20,TRUE
Region 8,202508,202638,2026-10-02,83,4581,1077,38,24.3397,23.5102,0.829513,2025,8,2025-02-16,2025-02-22,2024,2024-25,21,TRUE
Region 8,202509,202638,2026-10-02,82,4369,809,38,19.3866,18.5168,0.869764,2025,9,2025-02-23,2025-03-01,2024,2024-25,22,TRUE
Region 8,202510,202638,2026-10-02,81,4012,577,29,15.1047,14.3819,0.722832,2025,10,2025-03-02,2025-03-08,2024,2024-25,23,TRUE
Region 8,202511,202638,2026-10-02,80,3777,409,31,11.6495,10.8287,0.820757,2025,11,2025-03-09,2025-03-15,2024,2024-25,24,TRUE
Region 8,202512,202638,2026-10-02,79,3315,283,39,9.71342,8.53695,1.17647,2025,12,2025-03-16,2025-03-22,2024,2024-25,25,TRUE
Region 8,202513,202638,2026-10-02,78,2959,152,64,7.29976,5.13687,2.16289,2025,13,2025-03-23,2025-03-29,2024,2024-25,26,TRUE
Region 8,202514,202638,2026-10-02,77,2710,95,41,5.01845,3.50554,1.51292,2025,14,2025-03-30,2025-04-05,2024,2024-25,27,TRUE
Region 8,202515,202638,2026-10-02,76,2561,75,40,4.49043,2.92854,1.56189,2025,15,2025-04-06,2025-04-12,2024,2024-25,28,TRUE
Region 8,202516,202638,2026-10-02,75,2431,63,44,4.40148,2.59153,1.80995,2025,16,2025-04-13,2025-04-19,2024,2024-25,29,TRUE
Region 8,202517,202638,2026-10-02,74,2373,34,50,3.53982,1.43279,2.10704,2025,17,2025-04-20,2025-04-26,2024,2024-25,30,TRUE
Region 8,202518,202638,2026-10-02,73,2170,24,44,3.13364,1.10599,2.02765,2025,18,2025-04-27,2025-05-03,2024,2024-25,31,TRUE
Region 8,202519,202638,2026-10-02,72,2234,20,55,3.35721,0.895255,2.46195,2025,19,2025-05-04,2025-05-10,2024,2024-25,32,TRUE
Region 8,202520,202638,2026-10-02,71,1917,6,50,2.92123,0.312989,2.60824,2025,20,2025-05-11,2025-05-17,2024,2024-25,33,TRUE
Region 8,202521,202638,2026-10-02,70,1872,13,52,3.47222,0.694444,2.77778,2025,21,2025-05-18,2025-05-24,2024,2024-25,34,TRUE
Region 8,202522,202638,2026-10-02,69,1745,21,56,4.41261,1.20344,3.20917,2025,22,2025-05-25,2025-05-31,2024,2024-25,35,TRUE
Region 8,202523,202638,2026-10-02,68,1536,12,28,2.60417,0.78125,1.82292,2025,23,2025-06-01,2025-06-07,2024,2024-25,36,TRUE
Region 8,202524,202638,2026-10-02,67,1787,9,12,1.17515,0.503637,0.671517,2025,24,2025-06-08,2025-06-14,2024,2024-25,37,TRUE
Region 8,202525,202638,2026-10-02,66,1545,10,3,0.841424,0.647249,0.194175,2025,25,2025-06-15,2025-06-21,2024,2024-25,38,TRUE
Region 8,202526,202638,2026-10-02,65,1299,5,2,0.538876,0.384911,0.153965,2025,26,2025-06-22,2025-06-28,2024,2024-25,39,TRUE
Region 8,202527,202638,2026-10-02,64,1205,4,8,0.995851,0.33195,0.6639,2025,27,2025-06-29,2025-07-05,2024,2024-25,40,TRUE
Region 8,202528,202638,2026-10-02,63,1279,7,3,0.781861,0.547303,0.234558,2025,28,2025-07-06,2025-07-12,2024,2024-25,41,TRUE
Region 8,202529,202638,2026-10-02,62,1118,2,3,0.447227,0.178891,0.268336,2025,29,2025-07-13,2025-07-19,2024,2024-25,42,TRUE
Region 8,202530,202638,2026-10-02,61,1127,4,0,0.354925,0.354925,0,2025,30,2025-07-20,2025-07-26,2024,2024-25,43,TRUE
Region 8,202531,202638,2026-10-02,60,1191,4,2,0.503778,0.335852,0.167926,2025,31,2025-07-27,2025-08-02,2024,2024-25,44,TRUE
Region 8,202532,202638,2026-10-02,59,1526,3,1,0.262123,0.196592,0.0655308,2025,32,2025-08-03,2025-08-09,2024,2024-25,45,TRUE
Region 8,202533,202638,2026-10-02,58,1705,3,1,0.234604,0.175953,0.058651,2025,33,2025-08-10,2025-08-16,2024,2024-25,46,TRUE
Region 8,202534,202638,2026-10-02,57,1369,2,0,0.146092,0.146092,0,2025,34,2025-08-17,2025-08-23,2024,2024-25,47,TRUE
Region 8,202535,202638,2026-10-02,56,1739,3,1,0.230017,0.172513,0.0575043,2025,35,2025-08-24,2025-08-30,2024,2024-25,48,TRUE
Region 8,202536,202638,2026-10-02,55,1730,5,0,0.289017,0.289017,0,2025,36,2025-08-31,2025-09-06,2024,2024-25,49,TRUE
Region 8,202537,202638,2026-10-02,54,1878,8,1,0.479233,0.425985,0.0532481,2025,37,2025-09-07,2025-09-13,2024,2024-25,50,TRUE
Region 8,202538,202638,2026-10-02,53,1859,5,0,0.268962,0.268962,0,2025,38,2025-09-14,2025-09-20,2024,2024-25,51,TRUE
Region 8,202539,202638,2026-10-02,52,1818,9,0,0.49505,0.49505,0,2025,39,2025-09-21,2025-09-27,2024,2024-25,52,TRUE
Region 8,202540,202638,2026-10-02,51,1884,9,2,0.583864,0.477707,0.106157,2025,40,2025-09-28,2025-10-04,2025,2025-26,1,TRUE
Region 8,202541,202638,2026-10-02,50,1875,12,0,0.64,0.64,0,2025,41,2025-10-05,2025-10-11,2025,2025-26,2,TRUE
Region 8,202542,202638,2026-10-02,49,1824,13,3,0.877193,0.712719,0.164474,2025,42,2025-10-12,2025-10-18,2025,2025-26,3,TRUE
Region 8,202543,202638,2026-10-02,48,1760,17,1,1.02273,0.965909,0.0568182,2025,43,2025-10-19,2025-10-25,2025,2025-26,4,TRUE
Region 8,202544,202638,2026-10-02,47,1765,42,1,2.43626,2.3796,0.0566572,2025,44,2025-10-26,2025-11-01,2025,2025-26,5,TRUE
Region 8,202545,202638,2026-10-02,46,2096,109,1,5.24809,5.20038,0.0477099,2025,45,2025-11-02,2025-11-08,2025,2025-26,6,TRUE
Region 8,202546,202638,2026-10-02,45,2371,226,0,9.53184,9.53184,0,2025,46,2025-11-09,2025-11-15,2025,2025-26,7,TRUE
Region 8,202547,202638,2026-10-02,44,2486,345,6,14.1191,13.8777,0.241352,2025,47,2025-11-16,2025-11-22,2025,2025-26,8,TRUE
Region 8,202548,202638,2026-10-02,43,2467,405,10,16.8221,16.4167,0.405351,2025,48,2025-11-23,2025-11-29,2025,2025-26,9,TRUE
Region 8,202549,202638,2026-10-02,42,2928,554,2,18.9891,18.9208,0.068306,2025,49,2025-11-30,2025-12-06,2025,2025-26,10,TRUE
Region 8,202550,202638,2026-10-02,41,3370,908,9,27.2107,26.9436,0.267062,2025,50,2025-12-07,2025-12-13,2025,2025-26,11,TRUE
Region 8,202551,202638,2026-10-02,40,4187,1445,15,34.8698,34.5116,0.358252,2025,51,2025-12-14,2025-12-20,2025,2025-26,12,TRUE
Region 8,202552,202638,2026-10-02,39,4905,1916,42,39.9185,39.0622,0.856269,2025,52,2025-12-21,2025-12-27,2025,2025-26,13,TRUE
Region 8,202553,202638,2026-10-02,38,4564,1439,37,32.3401,31.5294,0.810692,2025,53,2025-12-28,2026-01-03,2025,2025-26,14,TRUE
Region 8,202601,202638,2026-10-02,37,4012,926,34,23.9282,23.0808,0.847458,2026,1,2026-01-04,2026-01-10,2025,2025-26,15,TRUE
Region 8,202602,202638,2026-10-02,36,3351,575,32,18.114,17.1591,0.954939,2026,2,2026-01-11,2026-01-17,2025,2025-26,16,TRUE
Region 8,202603,202638,2026-10-02,35,3128,474,59,17.0396,15.1535,1.88619,2026,3,2026-01-18,2026-01-24,2025,2025-26,17,TRUE
Region 8,202604,202638,2026-10-02,34,3255,433,104,16.4977,13.3026,3.19508,2026,4,2026-01-25,2026-01-31,2025,2025-26,18,TRUE
Region 8,202605,202638,2026-10-02,33,3514,356,190,15.5378,10.1309,5.40694,2026,5,2026-02-01,2026-02-07,2025,2025-26,19,TRUE
Region 8,202606,202638,2026-10-02,32,3470,304,284,16.9452,8.76081,8.18444,2026,6,2026-02-08,2026-02-14,2025,2025-26,20,TRUE
Region 8,202607,202638,2026-10-02,31,3747,230,420,17.3472,6.13824,11.209,2026,7,2026-02-15,2026-02-21,2025,2025-26,21,TRUE
Region 8,202608,202638,2026-10-02,30,3742,152,649,21.4057,4.062,17.3437,2026,8,2026-02-22,2026-02-28,2025,2025-26,22,TRUE
Region 8,202609,202638,2026-10-02,29,3793,125,594,18.956,3.29554,15.6604,2026,9,2026-03-01,2026-03-07,2025,2025-26,23,TRUE
Region 8,202610,202638,2026-10-02,28,3777,101,665,20.2806,2.67408,17.6066,2026,10,2026-03-08,2026-03-14,2025,2025-26,24,TRUE
Region 8,202611,202638,2026-10-02,27,3483,74,607,19.5521,2.12461,17.4275,2026,11,2026-03-15,2026-03-21,2025,2025-26,25,TRUE
Region 8,202612,202638,2026-10-02,26,2972,35,371,13.6608,1.17766,12.4832,2026,12,2026-03-22,2026-03-28,2025,2025-26,26,TRUE
Region 8,202613,202638,2026-10-02,25,2688,28,321,12.9836,1.04167,11.942,2026,13,2026-03-29,2026-04-04,2025,2025-26,27,TRUE
Region 8,202614,202638,2026-10-02,24,2489,10,230,9.64243,0.401768,9.24066,2026,14,2026-04-05,2026-04-11,2025,2025-26,28,TRUE
Region 8,202615,202638,2026-10-02,23,2384,18,182,8.38926,0.755034,7.63423,2026,15,2026-04-12,2026-04-18,2025,2025-26,29,TRUE
Region 8,202616,202638,2026-10-02,22,2242,7,145,6.77966,0.312221,6.46744,2026,16,2026-04-19,2026-04-25,2025,2025-26,30,TRUE
Region 8,202617,202638,2026-10-02,21,2077,2,112,5.48869,0.0962927,5.39239,2026,17,2026-04-26,2026-05-02,2025,2025-26,31,TRUE
Region 8,202618,202638,2026-10-02,20,1989,3,73,3.82102,0.15083,3.67019,2026,18,2026-05-03,2026-05-09,2025,2025-26,32,TRUE
Region 8,202619,202638,2026-10-02,19,1756,5,75,4.55581,0.284738,4.27107,2026,19,2026-05-10,2026-05-16,2025,2025-26,33,TRUE
Region 8,202620,202638,2026-10-02,18,1686,7,39,2.72835,0.415184,2.31317,2026,20,2026-05-17,2026-05-23,2025,2025-26,34,TRUE
Region 8,202621,202638,2026-10-02,17,1666,8,22,1.80072,0.480192,1.32053,2026,21,2026-05-24,2026-05-30,2025,2025-26,35,TRUE
Region 8,202622,202638,2026-10-02,16,1447,2,8,0.691085,0.138217,0.552868,2026,22,2026-05-31,2026-06-06,2025,2025-26,36,TRUE
Region 8,202623,202638,2026-10-02,15,1322,3,4,0.529501,0.226929,0.302572,2026,23,2026-06-07,2026-06-13,2025,2025-26,37,TRUE
Region 8,202624,202638,2026-10-02,14,1188,2,3,0.420875,0.16835,0.252525,2026,24,2026-06-14,2026-06-20,2025,2025-26,38,TRUE
Region 8,202625,202638,2026-10-02,13,1080,3,1,0.37037,0.277778,0.0925926,2026,25,2026-06-21,2026-06-27,2025,2025-26,39,TRUE
Region 8,202626,202638,2026-10-02,12,1081,2,2,0.370028,0.185014,0.185014,2026,26,2026-06-28,2026-07-04,2025,2025-26,40,TRUE
Region 8,202627,202638,2026-10-02,11,1089,7,1,0.734619,0.642792,0.0918274,2026,27,2026-07-05,2026-07-11,2025,2025-26,41,TRUE
Region 8,202628,202638,2026-10-02,10,960,2,0,0.208333,0.208333,0,2026,28,2026-07-12,2026-07-18,2025,2025-26,42,TRUE
Region 8,202629,202638,2026-10-02,9,1020,3,1,0.392157,0.294118,0.0980392,2026,29,2026-07-19,2026-07-25,2025,2025-26,43,TRUE
Region 8,202630,202638,2026-10-02,8,973,0,3,0.308325,0,0.308325,2026,30,2026-07-26,2026-08-01,2025,2025-26,44,TRUE
Region 8,202631,202638,2026-10-02,7,980,3,0,0.306122,0.306122,0,2026,31,2026-08-02,2026-08-08,2025,2025-26,45,TRUE
Region 8,202632,202638,2026-10-02,6,1042,5,3,0.767754,0.479846,0.287908,2026,32,2026-08-09,2026-08-15,2025,2025-26,46,TRUE
Region 8,202633,202638,2026-10-02,5,1205,10,0,0.829876,0.829876,0,2026,33,2026-08-16,2026-08-22,2025,2025-26,47,TRUE
Region 8,202634,202638,2026-10-02,4,1443,11,0,0.762301,0.762301,0,2026,34,2026-08-23,2026-08-29,2025,2025-26,48,TRUE
Region 8,202635,202638,2026-10-02,3,1547,18,1,1.22818,1.16354,0.0646412,2026,35,2026-08-30,2026-09-05,2025,2025-26,49,TRUE
Region 8,202636,202638,2026-10-02,2,1724,26,2,1.62413,1.50812,0.116009,2026,36,2026-09-06,2026-09-12,2025,2025-26,50,TRUE
Region 8,202637,202638,2026-10-02,1,1425,42,0,2.94737,2.94737,0,2026,37,2026-09-13,2026-09-19,2025,2025-26,51,TRUE
Region 8,202638,202638,2026-10-02,0,1940,68,2,3.60825,3.50515,0.103093,2026,38,2026-09-20,2026-09-26,2025,2025-26,52,TRUE
Region 9,201940,202139,2021-10-08,104,2373,21,20,1.72777,0.884956,0.842815,2019,40,2019-09-29,2019-10-05,2019,2019-20,1,FALSE
Region 9,201941,202139,2021-10-08,103,2509,33,19,2.07254,1.31527,0.757274,2019,41,2019-10-06,2019-10-12,2019,2019-20,2,FALSE
Region 9,201942,202139,2021-10-08,102,2532,38,24,2.44866,1.50079,0.947867,2019,42,2019-10-13,2019-10-19,2019,2019-20,3,FALSE
Region 9,201943,202139,2021-10-08,101,2609,36,42,2.98965,1.37984,1.60981,2019,43,2019-10-20,2019-10-26,2019,2019-20,4,FALSE
Region 9,201944,202139,2021-10-08,100,2635,49,62,4.21252,1.85958,2.35294,2019,44,2019-10-27,2019-11-02,2019,2019-20,5,FALSE
Region 9,201945,202139,2021-10-08,99,3339,141,167,9.22432,4.22282,5.0015,2019,45,2019-11-03,2019-11-09,2019,2019-20,6,FALSE
Region 9,201946,202139,2021-10-08,98,3786,165,274,11.5954,4.35816,7.23719,2019,46,2019-11-10,2019-11-16,2019,2019-20,7,FALSE
Region 9,201947,202139,2021-10-08,97,3966,176,340,13.0106,4.43772,8.57287,2019,47,2019-11-17,2019-11-23,2019,2019-20,8,FALSE
Region 9,201948,202139,2021-10-08,96,3608,170,372,15.0222,4.71175,10.3104,2019,48,2019-11-24,2019-11-30,2019,2019-20,9,FALSE
Region 9,201949,202139,2021-10-08,95,4454,236,495,16.4122,5.29861,11.1136,2019,49,2019-12-01,2019-12-07,2019,2019-20,10,FALSE
Region 9,201950,202139,2021-10-08,94,4763,279,582,18.0768,5.85765,12.2192,2019,50,2019-12-08,2019-12-14,2019,2019-20,11,FALSE
Region 9,201951,202139,2021-10-08,93,4911,468,831,26.4508,9.52963,16.9212,2019,51,2019-12-15,2019-12-21,2019,2019-20,12,FALSE
Region 9,201952,202139,2021-10-08,92,5243,498,682,22.5062,9.49838,13.0078,2019,52,2019-12-22,2019-12-28,2019,2019-20,13,FALSE
Region 9,202001,202139,2021-10-08,91,5635,661,691,23.9929,11.7303,12.2626,2020,1,2019-12-29,2020-01-04,2019,2019-20,14,FALSE
Region 9,202002,202139,2021-10-08,90,6086,863,674,25.2547,14.1801,11.0746,2020,2,2020-01-05,2020-01-11,2019,2019-20,15,FALSE
Region 9,202003,202139,2021-10-08,89,6627,1166,743,28.8064,17.5947,11.2117,2020,3,2020-01-12,2020-01-18,2019,2019-20,16,FALSE
Region 9,202004,202139,2021-10-08,88,7171,1465,726,30.5536,20.4295,10.1241,2020,4,2020-01-19,2020-01-25,2019,2019-20,17,FALSE
Region 9,202005,202139,2021-10-08,87,7447,1507,612,28.4544,20.2363,8.21807,2020,5,2020-01-26,2020-02-01,2019,2019-20,18,FALSE
Region 9,202006,202139,2021-10-08,86,7174,1345,507,25.8154,18.7483,7.06719,2020,6,2020-02-02,2020-02-08,2019,2019-20,19,FALSE
Region 9,202007,202139,2021-10-08,85,6958,1455,437,27.1917,20.9112,6.28054,2020,7,2020-02-09,2020-02-15,2019,2019-20,20,FALSE
Region 9,202008,202139,2021-10-08,84,6065,1142,364,24.831,18.8293,6.00165,2020,8,2020-02-16,2020-02-22,2019,2019-20,21,FALSE
Region 9,202009,202139,2021-10-08,83,6253,1092,334,22.8051,17.4636,5.34144,2020,9,2020-02-23,2020-02-29,2019,2019-20,22,FALSE
Region 9,202010,202139,2021-10-08,82,6143,877,281,18.8507,14.2764,4.57431,2020,10,2020-03-01,2020-03-07,2019,2019-20,23,FALSE
Region 9,202011,202139,2021-10-08,81,6116,488,131,10.121,7.97907,2.14192,2020,11,2020-03-08,2020-03-14,2019,2019-20,24,FALSE
Region 9,202012,202139,2021-10-08,80,4112,134,45,4.35311,3.25875,1.09436,2020,12,2020-03-15,2020-03-21,2019,2019-20,25,FALSE
Region 9,202013,202139,2021-10-08,79,2364,45,11,2.36887,1.90355,0.465313,2020,13,2020-03-22,2020-03-28,2019,2019-20,26,FALSE
Region 9,202014,202139,2021-10-08,78,1642,40,14,3.28867,2.43605,0.852619,2020,14,2020-03-29,2020-04-04,2019,2019-20,27,FALSE
Region 9,202015,202139,2021-10-08,77,1268,28,8,2.83912,2.2082,0.630915,2020,15,2020-04-05,2020-04-11,2019,2019-20,28,FALSE
Region 9,202016,202139,2021-10-08,76,1199,27,8,2.9191,2.25188,0.667223,2020,16,2020-04-12,2020-04-18,2019,2019-20,29,FALSE
Region 9,202017,202139,2021-10-08,75,1071,1,0,0.0933707,0.0933707,0,2020,17,2020-04-19,2020-04-25,2019,2019-20,30,FALSE
Region 9,202018,202139,2021-10-08,74,698,0,0,0,0,0,2020,18,2020-04-26,2020-05-02,2019,2019-20,31,FALSE
Region 9,202019,202139,2021-10-08,73,678,0,0,0,0,0,2020,19,2020-05-03,2020-05-09,2019,2019-20,32,FALSE
Region 9,202020,202139,2021-10-08,72,642,1,0,0.155763,0.155763,0,2020,20,2020-05-10,2020-05-16,2019,2019-20,33,FALSE
Region 9,202021,202139,2021-10-08,71,605,0,0,0,0,0,2020,21,2020-05-17,2020-05-23,2019,2019-20,34,FALSE
Region 9,202022,202139,2021-10-08,70,414,0,0,0,0,0,2020,22,2020-05-24,2020-05-30,2019,2019-20,35,FALSE
Region 9,202023,202139,2021-10-08,69,465,0,0,0,0,0,2020,23,2020-05-31,2020-06-06,2019,2019-20,36,FALSE
Region 9,202024,202139,2021-10-08,68,450,0,0,0,0,0,2020,24,2020-06-07,2020-06-13,2019,2019-20,37,FALSE
Region 9,202025,202139,2021-10-08,67,312,0,0,0,0,0,2020,25,2020-06-14,2020-06-20,2019,2019-20,38,FALSE
Region 9,202026,202139,2021-10-08,66,295,0,0,0,0,0,2020,26,2020-06-21,2020-06-27,2019,2019-20,39,FALSE
Region 9,202027,202139,2021-10-08,65,784,2,0,0.255102,0.255102,0,2020,27,2020-06-28,2020-07-04,2019,2019-20,40,FALSE
Region 9,202028,202139,2021-10-08,64,842,2,0,0.23753,0.23753,0,2020,28,2020-07-05,2020-07-11,2019,2019-20,41,FALSE
Region 9,202029,202139,2021-10-08,63,765,0,0,0,0,0,2020,29,2020-07-12,2020-07-18,2019,2019-20,42,FALSE
Region 9,202030,202139,2021-10-08,62,792,0,0,0,0,0,2020,30,2020-07-19,2020-07-25,2019,2019-20,43,FALSE
Region 9,202031,202139,2021-10-08,61,759,2,0,0.263505,0.263505,0,2020,31,2020-07-26,2020-08-01,2019,2019-20,44,FALSE
Region 9,202032,202139,2021-10-08,60,807,2,1,0.371747,0.247831,0.123916,2020,32,2020-08-02,2020-08-08,2019,2019-20,45,FALSE
Region 9,202033,202139,2021-10-08,59,797,1,0,0.125471,0.125471,0,2020,33,2020-08-09,2020-08-15,2019,2019-20,46,FALSE
Region 9,202034,202139,2021-10-08,58,750,1,1,0.266667,0.133333,0.133333,2020,34,2020-08-16,2020-08-22,2019,2019-20,47,FALSE
Region 9,202035,202139,2021-10-08,57,787,0,0,0,0,0,2020,35,2020-08-23,2020-08-29,2019,2019-20,48,FALSE
Region 9,202036,202139,2021-10-08,56,638,1,1,0.31348,0.15674,0.15674,2020,36,2020-08-30,2020-09-05,2019,2019-20,49,FALSE
Region 9,202037,202139,2021-10-08,55,700,2,0,0.285714,0.285714,0,2020,37,2020-09-06,2020-09-12,2019,2019-20,50,FALSE
Region 9,202038,202139,2021-10-08,54,748,1,0,0.13369,0.13369,0,2020,38,2020-09-13,2020-09-19,2019,2019-20,51,FALSE
Region 9,202039,202139,2021-10-08,53,738,0,0,0,0,0,2020,39,2020-09-20,2020-09-26,2019,2019-20,52,FALSE
Region 9,202040,202239,2022-10-07,104,877,1,0,0.114025,0.114025,0,2020,40,2020-09-27,2020-10-03,2020,2020-21,1,FALSE
Region 9,202041,202239,2022-10-07,103,1121,1,2,0.267618,0.0892061,0.178412,2020,41,2020-10-04,2020-10-10,2020,2020-21,2,FALSE
Region 9,202042,202239,2022-10-07,102,1447,1,0,0.0691085,0.0691085,0,2020,42,2020-10-11,2020-10-17,2020,2020-21,3,FALSE
Region 9,202043,202239,2022-10-07,101,1448,2,0,0.138122,0.138122,0,2020,43,2020-10-18,2020-10-24,2020,2020-21,4,FALSE
Region 9,202044,202239,2022-10-07,100,1592,5,4,0.565327,0.31407,0.251256,2020,44,2020-10-25,2020-10-31,2020,2020-21,5,FALSE
Region 9,202045,202239,2022-10-07,99,1642,0,2,0.121803,0,0.121803,2020,45,2020-11-01,2020-11-07,2020,2020-21,6,FALSE
Region 9,202046,202239,2022-10-07,98,5579,6,3,0.161319,0.107546,0.0537731,2020,46,2020-11-08,2020-11-14,2020,2020-21,7,FALSE
Region 9,202047,202239,2022-10-07,97,7425,3,2,0.0673401,0.040404,0.026936,2020,47,2020-11-15,2020-11-21,2020,2020-21,8,FALSE
Region 9,202048,202239,2022-10-07,96,6376,2,0,0.0313676,0.0313676,0,2020,48,2020-11-22,2020-11-28,2020,2020-21,9,FALSE
Region 9,202049,202239,2022-10-07,95,7994,2,6,0.100075,0.0250188,0.0750563,2020,49,2020-11-29,2020-12-05,2020,2020-21,10,FALSE
Region 9,202050,202239,2022-10-07,94,8926,1,7,0.0896258,0.0112032,0.0784226,2020,50,2020-12-06,2020-12-12,2020,2020-21,11,FALSE
Region 9,202051,202239,2022-10-07,93,9676,5,2,0.0723439,0.051674200000000003,0.0206697,2020,51,2020-12-13,2020-12-19,2020,2020-21,12,FALSE
Region 9,202052,202239,2022-10-07,92,7534,5,1,0.079639,0.0663658,0.0132732,2020,52,2020-12-20,2020-12-26,2020,2020-21,13,FALSE
Region 9,202053,202239,2022-10-07,91,7313,10,1,0.150417,0.136743,0.0136743,2020,53,2020-12-27,2021-01-02,2020,2020-21,14,FALSE
Region 9,202101,202239,2022-10-07,90,9200,4,4,0.0869565,0.0434783,0.0434783,2021,1,2021-01-03,2021-01-09,2020,2020-21,15,FALSE
Region 9,202102,202239,2022-10-07,89,8729,2,0,0.0229121,0.0229121,0,2021,2,2021-01-10,2021-01-16,2020,2020-21,16,FALSE
Region 9,202103,202239,2022-10-07,88,7501,1,0,0.0133316,0.0133316,0,2021,3,2021-01-17,2021-01-23,2020,2020-21,17,FALSE
Region 9,202104,202239,2022-10-07,87,6861,0,1,0.0145751,0,0.0145751,2021,4,2021-01-24,2021-01-30,2020,2020-21,18,FALSE
Region 9,202105,202239,2022-10-07,86,6630,2,2,0.0603318,0.0301659,0.0301659,2021,5,2021-01-31,2021-02-06,2020,2020-21,19,FALSE
Region 9,202106,202239,2022-10-07,85,6310,2,2,0.0633914,0.0316957,0.0316957,2021,6,2021-02-07,2021-02-13,2020,2020-21,20,FALSE
Region 9,202107,202239,2022-10-07,84,6133,1,7,0.130442,0.0163052,0.114137,2021,7,2021-02-14,2021-02-20,2020,2020-21,21,FALSE
Region 9,202108,202239,2022-10-07,83,6192,0,3,0.0484496,0,0.0484496,2021,8,2021-02-21,2021-02-27,2020,2020-21,22,FALSE
Region 9,202109,202239,2022-10-07,82,6595,0,4,0.060652,0,0.060652,2021,9,2021-02-28,2021-03-06,2020,2020-21,23,FALSE
Region 9,202110,202239,2022-10-07,81,6166,0,1,0.016218,0,0.016218,2021,10,2021-03-07,2021-03-13,2020,2020-21,24,FALSE
Region 9,202111,202239,2022-10-07,80,6163,3,1,0.0649035,0.0486776,0.0162259,2021,11,2021-03-14,2021-03-20,2020,2020-21,25,FALSE
Region 9,202112,202239,2022-10-07,79,6208,1,0,0.0161082,0.0161082,0,2021,12,2021-03-21,2021-03-27,2020,2020-21,26,FALSE
Region 9,202113,202239,2022-10-07,78,4184,0,0,0,0,0,2021,13,2021-03-28,2021-04-03,2020,2020-21,27,FALSE
Region 9,202114,202239,2022-10-07,77,2002,2,1,0.14985,0.0999001,0.04995,2021,14,2021-04-04,2021-04-10,2020,2020-21,28,FALSE
Region 9,202115,202239,2022-10-07,76,1942,0,1,0.0514933,0,0.0514933,2021,15,2021-04-11,2021-04-17,2020,2020-21,29,FALSE
Region 9,202116,202239,2022-10-07,75,2276,0,2,0.0878735,0,0.0878735,2021,16,2021-04-18,2021-04-24,2020,2020-21,30,FALSE
Region 9,202117,202239,2022-10-07,74,2446,2,0,0.0817661,0.0817661,0,2021,17,2021-04-25,2021-05-01,2020,2020-21,31,FALSE
Region 9,202118,202239,2022-10-07,73,2389,0,1,0.0418585,0,0.0418585,2021,18,2021-05-02,2021-05-08,2020,2020-21,32,FALSE
Region 9,202119,202239,2022-10-07,72,1968,0,1,0.050813,0,0.050813,2021,19,2021-05-09,2021-05-15,2020,2020-21,33,FALSE
Region 9,202120,202239,2022-10-07,71,1865,2,2,0.214477,0.107239,0.107239,2021,20,2021-05-16,2021-05-22,2020,2020-21,34,FALSE
Region 9,202121,202239,2022-10-07,70,1854,1,0,0.0539374,0.0539374,0,2021,21,2021-05-23,2021-05-29,2020,2020-21,35,FALSE
Region 9,202122,202239,2022-10-07,69,1858,0,0,0,0,0,2021,22,2021-05-30,2021-06-05,2020,2020-21,36,FALSE
Region 9,202123,202239,2022-10-07,68,1682,0,0,0,0,0,2021,23,2021-06-06,2021-06-12,2020,2020-21,37,FALSE
Region 9,202124,202239,2022-10-07,67,1769,0,0,0,0,0,2021,24,2021-06-13,2021-06-19,2020,2020-21,38,FALSE
Region 9,202125,202239,2022-10-07,66,1783,2,0,0.11217,0.11217,0,2021,25,2021-06-20,2021-06-26,2020,2020-21,39,FALSE
Region 9,202126,202239,2022-10-07,65,1553,0,0,0,0,0,2021,26,2021-06-27,2021-07-03,2020,2020-21,40,FALSE
Region 9,202127,202239,2022-10-07,64,1784,0,0,0,0,0,2021,27,2021-07-04,2021-07-10,2020,2020-21,41,FALSE
Region 9,202128,202239,2022-10-07,63,2075,1,1,0.0963855,0.0481928,0.0481928,2021,28,2021-07-11,2021-07-17,2020,2020-21,42,FALSE
Region 9,202129,202239,2022-10-07,62,1691,0,0,0,0,0,2021,29,2021-07-18,2021-07-24,2020,2020-21,43,FALSE
Region 9,202130,202239,2022-10-07,61,2065,1,0,0.0484262,0.0484262,0,2021,30,2021-07-25,2021-07-31,2020,2020-21,44,FALSE
Region 9,202131,202239,2022-10-07,60,2270,2,3,0.220264,0.0881057,0.132159,2021,31,2021-08-01,2021-08-07,2020,2020-21,45,FALSE
Region 9,202132,202239,2022-10-07,59,2424,1,0,0.0412541,0.0412541,0,2021,32,2021-08-08,2021-08-14,2020,2020-21,46,FALSE
Region 9,202133,202239,2022-10-07,58,2607,0,0,0,0,0,2021,33,2021-08-15,2021-08-21,2020,2020-21,47,FALSE
Region 9,202134,202239,2022-10-07,57,2738,1,1,0.073046,0.036523,0.036523,2021,34,2021-08-22,2021-08-28,2020,2020-21,48,FALSE
Region 9,202135,202239,2022-10-07,56,2378,6,2,0.336417,0.252313,0.0841043,2021,35,2021-08-29,2021-09-04,2020,2020-21,49,FALSE
Region 9,202136,202239,2022-10-07,55,2441,3,2,0.204834,0.1229,0.0819336,2021,36,2021-09-05,2021-09-11,2020,2020-21,50,FALSE
Region 9,202137,202239,2022-10-07,54,2337,0,2,0.0855798,0,0.0855798,2021,37,2021-09-12,2021-09-18,2020,2020-21,51,FALSE
Region 9,202138,202239,2022-10-07,53,2050,1,2,0.146341,0.0487805,0.097561,2021,38,2021-09-19,2021-09-25,2020,2020-21,52,FALSE
Region 9,202139,202239,2022-10-07,52,2266,7,3,0.441306,0.308914,0.132392,2021,39,2021-09-26,2021-10-02,2020,2020-21,53,FALSE
Region 9,202140,202339,2023-10-06,103,2667,6,5,0.412448,0.224972,0.187477,2021,40,2021-10-03,2021-10-09,2021,2021-22,1,FALSE
Region 9,202141,202339,2023-10-06,102,2996,7,4,0.367156,0.233645,0.133511,2021,41,2021-10-10,2021-10-16,2021,2021-22,2,FALSE
Region 9,202142,202339,2023-10-06,101,3123,5,1,0.192123,0.160102,0.0320205,2021,42,2021-10-17,2021-10-23,2021,2021-22,3,FALSE
Region 9,202143,202339,2023-10-06,100,6505,19,2,0.322829,0.292083,0.0307456,2021,43,2021-10-24,2021-10-30,2021,2021-22,4,FALSE
Region 9,202144,202339,2023-10-06,99,6807,23,5,0.411341,0.337887,0.0734538,2021,44,2021-10-31,2021-11-06,2021,2021-22,5,FALSE
Region 9,202145,202339,2023-10-06,98,6965,33,2,0.502513,0.473798,0.028715,2021,45,2021-11-07,2021-11-13,2021,2021-22,6,FALSE
Region 9,202146,202339,2023-10-06,97,6843,47,4,0.745287,0.686833,0.0584539,2021,46,2021-11-14,2021-11-20,2021,2021-22,7,FALSE
Region 9,202147,202339,2023-10-06,96,7502,77,5,1.09304,1.02639,0.0666489,2021,47,2021-11-21,2021-11-27,2021,2021-22,8,FALSE
Region 9,202148,202339,2023-10-06,95,9134,184,11,2.13488,2.01445,0.120429,2021,48,2021-11-28,2021-12-04,2021,2021-22,9,FALSE
Region 9,202149,202339,2023-10-06,94,9299,190,2,2.06474,2.04323,0.0215077,2021,49,2021-12-05,2021-12-11,2021,2021-22,10,FALSE
Region 9,202150,202339,2023-10-06,93,9674,244,5,2.57391,2.52222,0.0516849,2021,50,2021-12-12,2021-12-18,2021,2021-22,11,FALSE
Region 9,202151,202339,2023-10-06,92,10462,243,4,2.36093,2.32269,0.0382336,2021,51,2021-12-19,2021-12-25,2021,2021-22,12,FALSE
Region 9,202152,202339,2023-10-06,91,8471,156,0,1.84158,1.84158,0,2021,52,2021-12-26,2022-01-01,2021,2021-22,13,FALSE
Region 9,202201,202339,2023-10-06,90,15231,165,1,1.08988,1.08332,0.00656556,2022,1,2022-01-02,2022-01-08,2021,2021-22,14,FALSE
Region 9,202202,202339,2023-10-06,89,12672,87,2,0.702336,0.686553,0.0157828,2022,2,2022-01-09,2022-01-15,2021,2021-22,15,FALSE
Region 9,202203,202339,2023-10-06,88,9679,64,0,0.661225,0.661225,0,2022,3,2022-01-16,2022-01-22,2021,2021-22,16,FALSE
Region 9,202204,202339,2023-10-06,87,7158,46,1,0.656608,0.642638,0.0139704,2022,4,2022-01-23,2022-01-29,2021,2021-22,17,FALSE
Region 9,202205,202339,2023-10-06,86,6372,39,3,0.659134,0.612053,0.047081,2022,5,2022-01-30,2022-02-05,2021,2021-22,18,FALSE
Region 9,202206,202339,2023-10-06,85,5157,38,1,0.756254,0.736863,0.0193911,2022,6,2022-02-06,2022-02-12,2021,2021-22,19,FALSE
Region 9,202207,202339,2023-10-06,84,5055,49,0,0.969337,0.969337,0,2022,7,2022-02-13,2022-02-19,2021,2021-22,20,FALSE
Region 9,202208,202339,2023-10-06,83,4924,62,1,1.27945,1.25914,0.0203087,2022,8,2022-02-20,2022-02-26,2021,2021-22,21,FALSE
Region 9,202209,202339,2023-10-06,82,5138,97,0,1.88789,1.88789,0,2022,9,2022-02-27,2022-03-05,2021,2021-22,22,FALSE
Region 9,202210,202339,2023-10-06,81,5149,116,0,2.25286,2.25286,0,2022,10,2022-03-06,2022-03-12,2021,2021-22,23,FALSE
Region 9,202211,202339,2023-10-06,80,5538,185,2,3.37667,3.34056,0.0361141,2022,11,2022-03-13,2022-03-19,2021,2021-22,24,FALSE
Region 9,202212,202339,2023-10-06,79,5712,266,0,4.65686,4.65686,0,2022,12,2022-03-20,2022-03-26,2021,2021-22,25,FALSE
Region 9,202213,202339,2023-10-06,78,5749,255,0,4.43555,4.43555,0,2022,13,2022-03-27,2022-04-02,2021,2021-22,26,FALSE
Region 9,202214,202339,2023-10-06,77,6250,311,2,5.008,4.976,0.032,2022,14,2022-04-03,2022-04-09,2021,2021-22,27,FALSE
Region 9,202215,202339,2023-10-06,76,5855,327,2,5.61913,5.58497,0.0341588,2022,15,2022-04-10,2022-04-16,2021,2021-22,28,FALSE
Region 9,202216,202339,2023-10-06,75,6226,459,1,7.38837,7.37231,0.0160617,2022,16,2022-04-17,2022-04-23,2021,2021-22,29,FALSE
Region 9,202217,202339,2023-10-06,74,7091,537,2,7.60118,7.57298,0.0282048,2022,17,2022-04-24,2022-04-30,2021,2021-22,30,FALSE
Region 9,202218,202339,2023-10-06,73,7766,669,3,8.6531,8.61447,0.0386299,2022,18,2022-05-01,2022-05-07,2021,2021-22,31,FALSE
Region 9,202219,202339,2023-10-06,72,8894,811,2,9.14099,9.11851,0.0224871,2022,19,2022-05-08,2022-05-14,2021,2021-22,32,FALSE
Region 9,202220,202339,2023-10-06,71,9890,1123,4,11.3953,11.3549,0.0404449,2022,20,2022-05-15,2022-05-21,2021,2021-22,33,FALSE
Region 9,202221,202339,2023-10-06,70,11039,1327,2,12.0391,12.021,0.0181176,2022,21,2022-05-22,2022-05-28,2021,2021-22,34,FALSE
Region 9,202222,202339,2023-10-06,69,10522,1291,0,12.2695,12.2695,0,2022,22,2022-05-29,2022-06-04,2021,2021-22,35,FALSE
Region 9,202223,202339,2023-10-06,68,10211,984,2,9.65625,9.63667,0.0195867,2022,23,2022-06-05,2022-06-11,2021,2021-22,36,FALSE
Region 9,202224,202339,2023-10-06,67,8680,574,1,6.62442,6.6129,0.0115207,2022,24,2022-06-12,2022-06-18,2021,2021-22,37,FALSE
Region 9,202225,202339,2023-10-06,66,7957,449,3,5.68053,5.64283,0.0377027,2022,25,2022-06-19,2022-06-25,2021,2021-22,38,FALSE
Region 9,202226,202339,2023-10-06,65,7843,353,1,4.51358,4.50083,0.0127502,2022,26,2022-06-26,2022-07-02,2021,2021-22,39,FALSE
Region 9,202227,202339,2023-10-06,64,7952,290,3,3.68461,3.64688,0.0377264,2022,27,2022-07-03,2022-07-09,2021,2021-22,40,FALSE
Region 9,202228,202339,2023-10-06,63,7378,166,1,2.26349,2.24993,0.0135538,2022,28,2022-07-10,2022-07-16,2021,2021-22,41,FALSE
Region 9,202229,202339,2023-10-06,62,6985,165,7,2.46242,2.3622,0.100215,2022,29,2022-07-17,2022-07-23,2021,2021-22,42,FALSE
Region 9,202230,202339,2023-10-06,61,6238,111,3,1.82751,1.77942,0.0480923,2022,30,2022-07-24,2022-07-30,2021,2021-22,43,FALSE
Region 9,202231,202339,2023-10-06,60,6466,112,1,1.7476,1.73214,0.0154655,2022,31,2022-07-31,2022-08-06,2021,2021-22,44,FALSE
Region 9,202232,202339,2023-10-06,59,6442,109,2,1.72307,1.69202,0.0310463,2022,32,2022-08-07,2022-08-13,2021,2021-22,45,FALSE
Region 9,202233,202339,2023-10-06,58,6749,95,3,1.45207,1.40762,0.044451,2022,33,2022-08-14,2022-08-20,2021,2021-22,46,FALSE
Region 9,202234,202339,2023-10-06,57,7039,134,5,1.97471,1.90368,0.0710328,2022,34,2022-08-21,2022-08-27,2021,2021-22,47,FALSE
Region 9,202235,202339,2023-10-06,56,7462,121,2,1.64835,1.62155,0.0268025,2022,35,2022-08-28,2022-09-03,2021,2021-22,48,FALSE
Region 9,202236,202339,2023-10-06,55,7182,154,7,2.24172,2.14425,0.0974659,2022,36,2022-09-04,2022-09-10,2021,2021-22,49,FALSE
Region 9,202237,202339,2023-10-06,54,7530,140,4,1.91235,1.85923,0.0531208,2022,37,2022-09-11,2022-09-17,2021,2021-22,50,FALSE
Region 9,202238,202339,2023-10-06,53,8317,167,6,2.08008,2.00794,0.0721414,2022,38,2022-09-18,2022-09-24,2021,2021-22,51,FALSE
Region 9,202239,202339,2023-10-06,52,8620,290,6,3.43387,3.36427,0.0696056,2022,39,2022-09-25,2022-10-01,2021,2021-22,52,FALSE
Region 9,202240,202439,2024-10-04,103,12272,356,7,2.95795,2.90091,0.0570404,2022,40,2022-10-02,2022-10-08,2022,2022-23,1,TRUE
Region 9,202241,202439,2024-10-04,102,14044,520,6,3.74537,3.70265,0.0427229,2022,41,2022-10-09,2022-10-15,2022,2022-23,2,TRUE
Region 9,202242,202439,2024-10-04,101,16036,745,15,4.73934,4.6458,0.0935395,2022,42,2022-10-16,2022-10-22,2022,2022-23,3,TRUE
Region 9,202243,202439,2024-10-04,100,19859,1109,9,5.62969,5.58437,0.0453195,2022,43,2022-10-23,2022-10-29,2022,2022-23,4,TRUE
Region 9,202244,202439,2024-10-04,99,22469,2240,10,10.0138,9.96929,0.0445058,2022,44,2022-10-30,2022-11-05,2022,2022-23,5,TRUE
Region 9,202245,202439,2024-10-04,98,27972,3863,18,13.8746,13.8102,0.0643501,2022,45,2022-11-06,2022-11-12,2022,2022-23,6,TRUE
Region 9,202246,202439,2024-10-04,97,32549,5401,11,16.6272,16.5934,0.0337952,2022,46,2022-11-13,2022-11-19,2022,2022-23,7,TRUE
Region 9,202247,202439,2024-10-04,96,29484,6151,10,20.8961,20.8622,0.0339167,2022,47,2022-11-20,2022-11-26,2022,2022-23,8,TRUE
Region 9,202248,202439,2024-10-04,95,36829,7766,17,21.1328,21.0866,0.0461593,2022,48,2022-11-27,2022-12-03,2022,2022-23,9,TRUE
Region 9,202249,202439,2024-10-04,94,33057,6835,18,20.7309,20.6764,0.0544514,2022,49,2022-12-04,2022-12-10,2022,2022-23,10,TRUE
Region 9,202250,202439,2024-10-04,93,30044,5411,10,18.0435,18.0103,0.0332845,2022,50,2022-12-11,2022-12-17,2022,2022-23,11,TRUE
Region 9,202251,202439,2024-10-04,92,28016,4610,9,16.487,16.4549,0.0321245,2022,51,2022-12-18,2022-12-24,2022,2022-23,12,TRUE
Region 9,202252,202439,2024-10-04,91,24251,2976,18,12.3459,12.2717,0.0742237,2022,52,2022-12-25,2022-12-31,2022,2022-23,13,TRUE
Region 9,202301,202439,2024-10-04,90,18282,1348,9,7.4226,7.37337,0.0492287,2023,1,2023-01-01,2023-01-07,2022,2022-23,14,TRUE
Region 9,202302,202439,2024-10-04,89,17346,632,13,3.71844,3.64349,0.0749452,2023,2,2023-01-08,2023-01-14,2022,2022-23,15,TRUE
Region 9,202303,202439,2024-10-04,88,15065,342,13,2.3564600000000002,2.27016,0.0862927,2023,3,2023-01-15,2023-01-21,2022,2022-23,16,TRUE
Region 9,202304,202439,2024-10-04,87,15872,268,16,1.78931,1.68851,0.100806,2023,4,2023-01-22,2023-01-28,2022,2022-23,17,TRUE
Region 9,202305,202439,2024-10-04,86,15888,234,21,1.60498,1.47281,0.132175,2023,5,2023-01-29,2023-02-04,2022,2022-23,18,TRUE
Region 9,202306,202439,2024-10-04,85,16179,192,23,1.32888,1.18672,0.14216,2023,6,2023-02-05,2023-02-11,2022,2022-23,19,TRUE
Region 9,202307,202439,2024-10-04,84,15340,111,16,0.827901,0.723598,0.104302,2023,7,2023-02-12,2023-02-18,2022,2022-23,20,TRUE
Region 9,202308,202439,2024-10-04,83,15144,126,28,1.0169,0.832013,0.184892,2023,8,2023-02-19,2023-02-25,2022,2022-23,21,TRUE
Region 9,202309,202439,2024-10-04,82,15044,94,29,0.817602,0.624834,0.192768,2023,9,2023-02-26,2023-03-04,2022,2022-23,22,TRUE
Region 9,202310,202439,2024-10-04,81,13319,105,38,1.07365,0.788347,0.285307,2023,10,2023-03-05,2023-03-11,2022,2022-23,23,TRUE
Region 9,202311,202439,2024-10-04,80,13801,66,28,0.68111,0.478226,0.202884,2023,11,2023-03-12,2023-03-18,2022,2022-23,24,TRUE
Region 9,202312,202439,2024-10-04,79,13004,55,33,0.676715,0.422947,0.253768,2023,12,2023-03-19,2023-03-25,2022,2022-23,25,TRUE
Region 9,202313,202439,2024-10-04,78,12370,62,29,0.735651,0.501213,0.234438,2023,13,2023-03-26,2023-04-01,2022,2022-23,26,TRUE
Region 9,202314,202439,2024-10-04,77,12053,61,25,0.713515,0.506098,0.207417,2023,14,2023-04-02,2023-04-08,2022,2022-23,27,TRUE
Region 9,202315,202439,2024-10-04,76,5554,25,20,0.810227,0.450126,0.360101,2023,15,2023-04-09,2023-04-15,2022,2022-23,28,TRUE
Region 9,202316,202439,2024-10-04,75,5329,24,9,0.619253,0.450366,0.168887,2023,16,2023-04-16,2023-04-22,2022,2022-23,29,TRUE
Region 9,202317,202439,2024-10-04,74,5096,29,16,0.883046,0.569074,0.313972,2023,17,2023-04-23,2023-04-29,2022,2022-23,30,TRUE
Region 9,202318,202439,2024-10-04,73,5028,20,25,0.894988,0.397772,0.497216,2023,18,2023-04-30,2023-05-06,2022,2022-23,31,TRUE
Region 9,202319,202439,2024-10-04,72,4987,19,28,0.94245,0.380991,0.56146,2023,19,2023-05-07,2023-05-13,2022,2022-23,32,TRUE
Region 9,202320,202439,2024-10-04,71,4895,26,37,1.28703,0.531154,0.755873,2023,20,2023-05-14,2023-05-20,2022,2022-23,33,TRUE
Region 9,202321,202439,2024-10-04,70,4757,34,36,1.47152,0.714736,0.756779,2023,21,2023-05-21,2023-05-27,2022,2022-23,34,TRUE
Region 9,202322,202439,2024-10-04,69,4664,37,36,1.56518,0.79331,0.77187,2023,22,2023-05-28,2023-06-03,2022,2022-23,35,TRUE
Region 9,202323,202439,2024-10-04,68,4474,44,35,1.76576,0.98346,0.782298,2023,23,2023-06-04,2023-06-10,2022,2022-23,36,TRUE
Region 9,202324,202439,2024-10-04,67,4289,46,29,1.74866,1.07251,0.676148,2023,24,2023-06-11,2023-06-17,2022,2022-23,37,TRUE
Region 9,202325,202439,2024-10-04,66,4186,41,37,1.86335,0.979455,0.883899,2023,25,2023-06-18,2023-06-24,2022,2022-23,38,TRUE
Region 9,202326,202439,2024-10-04,65,3679,66,38,2.82686,1.79397,1.03289,2023,26,2023-06-25,2023-07-01,2022,2022-23,39,TRUE
Region 9,202327,202439,2024-10-04,64,3545,61,34,2.67983,1.72073,0.959097,2023,27,2023-07-02,2023-07-08,2022,2022-23,40,TRUE
Region 9,202328,202439,2024-10-04,63,3691,43,34,2.08616,1.165,0.92116,2023,28,2023-07-09,2023-07-15,2022,2022-23,41,TRUE
Region 9,202329,202439,2024-10-04,62,3627,56,39,2.61924,1.54398,1.07527,2023,29,2023-07-16,2023-07-22,2022,2022-23,42,TRUE
Region 9,202330,202439,2024-10-04,61,3854,65,57,3.16554,1.68656,1.47898,2023,30,2023-07-23,2023-07-29,2022,2022-23,43,TRUE
Region 9,202331,202439,2024-10-04,60,3981,61,59,3.01432,1.53228,1.48204,2023,31,2023-07-30,2023-08-05,2022,2022-23,44,TRUE
Region 9,202332,202439,2024-10-04,59,4339,55,49,2.39687,1.26757,1.12929,2023,32,2023-08-06,2023-08-12,2022,2022-23,45,TRUE
Region 9,202333,202439,2024-10-04,58,4249,58,33,2.14168,1.36503,0.776653,2023,33,2023-08-13,2023-08-19,2022,2022-23,46,TRUE
Region 9,202334,202439,2024-10-04,57,5122,51,33,1.63998,0.995705,0.64428,2023,34,2023-08-20,2023-08-26,2022,2022-23,47,TRUE
Region 9,202335,202439,2024-10-04,56,5788,81,34,1.98687,1.39945,0.587422,2023,35,2023-08-27,2023-09-02,2022,2022-23,48,TRUE
Region 9,202336,202439,2024-10-04,55,5491,73,40,2.05791,1.32945,0.728465,2023,36,2023-09-03,2023-09-09,2022,2022-23,49,TRUE
Region 9,202337,202439,2024-10-04,54,5869,89,45,2.28318,1.51644,0.766741,2023,37,2023-09-10,2023-09-16,2022,2022-23,50,TRUE
Region 9,202338,202439,2024-10-04,53,5893,83,64,2.49448,1.40845,1.08603,2023,38,2023-09-17,2023-09-23,2022,2022-23,51,TRUE
Region 9,202339,202439,2024-10-04,52,5803,79,64,2.46424,1.36136,1.10288,2023,39,2023-09-24,2023-09-30,2022,2022-23,52,TRUE
Region 9,202340,202538,2025-09-26,102,5674,94,84,3.13712,1.65668,1.48044,2023,40,2023-10-01,2023-10-07,2023,2023-24,1,TRUE
Region 9,202341,202538,2025-09-26,101,5840,135,67,3.4589,2.31164,1.14726,2023,41,2023-10-08,2023-10-14,2023,2023-24,2,TRUE
Region 9,202342,202538,2025-09-26,100,6173,159,68,3.6773,2.57573,1.10157,2023,42,2023-10-15,2023-10-21,2023,2023-24,3,TRUE
Region 9,202343,202538,2025-09-26,99,6080,201,77,4.57237,3.30592,1.26645,2023,43,2023-10-22,2023-10-28,2023,2023-24,4,TRUE
Region 9,202344,202538,2025-09-26,98,11815,460,93,4.68049,3.89336,0.787135,2023,44,2023-10-29,2023-11-04,2023,2023-24,5,TRUE
Region 9,202345,202538,2025-09-26,97,18185,831,132,5.29557,4.5697,0.725873,2023,45,2023-11-05,2023-11-11,2023,2023-24,6,TRUE
Region 9,202346,202538,2025-09-26,96,20884,1173,124,6.2105,5.61674,0.593756,2023,46,2023-11-12,2023-11-18,2023,2023-24,7,TRUE
Region 9,202347,202538,2025-09-26,95,18655,1199,116,7.04905,6.42723,0.621817,2023,47,2023-11-19,2023-11-25,2023,2023-24,8,TRUE
Region 9,202348,202538,2025-09-26,94,23606,1857,172,8.59527,7.86664,0.728628,2023,48,2023-11-26,2023-12-02,2023,2023-24,9,TRUE
Region 9,202349,202538,2025-09-26,93,25913,2822,187,11.6119,10.8903,0.721646,2023,49,2023-12-03,2023-12-09,2023,2023-24,10,TRUE
Region 9,202350,202538,2025-09-26,92,28913,3908,249,14.3776,13.5164,0.861204,2023,50,2023-12-10,2023-12-16,2023,2023-24,11,TRUE
Region 9,202351,202538,2025-09-26,91,33887,5646,347,17.6852,16.6613,1.02399,2023,51,2023-12-17,2023-12-23,2023,2023-24,12,TRUE
Region 9,202352,202538,2025-09-26,90,30942,4537,336,15.7488,14.6629,1.0859,2023,52,2023-12-24,2023-12-30,2023,2023-24,13,TRUE
Region 9,202401,202538,2025-09-26,89,29579,3378,276,12.3534,11.4203,0.933094,2024,1,2023-12-31,2024-01-06,2023,2023-24,14,TRUE
Region 9,202402,202538,2025-09-26,88,27602,2586,285,10.4014,9.36889,1.03253,2024,2,2024-01-07,2024-01-13,2023,2023-24,15,TRUE
Region 9,202403,202538,2025-09-26,87,25172,2557,390,11.7075,10.1581,1.54934,2024,3,2024-01-14,2024-01-20,2023,2023-24,16,TRUE
Region 9,202404,202538,2025-09-26,86,24461,1947,456,9.8238,7.95961,1.86419,2024,4,2024-01-21,2024-01-27,2023,2023-24,17,TRUE
Region 9,202405,202538,2025-09-26,85,23012,1438,452,8.21311,6.24891,1.96419,2024,5,2024-01-28,2024-02-03,2023,2023-24,18,TRUE
Region 9,202406,202538,2025-09-26,84,21251,942,380,6.22088,4.43273,1.78815,2024,6,2024-02-04,2024-02-10,2023,2023-24,19,TRUE
Region 9,202407,202538,2025-09-26,83,21894,991,480,6.71874,4.52635,2.19238,2024,7,2024-02-11,2024-02-17,2023,2023-24,20,TRUE
Region 9,202408,202538,2025-09-26,82,20677,748,455,5.81806,3.61755,2.20051,2024,8,2024-02-18,2024-02-24,2023,2023-24,21,TRUE
Region 9,202409,202538,2025-09-26,81,18928,674,434,5.85376,3.56086,2.2929,2024,9,2024-02-25,2024-03-02,2023,2023-24,22,TRUE
Region 9,202410,202538,2025-09-26,80,19080,595,394,5.18344,3.11845,2.06499,2024,10,2024-03-03,2024-03-09,2023,2023-24,23,TRUE
Region 9,202411,202538,2025-09-26,79,18440,516,421,5.08134,2.79826,2.28308,2024,11,2024-03-10,2024-03-16,2023,2023-24,24,TRUE
Region 9,202412,202538,2025-09-26,78,17684,512,426,5.3042299999999996,2.89527,2.40896,2024,12,2024-03-17,2024-03-23,2023,2023-24,25,TRUE
Region 9,202413,202538,2025-09-26,77,16506,399,330,4.41658,2.4173,1.99927,2024,13,2024-03-24,2024-03-30,2023,2023-24,26,TRUE
Region 9,202414,202538,2025-09-26,76,15604,376,285,4.23609,2.40964,1.82645,2024,14,2024-03-31,2024-04-06,2023,2023-24,27,TRUE
Region 9,202415,202538,2025-09-26,75,15881,381,282,4.1748,2.39909,1.77571,2024,15,2024-04-07,2024-04-13,2023,2023-24,28,TRUE
Region 9,202416,202538,2025-09-26,74,15501,465,267,4.72228,2.99981,1.72247,2024,16,2024-04-14,2024-04-20,2023,2023-24,29,TRUE
Region 9,202417,202538,2025-09-26,73,14410,357,227,4.05274,2.47745,1.57529,2024,17,2024-04-21,2024-04-27,2023,2023-24,30,TRUE
Region 9,202418,202538,2025-09-26,72,9473,192,173,3.85306,2.02681,1.82624,2024,18,2024-04-28,2024-05-04,2023,2023-24,31,TRUE
Region 9,202419,202538,2025-09-26,71,4741,102,76,3.75448,2.15144,1.60304,2024,19,2024-05-05,2024-05-11,2023,2023-24,32,TRUE
Region 9,202420,202538,2025-09-26,70,4609,54,82,2.95075,1.17162,1.77913,2024,20,2024-05-12,2024-05-18,2023,2023-24,33,TRUE
Region 9,202421,202538,2025-09-26,69,4712,85,90,3.71392,1.8039,1.91002,2024,21,2024-05-19,2024-05-25,2023,2023-24,34,TRUE
Region 9,202422,202538,2025-09-26,68,4855,108,72,3.70752,2.22451,1.48301,2024,22,2024-05-26,2024-06-01,2023,2023-24,35,TRUE
Region 9,202423,202538,2025-09-26,67,4549,116,58,3.82502,2.55001,1.27501,2024,23,2024-06-02,2024-06-08,2023,2023-24,36,TRUE
Region 9,202424,202538,2025-09-26,66,4702,92,41,2.82858,1.95661,0.871969,2024,24,2024-06-09,2024-06-15,2023,2023-24,37,TRUE
Region 9,202425,202538,2025-09-26,65,4248,84,31,2.70716,1.9774,0.729755,2024,25,2024-06-16,2024-06-22,2023,2023-24,38,TRUE
Region 9,202426,202538,2025-09-26,64,2707,57,16,2.69671,2.10565,0.59106,2024,26,2024-06-23,2024-06-29,2023,2023-24,39,TRUE
Region 9,202427,202538,2025-09-26,63,3680,101,9,2.98913,2.74457,0.244565,2024,27,2024-06-30,2024-07-06,2023,2023-24,40,TRUE
Region 9,202428,202538,2025-09-26,62,3809,96,4,2.62536,2.52035,0.105014,2024,28,2024-07-07,2024-07-13,2023,2023-24,41,TRUE
Region 9,202429,202538,2025-09-26,61,3727,87,6,2.4953,2.33432,0.160987,2024,29,2024-07-14,2024-07-20,2023,2023-24,42,TRUE
Region 9,202430,202538,2025-09-26,60,3559,77,4,2.27592,2.16353,0.112391,2024,30,2024-07-21,2024-07-27,2023,2023-24,43,TRUE
Region 9,202431,202538,2025-09-26,59,3774,76,8,2.22576,2.01378,0.211977,2024,31,2024-07-28,2024-08-03,2023,2023-24,44,TRUE
Region 9,202432,202538,2025-09-26,58,3742,56,6,1.65687,1.49653,0.160342,2024,32,2024-08-04,2024-08-10,2023,2023-24,45,TRUE
Region 9,202433,202538,2025-09-26,57,3952,51,4,1.3917,1.29049,0.101215,2024,33,2024-08-11,2024-08-17,2023,2023-24,46,TRUE
Region 9,202434,202538,2025-09-26,56,4113,59,4,1.53173,1.43448,0.0972526,2024,34,2024-08-18,2024-08-24,2023,2023-24,47,TRUE
Region 9,202435,202538,2025-09-26,55,4117,58,4,1.50595,1.40879,0.0971581,2024,35,2024-08-25,2024-08-31,2023,2023-24,48,TRUE
Region 9,202436,202538,2025-09-26,54,3902,61,1,1.58893,1.5633,0.0256279,2024,36,2024-09-01,2024-09-07,2023,2023-24,49,TRUE
Region 9,202437,202538,2025-09-26,53,4369,61,1,1.41909,1.3962,0.0228885,2024,37,2024-09-08,2024-09-14,2023,2023-24,50,TRUE
Region 9,202438,202538,2025-09-26,52,4096,59,1,1.46484,1.44043,0.0244141,2024,38,2024-09-15,2024-09-21,2023,2023-24,51,TRUE
Region 9,202439,202538,2025-09-26,51,4057,52,9,1.50357,1.28174,0.221839,2024,39,2024-09-22,2024-09-28,2023,2023-24,52,TRUE
Region 9,202440,202638,2026-10-02,103,8413,139,5,1.71164,1.6522,0.0594318,2024,40,2024-09-29,2024-10-05,2024,2024-25,1,TRUE
Region 9,202441,202638,2026-10-02,102,11989,168,10,1.48469,1.40128,0.0834098,2024,41,2024-10-06,2024-10-12,2024,2024-25,2,TRUE
Region 9,202442,202638,2026-10-02,101,12259,182,13,1.59067,1.48462,0.106045,2024,42,2024-10-13,2024-10-19,2024,2024-25,3,TRUE
Region 9,202443,202638,2026-10-02,100,12954,250,11,2.01482,1.92991,0.0849159,2024,43,2024-10-20,2024-10-26,2024,2024-25,4,TRUE
Region 9,202444,202638,2026-10-02,99,13123,300,15,2.40037,2.28606,0.114303,2024,44,2024-10-27,2024-11-02,2024,2024-25,5,TRUE
Region 9,202445,202638,2026-10-02,98,14946,432,28,3.07775,2.89041,0.187341,2024,45,2024-11-03,2024-11-09,2024,2024-25,6,TRUE
Region 9,202446,202638,2026-10-02,97,15962,702,44,4.6736,4.39795,0.275655,2024,46,2024-11-10,2024-11-16,2024,2024-25,7,TRUE
Region 9,202447,202638,2026-10-02,96,17458,1031,66,6.28365,5.9056,0.37805,2024,47,2024-11-17,2024-11-23,2024,2024-25,8,TRUE
Region 9,202448,202638,2026-10-02,95,16746,1415,84,8.95139,8.44978,0.501612,2024,48,2024-11-24,2024-11-30,2024,2024-25,9,TRUE
Region 9,202449,202638,2026-10-02,94,20976,1991,119,10.0591,9.4918,0.567315,2024,49,2024-12-01,2024-12-07,2024,2024-25,10,TRUE
Region 9,202450,202638,2026-10-02,93,23366,3046,186,13.8321,13.036,0.796028,2024,50,2024-12-08,2024-12-14,2024,2024-25,11,TRUE
Region 9,202451,202638,2026-10-02,92,29208,5517,251,19.748,18.8887,0.859354,2024,51,2024-12-15,2024-12-21,2024,2024-25,12,TRUE
Region 9,202452,202638,2026-10-02,91,31082,6647,289,22.3152,21.3854,0.929799,2024,52,2024-12-22,2024-12-28,2024,2024-25,13,TRUE
Region 9,202501,202638,2026-10-02,90,32126,6287,293,20.4819,19.5698,0.912034,2025,1,2024-12-29,2025-01-04,2024,2024-25,14,TRUE
Region 9,202502,202638,2026-10-02,89,33127,6230,339,19.8297,18.8064,1.02333,2025,2,2025-01-05,2025-01-11,2024,2024-25,15,TRUE
Region 9,202503,202638,2026-10-02,88,33450,7209,403,22.7564,21.5516,1.20478,2025,3,2025-01-12,2025-01-18,2024,2024-25,16,TRUE
Region 9,202504,202638,2026-10-02,87,35139,8287,627,25.3678,23.5835,1.78434,2025,4,2025-01-19,2025-01-25,2024,2024-25,17,TRUE
Region 9,202505,202638,2026-10-02,86,40405,9716,1041,26.6229,24.0465,2.57641,2025,5,2025-01-26,2025-02-01,2024,2024-25,18,TRUE
Region 9,202506,202638,2026-10-02,85,39779,8794,1417,25.6693,22.1071,3.56218,2025,6,2025-02-02,2025-02-08,2024,2024-25,19,TRUE
Region 9,202507,202638,2026-10-02,84,36066,6459,1643,22.4644,17.9088,4.55554,2025,7,2025-02-09,2025-02-15,2024,2024-25,20,TRUE
Region 9,202508,202638,2026-10-02,83,30864,4257,1776,19.547,13.7928,5.75428,2025,8,2025-02-16,2025-02-22,2024,2024-25,21,TRUE
Region 9,202509,202638,2026-10-02,82,26859,2747,1597,16.1733,10.2275,5.94587,2025,9,2025-02-23,2025-03-01,2024,2024-25,22,TRUE
Region 9,202510,202638,2026-10-02,81,22723,1709,1437,13.845,7.52101,6.32399,2025,10,2025-03-02,2025-03-08,2024,2024-25,23,TRUE
Region 9,202511,202638,2026-10-02,80,21518,1353,1349,12.5569,6.28776,6.26917,2025,11,2025-03-09,2025-03-15,2024,2024-25,24,TRUE
Region 9,202512,202638,2026-10-02,79,20234,973,1418,11.8167,4.80874,7.00801,2025,12,2025-03-16,2025-03-22,2024,2024-25,25,TRUE
Region 9,202513,202638,2026-10-02,78,18408,712,1329,11.0876,3.86788,7.21969,2025,13,2025-03-23,2025-03-29,2024,2024-25,26,TRUE
Region 9,202514,202638,2026-10-02,77,16694,566,1081,9.86582,3.39044,6.47538,2025,14,2025-03-30,2025-04-05,2024,2024-25,27,TRUE
Region 9,202515,202638,2026-10-02,76,16040,405,954,8.47257,2.52494,5.94763,2025,15,2025-04-06,2025-04-12,2024,2024-25,28,TRUE
Region 9,202516,202638,2026-10-02,75,14549,272,764,7.12076,1.86954,5.25122,2025,16,2025-04-13,2025-04-19,2024,2024-25,29,TRUE
Region 9,202517,202638,2026-10-02,74,13460,245,656,6.69391,1.82021,4.8737,2025,17,2025-04-20,2025-04-26,2024,2024-25,30,TRUE
Region 9,202518,202638,2026-10-02,73,9853,149,401,5.58206,1.51223,4.06983,2025,18,2025-04-27,2025-05-03,2024,2024-25,31,TRUE
Region 9,202519,202638,2026-10-02,72,4494,85,155,5.34045,1.89141,3.44904,2025,19,2025-05-04,2025-05-10,2024,2024-25,32,TRUE
Region 9,202520,202638,2026-10-02,71,4447,49,156,4.60985,1.10187,3.50798,2025,20,2025-05-11,2025-05-17,2024,2024-25,33,TRUE
Region 9,202521,202638,2026-10-02,70,4401,51,139,4.3172,1.15883,3.15837,2025,21,2025-05-18,2025-05-24,2024,2024-25,34,TRUE
Region 9,202522,202638,2026-10-02,69,4007,62,101,4.06788,1.54729,2.52059,2025,22,2025-05-25,2025-05-31,2024,2024-25,35,TRUE
Region 9,202523,202638,2026-10-02,68,4318,49,97,3.38119,1.13478,2.24641,2025,23,2025-06-01,2025-06-07,2024,2024-25,36,TRUE
Region 9,202524,202638,2026-10-02,67,3751,28,63,2.42602,0.746468,1.67955,2025,24,2025-06-08,2025-06-14,2024,2024-25,37,TRUE
Region 9,202525,202638,2026-10-02,66,3620,27,39,1.8232,0.745856,1.07735,2025,25,2025-06-15,2025-06-21,2024,2024-25,38,TRUE
Region 9,202526,202638,2026-10-02,65,2462,27,25,2.1121,1.09667,1.01543,2025,26,2025-06-22,2025-06-28,2024,2024-25,39,TRUE
Region 9,202527,202638,2026-10-02,64,3178,28,15,1.35305,0.881057,0.471995,2025,27,2025-06-29,2025-07-05,2024,2024-25,40,TRUE
Region 9,202528,202638,2026-10-02,63,3212,33,25,1.80573,1.0274,0.778331,2025,28,2025-07-06,2025-07-12,2024,2024-25,41,TRUE
Region 9,202529,202638,2026-10-02,62,2936,29,20,1.66894,0.987738,0.681199,2025,29,2025-07-13,2025-07-19,2024,2024-25,42,TRUE
Region 9,202530,202638,2026-10-02,61,2971,18,16,1.1444,0.605857,0.538539,2025,30,2025-07-20,2025-07-26,2024,2024-25,43,TRUE
Region 9,202531,202638,2026-10-02,60,3134,31,4,1.11678,0.989151,0.127632,2025,31,2025-07-27,2025-08-02,2024,2024-25,44,TRUE
Region 9,202532,202638,2026-10-02,59,3135,23,5,0.893142,0.733652,0.15949,2025,32,2025-08-03,2025-08-09,2024,2024-25,45,TRUE
Region 9,202533,202638,2026-10-02,58,3535,33,2,0.990099,0.933522,0.0565771,2025,33,2025-08-10,2025-08-16,2024,2024-25,46,TRUE
Region 9,202534,202638,2026-10-02,57,3863,32,3,0.906032,0.828372,0.0776598,2025,34,2025-08-17,2025-08-23,2024,2024-25,47,TRUE
Region 9,202535,202638,2026-10-02,56,4070,24,6,0.737101,0.589681,0.14742,2025,35,2025-08-24,2025-08-30,2024,2024-25,48,TRUE
Region 9,202536,202638,2026-10-02,55,3953,34,2,0.910701,0.860106,0.0505945,2025,36,2025-08-31,2025-09-06,2024,2024-25,49,TRUE
Region 9,202537,202638,2026-10-02,54,4027,29,8,0.918798,0.720139,0.198659,2025,37,2025-09-07,2025-09-13,2024,2024-25,50,TRUE
Region 9,202538,202638,2026-10-02,53,4139,26,5,0.748973,0.628171,0.120802,2025,38,2025-09-14,2025-09-20,2024,2024-25,51,TRUE
Region 9,202539,202638,2026-10-02,52,3970,21,4,0.629723,0.528967,0.100756,2025,39,2025-09-21,2025-09-27,2024,2024-25,52,TRUE
Region 9,202540,202638,2026-10-02,51,5713,31,6,0.647646,0.542622,0.105024,2025,40,2025-09-28,2025-10-04,2025,2025-26,1,TRUE
Region 9,202541,202638,2026-10-02,50,7850,54,8,0.789809,0.687898,0.101911,2025,41,2025-10-05,2025-10-11,2025,2025-26,2,TRUE
Region 9,202542,202638,2026-10-02,49,7135,61,10,0.995095,0.85494,0.140154,2025,42,2025-10-12,2025-10-18,2025,2025-26,3,TRUE
Region 9,202543,202638,2026-10-02,48,7701,72,7,1.02584,0.934944,0.0908973,2025,43,2025-10-19,2025-10-25,2025,2025-26,4,TRUE
Region 9,202544,202638,2026-10-02,47,7910,99,7,1.34008,1.25158,0.0884956,2025,44,2025-10-26,2025-11-01,2025,2025-26,5,TRUE
Region 9,202545,202638,2026-10-02,46,8590,135,10,1.68801,1.57159,0.116414,2025,45,2025-11-02,2025-11-08,2025,2025-26,6,TRUE
Region 9,202546,202638,2026-10-02,45,8674,135,17,1.75236,1.55638,0.195988,2025,46,2025-11-09,2025-11-15,2025,2025-26,7,TRUE
Region 9,202547,202638,2026-10-02,44,8397,155,8,1.94117,1.8459,0.0952721,2025,47,2025-11-16,2025-11-22,2025,2025-26,8,TRUE
Region 9,202548,202638,2026-10-02,43,8197,204,21,2.74491,2.48872,0.256191,2025,48,2025-11-23,2025-11-29,2025,2025-26,9,TRUE
Region 9,202549,202638,2026-10-02,42,9088,279,13,3.21303,3.06998,0.143046,2025,49,2025-11-30,2025-12-06,2025,2025-26,10,TRUE
Region 9,202550,202638,2026-10-02,41,10275,654,27,6.62774,6.36496,0.262774,2025,50,2025-12-07,2025-12-13,2025,2025-26,11,TRUE
Region 9,202551,202638,2026-10-02,40,11889,1237,44,10.7747,10.4046,0.37009,2025,51,2025-12-14,2025-12-20,2025,2025-26,12,TRUE
Region 9,202552,202638,2026-10-02,39,12716,1896,36,15.1935,14.9103,0.283108,2025,52,2025-12-21,2025-12-27,2025,2025-26,13,TRUE
Region 9,202553,202638,2026-10-02,38,13546,1688,51,12.8377,12.4612,0.376495,2025,53,2025-12-28,2026-01-03,2025,2025-26,14,TRUE
Region 9,202601,202638,2026-10-02,37,13165,1490,60,11.7736,11.3179,0.455754,2026,1,2026-01-04,2026-01-10,2025,2025-26,15,TRUE
Region 9,202602,202638,2026-10-02,36,12377,1374,63,11.6102,11.1012,0.509009,2026,2,2026-01-11,2026-01-17,2025,2025-26,16,TRUE
Region 9,202603,202638,2026-10-02,35,12796,1773,86,14.528,13.8559,0.672085,2026,3,2026-01-18,2026-01-24,2025,2025-26,17,TRUE
Region 9,202604,202638,2026-10-02,34,12736,1734,117,14.5336,13.6149,0.918656,2026,4,2026-01-25,2026-01-31,2025,2025-26,18,TRUE
Region 9,202605,202638,2026-10-02,33,13977,2242,220,17.6147,16.0406,1.57401,2026,5,2026-02-01,2026-02-07,2025,2025-26,19,TRUE
Region 9,202606,202638,2026-10-02,32,12542,1720,243,15.6514,13.7139,1.93749,2026,6,2026-02-08,2026-02-14,2025,2025-26,20,TRUE
Region 9,202607,202638,2026-10-02,31,11849,1324,256,13.3345,11.1739,2.16052,2026,7,2026-02-15,2026-02-21,2025,2025-26,21,TRUE
Region 9,202608,202638,2026-10-02,30,12307,1175,295,11.9444,9.54741,2.39701,2026,8,2026-02-22,2026-02-28,2025,2025-26,22,TRUE
Region 9,202609,202638,2026-10-02,29,11256,832,329,10.3145,7.39161,2.92289,2026,9,2026-03-01,2026-03-07,2025,2025-26,23,TRUE
Region 9,202610,202638,2026-10-02,28,10208,592,378,9.50235,5.79937,3.70298,2026,10,2026-03-08,2026-03-14,2025,2025-26,24,TRUE
Region 9,202611,202638,2026-10-02,27,9774,453,369,8.41007,4.63475,3.77532,2026,11,2026-03-15,2026-03-21,2025,2025-26,25,TRUE
Region 9,202612,202638,2026-10-02,26,8595,310,303,7.13205,3.60675,3.52531,2026,12,2026-03-22,2026-03-28,2025,2025-26,26,TRUE
Region 9,202613,202638,2026-10-02,25,8094,231,282,6.33803,2.85397,3.48406,2026,13,2026-03-29,2026-04-04,2025,2025-26,27,TRUE
Region 9,202614,202638,2026-10-02,24,8061,185,280,5.76852,2.295,3.47351,2026,14,2026-04-05,2026-04-11,2025,2025-26,28,TRUE
Region 9,202615,202638,2026-10-02,23,7957,143,291,5.45432,1.79716,3.65716,2026,15,2026-04-12,2026-04-18,2025,2025-26,29,TRUE
Region 9,202616,202638,2026-10-02,22,7867,162,294,5.79636,2.05923,3.73713,2026,16,2026-04-19,2026-04-25,2025,2025-26,30,TRUE
Region 9,202617,202638,2026-10-02,21,7552,120,321,5.83951,1.58898,4.25053,2026,17,2026-04-26,2026-05-02,2025,2025-26,31,TRUE
Region 9,202618,202638,2026-10-02,20,7486,118,338,6.09137,1.57628,4.51509,2026,18,2026-05-03,2026-05-09,2025,2025-26,32,TRUE
Region 9,202619,202638,2026-10-02,19,5776,62,224,4.95152,1.07341,3.87812,2026,19,2026-05-10,2026-05-16,2025,2025-26,33,TRUE
Region 9,202620,202638,2026-10-02,18,3866,28,148,4.55251,0.724263,3.82825,2026,20,2026-05-17,2026-05-23,2025,2025-26,34,TRUE
Region 9,202621,202638,2026-10-02,17,3676,44,149,5.25027,1.19695,4.05332,2026,21,2026-05-24,2026-05-30,2025,2025-26,35,TRUE
Region 9,202622,202638,2026-10-02,16,3569,22,100,3.41832,0.616419,2.80191,2026,22,2026-05-31,2026-06-06,2025,2025-26,36,TRUE
Region 9,202623,202638,2026-10-02,15,3310,20,73,2.80967,0.60423,2.20544,2026,23,2026-06-07,2026-06-13,2025,2025-26,37,TRUE
Region 9,202624,202638,2026-10-02,14,3035,15,63,2.57002,0.494234,2.07578,2026,24,2026-06-14,2026-06-20,2025,2025-26,38,TRUE
Region 9,202625,202638,2026-10-02,13,2928,13,36,1.6735,0.443989,1.22951,2026,25,2026-06-21,2026-06-27,2025,2025-26,39,TRUE
Region 9,202626,202638,2026-10-02,12,2626,10,17,1.02818,0.380807,0.647372,2026,26,2026-06-28,2026-07-04,2025,2025-26,40,TRUE
Region 9,202627,202638,2026-10-02,11,2854,40,43,2.9082,1.40154,1.50666,2026,27,2026-07-05,2026-07-11,2025,2025-26,41,TRUE
Region 9,202628,202638,2026-10-02,10,2794,27,27,1.93271,0.966356,0.966356,2026,28,2026-07-12,2026-07-18,2025,2025-26,42,TRUE
Region 9,202629,202638,2026-10-02,9,2660,29,9,1.42857,1.09023,0.338346,2026,29,2026-07-19,2026-07-25,2025,2025-26,43,TRUE
Region 9,202630,202638,2026-10-02,8,2658,24,13,1.39202,0.902935,0.48909,2026,30,2026-07-26,2026-08-01,2025,2025-26,44,TRUE
Region 9,202631,202638,2026-10-02,7,2729,36,8,1.61231,1.31916,0.293148,2026,31,2026-08-02,2026-08-08,2025,2025-26,45,TRUE
Region 9,202632,202638,2026-10-02,6,2926,39,9,1.64046,1.33288,0.307587,2026,32,2026-08-09,2026-08-15,2025,2025-26,46,TRUE
Region 9,202633,202638,2026-10-02,5,3375,71,7,2.31111,2.1037,0.207407,2026,33,2026-08-16,2026-08-22,2025,2025-26,47,TRUE
Region 9,202634,202638,2026-10-02,4,3754,75,13,2.34417,1.99787,0.346297,2026,34,2026-08-23,2026-08-29,2025,2025-26,48,TRUE
Region 9,202635,202638,2026-10-02,3,3914,85,4,2.27389,2.17169,0.102197,2026,35,2026-08-30,2026-09-05,2025,2025-26,49,TRUE
Region 9,202636,202638,2026-10-02,2,4083,133,6,3.40436,3.25741,0.146951,2026,36,2026-09-06,2026-09-12,2025,2025-26,50,TRUE
Region 9,202637,202638,2026-10-02,1,4501,272,13,6.33193,6.0431,0.288825,2026,37,2026-09-13,2026-09-19,2025,2025-26,51,TRUE
Region 9,202638,202638,2026-10-02,0,4322,299,8,7.10319,6.91809,0.185099,2026,38,2026-09-20,2026-09-26,2025,2025-26,52,TRUE
