region,epiweek,total_specimens,pct_positive,total_specimens_cdc,pct_positive_cdc,spec_diff,pct_diff
National,201940,19851,1.30976,19851,1.30976,0,0
National,201941,22113,1.47877,22113,1.47877,0,0
National,201942,23131,1.55203,23131,1.55203,0,0
National,201943,24630,2.25335,24630,2.25335,0,0
National,201944,25417,3.05701,25417,3.05701,0,0
National,201945,28842,5.16261,28842,5.16261,0,0
National,201946,31439,6.75594,31439,6.75594,0,0
National,201947,36497,9.54599,36497,9.54599,0,0
National,201948,35398,10.9385,35398,10.9385,0,0
National,201949,41929,11.6554,41929,11.6554,0,0
National,201950,44911,16.1542,44911,16.1542,0,0
National,201951,54480,22.533,54480,22.533,0,0
National,201952,64024,26.9336,64024,26.9336,0,0
National,202001,65177,23.4883,65177,23.4883,0,0
National,202002,60717,23.1187,60717,23.1187,0,0
National,202003,60316,26.0826,60316,26.0826,0,0
National,202004,64502,28.2813,64502,28.2813,0,0
National,202005,72224,30.1465,72224,30.1465,0,0
National,202006,71868,30.2596,71868,30.2596,0,0
National,202007,69257,29.675,69257,29.675,0,0
National,202008,65212,28.3215,65212,28.3215,0,0
National,202009,62427,25.7517,62427,25.7517,0,0
National,202010,64149,22.4914,64149,22.4914,0,0
National,202011,74416,15.8125,74416,15.8125,0,0
National,202012,73090,7.50171,73090,7.50171,0,0
National,202013,44754,2.32158,44754,2.32158,0,0
National,202014,30838,1.0312,30838,1.0312,0,0
National,202015,19572,0.61823,19572,0.61823,0,0
National,202016,14443,0.623139,14443,0.623139,0,0
National,202017,12822,0.218375,12822,0.218375,0,0
National,202018,10268,0.262953,10268,0.262953,0,0
National,202019,8891,0.326173,8891,0.326173,0,0
National,202020,7844,0.305966,7844,0.305966,0,0
National,202021,7523,0.212681,7523,0.212681,0,0
National,202022,6054,0.16518,6054,0.16518,0,0
National,202023,6181,0.339751,6181,0.339751,0,0
National,202024,5718,0.279818,5718,0.279818,0,0
National,202025,5247,0.38117,5247,0.38117,0,0
National,202026,5667,0.282336,5667,0.282336,0,0
National,202027,6258,0.207734,6258,0.207734,0,0
National,202028,6322,0.173996,6322,0.173996,0,0
National,202029,6176,0.372409,6176,0.372409,0,0
National,202030,6042,0.148957,6042,0.148957,0,0
National,202031,6105,0.13104,6105,0.13104,0,0
National,202032,6330,0.173776,6330,0.173776,0,0
National,202033,6120,0.130719,6120,0.130719,0,0
National,202034,6238,0.224431,6238,0.224431,0,0
National,202035,6443,0.310414,6443,0.310414,0,0
National,202036,6543,0.198686,6543,0.198686,0,0
National,202037,7059,0.184162,7059,0.184162,0,0
National,202038,8083,0.395893,8083,0.395893,0,0
National,202039,9019,0.221754,9019,0.221754,0,0
National,202040,12200,0.327869,12200,0.327869,0,0
National,202041,14924,0.388636,14924,0.388636,0,0
National,202042,15112,0.350715,15112,0.350715,0,0
National,202043,16611,0.252845,16611,0.252845,0,0
National,202044,20552,0.199494,20552,0.199494,0,0
National,202045,27187,0.205981,27187,0.205981,0,0
National,202046,34907,0.217721,34907,0.217721,0,0
National,202047,38746,0.22712,38746,0.22712,0,0
National,202048,35276,0.155913,35276,0.155913,0,0
National,202049,42526,0.225744,42526,0.225744,0,0
National,202050,41778,0.244148,41778,0.244148,0,0
National,202051,40917,0.285945,40917,0.285945,0,0
National,202052,36310,0.27816,36310,0.27816,0,0
National,202053,40471,0.264387,40471,0.264387,0,0
National,202101,44971,0.27351,44971,0.27351,0,0
National,202102,41807,0.17222,41807,0.17222,0,0
National,202103,39002,0.21281,39002,0.21281,0,0
National,202104,36455,0.170073,36455,0.170073,0,0
National,202105,36559,0.202413,36559,0.202413,0,0
National,202106,34089,0.134941,34089,0.134941,0,0
National,202107,32424,0.12645,32424,0.12645,0,0
National,202108,34328,0.122349,34328,0.122349,0,0
National,202109,34184,0.0906857,34184,0.0906857,0,0
National,202110,34191,0.105291,34191,0.105291,0,0
National,202111,34680,0.129758,34680,0.129758,0,0
National,202112,35763,0.0838856,35763,0.0838856,0,0
National,202113,31900,0.0689655,31900,0.0689655,0,0
National,202114,31520,0.0761421,31520,0.0761421,0,0
National,202115,30238,0.069449,30238,0.069449,0,0
National,202116,30568,0.0915991,30568,0.0915991,0,0
National,202117,31247,0.083208,31247,0.083208,0,0
National,202118,30176,0.0828473,30176,0.0828473,0,0
National,202119,29035,0.103324,29035,0.103324,0,0
National,202120,28416,0.151323,28416,0.151323,0,0
National,202121,24574,0.150566,24574,0.150566,0,0
National,202122,23886,0.0921042,23886,0.0921042,0,0
National,202123,25258,0.102938,25258,0.102938,0,0
National,202124,24440,0.118658,24440,0.118658,0,0
National,202125,22366,0.129661,22366,0.129661,0,0
National,202126,22756,0.0703111,22756,0.0703111,0,0
National,202127,25064,0.055857,25064,0.055857,0,0
National,202128,26255,0.106646,26255,0.106646,0,0
National,202129,27718,0.0649398,27718,0.0649398,0,0
National,202130,30276,0.0759678,30276,0.0759678,0,0
National,202131,28889,0.110769,28889,0.110769,0,0
National,202132,35191,0.0539911,35191,0.0539911,0,0
National,202133,33470,0.071706,33470,0.071706,0,0
National,202134,40107,0.0598399,40107,0.0598399,0,0
National,202135,41117,0.0851229,41117,0.0851229,0,0
National,202136,36912,0.0541829,36912,0.0541829,0,0
National,202137,43510,0.0574581,43510,0.0574581,0,0
National,202138,40634,0.0713688,40634,0.0713688,0,0
National,202139,44256,0.117498,44256,0.117498,0,0
National,202140,49688,0.15698,49688,0.15698,0,0
National,202141,46313,0.120916,46313,0.120916,0,0
National,202142,48913,0.132889,48913,0.132889,0,0
National,202143,51914,0.254267,51914,0.254267,0,0
National,202144,57035,0.282283,57035,0.282283,0,0
National,202145,63268,0.545299,63268,0.545299,0,0
National,202146,72905,1.00405,72905,1.00405,0,0
National,202147,71888,1.84175,71888,1.84175,0,0
National,202148,85248,2.89274,85248,2.89274,0,0
National,202149,97782,4.05392,97782,4.05392,0,0
National,202150,108196,6.23128,108196,6.23128,0,0
National,202151,126904,5.76656,126904,5.76656,0,0
National,202152,147040,4.2145,147040,4.2145,0,0
National,202201,150872,2.43518,150872,2.43518,0,0
National,202202,129424,2.06453,129424,2.06453,0,0
National,202203,106771,2.11855,106771,2.11855,0,0
National,202204,87124,2.02929,87124,2.02929,0,0
National,202205,68893,2.33841,68893,2.33841,0,0
National,202206,64800,2.93519,64800,2.93519,0,0
National,202207,62953,4.11418,62953,4.11418,0,0
National,202208,61128,4.6558,61128,4.6558,0,0
National,202209,61079,5.98405,61079,5.98405,0,0
National,202210,62009,6.86997,62009,6.86997,0,0
National,202211,62581,7.99444,62581,7.99444,0,0
National,202212,66581,8.28915,66581,8.28915,0,0
National,202213,66402,8.55245,66402,8.55245,0,0
National,202214,70497,9.49544,70497,9.49544,0,0
National,202215,69489,9.88646,69489,9.88646,0,0
National,202216,71915,8.83682,71915,8.83682,0,0
National,202217,76971,8.15632,76971,8.15632,0,0
National,202218,79892,8.45266,79892,8.45266,0,0
National,202219,84554,7.27228,84554,7.27228,0,0
National,202220,84708,6.00416,84708,6.00416,0,0
National,202221,82842,5.78813,82842,5.78813,0,0
National,202222,78158,4.90161,78158,4.90161,0,0
National,202223,75043,3.31143,75043,3.31143,0,0
National,202224,69476,2.36341,69476,2.36341,0,0
National,202225,66510,1.68997,66510,1.68997,0,0
National,202226,64429,1.26806,64429,1.26806,0,0
National,202227,63996,0.973498,63996,0.973498,0,0
National,202228,61558,0.792748,61558,0.792748,0,0
National,202229,62251,0.62007,62251,0.62007,0,0
National,202230,57937,0.516078,57937,0.516078,0,0
National,202231,54829,0.490616,54829,0.490616,0,0
National,202232,52169,0.481129,52169,0.481129,0,0
National,202233,53636,0.479156,53636,0.479156,0,0
National,202234,57496,0.593085,57496,0.593085,0,0
National,202235,59999,0.616677,59999,0.616677,0,0
National,202236,59748,0.753163,59748,0.753163,0,0
National,202237,62269,0.867205,62269,0.867205,0,0
National,202238,67455,1.24527,67455,1.24527,0,0
National,202239,66897,2.01952,66897,2.01952,0,0
National,202240,78249,2.66968,78249,2.66968,0,0
National,202241,88055,3.46261,88055,3.46261,0,0
National,202242,95427,5.43662,95427,5.43662,0,0
National,202243,112851,8.37742,112851,8.37742,0,0
National,202244,133627,12.7953,133627,12.7953,0,0
National,202245,144126,14.9355,144126,14.9355,0,0
National,202246,157775,18.3419,157775,18.3419,0,0
National,202247,157960,25.8135,157960,25.8135,0,0
National,202248,191785,25.5531,191785,25.5531,0,0
National,202249,182500,26.2658,182500,26.2658,0,0
National,202250,172825,24.4693,172825,24.4693,0,0
National,202251,151384,20.7763,151384,20.7763,0,0
National,202252,138757,14.8994,138757,14.8994,0,0
National,202301,121002,8.61225,121002,8.61225,0,0
National,202302,109210,4.58566,109210,4.58566,0,0
National,202303,106790,2.94035,106790,2.94035,0,0
National,202304,99616,2.12014,99616,2.12014,0,0
National,202305,97168,1.67339,97168,1.67339,0,0
National,202306,100754,1.36967,100754,1.36967,0,0
National,202307,95973,1.08468,95973,1.08468,0,0
National,202308,92696,1.01838,92696,1.01838,0,0
National,202309,90640,0.92233,90640,0.92233,0,0
National,202310,86376,1.04196,86376,1.04196,0,0
National,202311,84308,0.89434,84308,0.89434,0,0
National,202312,82274,0.949267,82274,0.949267,0,0
National,202313,76692,0.959683,76692,0.959683,0,0
National,202314,72529,1.05613,72529,1.05613,0,0
National,202315,61439,1.01401,61439,1.01401,0,0
National,202316,56701,0.837728,56701,0.837728,0,0
National,202317,53442,0.954306,53442,0.954306,0,0
National,202318,52888,0.943503,52888,0.943503,0,0
National,202319,54713,1.01804,54713,1.01804,0,0
National,202320,47958,1.17603,47958,1.17603,0,0
National,202321,44133,1.19412,44133,1.19412,0,0
National,202322,42516,1.30539,42516,1.30539,0,0
National,202323,39470,1.0945,39470,1.0945,0,0
National,202324,35938,1.1074600000000001,35938,1.1074600000000001,0,0
National,202325,32938,0.947234,32938,0.947234,0,0
National,202326,30331,1.10448,30331,1.10448,0,0
National,202327,30289,1.20836,30289,1.20836,0,0
National,202328,30661,0.998011,30661,0.998011,0,0
National,202329,30857,0.998153,30857,0.998153,0,0
National,202330,31387,0.994042,31387,0.994042,0,0
National,202331,32425,1.06399,32425,1.06399,0,0
National,202332,36133,0.855174,36133,0.855174,0,0
National,202333,40456,0.897271,40456,0.897271,0,0
National,202334,47416,0.769782,47416,0.769782,0,0
National,202335,53059,0.718069,53059,0.718069,0,0
National,202336,55332,0.701222,55332,0.701222,0,0
National,202337,58288,0.792616,58288,0.792616,0,0
National,202338,61602,0.915555,61602,0.915555,0,0
National,202339,61810,0.933506,61810,0.933506,0,0
National,202340,64939,1.10103,64939,1.10103,0,0
National,202341,65514,1.34933,65514,1.34933,0,0
National,202342,66801,1.51345,66801,1.51345,0,0
National,202343,69229,1.81282,69229,1.81282,0,0
National,202344,77193,2.61941,77193,2.61941,0,0
National,202345,92301,3.95879,92301,3.95879,0,0
National,202346,100657,4.86504,100657,4.86504,0,0
National,202347,95965,5.91987,95965,5.91987,0,0
National,202348,118752,6.96915,118752,6.96915,0,0
National,202349,126299,9.79897,126299,9.79897,0,0
National,202350,138909,13.3872,138909,13.3872,0,0
National,202351,155722,17.3213,155722,17.3213,0,0
National,202352,153922,18.1605,153922,18.1605,0,0
National,202401,137969,13.8031,137969,13.8031,0,0
National,202402,130403,13.867,130403,13.867,0,0
National,202403,116068,14.9059,116068,14.9059,0,0
National,202404,120481,16.1303,120481,16.1303,0,0
National,202405,123949,16.3067,123949,16.3067,0,0
National,202406,124097,15.8521,124097,15.8521,0,0
National,202407,120149,15.5673,120149,15.5673,0,0
National,202408,118107,15.5181,118107,15.5181,0,0
National,202409,109663,14.9467,109663,14.9467,0,0
National,202410,103198,14.2261,103198,14.2261,0,0
National,202411,97623,11.9214,97623,11.9214,0,0
National,202412,90497,10.3628,90497,10.3628,0,0
National,202413,86150,9.15264,86150,9.15264,0,0
National,202414,81799,7.53799,81799,7.53799,0,0
National,202415,77973,5.79303,77973,5.79303,0,0
National,202416,71822,4.7576,71822,4.7576,0,0
National,202417,70211,3.79997,70211,3.79997,0,0
National,202418,60132,3.1963,60132,3.1963,0,0
National,202419,54075,2.3264,54075,2.3264,0,0
National,202420,52042,1.82353,52042,1.82353,0,0
National,202421,50362,1.64013,50362,1.64013,0,0
National,202422,45394,1.63898,45394,1.63898,0,0
National,202423,43789,1.47982,43789,1.47982,0,0
National,202424,41945,1.28263,41945,1.28263,0,0
National,202425,39787,1.04808,39787,1.04808,0,0
National,202426,37950,0.890646,37950,0.890646,0,0
National,202427,38217,0.986472,38217,0.986472,0,0
National,202428,41312,0.830267,41312,0.830267,0,0
National,202429,41425,0.692818,41425,0.692818,0,0
National,202430,44143,0.602587,44143,0.602587,0,0
National,202431,45125,0.558449,45125,0.558449,0,0
National,202432,46583,0.485156,46583,0.485156,0,0
National,202433,50508,0.451414,50508,0.451414,0,0
National,202434,53810,0.436722,53810,0.436722,0,0
National,202435,59674,0.415591,59674,0.415591,0,0
National,202436,59672,0.440743,59672,0.440743,0,0
National,202437,62349,0.476351,62349,0.476351,0,0
National,202438,63235,0.531351,63235,0.531351,0,0
National,202439,57421,0.529423,57421,0.529423,0,0
National,202440,66165,0.674072,66165,0.674072,0,0
National,202441,69715,0.671305,69715,0.671305,0,0
National,202442,72764,0.725634,72764,0.725634,0,0
National,202443,75599,0.964298,75599,0.964298,0,0
National,202444,75256,1.21851,75256,1.21851,0,0
National,202445,76715,1.52773,76715,1.52773,0,0
National,202446,81959,2.11081,81959,2.11081,0,0
National,202447,86733,2.83398,86733,2.83398,0,0
National,202448,83808,3.94831,83808,3.94831,0,0
National,202449,98298,5.15168,98298,5.15168,0,0
National,202450,106217,8.59373,106217,8.59373,0,0
National,202451,123538,14.1794,123538,14.1794,0,0
National,202452,131071,18.2344,131071,18.2344,0,0
National,202501,138730,18.2181,138730,18.2181,0,0
National,202502,133713,18.3976,133713,18.3976,0,0
National,202503,141593,23.8246,141593,23.8246,0,0
National,202504,148220,28.7465,148220,28.7465,0,0
National,202505,173919,31.6481,173919,31.6481,0,0
National,202506,178400,31.4103,178400,31.4103,0,0
National,202507,160655,27.8373,160655,27.8373,0,0
National,202508,141640,23.9403,141640,23.9403,0,0
National,202509,133283,19.4796,133283,19.4796,0,0
National,202510,117138,15.8557,117138,15.8557,0,0
National,202511,107927,13.3136,107927,13.3136,0,0
National,202512,97458,10.7287,97458,10.7287,0,0
National,202513,90719,9.2285,90719,9.2285,0,0
National,202514,82839,7.57976,82839,7.57976,0,0
National,202515,79981,6.16646,79981,6.16646,0,0
National,202516,74734,5.2814,74734,5.2814,0,0
National,202517,72236,4.42023,72236,4.42023,0,0
National,202518,64423,3.34042,64423,3.34042,0,0
National,202519,55634,2.6225,55634,2.6225,0,0
National,202520,53718,2.14267,53718,2.14267,0,0
National,202521,50966,1.92089,50966,1.92089,0,0
National,202522,47471,1.8643,47471,1.8643,0,0
National,202523,45903,1.59902,45903,1.59902,0,0
National,202524,42499,1.20473,42499,1.20473,0,0
National,202525,39431,1.03725,39431,1.03725,0,0
National,202526,35472,0.848557,35472,0.848557,0,0
National,202527,34715,0.797926,34715,0.797926,0,0
National,202528,34856,0.780353,34856,0.780353,0,0
National,202529,33403,0.541867,33403,0.541867,0,0
National,202530,34038,0.408367,34038,0.408367,0,0
National,202531,33929,0.4421,33929,0.4421,0,0
National,202532,36264,0.3833,36264,0.3833,0,0
National,202533,39941,0.34551,39941,0.34551,0,0
National,202534,43996,0.388672,43996,0.388672,0,0
National,202535,49086,0.397262,49086,0.397262,0,0
National,202536,50075,0.391413,50075,0.391413,0,0
National,202537,55646,0.451066,55646,0.451066,0,0
National,202538,56976,0.463353,56976,0.463353,0,0
National,202539,54787,0.642488,54787,0.642488,0,0
National,202540,55704,0.518814,55704,0.518814,0,0
National,202541,57037,0.527728,57037,0.527728,0,0
National,202542,55540,0.64458,55540,0.64458,0,0
National,202543,56782,0.78546,56782,0.78546,0,0
National,202544,56102,1.09444,56102,1.09444,0,0
National,202545,61990,1.90515,61990,1.90515,0,0
National,202546,63050,3.26408,63050,3.26408,0,0
National,202547,66223,5.47544,66223,5.47544,0,0
National,202548,63137,8.02224,63137,8.02224,0,0
National,202549,73142,8.98526,73142,8.98526,0,0
National,202550,82899,15.4562,82899,15.4562,0,0
National,202551,106007,25.5832,106007,25.5832,0,0
National,202552,120165,31.7039,120165,31.7039,0,0
National,202553,117308,24.6931,117308,24.6931,0,0
National,202601,108413,18.6029,108413,18.6029,0,0
National,202602,95894,17.0323,95894,17.0323,0,0
National,202603,91958,17.5167,91958,17.5167,0,0
National,202604,88146,17.4132,88146,17.4132,0,0
National,202605,94526,18.0427,94526,18.0427,0,0
National,202606,96274,18.3248,96274,18.3248,0,0
National,202607,97624,18.0222,97624,18.0222,0,0
National,202608,94017,15.6738,94017,15.6738,0,0
National,202609,89860,15.3439,89860,15.3439,0,0
National,202610,83479,13.8166,83479,13.8166,0,0
National,202611,75445,11.2108,75445,11.2108,0,0
National,202612,70109,9.61931,70109,9.61931,0,0
National,202613,64448,7.77371,64448,7.77371,0,0
National,202614,61036,5.90799,61036,5.90799,0,0
National,202615,59380,4.52509,59380,4.52509,0,0
National,202616,54674,3.41479,54674,3.41479,0,0
National,202617,52397,2.96964,52397,2.96964,0,0
National,202618,51695,2.47606,51695,2.47606,0,0
National,202619,47578,1.90845,47578,1.90845,0,0
National,202620,43481,1.5432,43481,1.5432,0,0
National,202621,41559,1.30898,41559,1.30898,0,0
National,202622,38215,0.913254,38215,0.913254,0,0
National,202623,35217,0.789391,35217,0.789391,0,0
National,202624,33001,0.642405,33001,0.642405,0,0
National,202625,31714,0.47613,31714,0.47613,0,0
National,202626,29890,0.548678,29890,0.548678,0,0
National,202627,29475,0.759966,29475,0.759966,0,0
National,202628,27716,0.544812,27716,0.544812,0,0
National,202629,27485,0.454794,27485,0.454794,0,0
National,202630,26514,0.429962,26514,0.429962,0,0
National,202631,27761,0.486294,27761,0.486294,0,0
National,202632,28969,0.669681,28969,0.669681,0,0
National,202633,32429,0.795584,32429,0.795584,0,0
National,202634,35546,1.01277,35546,1.01277,0,0
National,202635,39109,1.47536,39109,1.47536,0,0
National,202636,40907,1.7552,40907,1.7552,0,0
National,202637,45011,2.59936,45011,2.59936,0,0
National,202638,33547,3.43101,33547,3.43101,0,0
Region 1,201940,1071,0.373483,1071,0.373483,0,0
Region 1,201941,1192,0.838926,1192,0.838926,0,0
Region 1,201942,1170,0.42735,1170,0.42735,0,0
Region 1,201943,1315,0.912548,1315,0.912548,0,0
Region 1,201944,1280,0.46875,1280,0.46875,0,0
Region 1,201945,1366,0.658858,1366,0.658858,0,0
Region 1,201946,1583,0.758054,1583,0.758054,0,0
Region 1,201947,1694,1.59386,1694,1.59386,0,0
Region 1,201948,1670,3.89222,1670,3.89222,0,0
Region 1,201949,2073,5.01688,2073,5.01688,0,0
Region 1,201950,2155,7.28538,2155,7.28538,0,0
Region 1,201951,2339,12.997,2339,12.997,0,0
Region 1,201952,3088,19.1386,3088,19.1386,0,0
Region 1,202001,3613,22.7789,3613,22.7789,0,0
Region 1,202002,3978,25.8421,3978,25.8421,0,0
Region 1,202003,4176,32.0642,4176,32.0642,0,0
Region 1,202004,4872,35.6117,4872,35.6117,0,0
Region 1,202005,5581,38.3981,5581,38.3981,0,0
Region 1,202006,5607,37.0787,5607,37.0787,0,0
Region 1,202007,4955,34.9748,4955,34.9748,0,0
Region 1,202008,4465,30.7503,4465,30.7503,0,0
Region 1,202009,4096,26.6846,4096,26.6846,0,0
Region 1,202010,3693,21.4189,3693,21.4189,0,0
Region 1,202011,3792,18.1698,3792,18.1698,0,0
Region 1,202012,3644,8.26015,3644,8.26015,0,0
Region 1,202013,2284,2.18914,2284,2.18914,0,0
Region 1,202014,2384,1.00671,2384,1.00671,0,0
Region 1,202015,1570,0.382166,1570,0.382166,0,0
Region 1,202016,1456,1.30495,1456,1.30495,0,0
Region 1,202017,1237,0.161681,1237,0.161681,0,0
Region 1,202018,841,0.475624,841,0.475624,0,0
Region 1,202019,718,0.139276,718,0.139276,0,0
Region 1,202020,598,0.334448,598,0.334448,0,0
Region 1,202021,548,0.364964,548,0.364964,0,0
Region 1,202022,398,0.251256,398,0.251256,0,0
Region 1,202023,507,0,507,0,0,0
Region 1,202024,359,0,359,0,0,0
Region 1,202025,279,0,279,0,0,0
Region 1,202026,293,0,293,0,0,0
Region 1,202027,237,0,237,0,0,0
Region 1,202028,259,0,259,0,0,0
Region 1,202029,244,0,244,0,0,0
Region 1,202030,241,0,241,0,0,0
Region 1,202031,222,0,222,0,0,0
Region 1,202032,242,0,242,0,0,0
Region 1,202033,267,0,267,0,0,0
Region 1,202034,289,0,289,0,0,0
Region 1,202035,291,0,291,0,0,0
Region 1,202036,324,0,324,0,0,0
Region 1,202037,408,0.245098,408,0.245098,0,0
Region 1,202038,394,0,394,0,0,0
Region 1,202039,558,0,558,0,0,0
Region 1,202040,653,0,653,0,0,0
Region 1,202041,788,0.126904,788,0.126904,0,0
Region 1,202042,733,0.272851,733,0.272851,0,0
Region 1,202043,856,0,856,0,0,0
Region 1,202044,987,0,987,0,0,0
Region 1,202045,1123,0,1123,0,0,0
Region 1,202046,1276,0.15674,1276,0.15674,0,0
Region 1,202047,1414,0.141443,1414,0.141443,0,0
Region 1,202048,1769,0,1769,0,0,0
Region 1,202049,1940,0.154639,1940,0.154639,0,0
Region 1,202050,1585,0,1585,0,0,0
Region 1,202051,1677,0.178891,1677,0.178891,0,0
Region 1,202052,1884,0,1884,0,0,0
Region 1,202053,1691,0.0591366,1691,0.0591366,0,0
Region 1,202101,1730,0,1730,0,0,0
Region 1,202102,1749,0,1749,0,0,0
Region 1,202103,1652,0.0605327,1652,0.0605327,0,0
Region 1,202104,1654,0,1654,0,0,0
Region 1,202105,1445,0,1445,0,0,0
Region 1,202106,1432,0.139665,1432,0.139665,0,0
Region 1,202107,1340,0.0746269,1340,0.0746269,0,0
Region 1,202108,1416,0,1416,0,0,0
Region 1,202109,1356,0.0737463,1356,0.0737463,0,0
Region 1,202110,1623,0.184843,1623,0.184843,0,0
Region 1,202111,1421,0.281492,1421,0.281492,0,0
Region 1,202112,1591,0,1591,0,0,0
Region 1,202113,1555,0.128617,1555,0.128617,0,0
Region 1,202114,1597,0,1597,0,0,0
Region 1,202115,1334,0.0749625,1334,0.0749625,0,0
Region 1,202116,1230,0,1230,0,0,0
Region 1,202117,1271,0.0786782,1271,0.0786782,0,0
Region 1,202118,1168,0.428082,1168,0.428082,0,0
Region 1,202119,1075,0.186047,1075,0.186047,0,0
Region 1,202120,916,0,916,0,0,0
Region 1,202121,805,0,805,0,0,0
Region 1,202122,791,0,791,0,0,0
Region 1,202123,770,0,770,0,0,0
Region 1,202124,817,0,817,0,0,0
Region 1,202125,879,0,879,0,0,0
Region 1,202126,820,0,820,0,0,0
Region 1,202127,873,0,873,0,0,0
Region 1,202128,988,0.303644,988,0.303644,0,0
Region 1,202129,1147,0.087184,1147,0.087184,0,0
Region 1,202130,1283,0,1283,0,0,0
Region 1,202131,1352,0,1352,0,0,0
Region 1,202132,1471,0,1471,0,0,0
Region 1,202133,1530,0,1530,0,0,0
Region 1,202134,1428,0,1428,0,0,0
Region 1,202135,1558,0,1558,0,0,0
Region 1,202136,1420,0,1420,0,0,0
Region 1,202137,1556,0.128535,1556,0.128535,0,0
Region 1,202138,1790,0,1790,0,0,0
Region 1,202139,2079,0.1443,2079,0.1443,0,0
Region 1,202140,2090,0.0956938,2090,0.0956938,0,0
Region 1,202141,2203,0.0453926,2203,0.0453926,0,0
Region 1,202142,2175,0.045977,2175,0.045977,0,0
Region 1,202143,1925,0.155844,1925,0.155844,0,0
Region 1,202144,2201,0.408905,2201,0.408905,0,0
Region 1,202145,2409,2.57368,2409,2.57368,0,0
Region 1,202146,2788,2.61836,2788,2.61836,0,0
Region 1,202147,2825,3.39823,2825,3.39823,0,0
Region 1,202148,4331,6.32648,4331,6.32648,0,0
Region 1,202149,4714,10.4794,4714,10.4794,0,0
Region 1,202150,5391,9.57151,5391,9.57151,0,0
Region 1,202151,6278,7.1201,6278,7.1201,0,0
Region 1,202152,7545,4.75812,7545,4.75812,0,0
Region 1,202201,6552,2.50305,6552,2.50305,0,0
Region 1,202202,5363,1.32389,5363,1.32389,0,0
Region 1,202203,4095,1.36752,4095,1.36752,0,0
Region 1,202204,3445,1.13208,3445,1.13208,0,0
Region 1,202205,3053,1.34294,3053,1.34294,0,0
Region 1,202206,2955,1.18443,2955,1.18443,0,0
Region 1,202207,2861,1.32821,2861,1.32821,0,0
Region 1,202208,2650,1.43396,2650,1.43396,0,0
Region 1,202209,2833,1.9414,2833,1.9414,0,0
Region 1,202210,3006,2.36194,3006,2.36194,0,0
Region 1,202211,3391,3.68623,3391,3.68623,0,0
Region 1,202212,3348,4.92832,3348,4.92832,0,0
Region 1,202213,3748,6.0032,3748,6.0032,0,0
Region 1,202214,4464,9.49821,4464,9.49821,0,0
Region 1,202215,4782,10.4977,4782,10.4977,0,0
Region 1,202216,4928,9.35471,4928,9.35471,0,0
Region 1,202217,5198,7.84917,5198,7.84917,0,0
Region 1,202218,5579,10.6112,5579,10.6112,0,0
Region 1,202219,6142,12.1133,6142,12.1133,0,0
Region 1,202220,5629,8.01208,5629,8.01208,0,0
Region 1,202221,5195,5.15881,5195,5.15881,0,0
Region 1,202222,4791,3.42308,4791,3.42308,0,0
Region 1,202223,4850,1.73196,4850,1.73196,0,0
Region 1,202224,4433,1.44372,4433,1.44372,0,0
Region 1,202225,3903,1.05047,3903,1.05047,0,0
Region 1,202226,4010,0.448878,4010,0.448878,0,0
Region 1,202227,3715,0.215343,3715,0.215343,0,0
Region 1,202228,3580,0.363128,3580,0.363128,0,0
Region 1,202229,3423,0.175285,3423,0.175285,0,0
Region 1,202230,3424,0.292056,3424,0.292056,0,0
Region 1,202231,3212,0.124533,3212,0.124533,0,0
Region 1,202232,3207,0.249454,3207,0.249454,0,0
Region 1,202233,3352,0.149165,3352,0.149165,0,0
Region 1,202234,3279,0.335468,3279,0.335468,0,0
Region 1,202235,3203,0.374649,3203,0.374649,0,0
Region 1,202236,3383,0.325155,3383,0.325155,0,0
Region 1,202237,3782,0.185087,3782,0.185087,0,0
Region 1,202238,3962,0.454316,3962,0.454316,0,0
Region 1,202239,4230,0.425532,4230,0.425532,0,0
Region 1,202240,4684,0.640478,4684,0.640478,0,0
Region 1,202241,4707,0.786063,4707,0.786063,0,0
Region 1,202242,5231,1.20436,5231,1.20436,0,0
Region 1,202243,5885,2.17502,5885,2.17502,0,0
Region 1,202244,6461,4.64324,6461,4.64324,0,0
Region 1,202245,6828,6.86878,6828,6.86878,0,0
Region 1,202246,7749,10.5562,7749,10.5562,0,0
Region 1,202247,8740,22.46,8740,22.46,0,0
Region 1,202248,11472,26.8044,11472,26.8044,0,0
Region 1,202249,10722,28.4742,10722,28.4742,0,0
Region 1,202250,10539,26.3118,10539,26.3118,0,0
Region 1,202251,10017,23.1706,10017,23.1706,0,0
Region 1,202252,9299,16.2813,9299,16.2813,0,0
Region 1,202301,8398,9.63325,8398,9.63325,0,0
Region 1,202302,7495,4.81654,7495,4.81654,0,0
Region 1,202303,6772,3.64737,6772,3.64737,0,0
Region 1,202304,6954,2.07075,6954,2.07075,0,0
Region 1,202305,6343,1.45042,6343,1.45042,0,0
Region 1,202306,6509,1.15225,6509,1.15225,0,0
Region 1,202307,6534,1.14784,6534,1.14784,0,0
Region 1,202308,6062,1.36919,6062,1.36919,0,0
Region 1,202309,5908,0.897089,5908,0.897089,0,0
Region 1,202310,5963,0.939125,5963,0.939125,0,0
Region 1,202311,5792,0.828729,5792,0.828729,0,0
Region 1,202312,5807,0.792147,5807,0.792147,0,0
Region 1,202313,5728,1.0824,5728,1.0824,0,0
Region 1,202314,5506,0.99891,5506,0.99891,0,0
Region 1,202315,5238,0.820924,5238,0.820924,0,0
Region 1,202316,4597,0.58734,4597,0.58734,0,0
Region 1,202317,4247,0.541559,4247,0.541559,0,0
Region 1,202318,3934,0.86426,3934,0.86426,0,0
Region 1,202319,4009,0.723372,4009,0.723372,0,0
Region 1,202320,3581,0.753979,3581,0.753979,0,0
Region 1,202321,3471,1.00835,3471,1.00835,0,0
Region 1,202322,3220,0.900621,3220,0.900621,0,0
Region 1,202323,3241,0.92564,3241,0.92564,0,0
Region 1,202324,3190,0.532915,3190,0.532915,0,0
Region 1,202325,2678,0.448096,2678,0.448096,0,0
Region 1,202326,2264,0.750883,2264,0.750883,0,0
Region 1,202327,1868,1.1242,1868,1.1242,0,0
Region 1,202328,1996,1.1022,1996,1.1022,0,0
Region 1,202329,1709,0.760679,1709,0.760679,0,0
Region 1,202330,1854,0.647249,1854,0.647249,0,0
Region 1,202331,1930,0.518135,1930,0.518135,0,0
Region 1,202332,2217,0.360848,2217,0.360848,0,0
Region 1,202333,2300,0.826087,2300,0.826087,0,0
Region 1,202334,2424,0.70132,2424,0.70132,0,0
Region 1,202335,2638,0.60652,2638,0.60652,0,0
Region 1,202336,3222,0.403476,3222,0.403476,0,0
Region 1,202337,3216,0.373134,3216,0.373134,0,0
Region 1,202338,3744,0.694444,3744,0.694444,0,0
Region 1,202339,3531,0.821297,3531,0.821297,0,0
Region 1,202340,5008,0.419329,5008,0.419329,0,0
Region 1,202341,4739,0.654146,4739,0.654146,0,0
Region 1,202342,4754,0.567943,4754,0.567943,0,0
Region 1,202343,4834,1.26189,4834,1.26189,0,0
Region 1,202344,5066,1.97394,5066,1.97394,0,0
Region 1,202345,5637,2.66099,5637,2.66099,0,0
Region 1,202346,6172,3.30525,6172,3.30525,0,0
Region 1,202347,6063,3.99142,6063,3.99142,0,0
Region 1,202348,6968,4.90815,6968,4.90815,0,0
Region 1,202349,7371,6.91901,7371,6.91901,0,0
Region 1,202350,7617,9.67573,7617,9.67573,0,0
Region 1,202351,8487,13.3027,8487,13.3027,0,0
Region 1,202352,9546,16.0172,9546,16.0172,0,0
Region 1,202401,9489,11.9296,9489,11.9296,0,0
Region 1,202402,8331,12.2554,8331,12.2554,0,0
Region 1,202403,7322,13.3707,7322,13.3707,0,0
Region 1,202404,7415,14.673,7415,14.673,0,0
Region 1,202405,7617,15.4523,7617,15.4523,0,0
Region 1,202406,7685,16.5517,7685,16.5517,0,0
Region 1,202407,7344,16.4352,7344,16.4352,0,0
Region 1,202408,7006,15.8007,7006,15.8007,0,0
Region 1,202409,6856,15.3588,6856,15.3588,0,0
Region 1,202410,6418,15.0826,6418,15.0826,0,0
Region 1,202411,5962,10.416,5962,10.416,0,0
Region 1,202412,5787,10.2817,5787,10.2817,0,0
Region 1,202413,5702,9.54051,5702,9.54051,0,0
Region 1,202414,5510,8.87477,5510,8.87477,0,0
Region 1,202415,5468,7.82736,5468,7.82736,0,0
Region 1,202416,4661,6.32911,4661,6.32911,0,0
Region 1,202417,4369,4.96681,4369,4.96681,0,0
Region 1,202418,4092,4.61877,4092,4.61877,0,0
Region 1,202419,4108,2.92113,4108,2.92113,0,0
Region 1,202420,3918,1.93977,3918,1.93977,0,0
Region 1,202421,3832,1.56576,3832,1.56576,0,0
Region 1,202422,3496,1.51602,3496,1.51602,0,0
Region 1,202423,2993,0.735048,2993,0.735048,0,0
Region 1,202424,2866,0.76762,2866,0.76762,0,0
Region 1,202425,2884,0.658807,2884,0.658807,0,0
Region 1,202426,2906,0.825877,2906,0.825877,0,0
Region 1,202427,2858,0.69979,2858,0.69979,0,0
Region 1,202428,3138,0.669216,3138,0.669216,0,0
Region 1,202429,2996,0.600801,2996,0.600801,0,0
Region 1,202430,3257,0.368437,3257,0.368437,0,0
Region 1,202431,3419,0.497221,3419,0.497221,0,0
Region 1,202432,3582,0.307091,3582,0.307091,0,0
Region 1,202433,3668,0.272628,3668,0.272628,0,0
Region 1,202434,3740,0.294118,3740,0.294118,0,0
Region 1,202435,3644,0.301866,3644,0.301866,0,0
Region 1,202436,3792,0.553797,3792,0.553797,0,0
Region 1,202437,4255,0.39953,4255,0.39953,0,0
Region 1,202438,4921,0.264174,4921,0.264174,0,0
Region 1,202439,4686,0.320102,4686,0.320102,0,0
Region 1,202440,4884,0.389025,4884,0.389025,0,0
Region 1,202441,4896,0.265523,4896,0.265523,0,0
Region 1,202442,4921,0.365779,4921,0.365779,0,0
Region 1,202443,5344,0.767216,5344,0.767216,0,0
Region 1,202444,4685,0.747065,4685,0.747065,0,0
Region 1,202445,5055,0.751731,5055,0.751731,0,0
Region 1,202446,4923,0.670323,4923,0.670323,0,0
Region 1,202447,5267,0.930321,5267,0.930321,0,0
Region 1,202448,5024,1.21417,5024,1.21417,0,0
Region 1,202449,5921,2.11113,5921,2.11113,0,0
Region 1,202450,6021,4.00266,6021,4.00266,0,0
Region 1,202451,6428,6.06721,6428,6.06721,0,0
Region 1,202452,7134,11.1578,7134,11.1578,0,0
Region 1,202501,8546,14.5565,8546,14.5565,0,0
Region 1,202502,7828,16.0705,7828,16.0705,0,0
Region 1,202503,8829,22.3695,8829,22.3695,0,0
Region 1,202504,9453,30.1174,9453,30.1174,0,0
Region 1,202505,11041,32.7778,11041,32.7778,0,0
Region 1,202506,10924,33.7605,10924,33.7605,0,0
Region 1,202507,10102,29.4496,10102,29.4496,0,0
Region 1,202508,8642,24.6934,8642,24.6934,0,0
Region 1,202509,8193,19.0284,8193,19.0284,0,0
Region 1,202510,7316,18.0973,7316,18.0973,0,0
Region 1,202511,7025,15.6299,7025,15.6299,0,0
Region 1,202512,6499,14.0022,6499,14.0022,0,0
Region 1,202513,6059,12.3618,6059,12.3618,0,0
Region 1,202514,5780,10.9343,5780,10.9343,0,0
Region 1,202515,5507,9.69675,5507,9.69675,0,0
Region 1,202516,5032,8.56518,5032,8.56518,0,0
Region 1,202517,4627,5.66242,4627,5.66242,0,0
Region 1,202518,4365,3.59679,4365,3.59679,0,0
Region 1,202519,4017,2.29027,4017,2.29027,0,0
Region 1,202520,3871,1.49832,3871,1.49832,0,0
Region 1,202521,3718,0.968263,3718,0.968263,0,0
Region 1,202522,3666,0.900164,3666,0.900164,0,0
Region 1,202523,3592,0.612472,3592,0.612472,0,0
Region 1,202524,3241,0.555384,3241,0.555384,0,0
Region 1,202525,3048,0.426509,3048,0.426509,0,0
Region 1,202526,2993,0.434347,2993,0.434347,0,0
Region 1,202527,2586,0.425367,2586,0.425367,0,0
Region 1,202528,2588,0.425039,2588,0.425039,0,0
Region 1,202529,2534,0.315706,2534,0.315706,0,0
Region 1,202530,2560,0.390625,2560,0.390625,0,0
Region 1,202531,2547,0.471143,2547,0.471143,0,0
Region 1,202532,2820,0.496454,2820,0.496454,0,0
Region 1,202533,2836,0.176305,2836,0.176305,0,0
Region 1,202534,2993,0.0668226,2993,0.0668226,0,0
Region 1,202535,3182,0.439975,3182,0.439975,0,0
Region 1,202536,3431,0.466336,3431,0.466336,0,0
Region 1,202537,3849,0.233827,3849,0.233827,0,0
Region 1,202538,4288,0.233209,4288,0.233209,0,0
Region 1,202539,4446,0.494827,4446,0.494827,0,0
Region 1,202540,3889,0.282849,3889,0.282849,0,0
Region 1,202541,3763,0.318894,3763,0.318894,0,0
Region 1,202542,3744,0.507479,3744,0.507479,0,0
Region 1,202543,3845,0.520156,3845,0.520156,0,0
Region 1,202544,3847,0.623863,3847,0.623863,0,0
Region 1,202545,4173,1.12629,4173,1.12629,0,0
Region 1,202546,4127,1.84153,4127,1.84153,0,0
Region 1,202547,4320,2.56944,4320,2.56944,0,0
Region 1,202548,4286,6.90621,4286,6.90621,0,0
Region 1,202549,5059,10.6345,5059,10.6345,0,0
Region 1,202550,6400,20.125,6400,20.125,0,0
Region 1,202551,8245,29.2784,8245,29.2784,0,0
Region 1,202552,8751,32.9791,8751,32.9791,0,0
Region 1,202553,8428,27.729,8428,27.729,0,0
Region 1,202601,7447,19.6589,7447,19.6589,0,0
Region 1,202602,6494,15.4912,6494,15.4912,0,0
Region 1,202603,5584,11.6225,5584,11.6225,0,0
Region 1,202604,4748,7.56108,4748,7.56108,0,0
Region 1,202605,5041,9.00615,5041,9.00615,0,0
Region 1,202606,5386,8.29929,5386,8.29929,0,0
Region 1,202607,5285,9.12015,5285,9.12015,0,0
Region 1,202608,4689,8.04009,4689,8.04009,0,0
Region 1,202609,4490,7.75056,4490,7.75056,0,0
Region 1,202610,4786,10.3009,4786,10.3009,0,0
Region 1,202611,4784,9.40635,4784,9.40635,0,0
Region 1,202612,4977,11.5331,4977,11.5331,0,0
Region 1,202613,4972,10.7603,4972,10.7603,0,0
Region 1,202614,4179,9.23666,4179,9.23666,0,0
Region 1,202615,4296,6.68063,4296,6.68063,0,0
Region 1,202616,3625,4.08276,3625,4.08276,0,0
Region 1,202617,3386,3.0124,3386,3.0124,0,0
Region 1,202618,3598,2.0289,3598,2.0289,0,0
Region 1,202619,3552,1.12613,3552,1.12613,0,0
Region 1,202620,3114,1.12396,3114,1.12396,0,0
Region 1,202621,3063,0.848841,3063,0.848841,0,0
Region 1,202622,2891,0.276721,2891,0.276721,0,0
Region 1,202623,2659,0.225649,2659,0.225649,0,0
Region 1,202624,2414,0.08285,2414,0.08285,0,0
Region 1,202625,2361,0.211775,2361,0.211775,0,0
Region 1,202626,2104,0.095057,2104,0.095057,0,0
Region 1,202627,2180,0.137615,2180,0.137615,0,0
Region 1,202628,2050,0.195122,2050,0.195122,0,0
Region 1,202629,1935,0.258398,1935,0.258398,0,0
Region 1,202630,2027,0.394672,2027,0.394672,0,0
Region 1,202631,1930,0.259067,1930,0.259067,0,0
Region 1,202632,1939,0.309438,1939,0.309438,0,0
Region 1,202633,2087,0.431241,2087,0.431241,0,0
Region 1,202634,2173,0.828348,2173,0.828348,0,0
Region 1,202635,2298,0.565709,2298,0.565709,0,0
Region 1,202636,2679,0.746547,2679,0.746547,0,0
Region 1,202637,3123,1.18476,3123,1.18476,0,0
Region 1,202638,1523,3.28299,1523,3.28299,0,0
Region 10,201940,1731,1.44425,1731,1.44425,0,0
Region 10,201941,2155,0.974478,2155,0.974478,0,0
Region 10,201942,2037,1.57094,2037,1.57094,0,0
Region 10,201943,1994,1.55466,1994,1.55466,0,0
Region 10,201944,2086,2.15724,2086,2.15724,0,0
Region 10,201945,2161,2.86904,2161,2.86904,0,0
Region 10,201946,2323,6.50022,2323,6.50022,0,0
Region 10,201947,2516,8.02862,2516,8.02862,0,0
Region 10,201948,2861,12.5481,2861,12.5481,0,0
Region 10,201949,3833,16.6449,3833,16.6449,0,0
Region 10,201950,4798,24.3852,4798,24.3852,0,0
Region 10,201951,6247,27.2771,6247,27.2771,0,0
Region 10,201952,6721,27.4066,6721,27.4066,0,0
Region 10,202001,6913,23.275,6913,23.275,0,0
Region 10,202002,5975,20.9372,5975,20.9372,0,0
Region 10,202003,5289,18.8126,5289,18.8126,0,0
Region 10,202004,5418,21.2625,5418,21.2625,0,0
Region 10,202005,5116,19.097,5116,19.097,0,0
Region 10,202006,4595,16.3656,4595,16.3656,0,0
Region 10,202007,4582,16.3466,4582,16.3466,0,0
Region 10,202008,4217,17.2397,4217,17.2397,0,0
Region 10,202009,4895,18.3453,4895,18.3453,0,0
Region 10,202010,6541,17.5661,6541,17.5661,0,0
Region 10,202011,8363,10.8454,8363,10.8454,0,0
Region 10,202012,6085,5.60394,6085,5.60394,0,0
Region 10,202013,3848,2.00104,3848,2.00104,0,0
Region 10,202014,2885,0.381282,2885,0.381282,0,0
Region 10,202015,1907,0.0524384,1907,0.0524384,0,0
Region 10,202016,1223,0,1223,0,0,0
Region 10,202017,1083,0.184672,1083,0.184672,0,0
Region 10,202018,792,0.505051,792,0.505051,0,0
Region 10,202019,638,0,638,0,0,0
Region 10,202020,674,0.148368,674,0.148368,0,0
Region 10,202021,463,0,463,0,0,0
Region 10,202022,374,0,374,0,0,0
Region 10,202023,366,0,366,0,0,0
Region 10,202024,348,0,348,0,0,0
Region 10,202025,301,0,301,0,0,0
Region 10,202026,279,0,279,0,0,0
Region 10,202027,250,0,250,0,0,0
Region 10,202028,260,0.384615,260,0.384615,0,0
Region 10,202029,236,0,236,0,0,0
Region 10,202030,171,0,171,0,0,0
Region 10,202031,177,0,177,0,0,0
Region 10,202032,149,0.671141,149,0.671141,0,0
Region 10,202033,173,0,173,0,0,0
Region 10,202034,210,0,210,0,0,0
Region 10,202035,179,0,179,0,0,0
Region 10,202036,174,0,174,0,0,0
Region 10,202037,169,0,169,0,0,0
Region 10,202038,283,0,283,0,0,0
Region 10,202039,306,0,306,0,0,0
Region 10,202040,589,0,589,0,0,0
Region 10,202041,821,0.365408,821,0.365408,0,0
Region 10,202042,871,0.344432,871,0.344432,0,0
Region 10,202043,1003,0.299103,1003,0.299103,0,0
Region 10,202044,1158,0.259067,1158,0.259067,0,0
Region 10,202045,1856,0.107759,1856,0.107759,0,0
Region 10,202046,2465,0.20284,2465,0.20284,0,0
Region 10,202047,3161,0.0949067,3161,0.0949067,0,0
Region 10,202048,3056,0.0327225,3056,0.0327225,0,0
Region 10,202049,3556,0.168729,3556,0.168729,0,0
Region 10,202050,3225,0.186047,3225,0.186047,0,0
Region 10,202051,3087,0.0323939,3087,0.0323939,0,0
Region 10,202052,2850,0.175439,2850,0.175439,0,0
Region 10,202053,3080,0.0974026,3080,0.0974026,0,0
Region 10,202101,3283,0.18276,3283,0.18276,0,0
Region 10,202102,3235,0.0927357,3235,0.0927357,0,0
Region 10,202103,2927,0.0341647,2927,0.0341647,0,0
Region 10,202104,3089,0.0971188,3089,0.0971188,0,0
Region 10,202105,3002,0.0999334,3002,0.0999334,0,0
Region 10,202106,1830,0,1830,0,0,0
Region 10,202107,2486,0.120676,2486,0.120676,0,0
Region 10,202108,2510,0.0796813,2510,0.0796813,0,0
Region 10,202109,2468,0.0405186,2468,0.0405186,0,0
Region 10,202110,2767,0.0361402,2767,0.0361402,0,0
Region 10,202111,2928,0.102459,2928,0.102459,0,0
Region 10,202112,2975,0.0336134,2975,0.0336134,0,0
Region 10,202113,2901,0.0344709,2901,0.0344709,0,0
Region 10,202114,3173,0.0315159,3173,0.0315159,0,0
Region 10,202115,3361,0,3361,0,0,0
Region 10,202116,2922,0.0342231,2922,0.0342231,0,0
Region 10,202117,3167,0.0315756,3167,0.0315756,0,0
Region 10,202118,3178,0,3178,0,0,0
Region 10,202119,3139,0.0318573,3139,0.0318573,0,0
Region 10,202120,2957,0.0338181,2957,0.0338181,0,0
Region 10,202121,2962,0.0675219,2962,0.0675219,0,0
Region 10,202122,2943,0.0339789,2943,0.0339789,0,0
Region 10,202123,2842,0,2842,0,0,0
Region 10,202124,2859,0,2859,0,0,0
Region 10,202125,2797,0.0357526,2797,0.0357526,0,0
Region 10,202126,2255,0.0886918,2255,0.0886918,0,0
Region 10,202127,2936,0.10218000000000001,2936,0.10218000000000001,0,0
Region 10,202128,3127,0.0319795,3127,0.0319795,0,0
Region 10,202129,3254,0,3254,0,0,0
Region 10,202130,3931,0,3931,0,0,0
Region 10,202131,4305,0,4305,0,0,0
Region 10,202132,4286,0,4286,0,0,0
Region 10,202133,4339,0.0230468,4339,0.0230468,0,0
Region 10,202134,3374,0.0296384,3374,0.0296384,0,0
Region 10,202135,4307,0.023218,4307,0.023218,0,0
Region 10,202136,4242,0.0235738,4242,0.0235738,0,0
Region 10,202137,4354,0.0229674,4354,0.0229674,0,0
Region 10,202138,4564,0,4564,0,0,0
Region 10,202139,4243,0,4243,0,0,0
Region 10,202140,4769,0.0419375,4769,0.0419375,0,0
Region 10,202141,5324,0,5324,0,0,0
Region 10,202142,5387,0.0371264,5387,0.0371264,0,0
Region 10,202143,5754,0.104275,5754,0.104275,0,0
Region 10,202144,5780,0.0346021,5780,0.0346021,0,0
Region 10,202145,6041,0.165536,6041,0.165536,0,0
Region 10,202146,6171,0.162048,6171,0.162048,0,0
Region 10,202147,5994,0.35035,5994,0.35035,0,0
Region 10,202148,7155,0.405311,7155,0.405311,0,0
Region 10,202149,7166,0.586101,7166,0.586101,0,0
Region 10,202150,7665,0.730594,7665,0.730594,0,0
Region 10,202151,7966,1.10469,7966,1.10469,0,0
Region 10,202152,9277,0.808451,9277,0.808451,0,0
Region 10,202201,10485,0.534096,10485,0.534096,0,0
Region 10,202202,8784,0.705829,8784,0.705829,0,0
Region 10,202203,7170,0.627615,7170,0.627615,0,0
Region 10,202204,6939,0.720565,6939,0.720565,0,0
Region 10,202205,5589,0.39363,5589,0.39363,0,0
Region 10,202206,4955,0.766902,4955,0.766902,0,0
Region 10,202207,4905,1.42712,4905,1.42712,0,0
Region 10,202208,4770,1.44654,4770,1.44654,0,0
Region 10,202209,5093,2.63106,5093,2.63106,0,0
Region 10,202210,4893,2.86123,4893,2.86123,0,0
Region 10,202211,5095,3.65064,5095,3.65064,0,0
Region 10,202212,5510,3.99274,5510,3.99274,0,0
Region 10,202213,5471,3.72875,5471,3.72875,0,0
Region 10,202214,5365,3.26188,5365,3.26188,0,0
Region 10,202215,5872,4.58106,5872,4.58106,0,0
Region 10,202216,6657,5.88854,6657,5.88854,0,0
Region 10,202217,6903,5.5628,6903,5.5628,0,0
Region 10,202218,7582,5.76365,7582,5.76365,0,0
Region 10,202219,7848,5.69572,7848,5.69572,0,0
Region 10,202220,8443,5.61412,8443,5.61412,0,0
Region 10,202221,9035,5.62258,9035,5.62258,0,0
Region 10,202222,8443,4.66659,8443,4.66659,0,0
Region 10,202223,7201,3.37453,7201,3.37453,0,0
Region 10,202224,6717,3.4837,6717,3.4837,0,0
Region 10,202225,6869,2.47489,6869,2.47489,0,0
Region 10,202226,5782,1.62574,5782,1.62574,0,0
Region 10,202227,7028,1.25213,7028,1.25213,0,0
Region 10,202228,5952,1.39449,5952,1.39449,0,0
Region 10,202229,5402,0.536838,5402,0.536838,0,0
Region 10,202230,5583,0.519434,5583,0.519434,0,0
Region 10,202231,4841,0.475108,4841,0.475108,0,0
Region 10,202232,5109,0.450186,5109,0.450186,0,0
Region 10,202233,4983,0.34116,4983,0.34116,0,0
Region 10,202234,3841,0.390523,3841,0.390523,0,0
Region 10,202235,4478,0.357302,4478,0.357302,0,0
Region 10,202236,4517,0.376356,4517,0.376356,0,0
Region 10,202237,5299,0.245329,5299,0.245329,0,0
Region 10,202238,5813,0.326854,5813,0.326854,0,0
Region 10,202239,7894,0.633392,7894,0.633392,0,0
Region 10,202240,6302,0.729927,6302,0.729927,0,0
Region 10,202241,6738,0.653013,6738,0.653013,0,0
Region 10,202242,8193,1.29379,8193,1.29379,0,0
Region 10,202243,8980,2.89532,8980,2.89532,0,0
Region 10,202244,10957,6.16045,10957,6.16045,0,0
Region 10,202245,13426,12.0959,13426,12.0959,0,0
Region 10,202246,15769,20.5593,15769,20.5593,0,0
Region 10,202247,16767,31.8304,16767,31.8304,0,0
Region 10,202248,20839,29.4928,20839,29.4928,0,0
Region 10,202249,18772,28.8994,18772,28.8994,0,0
Region 10,202250,15802,24.5412,15802,24.5412,0,0
Region 10,202251,14904,20.1959,14904,20.1959,0,0
Region 10,202252,14221,13.6348,14221,13.6348,0,0
Region 10,202301,11943,6.09562,11943,6.09562,0,0
Region 10,202302,11407,3.15596,11407,3.15596,0,0
Region 10,202303,10078,1.90514,10078,1.90514,0,0
Region 10,202304,8949,1.08392,8949,1.08392,0,0
Region 10,202305,9254,0.788848,9254,0.788848,0,0
Region 10,202306,10318,0.69781,10318,0.69781,0,0
Region 10,202307,9716,0.463154,9716,0.463154,0,0
Region 10,202308,8545,0.444705,8545,0.444705,0,0
Region 10,202309,8574,0.408211,8574,0.408211,0,0
Region 10,202310,9089,0.627132,9089,0.627132,0,0
Region 10,202311,9243,0.497674,9243,0.497674,0,0
Region 10,202312,8113,0.369777,8113,0.369777,0,0
Region 10,202313,7793,0.423457,7793,0.423457,0,0
Region 10,202314,6923,0.303337,6923,0.303337,0,0
Region 10,202315,6701,0.388002,6701,0.388002,0,0
Region 10,202316,6461,0.30955,6461,0.30955,0,0
Region 10,202317,6025,0.26556,6025,0.26556,0,0
Region 10,202318,5861,0.341239,5861,0.341239,0,0
Region 10,202319,5307,0.301489,5307,0.301489,0,0
Region 10,202320,5086,0.609516,5086,0.609516,0,0
Region 10,202321,4613,0.60698,4613,0.60698,0,0
Region 10,202322,4805,0.790843,4805,0.790843,0,0
Region 10,202323,4298,1.30293,4298,1.30293,0,0
Region 10,202324,3740,1.01604,3740,1.01604,0,0
Region 10,202325,3546,1.01523,3546,1.01523,0,0
Region 10,202326,2704,1.96006,2704,1.96006,0,0
Region 10,202327,3404,0.705053,3404,0.705053,0,0
Region 10,202328,3186,0.47081,3186,0.47081,0,0
Region 10,202329,3334,0.74985,3334,0.74985,0,0
Region 10,202330,3265,0.643185,3265,0.643185,0,0
Region 10,202331,3416,0.702576,3416,0.702576,0,0
Region 10,202332,3659,0.956546,3659,0.956546,0,0
Region 10,202333,3788,0.554382,3788,0.554382,0,0
Region 10,202334,4065,0.516605,4065,0.516605,0,0
Region 10,202335,4378,0.45683,4378,0.45683,0,0
Region 10,202336,4628,0.713051,4628,0.713051,0,0
Region 10,202337,5429,0.92098,5429,0.92098,0,0
Region 10,202338,6037,0.761968,6037,0.761968,0,0
Region 10,202339,6825,0.542125,6825,0.542125,0,0
Region 10,202340,5124,0.897736,5124,0.897736,0,0
Region 10,202341,5304,0.980392,5304,0.980392,0,0
Region 10,202342,5221,1.3982,5221,1.3982,0,0
Region 10,202343,5168,1.21904,5168,1.21904,0,0
Region 10,202344,5283,1.70358,5283,1.70358,0,0
Region 10,202345,5727,2.21757,5727,2.21757,0,0
Region 10,202346,6774,2.74579,6774,2.74579,0,0
Region 10,202347,6774,4.53203,6774,4.53203,0,0
Region 10,202348,8414,4.9798,8414,4.9798,0,0
Region 10,202349,8264,7.01839,8264,7.01839,0,0
Region 10,202350,8635,8.16445,8635,8.16445,0,0
Region 10,202351,9382,11.4048,9382,11.4048,0,0
Region 10,202352,8524,11.2271,8524,11.2271,0,0
Region 10,202401,9536,10.6963,9536,10.6963,0,0
Region 10,202402,8662,9.31656,8662,9.31656,0,0
Region 10,202403,8233,9.54695,8233,9.54695,0,0
Region 10,202404,8224,10.0316,8224,10.0316,0,0
Region 10,202405,7871,8.94423,7871,8.94423,0,0
Region 10,202406,7732,8.07036,7732,8.07036,0,0
Region 10,202407,7587,7.7501,7587,7.7501,0,0
Region 10,202408,7699,7.45551,7699,7.45551,0,0
Region 10,202409,7400,6.97297,7400,6.97297,0,0
Region 10,202410,7245,7.28778,7245,7.28778,0,0
Region 10,202411,7526,8.63673,7526,8.63673,0,0
Region 10,202412,7078,8.33569,7078,8.33569,0,0
Region 10,202413,6729,7.08872,6729,7.08872,0,0
Region 10,202414,6349,5.26067,6349,5.26067,0,0
Region 10,202415,5961,4.02617,5961,4.02617,0,0
Region 10,202416,5649,3.84139,5649,3.84139,0,0
Region 10,202417,5656,4.20792,5656,4.20792,0,0
Region 10,202418,5425,3.53917,5425,3.53917,0,0
Region 10,202419,5416,4.67134,5416,4.67134,0,0
Region 10,202420,5490,4.24408,5490,4.24408,0,0
Region 10,202421,5594,3.57526,5594,3.57526,0,0
Region 10,202422,4632,4.03713,4632,4.03713,0,0
Region 10,202423,4550,3.73626,4550,3.73626,0,0
Region 10,202424,4620,2.96537,4620,2.96537,0,0
Region 10,202425,4151,2.62587,4151,2.62587,0,0
Region 10,202426,3913,2.24891,3913,2.24891,0,0
Region 10,202427,3642,1.56507,3642,1.56507,0,0
Region 10,202428,3756,1.01171,3756,1.01171,0,0
Region 10,202429,3466,0.721293,3466,0.721293,0,0
Region 10,202430,3478,0.920069,3478,0.920069,0,0
Region 10,202431,3504,0.71347,3504,0.71347,0,0
Region 10,202432,3346,0.687388,3346,0.687388,0,0
Region 10,202433,3567,0.813008,3567,0.813008,0,0
Region 10,202434,3515,0.369844,3515,0.369844,0,0
Region 10,202435,3556,0.478065,3556,0.478065,0,0
Region 10,202436,3564,0.729517,3564,0.729517,0,0
Region 10,202437,4100,0.95122,4100,0.95122,0,0
Region 10,202438,4352,0.597426,4352,0.597426,0,0
Region 10,202439,4571,0.59068,4571,0.59068,0,0
Region 10,202440,4839,1.11593,4839,1.11593,0,0
Region 10,202441,4605,0.803474,4605,0.803474,0,0
Region 10,202442,4829,1.15966,4829,1.15966,0,0
Region 10,202443,4730,1.16279,4730,1.16279,0,0
Region 10,202444,4467,1.56705,4467,1.56705,0,0
Region 10,202445,4957,1.87613,4957,1.87613,0,0
Region 10,202446,5129,3.29499,5129,3.29499,0,0
Region 10,202447,5155,5.81959,5155,5.81959,0,0
Region 10,202448,5205,6.244,5205,6.244,0,0
Region 10,202449,6063,8.93947,6063,8.93947,0,0
Region 10,202450,6973,14.5418,6973,14.5418,0,0
Region 10,202451,8285,21.9433,8285,21.9433,0,0
Region 10,202452,8060,23.2506,8060,23.2506,0,0
Region 10,202501,8776,18.7443,8776,18.7443,0,0
Region 10,202502,8174,16.4668,8174,16.4668,0,0
Region 10,202503,7890,17.0722,7890,17.0722,0,0
Region 10,202504,7974,22.2348,7974,22.2348,0,0
Region 10,202505,9465,25.9588,9465,25.9588,0,0
Region 10,202506,9641,27.466,9641,27.466,0,0
Region 10,202507,9665,24.3766,9665,24.3766,0,0
Region 10,202508,10091,24.3286,10091,24.3286,0,0
Region 10,202509,8588,17.734,8588,17.734,0,0
Region 10,202510,7599,14.9362,7599,14.9362,0,0
Region 10,202511,6999,12.5732,6999,12.5732,0,0
Region 10,202512,6963,11.1446,6963,11.1446,0,0
Region 10,202513,6328,9.1024,6328,9.1024,0,0
Region 10,202514,5550,7.00901,5550,7.00901,0,0
Region 10,202515,4942,5.46338,4942,5.46338,0,0
Region 10,202516,4896,4.08497,4896,4.08497,0,0
Region 10,202517,4877,3.85483,4877,3.85483,0,0
Region 10,202518,4475,4.87151,4475,4.87151,0,0
Region 10,202519,4587,3.77153,4587,3.77153,0,0
Region 10,202520,4520,3.5177,4520,3.5177,0,0
Region 10,202521,4400,3.97727,4400,3.97727,0,0
Region 10,202522,4119,3.76305,4119,3.76305,0,0
Region 10,202523,3958,2.77918,3958,2.77918,0,0
Region 10,202524,3594,2.89371,3594,2.89371,0,0
Region 10,202525,3597,2.9191,3597,2.9191,0,0
Region 10,202526,3580,2.40223,3580,2.40223,0,0
Region 10,202527,3261,1.65593,3261,1.65593,0,0
Region 10,202528,3039,1.44784,3039,1.44784,0,0
Region 10,202529,2929,0.887675,2929,0.887675,0,0
Region 10,202530,2915,0.411664,2915,0.411664,0,0
Region 10,202531,2766,0.650759,2766,0.650759,0,0
Region 10,202532,2935,0.374787,2935,0.374787,0,0
Region 10,202533,3250,0.461538,3250,0.461538,0,0
Region 10,202534,3218,0.528278,3218,0.528278,0,0
Region 10,202535,3590,0.640669,3590,0.640669,0,0
Region 10,202536,3637,0.74237,3637,0.74237,0,0
Region 10,202537,4021,1.09426,4021,1.09426,0,0
Region 10,202538,4592,0.544425,4592,0.544425,0,0
Region 10,202539,4464,0.78405,4464,0.78405,0,0
Region 10,202540,4360,0.504587,4360,0.504587,0,0
Region 10,202541,4207,0.831947,4207,0.831947,0,0
Region 10,202542,4228,0.756859,4228,0.756859,0,0
Region 10,202543,4314,1.08948,4314,1.08948,0,0
Region 10,202544,4072,1.47348,4072,1.47348,0,0
Region 10,202545,4491,2.73881,4491,2.73881,0,0
Region 10,202546,4516,4.05226,4516,4.05226,0,0
Region 10,202547,4637,4.98167,4637,4.98167,0,0
Region 10,202548,4472,6.37299,4472,6.37299,0,0
Region 10,202549,4980,6.88755,4980,6.88755,0,0
Region 10,202550,5268,8.73197,5268,8.73197,0,0
Region 10,202551,5638,11.3338,5638,11.3338,0,0
Region 10,202552,5835,14.6872,5835,14.6872,0,0
Region 10,202553,6539,14.4976,6539,14.4976,0,0
Region 10,202601,6855,14.6462,6855,14.6462,0,0
Region 10,202602,6515,15.6408,6515,15.6408,0,0
Region 10,202603,6865,20.335,6865,20.335,0,0
Region 10,202604,8379,24.9433,8379,24.9433,0,0
Region 10,202605,8436,25.2845,8436,25.2845,0,0
Region 10,202606,7967,21.1999,7967,21.1999,0,0
Region 10,202607,7787,17.3109,7787,17.3109,0,0
Region 10,202608,6994,13.8404,6994,13.8404,0,0
Region 10,202609,6770,13.1019,6770,13.1019,0,0
Region 10,202610,6238,10.5483,6238,10.5483,0,0
Region 10,202611,6094,10.3052,6094,10.3052,0,0
Region 10,202612,5720,8.75874,5720,8.75874,0,0
Region 10,202613,5211,9.13452,5211,9.13452,0,0
Region 10,202614,4800,9.72917,4800,9.72917,0,0
Region 10,202615,4725,6.43386,4725,6.43386,0,0
Region 10,202616,4625,6.14054,4625,6.14054,0,0
Region 10,202617,4264,6.23827,4264,6.23827,0,0
Region 10,202618,4076,6.03533,4076,6.03533,0,0
Region 10,202619,4003,3.64726,4003,3.64726,0,0
Region 10,202620,3792,2.6635,3792,2.6635,0,0
Region 10,202621,3713,2.10073,3713,2.10073,0,0
Region 10,202622,3381,1.71547,3381,1.71547,0,0
Region 10,202623,3230,1.45511,3230,1.45511,0,0
Region 10,202624,3194,1.62805,3194,1.62805,0,0
Region 10,202625,2932,0.920873,2932,0.920873,0,0
Region 10,202626,2493,1.12314,2493,1.12314,0,0
Region 10,202627,2391,0.83647,2391,0.83647,0,0
Region 10,202628,2283,0.700832,2283,0.700832,0,0
Region 10,202629,2133,0.797,2133,0.797,0,0
Region 10,202630,2096,0.763359,2096,0.763359,0,0
Region 10,202631,2049,1.02489,2049,1.02489,0,0
Region 10,202632,2201,1.22672,2201,1.22672,0,0
Region 10,202633,2345,1.96162,2345,1.96162,0,0
Region 10,202634,2522,2.41872,2522,2.41872,0,0
Region 10,202635,3003,4.329,3003,4.329,0,0
Region 10,202636,3496,5.63501,3496,5.63501,0,0
Region 10,202637,4424,6.50995,4424,6.50995,0,0
Region 10,202638,3988,5.99298,3988,5.99298,0,0
Region 2,201940,1723,0.406268,1723,0.406268,0,0
Region 2,201941,1919,0.625326,1919,0.625326,0,0
Region 2,201942,2056,0.535019,2056,0.535019,0,0
Region 2,201943,2104,1.18821,2104,1.18821,0,0
Region 2,201944,2208,1.44928,2208,1.44928,0,0
Region 2,201945,2444,1.75941,2444,1.75941,0,0
Region 2,201946,2442,2.2113,2442,2.2113,0,0
Region 2,201947,2598,3.27175,2598,3.27175,0,0
Region 2,201948,2642,6.13172,2642,6.13172,0,0
Region 2,201949,3044,6.99737,3044,6.99737,0,0
Region 2,201950,3356,12.7533,3356,12.7533,0,0
Region 2,201951,3852,14.5379,3852,14.5379,0,0
Region 2,201952,4347,23.4645,4347,23.4645,0,0
Region 2,202001,5331,22.6412,5331,22.6412,0,0
Region 2,202002,5242,21.5567,5242,21.5567,0,0
Region 2,202003,5113,23.7434,5113,23.7434,0,0
Region 2,202004,5026,25.2487,5026,25.2487,0,0
Region 2,202005,5504,27.1984,5504,27.1984,0,0
Region 2,202006,5256,28.2534,5256,28.2534,0,0
Region 2,202007,5146,25.9036,5146,25.9036,0,0
Region 2,202008,4687,22.7224,4687,22.7224,0,0
Region 2,202009,4885,21.7605,4885,21.7605,0,0
Region 2,202010,4894,16.4078,4894,16.4078,0,0
Region 2,202011,5322,12.7208,5322,12.7208,0,0
Region 2,202012,5439,6.49016,5439,6.49016,0,0
Region 2,202013,3509,1.5959,3509,1.5959,0,0
Region 2,202014,2040,0.980392,2040,0.980392,0,0
Region 2,202015,1240,0,1240,0,0,0
Region 2,202016,722,0.138504,722,0.138504,0,0
Region 2,202017,510,0.196078,510,0.196078,0,0
Region 2,202018,513,0,513,0,0,0
Region 2,202019,432,0.231481,432,0.231481,0,0
Region 2,202020,469,0.426439,469,0.426439,0,0
Region 2,202021,396,0,396,0,0,0
Region 2,202022,353,0,353,0,0,0
Region 2,202023,382,0,382,0,0,0
Region 2,202024,436,0.229358,436,0.229358,0,0
Region 2,202025,365,0,365,0,0,0
Region 2,202026,389,0,389,0,0,0
Region 2,202027,369,0.271003,369,0.271003,0,0
Region 2,202028,469,0,469,0,0,0
Region 2,202029,462,0,462,0,0,0
Region 2,202030,520,0.384615,520,0.384615,0,0
Region 2,202031,490,0,490,0,0,0
Region 2,202032,467,0,467,0,0,0
Region 2,202033,536,0,536,0,0,0
Region 2,202034,682,0,682,0,0,0
Region 2,202035,664,0,664,0,0,0
Region 2,202036,683,0,683,0,0,0
Region 2,202037,757,0,757,0,0,0
Region 2,202038,850,0.470588,850,0.470588,0,0
Region 2,202039,880,0,880,0,0,0
Region 2,202040,1064,0,1064,0,0,0
Region 2,202041,1441,0,1441,0,0,0
Region 2,202042,1717,0.291206,1717,0.291206,0,0
Region 2,202043,1704,0.352113,1704,0.352113,0,0
Region 2,202044,3772,0,3772,0,0,0
Region 2,202045,2620,0.152672,2620,0.152672,0,0
Region 2,202046,3447,0.0870322,3447,0.0870322,0,0
Region 2,202047,4285,0.0466744,4285,0.0466744,0,0
Region 2,202048,3696,0.0270563,3696,0.0270563,0,0
Region 2,202049,5145,0.0388727,5145,0.0388727,0,0
Region 2,202050,4614,0.108366,4614,0.108366,0,0
Region 2,202051,4646,0.0430478,4646,0.0430478,0,0
Region 2,202052,4664,0.0428816,4664,0.0428816,0,0
Region 2,202053,4996,0.040032,4996,0.040032,0,0
Region 2,202101,5571,0.0359002,5571,0.0359002,0,0
Region 2,202102,4834,0.0413736,4834,0.0413736,0,0
Region 2,202103,4563,0.0438308,4563,0.0438308,0,0
Region 2,202104,3614,0.0553403,3614,0.0553403,0,0
Region 2,202105,4221,0.0236911,4221,0.0236911,0,0
Region 2,202106,4082,0,4082,0,0,0
Region 2,202107,3934,0.0762583,3934,0.0762583,0,0
Region 2,202108,4321,0.138857,4321,0.138857,0,0
Region 2,202109,4203,0,4203,0,0,0
Region 2,202110,4081,0.0980152,4081,0.0980152,0,0
Region 2,202111,4020,0.0497512,4020,0.0497512,0,0
Region 2,202112,4017,0.0248942,4017,0.0248942,0,0
Region 2,202113,4205,0.0237812,4205,0.0237812,0,0
Region 2,202114,4424,0,4424,0,0,0
Region 2,202115,4660,0.0214592,4660,0.0214592,0,0
Region 2,202116,4502,0.0222124,4502,0.0222124,0,0
Region 2,202117,4697,0,4697,0,0,0
Region 2,202118,4597,0,4597,0,0,0
Region 2,202119,3974,0.0251636,3974,0.0251636,0,0
Region 2,202120,4228,0.0709555,4228,0.0709555,0,0
Region 2,202121,3767,0,3767,0,0,0
Region 2,202122,3303,0.0302755,3303,0.0302755,0,0
Region 2,202123,3120,0.0641026,3120,0.0641026,0,0
Region 2,202124,3109,0.289482,3109,0.289482,0,0
Region 2,202125,3227,0.0619771,3227,0.0619771,0,0
Region 2,202126,3095,0.0323102,3095,0.0323102,0,0
Region 2,202127,2368,0.126689,2368,0.126689,0,0
Region 2,202128,3085,0.0648298,3085,0.0648298,0,0
Region 2,202129,3374,0,3374,0,0,0
Region 2,202130,3476,0,3476,0,0,0
Region 2,202131,3853,0,3853,0,0,0
Region 2,202132,4199,0,4199,0,0,0
Region 2,202133,4285,0.0466744,4285,0.0466744,0,0
Region 2,202134,4707,0,4707,0,0,0
Region 2,202135,4628,0.0216076,4628,0.0216076,0,0
Region 2,202136,4479,0.0223264,4479,0.0223264,0,0
Region 2,202137,4944,0.0404531,4944,0.0404531,0,0
Region 2,202138,5389,0,5389,0,0,0
Region 2,202139,5507,0.0907935,5507,0.0907935,0,0
Region 2,202140,5647,0.141668,5647,0.141668,0,0
Region 2,202141,5294,0.113336,5294,0.113336,0,0
Region 2,202142,5296,0.151057,5296,0.151057,0,0
Region 2,202143,5521,0.0724506,5521,0.0724506,0,0
Region 2,202144,5720,0.297203,5720,0.297203,0,0
Region 2,202145,6240,0.753205,6240,0.753205,0,0
Region 2,202146,5980,1.22074,5980,1.22074,0,0
Region 2,202147,5667,1.58814,5667,1.58814,0,0
Region 2,202148,7271,3.09448,7271,3.09448,0,0
Region 2,202149,7614,4.17652,7614,4.17652,0,0
Region 2,202150,7804,5.76627,7804,5.76627,0,0
Region 2,202151,10151,4.01931,10151,4.01931,0,0
Region 2,202152,11240,2.58007,11240,2.58007,0,0
Region 2,202201,11116,1.24145,11116,1.24145,0,0
Region 2,202202,9241,0.56271,9241,0.56271,0,0
Region 2,202203,7185,0.473208,7185,0.473208,0,0
Region 2,202204,6098,0.360774,6098,0.360774,0,0
Region 2,202205,5475,0.675799,5475,0.675799,0,0
Region 2,202206,5806,0.53393,5806,0.53393,0,0
Region 2,202207,5638,0.851366,5638,0.851366,0,0
Region 2,202208,5379,1.02249,5379,1.02249,0,0
Region 2,202209,5723,1.3105,5723,1.3105,0,0
Region 2,202210,5937,1.92016,5937,1.92016,0,0
Region 2,202211,6340,3.40694,6340,3.40694,0,0
Region 2,202212,6908,6.13781,6908,6.13781,0,0
Region 2,202213,7702,8.03687,7702,8.03687,0,0
Region 2,202214,8600,10.8488,8600,10.8488,0,0
Region 2,202215,8340,10.9113,8340,10.9113,0,0
Region 2,202216,8620,7.84223,8620,7.84223,0,0
Region 2,202217,8383,6.7279,8383,6.7279,0,0
Region 2,202218,8434,7.69504,8434,7.69504,0,0
Region 2,202219,8494,6.08665,8494,6.08665,0,0
Region 2,202220,7997,5.37702,7997,5.37702,0,0
Region 2,202221,7653,3.90696,7653,3.90696,0,0
Region 2,202222,6913,2.58932,6913,2.58932,0,0
Region 2,202223,7018,1.19692,7018,1.19692,0,0
Region 2,202224,6448,0.868486,6448,0.868486,0,0
Region 2,202225,6325,0.648221,6325,0.648221,0,0
Region 2,202226,6318,0.506489,6318,0.506489,0,0
Region 2,202227,6273,0.255061,6273,0.255061,0,0
Region 2,202228,6216,0.241313,6216,0.241313,0,0
Region 2,202229,6306,0.142721,6306,0.142721,0,0
Region 2,202230,6249,0.12802,6249,0.12802,0,0
Region 2,202231,6176,0.113342,6176,0.113342,0,0
Region 2,202232,5276,0.170584,5276,0.170584,0,0
Region 2,202233,4904,0.26509,4904,0.26509,0,0
Region 2,202234,4794,0.229453,4794,0.229453,0,0
Region 2,202235,4777,0.314005,4777,0.314005,0,0
Region 2,202236,4889,0.286357,4889,0.286357,0,0
Region 2,202237,5607,0.410202,5607,0.410202,0,0
Region 2,202238,6268,0.350989,6268,0.350989,0,0
Region 2,202239,6489,0.354446,6489,0.354446,0,0
Region 2,202240,7652,0.418191,7652,0.418191,0,0
Region 2,202241,7827,0.753801,7827,0.753801,0,0
Region 2,202242,8523,1.37276,8523,1.37276,0,0
Region 2,202243,9955,3.37519,9955,3.37519,0,0
Region 2,202244,11015,6.69995,11015,6.69995,0,0
Region 2,202245,10969,10.4385,10969,10.4385,0,0
Region 2,202246,12395,14.046,12395,14.046,0,0
Region 2,202247,12720,24.3553,12720,24.3553,0,0
Region 2,202248,15728,26.2017,15728,26.2017,0,0
Region 2,202249,14902,25.4865,14902,25.4865,0,0
Region 2,202250,14431,21.9666,14431,21.9666,0,0
Region 2,202251,13129,18.4325,13129,18.4325,0,0
Region 2,202252,11633,13.668,11633,13.668,0,0
Region 2,202301,11243,7.93383,11243,7.93383,0,0
Region 2,202302,10694,3.31962,10694,3.31962,0,0
Region 2,202303,9696,1.908,9696,1.908,0,0
Region 2,202304,9470,1.28828,9470,1.28828,0,0
Region 2,202305,9798,0.898142,9798,0.898142,0,0
Region 2,202306,10147,0.946092,10147,0.946092,0,0
Region 2,202307,10221,0.782702,10221,0.782702,0,0
Region 2,202308,9461,0.877286,9461,0.877286,0,0
Region 2,202309,9503,0.736609,9503,0.736609,0,0
Region 2,202310,9263,1.11195,9263,1.11195,0,0
Region 2,202311,9021,1.03093,9021,1.03093,0,0
Region 2,202312,9404,1.11655,9404,1.11655,0,0
Region 2,202313,8621,1.38035,8621,1.38035,0,0
Region 2,202314,8325,1.46547,8325,1.46547,0,0
Region 2,202315,8092,1.18636,8092,1.18636,0,0
Region 2,202316,7183,1.00237,7183,1.00237,0,0
Region 2,202317,6286,1.27267,6286,1.27267,0,0
Region 2,202318,6364,1.09994,6364,1.09994,0,0
Region 2,202319,6014,1.64616,6014,1.64616,0,0
Region 2,202320,5866,1.6536,5866,1.6536,0,0
Region 2,202321,5290,1.68242,5290,1.68242,0,0
Region 2,202322,5111,2.03483,5111,2.03483,0,0
Region 2,202323,4896,1.04167,4896,1.04167,0,0
Region 2,202324,3948,0.886525,3948,0.886525,0,0
Region 2,202325,3058,0.490517,3058,0.490517,0,0
Region 2,202326,3529,0.595069,3529,0.595069,0,0
Region 2,202327,3893,0.462368,3893,0.462368,0,0
Region 2,202328,4011,0.52356,4011,0.52356,0,0
Region 2,202329,3731,0.348432,3731,0.348432,0,0
Region 2,202330,3456,0.491898,3456,0.491898,0,0
Region 2,202331,3536,0.650452,3536,0.650452,0,0
Region 2,202332,3840,0.625,3840,0.625,0,0
Region 2,202333,4359,0.412939,4359,0.412939,0,0
Region 2,202334,4314,0.417246,4314,0.417246,0,0
Region 2,202335,4961,0.58456,4961,0.58456,0,0
Region 2,202336,5112,0.489045,5112,0.489045,0,0
Region 2,202337,5855,0.426985,5855,0.426985,0,0
Region 2,202338,7179,0.501463,7179,0.501463,0,0
Region 2,202339,6901,0.318794,6901,0.318794,0,0
Region 2,202340,7280,0.494505,7280,0.494505,0,0
Region 2,202341,6736,0.593824,6736,0.593824,0,0
Region 2,202342,6881,0.988228,6881,0.988228,0,0
Region 2,202343,6991,1.00129,6991,1.00129,0,0
Region 2,202344,7158,1.34116,7158,1.34116,0,0
Region 2,202345,7431,2.05894,7431,2.05894,0,0
Region 2,202346,8120,2.64778,8120,2.64778,0,0
Region 2,202347,7609,3.9427,7609,3.9427,0,0
Region 2,202348,9591,5.83881,9591,5.83881,0,0
Region 2,202349,9936,9.16868,9936,9.16868,0,0
Region 2,202350,11746,13.4854,11746,13.4854,0,0
Region 2,202351,12637,18.066,12637,18.066,0,0
Region 2,202352,12950,20.2625,12950,20.2625,0,0
Region 2,202401,12540,13.4211,12540,13.4211,0,0
Region 2,202402,11797,12.9694,11797,12.9694,0,0
Region 2,202403,9944,11.9871,9944,11.9871,0,0
Region 2,202404,8687,11.9719,8687,11.9719,0,0
Region 2,202405,9303,11.4157,9303,11.4157,0,0
Region 2,202406,9448,11.8332,9448,11.8332,0,0
Region 2,202407,8767,13.3683,8767,13.3683,0,0
Region 2,202408,8856,13.2904,8856,13.2904,0,0
Region 2,202409,8590,12.0489,8590,12.0489,0,0
Region 2,202410,7716,11.5345,7716,11.5345,0,0
Region 2,202411,6661,9.18781,6661,9.18781,0,0
Region 2,202412,5502,9.41476,5502,9.41476,0,0
Region 2,202413,6729,10.1055,6729,10.1055,0,0
Region 2,202414,6566,7.93482,6566,7.93482,0,0
Region 2,202415,5678,6.11131,5678,6.11131,0,0
Region 2,202416,5354,4.0904,5354,4.0904,0,0
Region 2,202417,5489,3.46147,5489,3.46147,0,0
Region 2,202418,5305,3.60038,5305,3.60038,0,0
Region 2,202419,5068,2.11129,5068,2.11129,0,0
Region 2,202420,4651,1.18254,4651,1.18254,0,0
Region 2,202421,4915,1.5056,4915,1.5056,0,0
Region 2,202422,4552,0.988576,4552,0.988576,0,0
Region 2,202423,4164,0.768492,4164,0.768492,0,0
Region 2,202424,3919,0.867568,3919,0.867568,0,0
Region 2,202425,4295,0.88475,4295,0.88475,0,0
Region 2,202426,3891,0.642508,3891,0.642508,0,0
Region 2,202427,3976,0.704225,3976,0.704225,0,0
Region 2,202428,3785,0.449141,3785,0.449141,0,0
Region 2,202429,3855,0.648508,3855,0.648508,0,0
Region 2,202430,4001,0.3999,4001,0.3999,0,0
Region 2,202431,4078,0.294262,4078,0.294262,0,0
Region 2,202432,4118,0.242836,4118,0.242836,0,0
Region 2,202433,4343,0.483537,4343,0.483537,0,0
Region 2,202434,4371,0.205903,4371,0.205903,0,0
Region 2,202435,4475,0.201117,4475,0.201117,0,0
Region 2,202436,4496,0.200178,4496,0.200178,0,0
Region 2,202437,5192,0.211864,5192,0.211864,0,0
Region 2,202438,6117,0.425045,6117,0.425045,0,0
Region 2,202439,6039,0.231826,6039,0.231826,0,0
Region 2,202440,5443,0.312328,5443,0.312328,0,0
Region 2,202441,5507,0.163428,5507,0.163428,0,0
Region 2,202442,5386,0.297066,5386,0.297066,0,0
Region 2,202443,6318,0.269072,6318,0.269072,0,0
Region 2,202444,5213,0.556302,5213,0.556302,0,0
Region 2,202445,5080,0.826772,5080,0.826772,0,0
Region 2,202446,5402,0.55535,5402,0.55535,0,0
Region 2,202447,5365,1.06244,5365,1.06244,0,0
Region 2,202448,4949,1.93979,4949,1.93979,0,0
Region 2,202449,5798,2.98379,5798,2.98379,0,0
Region 2,202450,6198,4.58212,6198,4.58212,0,0
Region 2,202451,6897,7.43802,6897,7.43802,0,0
Region 2,202452,7272,14.1227,7272,14.1227,0,0
Region 2,202501,8095,14.9228,8095,14.9228,0,0
Region 2,202502,8174,15.0844,8174,15.0844,0,0
Region 2,202503,8441,21.3126,8441,21.3126,0,0
Region 2,202504,8581,28.6563,8581,28.6563,0,0
Region 2,202505,9646,29.5148,9646,29.5148,0,0
Region 2,202506,10064,30.475,10064,30.475,0,0
Region 2,202507,9746,29.9302,9746,29.9302,0,0
Region 2,202508,8267,25.1361,8267,25.1361,0,0
Region 2,202509,7920,18.9646,7920,18.9646,0,0
Region 2,202510,7381,16.3934,7381,16.3934,0,0
Region 2,202511,6949,14.5345,6949,14.5345,0,0
Region 2,202512,6675,12.2846,6675,12.2846,0,0
Region 2,202513,6567,10.6137,6567,10.6137,0,0
Region 2,202514,6404,10.3685,6404,10.3685,0,0
Region 2,202515,6263,8.15903,6263,8.15903,0,0
Region 2,202516,5743,6.39039,5743,6.39039,0,0
Region 2,202517,5521,5.21645,5521,5.21645,0,0
Region 2,202518,4728,3.6379,4728,3.6379,0,0
Region 2,202519,4377,2.62737,4377,2.62737,0,0
Region 2,202520,4228,2.03406,4228,2.03406,0,0
Region 2,202521,3963,1.74111,3963,1.74111,0,0
Region 2,202522,3811,1.15455,3811,1.15455,0,0
Region 2,202523,3649,1.1236,3649,1.1236,0,0
Region 2,202524,3452,0.637312,3452,0.637312,0,0
Region 2,202525,3211,0.591716,3211,0.591716,0,0
Region 2,202526,3104,0.289948,3104,0.289948,0,0
Region 2,202527,2882,0.312283,2882,0.312283,0,0
Region 2,202528,2755,0.61706,2755,0.61706,0,0
Region 2,202529,2764,0.325615,2764,0.325615,0,0
Region 2,202530,2625,0.495238,2625,0.495238,0,0
Region 2,202531,2635,0.265655,2635,0.265655,0,0
Region 2,202532,2663,0.337965,2663,0.337965,0,0
Region 2,202533,2792,0.2149,2792,0.2149,0,0
Region 2,202534,2946,0.407332,2946,0.407332,0,0
Region 2,202535,2954,0.169262,2954,0.169262,0,0
Region 2,202536,3140,0.254777,3140,0.254777,0,0
Region 2,202537,3667,0.381783,3667,0.381783,0,0
Region 2,202538,4540,0.30837,4540,0.30837,0,0
Region 2,202539,4399,0.272789,4399,0.272789,0,0
Region 2,202540,4020,0.348259,4020,0.348259,0,0
Region 2,202541,4160,0.216346,4160,0.216346,0,0
Region 2,202542,4033,0.446318,4033,0.446318,0,0
Region 2,202543,4146,0.699469,4146,0.699469,0,0
Region 2,202544,3857,0.959295,3857,0.959295,0,0
Region 2,202545,4433,1.69186,4433,1.69186,0,0
Region 2,202546,4044,3.93175,4044,3.93175,0,0
Region 2,202547,4321,8.8174,4321,8.8174,0,0
Region 2,202548,4636,15.6601,4636,15.6601,0,0
Region 2,202549,5657,16.6166,5657,16.6166,0,0
Region 2,202550,5470,22.7788,5470,22.7788,0,0
Region 2,202551,6962,32.2178,6962,32.2178,0,0
Region 2,202552,7414,37.3213,7414,37.3213,0,0
Region 2,202553,7123,28.9204,7123,28.9204,0,0
Region 2,202601,6351,22.3272,6351,22.3272,0,0
Region 2,202602,4984,12.199,4984,12.199,0,0
Region 2,202603,4577,10.0066,4577,10.0066,0,0
Region 2,202604,4151,9.94941,4151,9.94941,0,0
Region 2,202605,4596,8.02872,4596,8.02872,0,0
Region 2,202606,5048,10.7171,5048,10.7171,0,0
Region 2,202607,5069,14.9734,5069,14.9734,0,0
Region 2,202608,4954,12.2124,4954,12.2124,0,0
Region 2,202609,4608,11.7622,4608,11.7622,0,0
Region 2,202610,4017,11.7003,4017,11.7003,0,0
Region 2,202611,4006,10.2846,4006,10.2846,0,0
Region 2,202612,4064,9.35039,4064,9.35039,0,0
Region 2,202613,3772,7.1315,3772,7.1315,0,0
Region 2,202614,3384,5.526,3384,5.526,0,0
Region 2,202615,4099,4.70847,4099,4.70847,0,0
Region 2,202616,3777,2.32989,3777,2.32989,0,0
Region 2,202617,3894,2.31125,3894,2.31125,0,0
Region 2,202618,3890,1.4653,3890,1.4653,0,0
Region 2,202619,3795,1.58103,3795,1.58103,0,0
Region 2,202620,3681,1.60283,3681,1.60283,0,0
Region 2,202621,3267,0.887665,3267,0.887665,0,0
Region 2,202622,3096,0.742894,3096,0.742894,0,0
Region 2,202623,2929,0.409696,2929,0.409696,0,0
Region 2,202624,2894,0.310988,2894,0.310988,0,0
Region 2,202625,3315,0.211161,3315,0.211161,0,0
Region 2,202626,2426,0.206101,2426,0.206101,0,0
Region 2,202627,2510,0.239044,2510,0.239044,0,0
Region 2,202628,2304,0.130208,2304,0.130208,0,0
Region 2,202629,2317,0.302115,2317,0.302115,0,0
Region 2,202630,2177,0.229674,2177,0.229674,0,0
Region 2,202631,2174,0.367985,2174,0.367985,0,0
Region 2,202632,2269,0.57294,2269,0.57294,0,0
Region 2,202633,2246,0.222618,2246,0.222618,0,0
Region 2,202634,2257,0.620292,2257,0.620292,0,0
Region 2,202635,2370,0.7173,2370,0.7173,0,0
Region 2,202636,2623,1.75372,2623,1.75372,0,0
Region 2,202637,3294,1.60899,3294,1.60899,0,0
Region 2,202638,1329,1.27916,1329,1.27916,0,0
Region 3,201940,1119,0.80429,1119,0.80429,0,0
Region 3,201941,1171,0.512383,1171,0.512383,0,0
Region 3,201942,1389,0.791937,1389,0.791937,0,0
Region 3,201943,1500,0.866667,1500,0.866667,0,0
Region 3,201944,1505,0.598007,1505,0.598007,0,0
Region 3,201945,1717,1.22306,1717,1.22306,0,0
Region 3,201946,1901,1.05208,1901,1.05208,0,0
Region 3,201947,1884,1.53928,1884,1.53928,0,0
Region 3,201948,1976,3.28947,1976,3.28947,0,0
Region 3,201949,2224,6.16007,2224,6.16007,0,0
Region 3,201950,2414,7.49793,2414,7.49793,0,0
Region 3,201951,2895,13.7824,2895,13.7824,0,0
Region 3,201952,3729,20.6758,3729,20.6758,0,0
Region 3,202001,4002,20.1649,4002,20.1649,0,0
Region 3,202002,3741,20.5025,3741,20.5025,0,0
Region 3,202003,3713,23.2427,3713,23.2427,0,0
Region 3,202004,3866,25.7889,3866,25.7889,0,0
Region 3,202005,4754,30.6689,4754,30.6689,0,0
Region 3,202006,4725,31.9365,4725,31.9365,0,0
Region 3,202007,4454,30.5793,4454,30.5793,0,0
Region 3,202008,4053,26.5976,4053,26.5976,0,0
Region 3,202009,4044,23.7636,4044,23.7636,0,0
Region 3,202010,3959,22.5562,3959,22.5562,0,0
Region 3,202011,4462,16.8086,4462,16.8086,0,0
Region 3,202012,5011,8.5013,5011,8.5013,0,0
Region 3,202013,3716,2.42196,3716,2.42196,0,0
Region 3,202014,2090,1.33971,2090,1.33971,0,0
Region 3,202015,1049,0.476644,1049,0.476644,0,0
Region 3,202016,691,0.144718,691,0.144718,0,0
Region 3,202017,636,0,636,0,0,0
Region 3,202018,487,0,487,0,0,0
Region 3,202019,438,0,438,0,0,0
Region 3,202020,442,0.226244,442,0.226244,0,0
Region 3,202021,564,0,564,0,0,0
Region 3,202022,427,0,427,0,0,0
Region 3,202023,417,0,417,0,0,0
Region 3,202024,422,0,422,0,0,0
Region 3,202025,387,0,387,0,0,0
Region 3,202026,400,0,400,0,0,0
Region 3,202027,439,0,439,0,0,0
Region 3,202028,491,0,491,0,0,0
Region 3,202029,442,0,442,0,0,0
Region 3,202030,456,0,456,0,0,0
Region 3,202031,550,0,550,0,0,0
Region 3,202032,528,0,528,0,0,0
Region 3,202033,608,0,608,0,0,0
Region 3,202034,534,0,534,0,0,0
Region 3,202035,591,0,591,0,0,0
Region 3,202036,558,0,558,0,0,0
Region 3,202037,653,0,653,0,0,0
Region 3,202038,801,0,801,0,0,0
Region 3,202039,803,0,803,0,0,0
Region 3,202040,1380,0.507246,1380,0.507246,0,0
Region 3,202041,1499,0.0667111,1499,0.0667111,0,0
Region 3,202042,1555,0.0643087,1555,0.0643087,0,0
Region 3,202043,1672,0,1672,0,0,0
Region 3,202044,1674,0.0597372,1674,0.0597372,0,0
Region 3,202045,1743,0.114745,1743,0.114745,0,0
Region 3,202046,1936,0.154959,1936,0.154959,0,0
Region 3,202047,1991,0.100452,1991,0.100452,0,0
Region 3,202048,2103,0.0475511,2103,0.0475511,0,0
Region 3,202049,2236,0.0894454,2236,0.0894454,0,0
Region 3,202050,2328,0.0859107,2328,0.0859107,0,0
Region 3,202051,2135,0.28103,2135,0.28103,0,0
Region 3,202052,2081,0.336377,2081,0.336377,0,0
Region 3,202053,2409,0.041511,2409,0.041511,0,0
Region 3,202101,2484,0.0402576,2484,0.0402576,0,0
Region 3,202102,2575,0.271845,2575,0.271845,0,0
Region 3,202103,2646,0.113379,2646,0.113379,0,0
Region 3,202104,2194,0.227894,2194,0.227894,0,0
Region 3,202105,2572,0,2572,0,0,0
Region 3,202106,2422,0.0412882,2422,0.0412882,0,0
Region 3,202107,2220,0.135135,2220,0.135135,0,0
Region 3,202108,2351,0,2351,0,0,0
Region 3,202109,2359,0.0423908,2359,0.0423908,0,0
Region 3,202110,2202,0,2202,0,0,0
Region 3,202111,2577,0.0388048,2577,0.0388048,0,0
Region 3,202112,2389,0.125576,2389,0.125576,0,0
Region 3,202113,3251,0.0615195,3251,0.0615195,0,0
Region 3,202114,2394,0.0417711,2394,0.0417711,0,0
Region 3,202115,2568,0.0389408,2568,0.0389408,0,0
Region 3,202116,2270,0.0440529,2270,0.0440529,0,0
Region 3,202117,2116,0,2116,0,0,0
Region 3,202118,1946,0.0513875,1946,0.0513875,0,0
Region 3,202119,1912,0.0523013,1912,0.0523013,0,0
Region 3,202120,1953,0,1953,0,0,0
Region 3,202121,1899,0.0526593,1899,0.0526593,0,0
Region 3,202122,1850,0,1850,0,0,0
Region 3,202123,1884,0,1884,0,0,0
Region 3,202124,1961,0.152983,1961,0.152983,0,0
Region 3,202125,1690,0,1690,0,0,0
Region 3,202126,1506,0,1506,0,0,0
Region 3,202127,1554,0,1554,0,0,0
Region 3,202128,1616,0.0618812,1616,0.0618812,0,0
Region 3,202129,1773,0.0564016,1773,0.0564016,0,0
Region 3,202130,1987,0,1987,0,0,0
Region 3,202131,2060,0,2060,0,0,0
Region 3,202132,2346,0,2346,0,0,0
Region 3,202133,2873,0,2873,0,0,0
Region 3,202134,3492,0,3492,0,0,0
Region 3,202135,3523,0.0283849,3523,0.0283849,0,0
Region 3,202136,3492,0,3492,0,0,0
Region 3,202137,3708,0.0539374,3708,0.0539374,0,0
Region 3,202138,3587,0.111514,3587,0.111514,0,0
Region 3,202139,3508,0.0570125,3508,0.0570125,0,0
Region 3,202140,3103,0.0966806,3103,0.0966806,0,0
Region 3,202141,3173,0.126064,3173,0.126064,0,0
Region 3,202142,3319,0.0301296,3319,0.0301296,0,0
Region 3,202143,2967,1.41557,2967,1.41557,0,0
Region 3,202144,3337,0.449506,3337,0.449506,0,0
Region 3,202145,3304,0.938257,3304,0.938257,0,0
Region 3,202146,3763,0.823811,3763,0.823811,0,0
Region 3,202147,3714,1.34626,3714,1.34626,0,0
Region 3,202148,4117,2.64756,4117,2.64756,0,0
Region 3,202149,4790,3.6952,4790,3.6952,0,0
Region 3,202150,5471,6.59843,5471,6.59843,0,0
Region 3,202151,6112,5.02291,6112,5.02291,0,0
Region 3,202152,7336,3.85769,7336,3.85769,0,0
Region 3,202201,6852,1.86807,6852,1.86807,0,0
Region 3,202202,7251,1.46187,7251,1.46187,0,0
Region 3,202203,5346,1.02881,5346,1.02881,0,0
Region 3,202204,5251,1.1236,5251,1.1236,0,0
Region 3,202205,4323,1.48045,4323,1.48045,0,0
Region 3,202206,3913,2.35114,3913,2.35114,0,0
Region 3,202207,3734,2.67809,3734,2.67809,0,0
Region 3,202208,3878,4.12584,3878,4.12584,0,0
Region 3,202209,3806,4.20389,3806,4.20389,0,0
Region 3,202210,3669,6.0507,3669,6.0507,0,0
Region 3,202211,3409,6.57084,3409,6.57084,0,0
Region 3,202212,3456,6.91551,3456,6.91551,0,0
Region 3,202213,3237,5.68428,3237,5.68428,0,0
Region 3,202214,3405,8.83994,3405,8.83994,0,0
Region 3,202215,3689,7.40038,3689,7.40038,0,0
Region 3,202216,3672,5.90959,3672,5.90959,0,0
Region 3,202217,3761,5.82292,3761,5.82292,0,0
Region 3,202218,3963,6.15695,3963,6.15695,0,0
Region 3,202219,4230,4.06619,4230,4.06619,0,0
Region 3,202220,4286,3.40644,4286,3.40644,0,0
Region 3,202221,4258,2.25458,4258,2.25458,0,0
Region 3,202222,3880,1.93299,3880,1.93299,0,0
Region 3,202223,3671,1.19858,3671,1.19858,0,0
Region 3,202224,3511,1.05383,3511,1.05383,0,0
Region 3,202225,3456,0.896991,3456,0.896991,0,0
Region 3,202226,3124,0.320102,3124,0.320102,0,0
Region 3,202227,3489,0.171969,3489,0.171969,0,0
Region 3,202228,3612,0.30454,3612,0.30454,0,0
Region 3,202229,3646,0.219419,3646,0.219419,0,0
Region 3,202230,3438,0.26178,3438,0.26178,0,0
Region 3,202231,3479,0.258695,3479,0.258695,0,0
Region 3,202232,3350,0.179104,3350,0.179104,0,0
Region 3,202233,3254,0.0921942,3254,0.0921942,0,0
Region 3,202234,3464,0.17321,3464,0.17321,0,0
Region 3,202235,3847,0.155966,3847,0.155966,0,0
Region 3,202236,3946,0.228079,3946,0.228079,0,0
Region 3,202237,3993,0.32557,3993,0.32557,0,0
Region 3,202238,4289,0.442994,4289,0.442994,0,0
Region 3,202239,4205,0.951249,4205,0.951249,0,0
Region 3,202240,4540,1.4978,4540,1.4978,0,0
Region 3,202241,4993,3.02423,4993,3.02423,0,0
Region 3,202242,5565,5.1752,5565,5.1752,0,0
Region 3,202243,6541,12.3376,6541,12.3376,0,0
Region 3,202244,7681,18.1617,7681,18.1617,0,0
Region 3,202245,7491,19.7837,7491,19.7837,0,0
Region 3,202246,7243,21.2067,7243,21.2067,0,0
Region 3,202247,7241,28.4215,7241,28.4215,0,0
Region 3,202248,8739,25.6208,8739,25.6208,0,0
Region 3,202249,7724,22.6825,7724,22.6825,0,0
Region 3,202250,7457,17.1248,7457,17.1248,0,0
Region 3,202251,6271,12.4063,6271,12.4063,0,0
Region 3,202252,6247,10.453,6247,10.453,0,0
Region 3,202301,6644,5.47863,6644,5.47863,0,0
Region 3,202302,5671,2.34527,5671,2.34527,0,0
Region 3,202303,5483,1.75087,5483,1.75087,0,0
Region 3,202304,5525,1.53846,5525,1.53846,0,0
Region 3,202305,5397,1.27849,5397,1.27849,0,0
Region 3,202306,5649,0.938219,5649,0.938219,0,0
Region 3,202307,5389,1.00204,5389,1.00204,0,0
Region 3,202308,5083,0.472162,5083,0.472162,0,0
Region 3,202309,4896,0.510621,4896,0.510621,0,0
Region 3,202310,4743,0.484925,4743,0.484925,0,0
Region 3,202311,4521,0.486618,4521,0.486618,0,0
Region 3,202312,4321,0.671141,4321,0.671141,0,0
Region 3,202313,3895,0.590501,3895,0.590501,0,0
Region 3,202314,3617,0.663533,3617,0.663533,0,0
Region 3,202315,2563,0.741319,2563,0.741319,0,0
Region 3,202316,3114,0.642261,3114,0.642261,0,0
Region 3,202317,2773,0.396682,2773,0.396682,0,0
Region 3,202318,3024,0.363757,3024,0.363757,0,0
Region 3,202319,2697,0.482017,2697,0.482017,0,0
Region 3,202320,2419,0.289376,2419,0.289376,0,0
Region 3,202321,2359,0.423908,2359,0.423908,0,0
Region 3,202322,2131,0.281558,2131,0.281558,0,0
Region 3,202323,2050,0.487805,2050,0.487805,0,0
Region 3,202324,1801,0.444198,1801,0.444198,0,0
Region 3,202325,1736,0.345622,1736,0.345622,0,0
Region 3,202326,1724,0.348028,1724,0.348028,0,0
Region 3,202327,1610,0.372671,1610,0.372671,0,0
Region 3,202328,1729,0.520532,1729,0.520532,0,0
Region 3,202329,1631,0.30656,1631,0.30656,0,0
Region 3,202330,1575,0.698413,1575,0.698413,0,0
Region 3,202331,1826,0.60241,1826,0.60241,0,0
Region 3,202332,1894,0.422386,1894,0.422386,0,0
Region 3,202333,2016,0.446429,2016,0.446429,0,0
Region 3,202334,2413,0.248653,2413,0.248653,0,0
Region 3,202335,3032,0.131926,3032,0.131926,0,0
Region 3,202336,3220,0.279503,3220,0.279503,0,0
Region 3,202337,3285,0.182648,3285,0.182648,0,0
Region 3,202338,3274,0.427611,3274,0.427611,0,0
Region 3,202339,3305,0.484115,3305,0.484115,0,0
Region 3,202340,3276,0.793651,3276,0.793651,0,0
Region 3,202341,2981,0.369004,2981,0.369004,0,0
Region 3,202342,3082,0.778715,3082,0.778715,0,0
Region 3,202343,3295,1.33536,3295,1.33536,0,0
Region 3,202344,3339,1.6472,3339,1.6472,0,0
Region 3,202345,3801,2.15733,3801,2.15733,0,0
Region 3,202346,4015,2.66501,4015,2.66501,0,0
Region 3,202347,4019,2.81164,4019,2.81164,0,0
Region 3,202348,4967,4.36883,4967,4.36883,0,0
Region 3,202349,4817,7.09985,4817,7.09985,0,0
Region 3,202350,5371,10.8732,5371,10.8732,0,0
Region 3,202351,5971,15.592,5971,15.592,0,0
Region 3,202352,6598,18.3692,6598,18.3692,0,0
Region 3,202401,4852,14.3034,4852,14.3034,0,0
Region 3,202402,4221,13.8119,4221,13.8119,0,0
Region 3,202403,3415,15.2269,3415,15.2269,0,0
Region 3,202404,3669,13.3551,3669,13.3551,0,0
Region 3,202405,3524,14.3019,3524,14.3019,0,0
Region 3,202406,4071,17.0474,4071,17.0474,0,0
Region 3,202407,4124,17.6285,4124,17.6285,0,0
Region 3,202408,4083,17.5361,4083,17.5361,0,0
Region 3,202409,3981,17.4328,3981,17.4328,0,0
Region 3,202410,3748,16.3287,3748,16.3287,0,0
Region 3,202411,3345,12.1076,3345,12.1076,0,0
Region 3,202412,3336,9.65228,3336,9.65228,0,0
Region 3,202413,3102,8.9942,3102,8.9942,0,0
Region 3,202414,3598,8.14341,3598,8.14341,0,0
Region 3,202415,3194,4.75892,3194,4.75892,0,0
Region 3,202416,2916,3.15501,2916,3.15501,0,0
Region 3,202417,2870,2.43902,2870,2.43902,0,0
Region 3,202418,2708,1.77253,2708,1.77253,0,0
Region 3,202419,2864,1.04749,2864,1.04749,0,0
Region 3,202420,2570,0.894942,2570,0.894942,0,0
Region 3,202421,2437,0.369307,2437,0.369307,0,0
Region 3,202422,2531,0.355591,2531,0.355591,0,0
Region 3,202423,2262,0.265252,2262,0.265252,0,0
Region 3,202424,2261,0.48651,2261,0.48651,0,0
Region 3,202425,2106,0.237417,2106,0.237417,0,0
Region 3,202426,2054,0.194742,2054,0.194742,0,0
Region 3,202427,2023,0.395452,2023,0.395452,0,0
Region 3,202428,2208,0.815217,2208,0.815217,0,0
Region 3,202429,2188,0.319927,2188,0.319927,0,0
Region 3,202430,2381,0.251995,2381,0.251995,0,0
Region 3,202431,2526,0.158353,2526,0.158353,0,0
Region 3,202432,3018,0.36448,3018,0.36448,0,0
Region 3,202433,3091,0.097056,3091,0.097056,0,0
Region 3,202434,3354,0.119261,3354,0.119261,0,0
Region 3,202435,3615,0.193638,3615,0.193638,0,0
Region 3,202436,3617,0.165883,3617,0.165883,0,0
Region 3,202437,3816,0.131027,3816,0.131027,0,0
Region 3,202438,3735,0.0267738,3735,0.0267738,0,0
Region 3,202439,3205,0.280811,3205,0.280811,0,0
Region 3,202440,3818,0.15715,3818,0.15715,0,0
Region 3,202441,3854,0.207577,3854,0.207577,0,0
Region 3,202442,3935,0.355781,3935,0.355781,0,0
Region 3,202443,4197,0.667143,4197,0.667143,0,0
Region 3,202444,4114,0.559067,4114,0.559067,0,0
Region 3,202445,4070,0.737101,4070,0.737101,0,0
Region 3,202446,4500,1,4500,1,0,0
Region 3,202447,4805,1.22789,4805,1.22789,0,0
Region 3,202448,4358,1.67508,4358,1.67508,0,0
Region 3,202449,4878,2.72653,4878,2.72653,0,0
Region 3,202450,5253,4.26423,5253,4.26423,0,0
Region 3,202451,5239,8.76121,5239,8.76121,0,0
Region 3,202452,5730,14.7818,5730,14.7818,0,0
Region 3,202501,5014,17.0921,5014,17.0921,0,0
Region 3,202502,4405,17.7753,4405,17.7753,0,0
Region 3,202503,4863,21.2215,4863,21.2215,0,0
Region 3,202504,4769,27.1965,4769,27.1965,0,0
Region 3,202505,5384,31.9094,5384,31.9094,0,0
Region 3,202506,6069,33.218,6069,33.218,0,0
Region 3,202507,5128,29.0952,5128,29.0952,0,0
Region 3,202508,5143,24.1104,5143,24.1104,0,0
Region 3,202509,6626,20.0573,6626,20.0573,0,0
Region 3,202510,5129,15.6951,5129,15.6951,0,0
Region 3,202511,4574,15.9598,4574,15.9598,0,0
Region 3,202512,4201,13.7586,4201,13.7586,0,0
Region 3,202513,3982,11.4766,3982,11.4766,0,0
Region 3,202514,4013,8.07376,4013,8.07376,0,0
Region 3,202515,3752,5.22388,3752,5.22388,0,0
Region 3,202516,3073,5.20664,3073,5.20664,0,0
Region 3,202517,2902,4.92764,2902,4.92764,0,0
Region 3,202518,3223,1.86162,3223,1.86162,0,0
Region 3,202519,3009,1.76138,3009,1.76138,0,0
Region 3,202520,2959,1.04765,2959,1.04765,0,0
Region 3,202521,2784,0.574713,2784,0.574713,0,0
Region 3,202522,2849,0.4563,2849,0.4563,0,0
Region 3,202523,2688,0.595238,2688,0.595238,0,0
Region 3,202524,2631,0.608134,2631,0.608134,0,0
Region 3,202525,2477,0.363343,2477,0.363343,0,0
Region 3,202526,2296,0.304878,2296,0.304878,0,0
Region 3,202527,2208,0.181159,2208,0.181159,0,0
Region 3,202528,1831,0.491535,1831,0.491535,0,0
Region 3,202529,1822,0.384193,1822,0.384193,0,0
Region 3,202530,1713,0.291886,1713,0.291886,0,0
Region 3,202531,1671,0.119689,1671,0.119689,0,0
Region 3,202532,1735,0.403458,1735,0.403458,0,0
Region 3,202533,1923,0.312012,1923,0.312012,0,0
Region 3,202534,2079,0.0481,2079,0.0481,0,0
Region 3,202535,2331,0.0858001,2331,0.0858001,0,0
Region 3,202536,2499,0.320128,2499,0.320128,0,0
Region 3,202537,3491,0.257806,3491,0.257806,0,0
Region 3,202538,3238,0.123533,3238,0.123533,0,0
Region 3,202539,3148,0.349428,3148,0.349428,0,0
Region 3,202540,2753,0.435888,2753,0.435888,0,0
Region 3,202541,2966,0.202293,2966,0.202293,0,0
Region 3,202542,2914,0.549073,2914,0.549073,0,0
Region 3,202543,3050,0.360656,3050,0.360656,0,0
Region 3,202544,2504,0.479233,2504,0.479233,0,0
Region 3,202545,3121,1.60205,3121,1.60205,0,0
Region 3,202546,3206,1.71553,3206,1.71553,0,0
Region 3,202547,3172,2.64817,3172,2.64817,0,0
Region 3,202548,3247,3.48014,3247,3.48014,0,0
Region 3,202549,3683,6.46212,3683,6.46212,0,0
Region 3,202550,3913,10.6568,3913,10.6568,0,0
Region 3,202551,4601,18.3004,4601,18.3004,0,0
Region 3,202552,5506,27.6607,5506,27.6607,0,0
Region 3,202553,6732,21.5092,6732,21.5092,0,0
Region 3,202601,6241,16.4076,6241,16.4076,0,0
Region 3,202602,5452,13.7014,5452,13.7014,0,0
Region 3,202603,5350,14.2617,5350,14.2617,0,0
Region 3,202604,4113,13.8099,4113,13.8099,0,0
Region 3,202605,3995,10.2879,3995,10.2879,0,0
Region 3,202606,4250,10.9647,4250,10.9647,0,0
Region 3,202607,4521,10.8162,4521,10.8162,0,0
Region 3,202608,4371,11.1416,4371,11.1416,0,0
Region 3,202609,4394,11.2881,4394,11.2881,0,0
Region 3,202610,4438,11.7395,4438,11.7395,0,0
Region 3,202611,4121,8.54162,4121,8.54162,0,0
Region 3,202612,3880,9.43299,3880,9.43299,0,0
Region 3,202613,3070,8.27362,3070,8.27362,0,0
Region 3,202614,3269,4.7721,3269,4.7721,0,0
Region 3,202615,2969,3.50286,2969,3.50286,0,0
Region 3,202616,2678,1.86706,2678,1.86706,0,0
Region 3,202617,2610,1.30268,2610,1.30268,0,0
Region 3,202618,2690,1.22677,2690,1.22677,0,0
Region 3,202619,2590,1.27413,2590,1.27413,0,0
Region 3,202620,2640,1.06061,2640,1.06061,0,0
Region 3,202621,2564,0.702028,2564,0.702028,0,0
Region 3,202622,2366,0.295858,2366,0.295858,0,0
Region 3,202623,2248,0.266904,2248,0.266904,0,0
Region 3,202624,2155,0.185615,2155,0.185615,0,0
Region 3,202625,1824,0.328947,1824,0.328947,0,0
Region 3,202626,1729,0.289184,1729,0.289184,0,0
Region 3,202627,1917,0.312989,1917,0.312989,0,0
Region 3,202628,1753,0.285225,1753,0.285225,0,0
Region 3,202629,1672,0.299043,1672,0.299043,0,0
Region 3,202630,922,0.10846,922,0.10846,0,0
Region 3,202631,1574,0.444727,1574,0.444727,0,0
Region 3,202632,1533,0.260926,1533,0.260926,0,0
Region 3,202633,1579,0.443319,1579,0.443319,0,0
Region 3,202634,1744,0.458716,1744,0.458716,0,0
Region 3,202635,1991,0.25113,1991,0.25113,0,0
Region 3,202636,2019,0.445765,2019,0.445765,0,0
Region 3,202637,1765,0.736544,1765,0.736544,0,0
Region 3,202638,1635,0.978593,1635,0.978593,0,0
Region 4,201940,3153,2.12496,3153,2.12496,0,0
Region 4,201941,3386,2.80567,3386,2.80567,0,0
Region 4,201942,3512,2.05011,3512,2.05011,0,0
Region 4,201943,3852,3.24507,3852,3.24507,0,0
Region 4,201944,3970,3.4005,3970,3.4005,0,0
Region 4,201945,4605,4.29967,4605,4.29967,0,0
Region 4,201946,5305,6.2394,5305,6.2394,0,0
Region 4,201947,6124,10.663,6124,10.663,0,0
Region 4,201948,6004,13.2245,6004,13.2245,0,0
Region 4,201949,6507,11.0804,6507,11.0804,0,0
Region 4,201950,7298,17.1691,7298,17.1691,0,0
Region 4,201951,8219,22.2046,8219,22.2046,0,0
Region 4,201952,10192,26.9231,10192,26.9231,0,0
Region 4,202001,8846,19.5908,8846,19.5908,0,0
Region 4,202002,7232,18.3767,7232,18.3767,0,0
Region 4,202003,6683,18.4947,6683,18.4947,0,0
Region 4,202004,6882,18.8172,6882,18.8172,0,0
Region 4,202005,7860,20.6361,7860,20.6361,0,0
Region 4,202006,8184,21.1755,8184,21.1755,0,0
Region 4,202007,7511,17.4544,7511,17.4544,0,0
Region 4,202008,6677,14.9918,6677,14.9918,0,0
Region 4,202009,5927,13.5819,5927,13.5819,0,0
Region 4,202010,7062,13.07,7062,13.07,0,0
Region 4,202011,8894,9.75939,8894,9.75939,0,0
Region 4,202012,9656,4.66031,9656,4.66031,0,0
Region 4,202013,6204,1.902,6204,1.902,0,0
Region 4,202014,4156,0.794033,4156,0.794033,0,0
Region 4,202015,3081,0.778968,3081,0.778968,0,0
Region 4,202016,2188,0.548446,2188,0.548446,0,0
Region 4,202017,1933,0.310398,1933,0.310398,0,0
Region 4,202018,1675,0.298507,1675,0.298507,0,0
Region 4,202019,1564,0.831202,1564,0.831202,0,0
Region 4,202020,1343,0.670141,1343,0.670141,0,0
Region 4,202021,1247,0.481155,1247,0.481155,0,0
Region 4,202022,1110,0.45045,1110,0.45045,0,0
Region 4,202023,1095,0.547945,1095,0.547945,0,0
Region 4,202024,958,0.730689,958,0.730689,0,0
Region 4,202025,1092,0.274725,1092,0.274725,0,0
Region 4,202026,1151,0.173762,1151,0.173762,0,0
Region 4,202027,1390,0.28777,1390,0.28777,0,0
Region 4,202028,1318,0.151745,1318,0.151745,0,0
Region 4,202029,1043,0.767018,1043,0.767018,0,0
Region 4,202030,1004,0.0996016,1004,0.0996016,0,0
Region 4,202031,842,0.118765,842,0.118765,0,0
Region 4,202032,954,0.209644,954,0.209644,0,0
Region 4,202033,950,0.315789,950,0.315789,0,0
Region 4,202034,907,0.551268,907,0.551268,0,0
Region 4,202035,974,1.64271,974,1.64271,0,0
Region 4,202036,928,0.215517,928,0.215517,0,0
Region 4,202037,934,0.642398,934,0.642398,0,0
Region 4,202038,1003,0.897308,1003,0.897308,0,0
Region 4,202039,1109,0.450857,1109,0.450857,0,0
Region 4,202040,1503,0.73187,1503,0.73187,0,0
Region 4,202041,1801,0.888395,1801,0.888395,0,0
Region 4,202042,1773,0.846024,1773,0.846024,0,0
Region 4,202043,1905,0.367454,1905,0.367454,0,0
Region 4,202044,2051,0.43881,2051,0.43881,0,0
Region 4,202045,2133,0.890764,2133,0.890764,0,0
Region 4,202046,2360,0.550847,2360,0.550847,0,0
Region 4,202047,2234,1.11907,2234,1.11907,0,0
Region 4,202048,2378,0.798991,2378,0.798991,0,0
Region 4,202049,3034,0.823995,3034,0.823995,0,0
Region 4,202050,3561,0.56164,3561,0.56164,0,0
Region 4,202051,3494,0.686892,3494,0.686892,0,0
Region 4,202052,3166,0.536955,3166,0.536955,0,0
Region 4,202053,3664,0.573144,3664,0.573144,0,0
Region 4,202101,3499,0.428694,3499,0.428694,0,0
Region 4,202102,3492,0.400916,3492,0.400916,0,0
Region 4,202103,3335,0.569715,3335,0.569715,0,0
Region 4,202104,3058,0.555919,3058,0.555919,0,0
Region 4,202105,3093,0.387973,3093,0.387973,0,0
Region 4,202106,2901,0.344709,2901,0.344709,0,0
Region 4,202107,2630,0.190114,2630,0.190114,0,0
Region 4,202108,2649,0.415251,2649,0.415251,0,0
Region 4,202109,2678,0.448096,2678,0.448096,0,0
Region 4,202110,2700,0.37037,2700,0.37037,0,0
Region 4,202111,2665,0.375235,2665,0.375235,0,0
Region 4,202112,2924,0.307798,2924,0.307798,0,0
Region 4,202113,2516,0.397456,2516,0.397456,0,0
Region 4,202114,2888,0.450139,2888,0.450139,0,0
Region 4,202115,3002,0.266489,3002,0.266489,0,0
Region 4,202116,2902,0.310131,2902,0.310131,0,0
Region 4,202117,2726,0.330154,2726,0.330154,0,0
Region 4,202118,2761,0.470844,2761,0.470844,0,0
Region 4,202119,2832,0.635593,2832,0.635593,0,0
Region 4,202120,2598,0.731332,2598,0.731332,0,0
Region 4,202121,2048,0.488281,2048,0.488281,0,0
Region 4,202122,1955,0.358056,1955,0.358056,0,0
Region 4,202123,1837,0.272183,1837,0.272183,0,0
Region 4,202124,1892,0.158562,1892,0.158562,0,0
Region 4,202125,1781,0.280741,1781,0.280741,0,0
Region 4,202126,1664,0.420673,1664,0.420673,0,0
Region 4,202127,1498,0.0667557,1498,0.0667557,0,0
Region 4,202128,1762,0.113507,1762,0.113507,0,0
Region 4,202129,1874,0.266809,1874,0.266809,0,0
Region 4,202130,2281,0.263043,2281,0.263043,0,0
Region 4,202131,1406,0.497866,1406,0.497866,0,0
Region 4,202132,2007,0.348779,2007,0.348779,0,0
Region 4,202133,1515,0.528053,1515,0.528053,0,0
Region 4,202134,2197,0.40965,2197,0.40965,0,0
Region 4,202135,1929,0.311042,1929,0.311042,0,0
Region 4,202136,1727,0,1727,0,0,0
Region 4,202137,2728,0.256598,2728,0.256598,0,0
Region 4,202138,2854,0.105116,2854,0.105116,0,0
Region 4,202139,2889,0.311526,2889,0.311526,0,0
Region 4,202140,3205,0.468019,3205,0.468019,0,0
Region 4,202141,3588,0.250836,3588,0.250836,0,0
Region 4,202142,3579,0.139704,3579,0.139704,0,0
Region 4,202143,3902,0.538186,3902,0.538186,0,0
Region 4,202144,4445,0.87739,4445,0.87739,0,0
Region 4,202145,5053,1.44469,5053,1.44469,0,0
Region 4,202146,4911,1.81226,4911,1.81226,0,0
Region 4,202147,5175,2.58937,5175,2.58937,0,0
Region 4,202148,7310,3.58413,7310,3.58413,0,0
Region 4,202149,6499,5.70857,6499,5.70857,0,0
Region 4,202150,7378,7.35972,7378,7.35972,0,0
Region 4,202151,11119,4.7936,11119,4.7936,0,0
Region 4,202152,19391,2.31551,19391,2.31551,0,0
Region 4,202201,15137,1.10326,15137,1.10326,0,0
Region 4,202202,13648,0.871923,13648,0.871923,0,0
Region 4,202203,12153,0.93804,12153,0.93804,0,0
Region 4,202204,10036,1.04623,10036,1.04623,0,0
Region 4,202205,7811,1.16502,7811,1.16502,0,0
Region 4,202206,7030,1.65007,7030,1.65007,0,0
Region 4,202207,8301,2.13227,8301,2.13227,0,0
Region 4,202208,8538,1.95596,8538,1.95596,0,0
Region 4,202209,7539,2.36106,7539,2.36106,0,0
Region 4,202210,8324,1.85007,8324,1.85007,0,0
Region 4,202211,7470,3.09237,7470,3.09237,0,0
Region 4,202212,7842,3.03494,7842,3.03494,0,0
Region 4,202213,7626,3.97325,7626,3.97325,0,0
Region 4,202214,7142,4.76057,7142,4.76057,0,0
Region 4,202215,6987,5.32417,6987,5.32417,0,0
Region 4,202216,7222,5.95403,7222,5.95403,0,0
Region 4,202217,7450,6.99329,7450,6.99329,0,0
Region 4,202218,7787,7.08874,7787,7.08874,0,0
Region 4,202219,9067,6.8821,9067,6.8821,0,0
Region 4,202220,8666,6.20817,8666,6.20817,0,0
Region 4,202221,9518,9.78147,9518,9.78147,0,0
Region 4,202222,9365,9.26855,9365,9.26855,0,0
Region 4,202223,9098,5.85843,9098,5.85843,0,0
Region 4,202224,8759,3.77897,8759,3.77897,0,0
Region 4,202225,7661,1.97102,7661,1.97102,0,0
Region 4,202226,8482,1.80382,8482,1.80382,0,0
Region 4,202227,7694,1.45568,7694,1.45568,0,0
Region 4,202228,7587,1.12034,7587,1.12034,0,0
Region 4,202229,9108,0.801493,9108,0.801493,0,0
Region 4,202230,7007,0.656486,7007,0.656486,0,0
Region 4,202231,6458,0.572933,6458,0.572933,0,0
Region 4,202232,5849,0.666781,5849,0.666781,0,0
Region 4,202233,6092,0.722259,6092,0.722259,0,0
Region 4,202234,7514,0.87836,7514,0.87836,0,0
Region 4,202235,7005,0.82798,7005,0.82798,0,0
Region 4,202236,6758,1.21338,6758,1.21338,0,0
Region 4,202237,6731,1.90165,6731,1.90165,0,0
Region 4,202238,6550,3.69466,6550,3.69466,0,0
Region 4,202239,4817,8.13785,4817,8.13785,0,0
Region 4,202240,7553,8.69853,7553,8.69853,0,0
Region 4,202241,7598,9.71308,7598,9.71308,0,0
Region 4,202242,9582,14.5899,9582,14.5899,0,0
Region 4,202243,12122,17.3816,12122,17.3816,0,0
Region 4,202244,15250,22.3869,15250,22.3869,0,0
Region 4,202245,13784,19.7766,13784,19.7766,0,0
Region 4,202246,11775,16.8577,11775,16.8577,0,0
Region 4,202247,12472,20.2534,12472,20.2534,0,0
Region 4,202248,12479,17.1488,12479,17.1488,0,0
Region 4,202249,11548,12.6689,11548,12.6689,0,0
Region 4,202250,10891,8.18107,10891,8.18107,0,0
Region 4,202251,10173,7.62803,10173,7.62803,0,0
Region 4,202252,11065,6.46182,11065,6.46182,0,0
Region 4,202301,10448,4.50804,10448,4.50804,0,0
Region 4,202302,9492,3.11842,9492,3.11842,0,0
Region 4,202303,8236,2.70763,8236,2.70763,0,0
Region 4,202304,8987,2.0474,8987,2.0474,0,0
Region 4,202305,8774,2.17689,8774,2.17689,0,0
Region 4,202306,9394,1.71386,9394,1.71386,0,0
Region 4,202307,8852,1.46859,8852,1.46859,0,0
Region 4,202308,8364,1.31516,8364,1.31516,0,0
Region 4,202309,7182,0.877193,7182,0.877193,0,0
Region 4,202310,6712,0.759833,6712,0.759833,0,0
Region 4,202311,7105,0.999296,7105,0.999296,0,0
Region 4,202312,7028,1.26636,7028,1.26636,0,0
Region 4,202313,5649,1.02673,5649,1.02673,0,0
Region 4,202314,5721,1.43332,5721,1.43332,0,0
Region 4,202315,5493,1.41999,5493,1.41999,0,0
Region 4,202316,4755,1.17771,4755,1.17771,0,0
Region 4,202317,5225,1.37799,5225,1.37799,0,0
Region 4,202318,4798,1.31305,4798,1.31305,0,0
Region 4,202319,10254,1.13127,10254,1.13127,0,0
Region 4,202320,5032,2.28537,5032,2.28537,0,0
Region 4,202321,4257,2.16115,4257,2.16115,0,0
Region 4,202322,4797,2.98103,4797,2.98103,0,0
Region 4,202323,4426,1.62675,4426,1.62675,0,0
Region 4,202324,4064,1.64862,4064,1.64862,0,0
Region 4,202325,3610,0.886427,3610,0.886427,0,0
Region 4,202326,3293,0.728819,3293,0.728819,0,0
Region 4,202327,3253,0.830003,3253,0.830003,0,0
Region 4,202328,3292,1.45808,3292,1.45808,0,0
Region 4,202329,3426,1.0216,3426,1.0216,0,0
Region 4,202330,4100,0.682927,4100,0.682927,0,0
Region 4,202331,4369,0.801099,4369,0.801099,0,0
Region 4,202332,4291,0.699138,4291,0.699138,0,0
Region 4,202333,4847,0.680834,4847,0.680834,0,0
Region 4,202334,6694,0.971019,6694,0.971019,0,0
Region 4,202335,6290,0.715421,6290,0.715421,0,0
Region 4,202336,6519,0.720969,6519,0.720969,0,0
Region 4,202337,6511,0.875442,6511,0.875442,0,0
Region 4,202338,7253,1.39253,7253,1.39253,0,0
Region 4,202339,6307,1.23672,6307,1.23672,0,0
Region 4,202340,7507,1.94485,7507,1.94485,0,0
Region 4,202341,7771,2.04607,7771,2.04607,0,0
Region 4,202342,7099,2.73278,7099,2.73278,0,0
Region 4,202343,7890,2.81369,7890,2.81369,0,0
Region 4,202344,8681,4.03179,8681,4.03179,0,0
Region 4,202345,9789,7.11002,9789,7.11002,0,0
Region 4,202346,9439,7.1194,9439,7.1194,0,0
Region 4,202347,9618,9.5446,9618,9.5446,0,0
Region 4,202348,11646,10.2095,11646,10.2095,0,0
Region 4,202349,12926,11.8134,12926,11.8134,0,0
Region 4,202350,15290,16.174,15290,16.174,0,0
Region 4,202351,16072,19.4438,16072,19.4438,0,0
Region 4,202352,18011,22.1531,18011,22.1531,0,0
Region 4,202401,15254,13.8193,15254,13.8193,0,0
Region 4,202402,12787,14.1472,12787,14.1472,0,0
Region 4,202403,11374,13.7243,11374,13.7243,0,0
Region 4,202404,12326,14.1814,12326,14.1814,0,0
Region 4,202405,11655,11.8662,11655,11.8662,0,0
Region 4,202406,11495,12.0574,11495,12.0574,0,0
Region 4,202407,10884,9.17861,10884,9.17861,0,0
Region 4,202408,10508,8.76475,10508,8.76475,0,0
Region 4,202409,9908,7.99354,9908,7.99354,0,0
Region 4,202410,8862,7.27827,8862,7.27827,0,0
Region 4,202411,8230,4.73876,8230,4.73876,0,0
Region 4,202412,7900,4.5443,7900,4.5443,0,0
Region 4,202413,6925,3.37906,6925,3.37906,0,0
Region 4,202414,6806,3.26183,6806,3.26183,0,0
Region 4,202415,6608,1.74031,6608,1.74031,0,0
Region 4,202416,5650,1.84071,5650,1.84071,0,0
Region 4,202417,5562,1.36641,5562,1.36641,0,0
Region 4,202418,5159,1.51192,5159,1.51192,0,0
Region 4,202419,5611,0.99804,5611,0.99804,0,0
Region 4,202420,5545,0.84761,5545,0.84761,0,0
Region 4,202421,4758,0.693569,4758,0.693569,0,0
Region 4,202422,3930,0.788804,3930,0.788804,0,0
Region 4,202423,3719,0.618446,3719,0.618446,0,0
Region 4,202424,3820,0.732984,3820,0.732984,0,0
Region 4,202425,3412,0.586166,3412,0.586166,0,0
Region 4,202426,3890,0.359897,3890,0.359897,0,0
Region 4,202427,3771,0.556881,3771,0.556881,0,0
Region 4,202428,4225,0.733728,4225,0.733728,0,0
Region 4,202429,3948,0.557244,3948,0.557244,0,0
Region 4,202430,4416,0.475543,4416,0.475543,0,0
Region 4,202431,4423,0.520009,4423,0.520009,0,0
Region 4,202432,4766,0.440621,4766,0.440621,0,0
Region 4,202433,5860,0.426621,5860,0.426621,0,0
Region 4,202434,6390,0.469484,6390,0.469484,0,0
Region 4,202435,9024,0.199468,9024,0.199468,0,0
Region 4,202436,8375,0.334328,8375,0.334328,0,0
Region 4,202437,6160,0.340909,6160,0.340909,0,0
Region 4,202438,6088,0.492773,6088,0.492773,0,0
Region 4,202439,5086,0.668502,5086,0.668502,0,0
Region 4,202440,6347,0.567197,6347,0.567197,0,0
Region 4,202441,5518,0.525553,5518,0.525553,0,0
Region 4,202442,6664,0.585234,6664,0.585234,0,0
Region 4,202443,6159,0.957948,6159,0.957948,0,0
Region 4,202444,7189,1.00153,7189,1.00153,0,0
Region 4,202445,6148,1.00846,6148,1.00846,0,0
Region 4,202446,7470,1.23159,7470,1.23159,0,0
Region 4,202447,6558,1.12839,6558,1.12839,0,0
Region 4,202448,7727,2.10949,7727,2.10949,0,0
Region 4,202449,8261,2.44522,8261,2.44522,0,0
Region 4,202450,9088,5.83187,9088,5.83187,0,0
Region 4,202451,10286,11.1122,10286,11.1122,0,0
Region 4,202452,9731,11.9309,9731,11.9309,0,0
Region 4,202501,11702,14.3309,11702,14.3309,0,0
Region 4,202502,9344,12.6391,9344,12.6391,0,0
Region 4,202503,11237,19.9341,11237,19.9341,0,0
Region 4,202504,11966,25.188,11966,25.188,0,0
Region 4,202505,14011,27.1858,14011,27.1858,0,0
Region 4,202506,14362,26.4378,14362,26.4378,0,0
Region 4,202507,11193,19.7445,11193,19.7445,0,0
Region 4,202508,9275,14.7925,9275,14.7925,0,0
Region 4,202509,9320,13.3798,9320,13.3798,0,0
Region 4,202510,8963,10.9338,8963,10.9338,0,0
Region 4,202511,8580,9.59207,8580,9.59207,0,0
Region 4,202512,7530,6.97211,7530,6.97211,0,0
Region 4,202513,6969,6.45717,6969,6.45717,0,0
Region 4,202514,5877,3.301,5877,3.301,0,0
Region 4,202515,6057,2.93875,6057,2.93875,0,0
Region 4,202516,5964,2.24681,5964,2.24681,0,0
Region 4,202517,5959,1.94664,5959,1.94664,0,0
Region 4,202518,5546,1.17202,5546,1.17202,0,0
Region 4,202519,5613,1.17584,5613,1.17584,0,0
Region 4,202520,5351,1.27079,5351,1.27079,0,0
Region 4,202521,5398,1.07447,5398,1.07447,0,0
Region 4,202522,4327,0.808875,4327,0.808875,0,0
Region 4,202523,4345,0.851554,4345,0.851554,0,0
Region 4,202524,4699,0.893807,4699,0.893807,0,0
Region 4,202525,4372,0.73193,4372,0.73193,0,0
Region 4,202526,3490,0.372493,3490,0.372493,0,0
Region 4,202527,3712,0.646552,3712,0.646552,0,0
Region 4,202528,3906,0.844854,3906,0.844854,0,0
Region 4,202529,3720,0.752688,3720,0.752688,0,0
Region 4,202530,3812,0.341028,3812,0.341028,0,0
Region 4,202531,3803,0.36813,3803,0.36813,0,0
Region 4,202532,3970,0.453401,3970,0.453401,0,0
Region 4,202533,4929,0.263745,4929,0.263745,0,0
Region 4,202534,5364,0.391499,5364,0.391499,0,0
Region 4,202535,5780,0.397924,5780,0.397924,0,0
Region 4,202536,5488,0.491983,5488,0.491983,0,0
Region 4,202537,5677,0.140919,5677,0.140919,0,0
Region 4,202538,5481,0.273673,5481,0.273673,0,0
Region 4,202539,5253,0.361698,5253,0.361698,0,0
Region 4,202540,4827,0.435053,4827,0.435053,0,0
Region 4,202541,4859,0.411607,4859,0.411607,0,0
Region 4,202542,4785,0.334378,4785,0.334378,0,0
Region 4,202543,4667,0.728519,4667,0.728519,0,0
Region 4,202544,4792,1.00167,4792,1.00167,0,0
Region 4,202545,5224,1.7611,5224,1.7611,0,0
Region 4,202546,5273,4.26702,5273,4.26702,0,0
Region 4,202547,5607,7.8295,5607,7.8295,0,0
Region 4,202548,5334,9.9925,5334,9.9925,0,0
Region 4,202549,6145,10.952,6145,10.952,0,0
Region 4,202550,7048,17.92,7048,17.92,0,0
Region 4,202551,9170,29.4329,9170,29.4329,0,0
Region 4,202552,10776,34.8552,10776,34.8552,0,0
Region 4,202553,9454,23.26,9454,23.26,0,0
Region 4,202601,8037,15.5531,8037,15.5531,0,0
Region 4,202602,6669,9.52167,6669,9.52167,0,0
Region 4,202603,6236,11.0006,6236,11.0006,0,0
Region 4,202604,5610,10.1783,5610,10.1783,0,0
Region 4,202605,5819,12.0983,5819,12.0983,0,0
Region 4,202606,6210,12.6248,6210,12.6248,0,0
Region 4,202607,6239,13.5278,6239,13.5278,0,0
Region 4,202608,5969,10.3367,5969,10.3367,0,0
Region 4,202609,6066,11.7211,6066,11.7211,0,0
Region 4,202610,5494,9.41027,5494,9.41027,0,0
Region 4,202611,5114,7.13727,5114,7.13727,0,0
Region 4,202612,5223,6.6054,5223,6.6054,0,0
Region 4,202613,4984,5.27689,4984,5.27689,0,0
Region 4,202614,4450,2.94382,4450,2.94382,0,0
Region 4,202615,4560,2.78509,4560,2.78509,0,0
Region 4,202616,4373,1.60073,4373,1.60073,0,0
Region 4,202617,4414,1.74445,4414,1.74445,0,0
Region 4,202618,4407,1.38416,4407,1.38416,0,0
Region 4,202619,4196,0.905624,4196,0.905624,0,0
Region 4,202620,4161,0.98534,4161,0.98534,0,0
Region 4,202621,4055,1.08508,4055,1.08508,0,0
Region 4,202622,3739,0.374432,3739,0.374432,0,0
Region 4,202623,3381,0.236616,3381,0.236616,0,0
Region 4,202624,3364,0.237812,3364,0.237812,0,0
Region 4,202625,3086,0.162022,3086,0.162022,0,0
Region 4,202626,2841,0.351989,2841,0.351989,0,0
Region 4,202627,2866,0.802512,2866,0.802512,0,0
Region 4,202628,2700,0.296296,2700,0.296296,0,0
Region 4,202629,2887,0.103914,2887,0.103914,0,0
Region 4,202630,2845,0.281195,2845,0.281195,0,0
Region 4,202631,2927,0.204988,2927,0.204988,0,0
Region 4,202632,3186,0.313873,3186,0.313873,0,0
Region 4,202633,3813,0.262261,3813,0.262261,0,0
Region 4,202634,3159,0.379867,3159,0.379867,0,0
Region 4,202635,4309,0.464145,4309,0.464145,0,0
Region 4,202636,3709,0.539229,3709,0.539229,0,0
Region 4,202637,3874,1.16159,3874,1.16159,0,0
Region 4,202638,2308,1.55979,2308,1.55979,0,0
Region 5,201940,3819,0.497512,3819,0.497512,0,0
Region 5,201941,4119,0.461277,4119,0.461277,0,0
Region 5,201942,4404,0.499546,4404,0.499546,0,0
Region 5,201943,5022,0.776583,5022,0.776583,0,0
Region 5,201944,5114,0.723504,5114,0.723504,0,0
Region 5,201945,5617,0.836746,5617,0.836746,0,0
Region 5,201946,5681,1.67224,5681,1.67224,0,0
Region 5,201947,6422,3.34787,6422,3.34787,0,0
Region 5,201948,6585,5.04176,6585,5.04176,0,0
Region 5,201949,8217,7.19241,8217,7.19241,0,0
Region 5,201950,9002,11.964,9002,11.964,0,0
Region 5,201951,11492,19.5614,11492,19.5614,0,0
Region 5,201952,14409,26.8166,14409,26.8166,0,0
Region 5,202001,14992,23.0056,14992,23.0056,0,0
Region 5,202002,14086,22.1497,14086,22.1497,0,0
Region 5,202003,13490,26.8125,13490,26.8125,0,0
Region 5,202004,14976,30.6023,14976,30.6023,0,0
Region 5,202005,17196,33.8276,17196,33.8276,0,0
Region 5,202006,18179,36.6522,18179,36.6522,0,0
Region 5,202007,17624,37.4206,17624,37.4206,0,0
Region 5,202008,17952,36.4026,17952,36.4026,0,0
Region 5,202009,16704,33.2316,16704,33.2316,0,0
Region 5,202010,16773,30.2748,16773,30.2748,0,0
Region 5,202011,19354,22.011,19354,22.011,0,0
Region 5,202012,19954,10.0732,19954,10.0732,0,0
Region 5,202013,11598,2.88843,11598,2.88843,0,0
Region 5,202014,8404,1.04712,8404,1.04712,0,0
Region 5,202015,4539,0.50672,4539,0.50672,0,0
Region 5,202016,3177,0.220334,3177,0.220334,0,0
Region 5,202017,2890,0.276817,2890,0.276817,0,0
Region 5,202018,2174,0.367985,2174,0.367985,0,0
Region 5,202019,1927,0.259471,1927,0.259471,0,0
Region 5,202020,1776,0.225225,1776,0.225225,0,0
Region 5,202021,1487,0.134499,1487,0.134499,0,0
Region 5,202022,1266,0.157978,1266,0.157978,0,0
Region 5,202023,1227,0.0814996,1227,0.0814996,0,0
Region 5,202024,1019,0.196271,1019,0.196271,0,0
Region 5,202025,950,0.947368,950,0.947368,0,0
Region 5,202026,1110,0.27027,1110,0.27027,0,0
Region 5,202027,1004,0.199203,1004,0.199203,0,0
Region 5,202028,1174,0.255537,1174,0.255537,0,0
Region 5,202029,1095,0.182648,1095,0.182648,0,0
Region 5,202030,986,0.30426,986,0.30426,0,0
Region 5,202031,1034,0,1034,0,0,0
Region 5,202032,1104,0.0905797,1104,0.0905797,0,0
Region 5,202033,1040,0.192308,1040,0.192308,0,0
Region 5,202034,1065,0.469484,1065,0.469484,0,0
Region 5,202035,1080,0.185185,1080,0.185185,0,0
Region 5,202036,1151,0.260643,1151,0.260643,0,0
Region 5,202037,1182,0,1182,0,0,0
Region 5,202038,1380,0.289855,1380,0.289855,0,0
Region 5,202039,1520,0,1520,0,0,0
Region 5,202040,2368,0.168919,2368,0.168919,0,0
Region 5,202041,3134,0.382897,3134,0.382897,0,0
Region 5,202042,3084,0.291829,3084,0.291829,0,0
Region 5,202043,3422,0.350672,3422,0.350672,0,0
Region 5,202044,3729,0.107267,3729,0.107267,0,0
Region 5,202045,9371,0.138726,9371,0.138726,0,0
Region 5,202046,9970,0.120361,9970,0.120361,0,0
Region 5,202047,10375,0.173494,10375,0.173494,0,0
Region 5,202048,9222,0.0975927,9222,0.0975927,0,0
Region 5,202049,9585,0.0521648,9585,0.0521648,0,0
Region 5,202050,9571,0.114931,9571,0.114931,0,0
Region 5,202051,8599,0.0581463,8599,0.0581463,0,0
Region 5,202052,7469,0.20083,7469,0.20083,0,0
Region 5,202053,7733,0.0387948,7733,0.0387948,0,0
Region 5,202101,8723,0.0458558,8723,0.0458558,0,0
Region 5,202102,7837,0.02552,7837,0.02552,0,0
Region 5,202103,7450,0.0671141,7450,0.0671141,0,0
Region 5,202104,7237,0.0414536,7237,0.0414536,0,0
Region 5,202105,6396,0.125078,6396,0.125078,0,0
Region 5,202106,6711,0.0894055,6711,0.0894055,0,0
Region 5,202107,6122,0.0490036,6122,0.0490036,0,0
Region 5,202108,6270,0.127592,6270,0.127592,0,0
Region 5,202109,6195,0.112994,6195,0.112994,0,0
Region 5,202110,6011,0.0665447,6011,0.0665447,0,0
Region 5,202111,6155,0.0812348,6155,0.0812348,0,0
Region 5,202112,6328,0.126422,6328,0.126422,0,0
Region 5,202113,5675,0.0352423,5675,0.0352423,0,0
Region 5,202114,6041,0,6041,0,0,0
Region 5,202115,5473,0.0913576,5473,0.0913576,0,0
Region 5,202116,4730,0.169133,4730,0.169133,0,0
Region 5,202117,4911,0.142537,4911,0.142537,0,0
Region 5,202118,4467,0.0223864,4467,0.0223864,0,0
Region 5,202119,4328,0.0693161,4328,0.0693161,0,0
Region 5,202120,4059,0.246366,4059,0.246366,0,0
Region 5,202121,3700,0.351351,3700,0.351351,0,0
Region 5,202122,3515,0.256046,3515,0.256046,0,0
Region 5,202123,3477,0.316365,3477,0.316365,0,0
Region 5,202124,3572,0.307951,3572,0.307951,0,0
Region 5,202125,3533,0.339655,3533,0.339655,0,0
Region 5,202126,3544,0.0282167,3544,0.0282167,0,0
Region 5,202127,3721,0,3721,0,0,0
Region 5,202128,3872,0.0774793,3872,0.0774793,0,0
Region 5,202129,4038,0.0495295,4038,0.0495295,0,0
Region 5,202130,4523,0.0663277,4523,0.0663277,0,0
Region 5,202131,4967,0.0603986,4967,0.0603986,0,0
Region 5,202132,5785,0.0172861,5785,0.0172861,0,0
Region 5,202133,6349,0.063002,6349,0.063002,0,0
Region 5,202134,7356,0.0543774,7356,0.0543774,0,0
Region 5,202135,7664,0.104384,7664,0.104384,0,0
Region 5,202136,8487,0.0353482,8487,0.0353482,0,0
Region 5,202137,9934,0.0100664,9934,0.0100664,0,0
Region 5,202138,7633,0.13101,7633,0.13101,0,0
Region 5,202139,10784,0.102003,10784,0.102003,0,0
Region 5,202140,10822,0.21253,10822,0.21253,0,0
Region 5,202141,9720,0.144033,9720,0.144033,0,0
Region 5,202142,9728,0.215872,9728,0.215872,0,0
Region 5,202143,9978,0.140309,9978,0.140309,0,0
Region 5,202144,12133,0.288469,12133,0.288469,0,0
Region 5,202145,14182,0.267945,14182,0.267945,0,0
Region 5,202146,21808,1.18305,21808,1.18305,0,0
Region 5,202147,22343,2.7973,22343,2.7973,0,0
Region 5,202148,21395,3.73919,21395,3.73919,0,0
Region 5,202149,32856,4.40711,32856,4.40711,0,0
Region 5,202150,38342,7.47483,38342,7.47483,0,0
Region 5,202151,46067,7.12441,46067,7.12441,0,0
Region 5,202152,49186,5.72724,49186,5.72724,0,0
Region 5,202201,46567,3.47027,46567,3.47027,0,0
Region 5,202202,35221,2.89032,35221,2.89032,0,0
Region 5,202203,30764,3.07827,30764,3.07827,0,0
Region 5,202204,24529,3.02907,24529,3.02907,0,0
Region 5,202205,18570,3.37103,18570,3.37103,0,0
Region 5,202206,16311,4.02796,16311,4.02796,0,0
Region 5,202207,15031,5.82796,15031,5.82796,0,0
Region 5,202208,14590,6.25771,14590,6.25771,0,0
Region 5,202209,13421,8.05454,13421,8.05454,0,0
Region 5,202210,13674,8.87085,13674,8.87085,0,0
Region 5,202211,13873,10.4303,13873,10.4303,0,0
Region 5,202212,15931,10.897,15931,10.897,0,0
Region 5,202213,14964,11.0732,14964,11.0732,0,0
Region 5,202214,17438,11.8075,17438,11.8075,0,0
Region 5,202215,16285,12.2812,16285,12.2812,0,0
Region 5,202216,18247,10.2647,18247,10.2647,0,0
Region 5,202217,20572,9.44974,20572,9.44974,0,0
Region 5,202218,21222,9.81529,21222,9.81529,0,0
Region 5,202219,22797,7.37816,22797,7.37816,0,0
Region 5,202220,21131,4.71819,21131,4.71819,0,0
Region 5,202221,18932,3.31185,18932,3.31185,0,0
Region 5,202222,16932,2.19702,16932,2.19702,0,0
Region 5,202223,15630,1.46513,15630,1.46513,0,0
Region 5,202224,13956,1.15363,13956,1.15363,0,0
Region 5,202225,13006,0.884207,13006,0.884207,0,0
Region 5,202226,12003,0.566525,12003,0.566525,0,0
Region 5,202227,10863,0.24855,10863,0.24855,0,0
Region 5,202228,10231,0.498485,10231,0.498485,0,0
Region 5,202229,10268,0.272692,10268,0.272692,0,0
Region 5,202230,10236,0.322392,10236,0.322392,0,0
Region 5,202231,9284,0.26928,9284,0.26928,0,0
Region 5,202232,8407,0.178423,8407,0.178423,0,0
Region 5,202233,8801,0.238609,8801,0.238609,0,0
Region 5,202234,9546,0.219987,9546,0.219987,0,0
Region 5,202235,10344,0.251353,10344,0.251353,0,0
Region 5,202236,11093,0.189309,11093,0.189309,0,0
Region 5,202237,10814,0.258924,10814,0.258924,0,0
Region 5,202238,13633,0.645493,13633,0.645493,0,0
Region 5,202239,12129,0.84096,12129,0.84096,0,0
Region 5,202240,13976,1.06611,13976,1.06611,0,0
Region 5,202241,16209,1.7336,16209,1.7336,0,0
Region 5,202242,18630,3.13473,18630,3.13473,0,0
Region 5,202243,21677,6.01559,21677,6.01559,0,0
Region 5,202244,25932,10.9633,25932,10.9633,0,0
Region 5,202245,27452,14.5272,27452,14.5272,0,0
Region 5,202246,31250,21.4592,31250,21.4592,0,0
Region 5,202247,32308,30.0483,32308,30.0483,0,0
Region 5,202248,41958,30.285,41958,30.285,0,0
Region 5,202249,41400,31.7343,41400,31.7343,0,0
Region 5,202250,43173,31.2209,43173,31.2209,0,0
Region 5,202251,33032,27.3553,33032,27.3553,0,0
Region 5,202252,28050,19.3868,28050,19.3868,0,0
Region 5,202301,24520,11.3662,24520,11.3662,0,0
Region 5,202302,21199,6.13708,21199,6.13708,0,0
Region 5,202303,19680,4.29878,19680,4.29878,0,0
Region 5,202304,19189,2.68904,19189,2.68904,0,0
Region 5,202305,18487,1.87159,18487,1.87159,0,0
Region 5,202306,18780,1.79979,18780,1.79979,0,0
Region 5,202307,17172,1.22874,17172,1.22874,0,0
Region 5,202308,16674,0.983567,16674,0.983567,0,0
Region 5,202309,16776,1.07296,16776,1.07296,0,0
Region 5,202310,15463,1.04766,15463,1.04766,0,0
Region 5,202311,14277,0.973594,14277,0.973594,0,0
Region 5,202312,14971,1.0219800000000001,14971,1.0219800000000001,0,0
Region 5,202313,14307,1.09038,14307,1.09038,0,0
Region 5,202314,13212,1.39267,13212,1.39267,0,0
Region 5,202315,11061,1.33803,11061,1.33803,0,0
Region 5,202316,9744,1.03654,9744,1.03654,0,0
Region 5,202317,9557,1.41258,9557,1.41258,0,0
Region 5,202318,9318,1.33076,9318,1.33076,0,0
Region 5,202319,8342,1.29465,8342,1.29465,0,0
Region 5,202320,8272,0.94294,8272,0.94294,0,0
Region 5,202321,7540,0.994695,7540,0.994695,0,0
Region 5,202322,6811,0.89561,6811,0.89561,0,0
Region 5,202323,6171,0.97229,6171,0.97229,0,0
Region 5,202324,5830,1.11492,5830,1.11492,0,0
Region 5,202325,5552,0.82853,5552,0.82853,0,0
Region 5,202326,5196,0.731332,5196,0.731332,0,0
Region 5,202327,4765,2.49738,4765,2.49738,0,0
Region 5,202328,4859,0.55567,4859,0.55567,0,0
Region 5,202329,5122,0.70285,5122,0.70285,0,0
Region 5,202330,5161,0.561907,5161,0.561907,0,0
Region 5,202331,5586,0.698174,5586,0.698174,0,0
Region 5,202332,5981,0.41799,5981,0.41799,0,0
Region 5,202333,6678,0.673854,6678,0.673854,0,0
Region 5,202334,7826,0.460005,7826,0.460005,0,0
Region 5,202335,9071,0.418917,9071,0.418917,0,0
Region 5,202336,10555,0.303174,10555,0.303174,0,0
Region 5,202337,12459,0.537764,12459,0.537764,0,0
Region 5,202338,14143,0.593933,14143,0.593933,0,0
Region 5,202339,13360,0.673653,13360,0.673653,0,0
Region 5,202340,14079,0.589531,14079,0.589531,0,0
Region 5,202341,14498,0.758725,14498,0.758725,0,0
Region 5,202342,15312,0.698798,15312,0.698798,0,0
Region 5,202343,16097,0.757905,16097,0.757905,0,0
Region 5,202344,15865,1.01481,15865,1.01481,0,0
Region 5,202345,18413,1.84652,18413,1.84652,0,0
Region 5,202346,20088,3.05655,20088,3.05655,0,0
Region 5,202347,19640,4.20061,19640,4.20061,0,0
Region 5,202348,25142,4.99562,25142,4.99562,0,0
Region 5,202349,26094,7.30819,26094,7.30819,0,0
Region 5,202350,29128,10.3749,29128,10.3749,0,0
Region 5,202351,31897,14.3462,31897,14.3462,0,0
Region 5,202352,32188,17.0467,32188,17.0467,0,0
Region 5,202401,30298,12.7434,30298,12.7434,0,0
Region 5,202402,27735,13.903,27735,13.903,0,0
Region 5,202403,23316,15.826,23316,15.826,0,0
Region 5,202404,23419,17.9555,23419,17.9555,0,0
Region 5,202405,26162,18.9015,26162,18.9015,0,0
Region 5,202406,27655,20.6256,27655,20.6256,0,0
Region 5,202407,27618,21.5222,27618,21.5222,0,0
Region 5,202408,27880,22.7905,27880,22.7905,0,0
Region 5,202409,26491,23.0758,26491,23.0758,0,0
Region 5,202410,24950,22.4609,24950,22.4609,0,0
Region 5,202411,23004,18.8445,23004,18.8445,0,0
Region 5,202412,21068,16.442,21068,16.442,0,0
Region 5,202413,19591,14.3842,19591,14.3842,0,0
Region 5,202414,18332,11.1335,18332,11.1335,0,0
Region 5,202415,16999,8.34755,16999,8.34755,0,0
Region 5,202416,15294,6.02197,15294,6.02197,0,0
Region 5,202417,14513,4.52698,14513,4.52698,0,0
Region 5,202418,13406,3.26719,13406,3.26719,0,0
Region 5,202419,12427,1.79448,12427,1.79448,0,0
Region 5,202420,11955,1.24634,11955,1.24634,0,0
Region 5,202421,11323,0.962642,11323,0.962642,0,0
Region 5,202422,10433,0.872232,10433,0.872232,0,0
Region 5,202423,9825,1.07888,9825,1.07888,0,0
Region 5,202424,9280,0.786638,9280,0.786638,0,0
Region 5,202425,8418,0.570207,8418,0.570207,0,0
Region 5,202426,8186,0.610799,8186,0.610799,0,0
Region 5,202427,8053,0.533962,8053,0.533962,0,0
Region 5,202428,9275,0.45283,9275,0.45283,0,0
Region 5,202429,9755,0.348539,9755,0.348539,0,0
Region 5,202430,10380,0.423892,10380,0.423892,0,0
Region 5,202431,10301,0.349481,10301,0.349481,0,0
Region 5,202432,10801,0.40737,10801,0.40737,0,0
Region 5,202433,11845,0.287041,11845,0.287041,0,0
Region 5,202434,11757,0.306201,11757,0.306201,0,0
Region 5,202435,13327,0.322653,13327,0.322653,0,0
Region 5,202436,13823,0.274904,13823,0.274904,0,0
Region 5,202437,16254,0.362988,16254,0.362988,0,0
Region 5,202438,16664,0.444071,16664,0.444071,0,0
Region 5,202439,15249,0.393468,15249,0.393468,0,0
Region 5,202440,16683,0.431577,16683,0.431577,0,0
Region 5,202441,17190,0.418848,17190,0.418848,0,0
Region 5,202442,17406,0.321728,17406,0.321728,0,0
Region 5,202443,17946,0.479215,17946,0.479215,0,0
Region 5,202444,18191,0.758617,18191,0.758617,0,0
Region 5,202445,17651,0.798822,17651,0.798822,0,0
Region 5,202446,18851,1.05565,18851,1.05565,0,0
Region 5,202447,20266,1.1546400000000001,20266,1.1546400000000001,0,0
Region 5,202448,18128,1.54457,18128,1.54457,0,0
Region 5,202449,22245,2.61632,22245,2.61632,0,0
Region 5,202450,23811,5.30427,23811,5.30427,0,0
Region 5,202451,28022,10.0136,28022,10.0136,0,0
Region 5,202452,30034,15.0463,30034,15.0463,0,0
Region 5,202501,31941,15.9262,31941,15.9262,0,0
Region 5,202502,33525,18.3863,33525,18.3863,0,0
Region 5,202503,35719,27.2348,35719,27.2348,0,0
Region 5,202504,38683,33.4591,38683,33.4591,0,0
Region 5,202505,44378,34.9655,44378,34.9655,0,0
Region 5,202506,46142,36.3725,46142,36.3725,0,0
Region 5,202507,42231,34.4534,42231,34.4534,0,0
Region 5,202508,38235,29.6064,38235,29.6064,0,0
Region 5,202509,35162,24.8336,35162,24.8336,0,0
Region 5,202510,30904,19.0946,30904,19.0946,0,0
Region 5,202511,27338,15.3815,27338,15.3815,0,0
Region 5,202512,23599,11.1361,23599,11.1361,0,0
Region 5,202513,21578,8.81917,21578,8.81917,0,0
Region 5,202514,19478,7.12599,19478,7.12599,0,0
Region 5,202515,18227,5.55769,18227,5.55769,0,0
Region 5,202516,18041,5.10504,18041,5.10504,0,0
Region 5,202517,17068,4.32974,17068,4.32974,0,0
Region 5,202518,15833,3.0127,15833,3.0127,0,0
Region 5,202519,14155,2.76227,14155,2.76227,0,0
Region 5,202520,13343,1.7912,13343,1.7912,0,0
Region 5,202521,12309,1.06426,12309,1.06426,0,0
Region 5,202522,11103,0.900657,11103,0.900657,0,0
Region 5,202523,11171,1.02945,11171,1.02945,0,0
Region 5,202524,9619,0.925252,9619,0.925252,0,0
Region 5,202525,8690,0.759494,8690,0.759494,0,0
Region 5,202526,7579,0.554163,7579,0.554163,0,0
Region 5,202527,7632,0.550314,7632,0.550314,0,0
Region 5,202528,8067,0.371885,8067,0.371885,0,0
Region 5,202529,7331,0.231892,7331,0.231892,0,0
Region 5,202530,7733,0.284495,7733,0.284495,0,0
Region 5,202531,7545,0.291584,7545,0.291584,0,0
Region 5,202532,8332,0.324052,8332,0.324052,0,0
Region 5,202533,8639,0.162056,8639,0.162056,0,0
Region 5,202534,8815,0.465116,8815,0.465116,0,0
Region 5,202535,10622,0.338919,10622,0.338919,0,0
Region 5,202536,12432,0.185006,12432,0.185006,0,0
Region 5,202537,14615,0.410537,14615,0.410537,0,0
Region 5,202538,15336,0.710746,15336,0.710746,0,0
Region 5,202539,14219,0.879105,14219,0.879105,0,0
Region 5,202540,15378,0.552738,15378,0.552738,0,0
Region 5,202541,14534,0.392184,14534,0.392184,0,0
Region 5,202542,14592,0.438596,14592,0.438596,0,0
Region 5,202543,15002,0.519931,15002,0.519931,0,0
Region 5,202544,14867,0.760073,14867,0.760073,0,0
Region 5,202545,15860,1.34931,15860,1.34931,0,0
Region 5,202546,15893,2.37841,15893,2.37841,0,0
Region 5,202547,16858,4.31842,16858,4.31842,0,0
Region 5,202548,16473,6.95684,16473,6.95684,0,0
Region 5,202549,19436,8.77753,19436,8.77753,0,0
Region 5,202550,22447,16.4744,22447,16.4744,0,0
Region 5,202551,30563,29.0646,30563,29.0646,0,0
Region 5,202552,36354,35.256100000000004,36354,35.256100000000004,0,0
Region 5,202553,36308,27.9084,36308,27.9084,0,0
Region 5,202601,32742,20.463,32742,20.463,0,0
Region 5,202602,28368,20.6606,28368,20.6606,0,0
Region 5,202603,25335,18.0738,25335,18.0738,0,0
Region 5,202604,24110,17.134,24110,17.134,0,0
Region 5,202605,25143,16.9829,25143,16.9829,0,0
Region 5,202606,26599,18.8917,26599,18.8917,0,0
Region 5,202607,29212,20.3957,29212,20.3957,0,0
Region 5,202608,28277,18.3188,28277,18.3188,0,0
Region 5,202609,26638,18.4699,26638,18.4699,0,0
Region 5,202610,25594,16.5859,25594,16.5859,0,0
Region 5,202611,21328,12.8282,21328,12.8282,0,0
Region 5,202612,19347,10.6476,19347,10.6476,0,0
Region 5,202613,17474,7.77155,17474,7.77155,0,0
Region 5,202614,16924,5.11699,16924,5.11699,0,0
Region 5,202615,15156,3.68831,15156,3.68831,0,0
Region 5,202616,13220,1.91377,13220,1.91377,0,0
Region 5,202617,13267,1.39444,13267,1.39444,0,0
Region 5,202618,12437,0.92466,12437,0.92466,0,0
Region 5,202619,11394,0.974197,11394,0.974197,0,0
Region 5,202620,10785,0.899397,10785,0.899397,0,0
Region 5,202621,10569,0.454158,10569,0.454158,0,0
Region 5,202622,9296,0.634682,9296,0.634682,0,0
Region 5,202623,8556,0.689575,8556,0.689575,0,0
Region 5,202624,7848,0.30581,7848,0.30581,0,0
Region 5,202625,7481,0.173774,7481,0.173774,0,0
Region 5,202626,7755,0.386847,7755,0.386847,0,0
Region 5,202627,7162,0.404915,7162,0.404915,0,0
Region 5,202628,6799,0.279453,6799,0.279453,0,0
Region 5,202629,6601,0.348432,6601,0.348432,0,0
Region 5,202630,6458,0.263239,6458,0.263239,0,0
Region 5,202631,6672,0.134892,6672,0.134892,0,0
Region 5,202632,6879,0.566943,6879,0.566943,0,0
Region 5,202633,7122,0.491435,7122,0.491435,0,0
Region 5,202634,8007,0.67441,8007,0.67441,0,0
Region 5,202635,9096,2.16579,9096,2.16579,0,0
Region 5,202636,10374,1.47484,10374,1.47484,0,0
Region 5,202637,12177,1.94629,12177,1.94629,0,0
Region 5,202638,7998,2.45061,7998,2.45061,0,0
Region 6,201940,2693,2.59933,2693,2.59933,0,0
Region 6,201941,3268,2.75398,3268,2.75398,0,0
Region 6,201942,3333,3.63036,3333,3.63036,0,0
Region 6,201943,3440,5.87209,3440,5.87209,0,0
Region 6,201944,3856,9.51763,3856,9.51763,0,0
Region 6,201945,5019,14.206,5019,14.206,0,0
Region 6,201946,5692,15.6184,5692,15.6184,0,0
Region 6,201947,7341,20.801,7341,20.801,0,0
Region 6,201948,6081,20.0132,6081,20.0132,0,0
Region 6,201949,6986,18.4226,6986,18.4226,0,0
Region 6,201950,5696,22.8933,5696,22.8933,0,0
Region 6,201951,7910,31.0746,7910,31.0746,0,0
Region 6,201952,8631,36.1372,8631,36.1372,0,0
Region 6,202001,7925,29.489,7925,29.489,0,0
Region 6,202002,7020,30.3846,7020,30.3846,0,0
Region 6,202003,7639,32.033,7639,32.033,0,0
Region 6,202004,8059,30.1154,8059,30.1154,0,0
Region 6,202005,9767,33.1013,9767,33.1013,0,0
Region 6,202006,8906,28.5201,8906,28.5201,0,0
Region 6,202007,8348,28.1025,8348,28.1025,0,0
Region 6,202008,8201,27.1552,8201,27.1552,0,0
Region 6,202009,6791,23.4428,6791,23.4428,0,0
Region 6,202010,7429,20.42,7429,20.42,0,0
Region 6,202011,7870,14.1677,7870,14.1677,0,0
Region 6,202012,7895,5.21849,7895,5.21849,0,0
Region 6,202013,5369,1.43416,5369,1.43416,0,0
Region 6,202014,2565,0.8577,2565,0.8577,0,0
Region 6,202015,1960,0.918367,1960,0.918367,0,0
Region 6,202016,1586,0.315259,1586,0.315259,0,0
Region 6,202017,1497,0.267201,1497,0.267201,0,0
Region 6,202018,1577,0.126823,1577,0.126823,0,0
Region 6,202019,1098,0.637523,1098,0.637523,0,0
Region 6,202020,871,0.459242,871,0.459242,0,0
Region 6,202021,1049,0.381316,1049,0.381316,0,0
Region 6,202022,959,0.104275,959,0.104275,0,0
Region 6,202023,748,0.13369,748,0.13369,0,0
Region 6,202024,899,0.667408,899,0.667408,0,0
Region 6,202025,934,0.856531,934,0.856531,0,0
Region 6,202026,847,1.18064,847,1.18064,0,0
Region 6,202027,906,0.441501,906,0.441501,0,0
Region 6,202028,840,0.357143,840,0.357143,0,0
Region 6,202029,829,1.08565,829,1.08565,0,0
Region 6,202030,491,0.610998,491,0.610998,0,0
Region 6,202031,779,0.385109,779,0.385109,0,0
Region 6,202032,771,0.389105,771,0.389105,0,0
Region 6,202033,504,0.396825,504,0.396825,0,0
Region 6,202034,583,0.343053,583,0.343053,0,0
Region 6,202035,667,0.29985,667,0.29985,0,0
Region 6,202036,805,0.745342,805,0.745342,0,0
Region 6,202037,813,0.492005,813,0.492005,0,0
Region 6,202038,921,1.30293,921,1.30293,0,0
Region 6,202039,1160,1.2931,1160,1.2931,0,0
Region 6,202040,1513,1.1236,1513,1.1236,0,0
Region 6,202041,1808,1.1615,1808,1.1615,0,0
Region 6,202042,1778,0.731159,1778,0.731159,0,0
Region 6,202043,1803,0.610094,1803,0.610094,0,0
Region 6,202044,2005,0.648379,2005,0.648379,0,0
Region 6,202045,2363,0.592467,2363,0.592467,0,0
Region 6,202046,3138,0.796686,3138,0.796686,0,0
Region 6,202047,3550,0.84507,3550,0.84507,0,0
Region 6,202048,3042,0.723208,3042,0.723208,0,0
Region 6,202049,3039,1.25041,3039,1.25041,0,0
Region 6,202050,2964,1.5857,2964,1.5857,0,0
Region 6,202051,3006,2.22888,3006,2.22888,0,0
Region 6,202052,2767,1.69859,2767,1.69859,0,0
Region 6,202053,5524,1.15858,5524,1.15858,0,0
Region 6,202101,5947,1.44611,5947,1.44611,0,0
Region 6,202102,5332,0.787697,5332,0.787697,0,0
Region 6,202103,5109,0.978665,5109,0.978665,0,0
Region 6,202104,5103,0.587889,5103,0.587889,0,0
Region 6,202105,5061,0.889152,5061,0.889152,0,0
Region 6,202106,4667,0.471395,4667,0.471395,0,0
Region 6,202107,3570,0.420168,3570,0.420168,0,0
Region 6,202108,4597,0.217533,4597,0.217533,0,0
Region 6,202109,4493,0.0890274,4493,0.0890274,0,0
Region 6,202110,4650,0.27957,4650,0.27957,0,0
Region 6,202111,4705,0.276302,4705,0.276302,0,0
Region 6,202112,4943,0.121384,4943,0.121384,0,0
Region 6,202113,4684,0.0853971,4684,0.0853971,0,0
Region 6,202114,4948,0.101051,4948,0.101051,0,0
Region 6,202115,4681,0.0427259,4681,0.0427259,0,0
Region 6,202116,5197,0.0962094,5197,0.0962094,0,0
Region 6,202117,5278,0.113679,5278,0.113679,0,0
Region 6,202118,5186,0.0771307,5186,0.0771307,0,0
Region 6,202119,4900,0.0612245,4900,0.0612245,0,0
Region 6,202120,5015,0.119641,5015,0.119641,0,0
Region 6,202121,3025,0.297521,3025,0.297521,0,0
Region 6,202122,3051,0.131105,3051,0.131105,0,0
Region 6,202123,5115,0.136852,5115,0.136852,0,0
Region 6,202124,5023,0.0597253,5023,0.0597253,0,0
Region 6,202125,3388,0.14758,3388,0.14758,0,0
Region 6,202126,5119,0.0976753,5119,0.0976753,0,0
Region 6,202127,5630,0.124334,5630,0.124334,0,0
Region 6,202128,5975,0.217573,5975,0.217573,0,0
Region 6,202129,6802,0.132314,6802,0.132314,0,0
Region 6,202130,7359,0.163066,7359,0.163066,0,0
Region 6,202131,4919,0.30494,4919,0.30494,0,0
Region 6,202132,8542,0.117069,8542,0.117069,0,0
Region 6,202133,5635,0.159716,5635,0.159716,0,0
Region 6,202134,10164,0.0590319,10164,0.0590319,0,0
Region 6,202135,9823,0.0916217,9823,0.0916217,0,0
Region 6,202136,5167,0.193536,5167,0.193536,0,0
Region 6,202137,8205,0.0609385,8205,0.0609385,0,0
Region 6,202138,7807,0.102472,7807,0.102472,0,0
Region 6,202139,7742,0.129166,7742,0.129166,0,0
Region 6,202140,11678,0.0856311,11678,0.0856311,0,0
Region 6,202141,8638,0.104191,8638,0.104191,0,0
Region 6,202142,9555,0.177917,9555,0.177917,0,0
Region 6,202143,9058,0.176639,9058,0.176639,0,0
Region 6,202144,9140,0.0875274,9140,0.0875274,0,0
Region 6,202145,10905,0.293443,10905,0.293443,0,0
Region 6,202146,11566,1.02023,11566,1.02023,0,0
Region 6,202147,10271,1.57726,10271,1.57726,0,0
Region 6,202148,13257,2.68537,13257,2.68537,0,0
Region 6,202149,13689,4.38308,13689,4.38308,0,0
Region 6,202150,14606,7.00397,14606,7.00397,0,0
Region 6,202151,15118,6.73369,15118,6.73369,0,0
Region 6,202152,18898,4.42904,18898,4.42904,0,0
Region 6,202201,19955,2.78126,19955,2.78126,0,0
Region 6,202202,19284,2.44244,19284,2.44244,0,0
Region 6,202203,15624,2.31695,15624,2.31695,0,0
Region 6,202204,12464,2.29461,12464,2.29461,0,0
Region 6,202205,8975,3.16435,8975,3.16435,0,0
Region 6,202206,9078,4.47235,9078,4.47235,0,0
Region 6,202207,9420,6.35881,9420,6.35881,0,0
Region 6,202208,9176,8.48954,9176,8.48954,0,0
Region 6,202209,10149,12.149,10149,12.149,0,0
Region 6,202210,10810,14.3478,10810,14.3478,0,0
Region 6,202211,10889,16.6039,10889,16.6039,0,0
Region 6,202212,11387,15.2806,11387,15.2806,0,0
Region 6,202213,11232,15.4469,11232,15.4469,0,0
Region 6,202214,11378,14.4401,11378,14.4401,0,0
Region 6,202215,11261,15.1763,11261,15.1763,0,0
Region 6,202216,10493,13.3422,10493,13.3422,0,0
Region 6,202217,10534,11.5721,10534,11.5721,0,0
Region 6,202218,10344,10.7115,10344,10.7115,0,0
Region 6,202219,10024,8.52953,10024,8.52953,0,0
Region 6,202220,10907,6.29871,10907,6.29871,0,0
Region 6,202221,10743,4.86829,10743,4.86829,0,0
Region 6,202222,10473,3.33238,10473,3.33238,0,0
Region 6,202223,10679,1.95711,10679,1.95711,0,0
Region 6,202224,10741,1.34066,10741,1.34066,0,0
Region 6,202225,11023,0.861834,11023,0.861834,0,0
Region 6,202226,10637,0.667481,10637,0.667481,0,0
Region 6,202227,10726,0.568712,10726,0.568712,0,0
Region 6,202228,10551,0.502322,10551,0.502322,0,0
Region 6,202229,10487,0.476781,10487,0.476781,0,0
Region 6,202230,9721,0.432054,9721,0.432054,0,0
Region 6,202231,9165,0.469176,9165,0.469176,0,0
Region 6,202232,8850,0.384181,8850,0.384181,0,0
Region 6,202233,10013,0.459403,10013,0.459403,0,0
Region 6,202234,11832,0.574713,11832,0.574713,0,0
Region 6,202235,12729,0.864168,12729,0.864168,0,0
Region 6,202236,11825,1.05708,11825,1.05708,0,0
Region 6,202237,12451,1.42157,12451,1.42157,0,0
Region 6,202238,12435,2.03458,12435,2.03458,0,0
Region 6,202239,12767,3.29756,12767,3.29756,0,0
Region 6,202240,12793,5.48738,12793,5.48738,0,0
Region 6,202241,17476,6.63195,17476,6.63195,0,0
Region 6,202242,14587,11.8599,14587,11.8599,0,0
Region 6,202243,18346,16.6848,18346,16.6848,0,0
Region 6,202244,21945,21.2577,21945,21.2577,0,0
Region 6,202245,23230,21.1235,23230,21.1235,0,0
Region 6,202246,23809,21.0509,23809,21.0509,0,0
Region 6,202247,22090,26.1068,22090,26.1068,0,0
Region 6,202248,24135,22.6683,24135,22.6683,0,0
Region 6,202249,23902,25.8598,23902,25.8598,0,0
Region 6,202250,21586,23.6264,21586,23.6264,0,0
Region 6,202251,19694,20.0823,19694,20.0823,0,0
Region 6,202252,19132,14.4784,19132,14.4784,0,0
Region 6,202301,17481,8.5693,17481,8.5693,0,0
Region 6,202302,15003,4.93901,15003,4.93901,0,0
Region 6,202303,21682,2.21382,21682,2.21382,0,0
Region 6,202304,14899,2.40285,14899,2.40285,0,0
Region 6,202305,14074,2.21685,14074,2.21685,0,0
Region 6,202306,14156,1.58237,14156,1.58237,0,0
Region 6,202307,13285,1.38502,13285,1.38502,0,0
Region 6,202308,13797,1.37711,13797,1.37711,0,0
Region 6,202309,13265,1.48511,13265,1.48511,0,0
Region 6,202310,12665,1.55547,12665,1.55547,0,0
Region 6,202311,11575,1.2959,11575,1.2959,0,0
Region 6,202312,11165,1.20018,11165,1.20018,0,0
Region 6,202313,10751,1.00456,10751,1.00456,0,0
Region 6,202314,9962,0.9737,9962,0.9737,0,0
Region 6,202315,9774,0.971966,9774,0.971966,0,0
Region 6,202316,9861,0.902545,9861,0.902545,0,0
Region 6,202317,9209,0.857856,9209,0.857856,0,0
Region 6,202318,8969,0.858513,8969,0.858513,0,0
Region 6,202319,7974,1.11613,7974,1.11613,0,0
Region 6,202320,7789,1.24535,7789,1.24535,0,0
Region 6,202321,7162,1.28456,7162,1.28456,0,0
Region 6,202322,6586,1.10841,6586,1.10841,0,0
Region 6,202323,6015,0.881131,6015,0.881131,0,0
Region 6,202324,5523,1.01394,5523,1.01394,0,0
Region 6,202325,5224,1.14855,5224,1.14855,0,0
Region 6,202326,4846,0.825423,4846,0.825423,0,0
Region 6,202327,4910,0.89613,4910,0.89613,0,0
Region 6,202328,4709,1.18921,4709,1.18921,0,0
Region 6,202329,5192,1.25193,5192,1.25193,0,0
Region 6,202330,5270,0.967742,5270,0.967742,0,0
Region 6,202331,4550,1.40659,4550,1.40659,0,0
Region 6,202332,6480,0.802469,6480,0.802469,0,0
Region 6,202333,8165,0.992039,8165,0.992039,0,0
Region 6,202334,10683,0.805017,10683,0.805017,0,0
Region 6,202335,12186,0.763171,12186,0.763171,0,0
Region 6,202336,11369,0.818014,11369,0.818014,0,0
Region 6,202337,10272,0.856698,10272,0.856698,0,0
Region 6,202338,8591,0.942847,8591,0.942847,0,0
Region 6,202339,10563,1.27805,10563,1.27805,0,0
Region 6,202340,10376,1.29144,10376,1.29144,0,0
Region 6,202341,10610,1.95099,10610,1.95099,0,0
Region 6,202342,11173,2.05853,11173,2.05853,0,0
Region 6,202343,11841,2.69403,11841,2.69403,0,0
Region 6,202344,12615,3.78914,12615,3.78914,0,0
Region 6,202345,14646,5.96067,14646,5.96067,0,0
Region 6,202346,15912,7.27753,15912,7.27753,0,0
Region 6,202347,14306,7.76597,14306,7.76597,0,0
Region 6,202348,16631,9.13956,16631,9.13956,0,0
Region 6,202349,18127,13.5268,18127,13.5268,0,0
Region 6,202350,17960,19.7717,17960,19.7717,0,0
Region 6,202351,22250,25.2,22250,25.2,0,0
Region 6,202352,20273,23.7015,20273,23.7015,0,0
Region 6,202401,12695,22.4498,12695,22.4498,0,0
Region 6,202402,17202,21.1487,17202,21.1487,0,0
Region 6,202403,16761,23.2504,16761,23.2504,0,0
Region 6,202404,20973,27.111,20973,27.111,0,0
Region 6,202405,22405,26.6949,22405,26.6949,0,0
Region 6,202406,21268,21.4266,21268,21.4266,0,0
Region 6,202407,18890,19.0577,18890,19.0577,0,0
Region 6,202408,18191,16.915,18191,16.915,0,0
Region 6,202409,16625,14.406,16625,14.406,0,0
Region 6,202410,15773,14.1064,15773,14.1064,0,0
Region 6,202411,14428,11.6856,14428,11.6856,0,0
Region 6,202412,13279,9.37571,13279,9.37571,0,0
Region 6,202413,12537,7.44995,12537,7.44995,0,0
Region 6,202414,11934,5.16172,11934,5.16172,0,0
Region 6,202415,11641,4.05463,11641,4.05463,0,0
Region 6,202416,10920,3.5348,10920,3.5348,0,0
Region 6,202417,10639,2.81981,10639,2.81981,0,0
Region 6,202418,9365,2.42392,9365,2.42392,0,0
Region 6,202419,8973,1.83885,8973,1.83885,0,0
Region 6,202420,9005,1.67685,9005,1.67685,0,0
Region 6,202421,8889,1.33873,8889,1.33873,0,0
Region 6,202422,7507,1.33209,7507,1.33209,0,0
Region 6,202423,8412,1.04612,8412,1.04612,0,0
Region 6,202424,7394,0.987287,7394,0.987287,0,0
Region 6,202425,7218,0.609587,7218,0.609587,0,0
Region 6,202426,7436,0.591716,7436,0.591716,0,0
Region 6,202427,7369,0.705659,7369,0.705659,0,0
Region 6,202428,7694,0.701846,7694,0.701846,0,0
Region 6,202429,8091,0.556174,8091,0.556174,0,0
Region 6,202430,9048,0.5084,9048,0.5084,0,0
Region 6,202431,9418,0.435337,9418,0.435337,0,0
Region 6,202432,9350,0.342246,9350,0.342246,0,0
Region 6,202433,10018,0.439209,10018,0.439209,0,0
Region 6,202434,11992,0.500334,11992,0.500334,0,0
Region 6,202435,12780,0.524257,12780,0.524257,0,0
Region 6,202436,11928,0.511402,11928,0.511402,0,0
Region 6,202437,11543,0.563112,11543,0.563112,0,0
Region 6,202438,11244,0.738171,11244,0.738171,0,0
Region 6,202439,8640,0.68287,8640,0.68287,0,0
Region 6,202440,9356,0.790936,9356,0.790936,0,0
Region 6,202441,9433,0.975299,9433,0.975299,0,0
Region 6,202442,9436,1.13396,9436,1.13396,0,0
Region 6,202443,9679,1.46709,9679,1.46709,0,0
Region 6,202444,9989,1.60176,9989,1.60176,0,0
Region 6,202445,10485,2.27945,10485,2.27945,0,0
Region 6,202446,11629,2.96672,11629,2.96672,0,0
Region 6,202447,12863,3.8327,12863,3.8327,0,0
Region 6,202448,12263,5.11294,12263,5.11294,0,0
Region 6,202449,13991,5.96812,13991,5.96812,0,0
Region 6,202450,14680,11.5395,14680,11.5395,0,0
Region 6,202451,16786,18.0388,16786,18.0388,0,0
Region 6,202452,17665,21.9813,17665,21.9813,0,0
Region 6,202501,17475,23.7825,17475,23.7825,0,0
Region 6,202502,14787,22.5333,14787,22.5333,0,0
Region 6,202503,15967,28.1142,15967,28.1142,0,0
Region 6,202504,15873,31.9788,15873,31.9788,0,0
Region 6,202505,20233,37.3103,20233,37.3103,0,0
Region 6,202506,20072,32.5379,20072,32.5379,0,0
Region 6,202507,17028,25.1233,17028,25.1233,0,0
Region 6,202508,14381,20.9165,14381,20.9165,0,0
Region 6,202509,15434,16.8265,15434,16.8265,0,0
Region 6,202510,13580,14.1384,13580,14.1384,0,0
Region 6,202511,12637,11.2368,12637,11.2368,0,0
Region 6,202512,11207,8.40546,11207,8.40546,0,0
Region 6,202513,11155,7.68265,11155,7.68265,0,0
Region 6,202514,10188,6.12485,10188,6.12485,0,0
Region 6,202515,10431,5.0139,10431,5.0139,0,0
Region 6,202516,10369,4.17591,10369,4.17591,0,0
Region 6,202517,9767,3.49135,9767,3.49135,0,0
Region 6,202518,8978,3.29695,8978,3.29695,0,0
Region 6,202519,8145,2.2345,8145,2.2345,0,0
Region 6,202520,8147,2.3567,8147,2.3567,0,0
Region 6,202521,7757,2.56542,7757,2.56542,0,0
Region 6,202522,7501,3.17291,7501,3.17291,0,0
Region 6,202523,6736,2.73159,6736,2.73159,0,0
Region 6,202524,6025,1.52697,6025,1.52697,0,0
Region 6,202525,5286,1.32425,5286,1.32425,0,0
Region 6,202526,5101,1.17624,5101,1.17624,0,0
Region 6,202527,4841,1.26007,4841,1.26007,0,0
Region 6,202528,5099,0.882526,5099,0.882526,0,0
Region 6,202529,5159,0.426439,5159,0.426439,0,0
Region 6,202530,5349,0.336511,5349,0.336511,0,0
Region 6,202531,5449,0.568912,5449,0.568912,0,0
Region 6,202532,5699,0.280751,5699,0.280751,0,0
Region 6,202533,6703,0.492317,6703,0.492317,0,0
Region 6,202534,9345,0.321027,9345,0.321027,0,0
Region 6,202535,10140,0.364892,10140,0.364892,0,0
Region 6,202536,8471,0.354149,8471,0.354149,0,0
Region 6,202537,8610,0.534262,8610,0.534262,0,0
Region 6,202538,8017,0.473993,8017,0.473993,0,0
Region 6,202539,8021,1.03478,8021,1.03478,0,0
Region 6,202540,7776,0.874486,7776,0.874486,0,0
Region 6,202541,7671,1.05592,7671,1.05592,0,0
Region 6,202542,7283,1.22202,7283,1.22202,0,0
Region 6,202543,7396,1.52785,7396,1.52785,0,0
Region 6,202544,7499,1.98693,7499,1.98693,0,0
Region 6,202545,8407,3.36624,8407,3.36624,0,0
Region 6,202546,9326,5.79026,9326,5.79026,0,0
Region 6,202547,10589,9.63264,10589,9.63264,0,0
Region 6,202548,9140,13.2166,9140,13.2166,0,0
Region 6,202549,10139,10.7703,10139,10.7703,0,0
Region 6,202550,12218,19.414,12218,19.414,0,0
Region 6,202551,16207,30.783,16207,30.783,0,0
Region 6,202552,17423,38.0531,17423,38.0531,0,0
Region 6,202553,14326,28.731,14326,28.731,0,0
Region 6,202601,13066,21.047,13066,21.047,0,0
Region 6,202602,12163,19.3784,12163,19.3784,0,0
Region 6,202603,12750,22.8706,12750,22.8706,0,0
Region 6,202604,11853,22.1379,11853,22.1379,0,0
Region 6,202605,13636,22.7046,13636,22.7046,0,0
Region 6,202606,14251,23.6264,14251,23.6264,0,0
Region 6,202607,13337,21.9315,13337,21.9315,0,0
Region 6,202608,12999,18.5784,12999,18.5784,0,0
Region 6,202609,12502,17.0853,12502,17.0853,0,0
Region 6,202610,10887,15.3853,10887,15.3853,0,0
Region 6,202611,10051,13.0037,10051,13.0037,0,0
Region 6,202612,9037,11.0546,9037,11.0546,0,0
Region 6,202613,8431,7.62662,8431,7.62662,0,0
Region 6,202614,8203,6.05876,8203,6.05876,0,0
Region 6,202615,8013,3.89367,8013,3.89367,0,0
Region 6,202616,7446,3.35751,7446,3.35751,0,0
Region 6,202617,6709,2.90654,6709,2.90654,0,0
Region 6,202618,6926,1.90586,6926,1.90586,0,0
Region 6,202619,6647,1.33895,6647,1.33895,0,0
Region 6,202620,6050,1.19008,6050,1.19008,0,0
Region 6,202621,5533,1.19284,5533,1.19284,0,0
Region 6,202622,5038,0.774117,5038,0.774117,0,0
Region 6,202623,4708,0.658454,4708,0.658454,0,0
Region 6,202624,4246,0.400377,4246,0.400377,0,0
Region 6,202625,4080,0.392157,4080,0.392157,0,0
Region 6,202626,4424,0.949367,4424,0.949367,0,0
Region 6,202627,3868,0.698035,3868,0.698035,0,0
Region 6,202628,3753,0.985878,3753,0.985878,0,0
Region 6,202629,3811,0.419837,3811,0.419837,0,0
Region 6,202630,3920,0.382653,3920,0.382653,0,0
Region 6,202631,4141,0.531273,4141,0.531273,0,0
Region 6,202632,4434,0.608931,4434,0.608931,0,0
Region 6,202633,5992,0.784379,5992,0.784379,0,0
Region 6,202634,7376,0.935466,7376,0.935466,0,0
Region 6,202635,7432,0.901507,7432,0.901507,0,0
Region 6,202636,6897,1.15992,6897,1.15992,0,0
Region 6,202637,6882,1.84539,6882,1.84539,0,0
Region 6,202638,5266,3.00038,5266,3.00038,0,0
Region 7,201940,1071,0.28011200000000003,1071,0.28011200000000003,0,0
Region 7,201941,1243,0.563154,1243,0.563154,0,0
Region 7,201942,1365,0,1365,0,0,0
Region 7,201943,1454,0.206327,1454,0.206327,0,0
Region 7,201944,1462,0.341997,1462,0.341997,0,0
Region 7,201945,1059,0.75543,1059,0.75543,0,0
Region 7,201946,1085,2.94931,1085,2.94931,0,0
Region 7,201947,2072,4.05405,2072,4.05405,0,0
Region 7,201948,2072,5.35714,2072,5.35714,0,0
Region 7,201949,2326,6.79278,2326,6.79278,0,0
Region 7,201950,2882,14.5038,2882,14.5038,0,0
Region 7,201951,3374,22.3177,3374,22.3177,0,0
Region 7,201952,4038,27.9842,4038,27.9842,0,0
Region 7,202001,3934,23.2079,3934,23.2079,0,0
Region 7,202002,3489,21.9261,3489,21.9261,0,0
Region 7,202003,3463,25.296,3463,25.296,0,0
Region 7,202004,3585,31.0739,3585,31.0739,0,0
Region 7,202005,4058,33.9823,4058,33.9823,0,0
Region 7,202006,4415,36.7157,4415,36.7157,0,0
Region 7,202007,4600,35.587,4600,35.587,0,0
Region 7,202008,4297,35.7924,4297,35.7924,0,0
Region 7,202009,4320,32.2222,4320,32.2222,0,0
Region 7,202010,2904,30.062,2904,30.062,0,0
Region 7,202011,4313,20.2179,4313,20.2179,0,0
Region 7,202012,4416,8.0163,4416,8.0163,0,0
Region 7,202013,1156,2.94118,1156,2.94118,0,0
Region 7,202014,1782,1.12233,1782,1.12233,0,0
Region 7,202015,1189,0.336417,1189,0.336417,0,0
Region 7,202016,804,0.870647,804,0.870647,0,0
Region 7,202017,733,0,733,0,0,0
Region 7,202018,504,0.595238,504,0.595238,0,0
Region 7,202019,474,0.421941,474,0.421941,0,0
Region 7,202020,181,0,181,0,0,0
Region 7,202021,407,0.4914,407,0.4914,0,0
Region 7,202022,137,0,137,0,0,0
Region 7,202023,375,0.266667,375,0.266667,0,0
Region 7,202024,329,0,329,0,0,0
Region 7,202025,118,0,118,0,0,0
Region 7,202026,362,0.276243,362,0.276243,0,0
Region 7,202027,346,0,346,0,0,0
Region 7,202028,201,0,201,0,0,0
Region 7,202029,425,0.470588,425,0.470588,0,0
Region 7,202030,459,0,459,0,0,0
Region 7,202031,418,0.239234,418,0.239234,0,0
Region 7,202032,464,0.215517,464,0.215517,0,0
Region 7,202033,463,0,463,0,0,0
Region 7,202034,515,0,515,0,0,0
Region 7,202035,516,0,516,0,0,0
Region 7,202036,576,0,576,0,0,0
Region 7,202037,533,0,533,0,0,0
Region 7,202038,582,0.171821,582,0.171821,0,0
Region 7,202039,757,0,757,0,0,0
Region 7,202040,859,0,859,0,0,0
Region 7,202041,953,0.104932,953,0.104932,0,0
Region 7,202042,599,0.166945,599,0.166945,0,0
Region 7,202043,1061,0,1061,0,0,0
Region 7,202044,1153,0,1153,0,0,0
Region 7,202045,884,0,884,0,0,0
Region 7,202046,1159,0.0862813,1159,0.0862813,0,0
Region 7,202047,1149,0,1149,0,0,0
Region 7,202048,1074,0,1074,0,0,0
Region 7,202049,1881,0.15949,1881,0.15949,0,0
Region 7,202050,2612,0.0765697,2612,0.0765697,0,0
Region 7,202051,2437,0.0820681,2437,0.0820681,0,0
Region 7,202052,2038,0.0981354,2038,0.0981354,0,0
Region 7,202053,2224,0,2224,0,0,0
Region 7,202101,2442,0.04095,2442,0.04095,0,0
Region 7,202102,2298,0,2298,0,0,0
Region 7,202103,2102,0.0475737,2102,0.0475737,0,0
Region 7,202104,2017,0.0495786,2017,0.0495786,0,0
Region 7,202105,2557,0.0391083,2557,0.0391083,0,0
Region 7,202106,2162,0.0462535,2162,0.0462535,0,0
Region 7,202107,2211,0,2211,0,0,0
Region 7,202108,2387,0.0418936,2387,0.0418936,0,0
Region 7,202109,2441,0.0409668,2441,0.0409668,0,0
Region 7,202110,2398,0,2398,0,0,0
Region 7,202111,2337,0.12837,2337,0.12837,0,0
Region 7,202112,2353,0.0424989,2353,0.0424989,0,0
Region 7,202113,1057,0,1057,0,0,0
Region 7,202114,2115,0.0472813,2115,0.0472813,0,0
Region 7,202115,1139,0.175593,1139,0.175593,0,0
Region 7,202116,2500,0.04,2500,0.04,0,0
Region 7,202117,2541,0,2541,0,0,0
Region 7,202118,2643,0,2643,0,0,0
Region 7,202119,3035,0,3035,0,0,0
Region 7,202120,3189,0,3189,0,0,0
Region 7,202121,2915,0,2915,0,0,0
Region 7,202122,2995,0,2995,0,0,0
Region 7,202123,3271,0.0305717,3271,0.0305717,0,0
Region 7,202124,2542,0,2542,0,0,0
Region 7,202125,2347,0.0852152,2347,0.0852152,0,0
Region 7,202126,2261,0,2261,0,0,0
Region 7,202127,3672,0,3672,0,0,0
Region 7,202128,2542,0,2542,0,0,0
Region 7,202129,2409,0,2409,0,0,0
Region 7,202130,1788,0.0559284,1788,0.0559284,0,0
Region 7,202131,1892,0.0528541,1892,0.0528541,0,0
Region 7,202132,1912,0,1912,0,0,0
Region 7,202133,2030,0,2030,0,0,0
Region 7,202134,2150,0,2150,0,0,0
Region 7,202135,2421,0.0413052,2421,0.0413052,0,0
Region 7,202136,2789,0,2789,0,0,0
Region 7,202137,3076,0.0325098,3076,0.0325098,0,0
Region 7,202138,2375,0,2375,0,0,0
Region 7,202139,2246,0.0445236,2246,0.0445236,0,0
Region 7,202140,2677,0.0373552,2677,0.0373552,0,0
Region 7,202141,2493,0,2493,0,0,0
Region 7,202142,3208,0.0623441,3208,0.0623441,0,0
Region 7,202143,3232,0.0618812,3232,0.0618812,0,0
Region 7,202144,3492,0.114548,3492,0.114548,0,0
Region 7,202145,3655,0.191518,3655,0.191518,0,0
Region 7,202146,4487,0.200579,4487,0.200579,0,0
Region 7,202147,4343,1.05918,4343,1.05918,0,0
Region 7,202148,6529,2.38934,6529,2.38934,0,0
Region 7,202149,6968,3.55913,6968,3.55913,0,0
Region 7,202150,7811,6.04276,7811,6.04276,0,0
Region 7,202151,8626,7.59332,8626,7.59332,0,0
Region 7,202152,9042,6.27074,9042,6.27074,0,0
Region 7,202201,12556,3.22555,12556,3.22555,0,0
Region 7,202202,10822,2.49492,10822,2.49492,0,0
Region 7,202203,8863,2.74174,8863,2.74174,0,0
Region 7,202204,7086,3.13294,7086,3.13294,0,0
Region 7,202205,5402,3.9615,5402,3.9615,0,0
Region 7,202206,5178,5.17574,5178,5.17574,0,0
Region 7,202207,5134,8.12232,5134,8.12232,0,0
Region 7,202208,4925,9.54315,4925,9.54315,0,0
Region 7,202209,5017,10.4445,5017,10.4445,0,0
Region 7,202210,4370,12.7231,4370,12.7231,0,0
Region 7,202211,4545,9.70297,4545,9.70297,0,0
Region 7,202212,4464,8.28853,4464,8.28853,0,0
Region 7,202213,4697,7.00447,4697,7.00447,0,0
Region 7,202214,4524,7.78073,4524,7.78073,0,0
Region 7,202215,4344,7.02118,4344,7.02118,0,0
Region 7,202216,3718,6.15923,3718,6.15923,0,0
Region 7,202217,4500,5.48889,4500,5.48889,0,0
Region 7,202218,4627,3.28507,4627,3.28507,0,0
Region 7,202219,4531,2.84705,4531,2.84705,0,0
Region 7,202220,4320,1.62037,4320,1.62037,0,0
Region 7,202221,4165,1.22449,4165,1.22449,0,0
Region 7,202222,4065,1.05781,4065,1.05781,0,0
Region 7,202223,4015,0.373599,4015,0.373599,0,0
Region 7,202224,3840,0.364583,3840,0.364583,0,0
Region 7,202225,3926,0.229241,3926,0.229241,0,0
Region 7,202226,3925,0.203822,3925,0.203822,0,0
Region 7,202227,3940,0.177665,3940,0.177665,0,0
Region 7,202228,4317,0.185314,4317,0.185314,0,0
Region 7,202229,4403,0.181694,4403,0.181694,0,0
Region 7,202230,4054,0.123335,4054,0.123335,0,0
Region 7,202231,3897,0.0769823,3897,0.0769823,0,0
Region 7,202232,3892,0.102775,3892,0.102775,0,0
Region 7,202233,3724,0.241676,3724,0.241676,0,0
Region 7,202234,3763,0.0797236,3763,0.0797236,0,0
Region 7,202235,4182,0.071736,4182,0.071736,0,0
Region 7,202236,4194,0.119218,4194,0.119218,0,0
Region 7,202237,4224,0.118371,4224,0.118371,0,0
Region 7,202238,3993,0.100175,3993,0.100175,0,0
Region 7,202239,3762,0.186071,3762,0.186071,0,0
Region 7,202240,6454,0.604276,6454,0.604276,0,0
Region 7,202241,6570,0.624049,6570,0.624049,0,0
Region 7,202242,7164,1.54941,7164,1.54941,0,0
Region 7,202243,7289,3.88256,7289,3.88256,0,0
Region 7,202244,9110,6.97036,9110,6.97036,0,0
Region 7,202245,9735,9.70724,9735,9.70724,0,0
Region 7,202246,11081,16.226,11081,16.226,0,0
Region 7,202247,11794,27.5649,11794,27.5649,0,0
Region 7,202248,15021,28.0008,15021,28.0008,0,0
Region 7,202249,15950,32.0376,15950,32.0376,0,0
Region 7,202250,14187,35.9836,14187,35.9836,0,0
Region 7,202251,12187,29.991,12187,29.991,0,0
Region 7,202252,10979,21.3225,10979,21.3225,0,0
Region 7,202301,8932,12.5056,8932,12.5056,0,0
Region 7,202302,8307,7.29505,8307,7.29505,0,0
Region 7,202303,7642,4.80241,7642,4.80241,0,0
Region 7,202304,7470,3.10576,7470,3.10576,0,0
Region 7,202305,6868,2.03844,6868,2.03844,0,0
Region 7,202306,7222,1.37081,7222,1.37081,0,0
Region 7,202307,7071,1.31523,7071,1.31523,0,0
Region 7,202308,7172,0.962075,7172,0.962075,0,0
Region 7,202309,7159,0.935885,7159,0.935885,0,0
Region 7,202310,6922,1.19908,6922,1.19908,0,0
Region 7,202311,6845,0.978817,6845,0.978817,0,0
Region 7,202312,6332,1.26342,6332,1.26342,0,0
Region 7,202313,5724,1.08316,5724,1.08316,0,0
Region 7,202314,5276,1.04246,5276,1.04246,0,0
Region 7,202315,5063,0.790045,5063,0.790045,0,0
Region 7,202316,3887,1.0548,3887,1.0548,0,0
Region 7,202317,3304,0.877724,3304,0.877724,0,0
Region 7,202318,3949,0.8863,3949,0.8863,0,0
Region 7,202319,3678,0.761283,3678,0.761283,0,0
Region 7,202320,3643,0.796047,3643,0.796047,0,0
Region 7,202321,3415,0.527086,3415,0.527086,0,0
Region 7,202322,3170,0.504732,3170,0.504732,0,0
Region 7,202323,2754,0.617284,2754,0.617284,0,0
Region 7,202324,2495,1.002,2495,1.002,0,0
Region 7,202325,2326,0.94583,2326,0.94583,0,0
Region 7,202326,2110,0.900474,2110,0.900474,0,0
Region 7,202327,2131,0.422337,2131,0.422337,0,0
Region 7,202328,2246,0.845948,2246,0.845948,0,0
Region 7,202329,2159,0.741084,2159,0.741084,0,0
Region 7,202330,1897,0.896152,1897,0.896152,0,0
Region 7,202331,2271,0.660502,2271,0.660502,0,0
Region 7,202332,2429,0.617538,2429,0.617538,0,0
Region 7,202333,2872,1.32312,2872,1.32312,0,0
Region 7,202334,2535,1.10454,2535,1.10454,0,0
Region 7,202335,3274,0.519243,3274,0.519243,0,0
Region 7,202336,3560,0.421348,3560,0.421348,0,0
Region 7,202337,3770,0.477454,3770,0.477454,0,0
Region 7,202338,3693,0.406174,3693,0.406174,0,0
Region 7,202339,3342,0.2693,3342,0.2693,0,0
Region 7,202340,4508,0.488021,4508,0.488021,0,0
Region 7,202341,4749,0.652769,4749,0.652769,0,0
Region 7,202342,4932,0.689376,4932,0.689376,0,0
Region 7,202343,4968,0.664251,4968,0.664251,0,0
Region 7,202344,5282,1.04127,5282,1.04127,0,0
Region 7,202345,6219,1.76877,6219,1.76877,0,0
Region 7,202346,6368,1.94724,6368,1.94724,0,0
Region 7,202347,6353,2.58146,6353,2.58146,0,0
Region 7,202348,8258,3.56018,8258,3.56018,0,0
Region 7,202349,9229,5.69943,9229,5.69943,0,0
Region 7,202350,10529,8.40536,10529,8.40536,0,0
Region 7,202351,11304,11.3942,11304,11.3942,0,0
Region 7,202352,11167,12.8683,11167,12.8683,0,0
Region 7,202401,9838,11.8927,9838,11.8927,0,0
Region 7,202402,8501,13.9984,8501,13.9984,0,0
Region 7,202403,7293,14.3014,7293,14.3014,0,0
Region 7,202404,8021,15.8085,8021,15.8085,0,0
Region 7,202405,9164,20.8533,9164,20.8533,0,0
Region 7,202406,10256,22.7964,10256,22.7964,0,0
Region 7,202407,10181,24.4082,10181,24.4082,0,0
Region 7,202408,10469,26.0388,10469,26.0388,0,0
Region 7,202409,8151,27.9966,8151,27.9966,0,0
Region 7,202410,6818,27.7794,6818,27.7794,0,0
Region 7,202411,7597,22.4167,7597,22.4167,0,0
Region 7,202412,6578,17.1785,6578,17.1785,0,0
Region 7,202413,6246,16.3625,6246,16.3625,0,0
Region 7,202414,5089,16.683,5089,16.683,0,0
Region 7,202415,4493,12.1077,4493,12.1077,0,0
Region 7,202416,4089,9.07312,4089,9.07312,0,0
Region 7,202417,4881,5.79799,4881,5.79799,0,0
Region 7,202418,3438,4.18848,3438,4.18848,0,0
Region 7,202419,3114,2.79383,3114,2.79383,0,0
Region 7,202420,2681,1.79038,2681,1.79038,0,0
Region 7,202421,2316,1.03627,2316,1.03627,0,0
Region 7,202422,2009,1.19462,2009,1.19462,0,0
Region 7,202423,1984,0.806452,1984,0.806452,0,0
Region 7,202424,1962,0.458716,1962,0.458716,0,0
Region 7,202425,1796,0.612472,1796,0.612472,0,0
Region 7,202426,1745,0.286533,1745,0.286533,0,0
Region 7,202427,1660,0.963855,1660,0.963855,0,0
Region 7,202428,1954,0.460594,1954,0.460594,0,0
Region 7,202429,1923,0.26001,1923,0.26001,0,0
Region 7,202430,2079,0,2079,0,0,0
Region 7,202431,2182,0.0458295,2182,0.0458295,0,0
Region 7,202432,2379,0.252207,2379,0.252207,0,0
Region 7,202433,2463,0.162404,2463,0.162404,0,0
Region 7,202434,2779,0.179921,2779,0.179921,0,0
Region 7,202435,3039,0.329056,3039,0.329056,0,0
Region 7,202436,4149,0.0964088,4149,0.0964088,0,0
Region 7,202437,4599,0.195695,4599,0.195695,0,0
Region 7,202438,4401,0.454442,4401,0.454442,0,0
Region 7,202439,4116,0.413022,4116,0.413022,0,0
Region 7,202440,4556,0.329236,4556,0.329236,0,0
Region 7,202441,4912,0.325733,4912,0.325733,0,0
Region 7,202442,6207,0.257773,6207,0.257773,0,0
Region 7,202443,6318,0.41152300000000003,6318,0.41152300000000003,0,0
Region 7,202444,6285,0.89101,6285,0.89101,0,0
Region 7,202445,6388,0.61052,6388,0.61052,0,0
Region 7,202446,6089,0.558384,6089,0.558384,0,0
Region 7,202447,6970,0.774749,6970,0.774749,0,0
Region 7,202448,7405,1.37745,7405,1.37745,0,0
Region 7,202449,7850,3.12102,7850,3.12102,0,0
Region 7,202450,8357,5.75565,8357,5.75565,0,0
Region 7,202451,9391,11.9796,9391,11.9796,0,0
Region 7,202452,10804,19.3632,10804,19.3632,0,0
Region 7,202501,11296,17.5903,11296,17.5903,0,0
Region 7,202502,10732,18.7104,10732,18.7104,0,0
Region 7,202503,11715,22.6803,11715,22.6803,0,0
Region 7,202504,11778,27.874,11778,27.874,0,0
Region 7,202505,15432,36.217,15432,36.217,0,0
Region 7,202506,16362,35.2035,16362,35.2035,0,0
Region 7,202507,14690,30.9122,14690,30.9122,0,0
Region 7,202508,12161,25.9354,12161,25.9354,0,0
Region 7,202509,10812,21.1154,10812,21.1154,0,0
Region 7,202510,9531,16.2208,9531,16.2208,0,0
Region 7,202511,8530,12.4385,8530,12.4385,0,0
Region 7,202512,7235,7.79544,7235,7.79544,0,0
Region 7,202513,6714,6.34495,6714,6.34495,0,0
Region 7,202514,6145,4.57282,6145,4.57282,0,0
Region 7,202515,6201,3.75746,6201,3.75746,0,0
Region 7,202516,4636,3.40811,4636,3.40811,0,0
Region 7,202517,5682,2.30553,5682,2.30553,0,0
Region 7,202518,5252,1.69459,5252,1.69459,0,0
Region 7,202519,5003,1.43914,5003,1.43914,0,0
Region 7,202520,4935,1.15502,4935,1.15502,0,0
Region 7,202521,4364,0.91659,4364,0.91659,0,0
Region 7,202522,4343,0.62169,4343,0.62169,0,0
Region 7,202523,3910,0.588235,3910,0.588235,0,0
Region 7,202524,3700,0.459459,3700,0.459459,0,0
Region 7,202525,3585,0.446304,3585,0.446304,0,0
Region 7,202526,3568,0.336323,3568,0.336323,0,0
Region 7,202527,3210,0.529595,3210,0.529595,0,0
Region 7,202528,3080,0.487013,3080,0.487013,0,0
Region 7,202529,3090,0.323625,3090,0.323625,0,0
Region 7,202530,3233,0.247448,3233,0.247448,0,0
Region 7,202531,3188,0.0941029,3188,0.0941029,0,0
Region 7,202532,3449,0.14497,3449,0.14497,0,0
Region 7,202533,3629,0.192891,3629,0.192891,0,0
Region 7,202534,4004,0.24975,4004,0.24975,0,0
Region 7,202535,4678,0.44891,4678,0.44891,0,0
Region 7,202536,5294,0.302229,5294,0.302229,0,0
Region 7,202537,5811,0.258131,5811,0.258131,0,0
Region 7,202538,5486,0.236967,5486,0.236967,0,0
Region 7,202539,5049,0.217865,5049,0.217865,0,0
Region 7,202540,5104,0.15674,5104,0.15674,0,0
Region 7,202541,5152,0.13587,5152,0.13587,0,0
Region 7,202542,5002,0.339864,5002,0.339864,0,0
Region 7,202543,4901,0.346868,4901,0.346868,0,0
Region 7,202544,4989,0.44097,4989,0.44097,0,0
Region 7,202545,5595,0.75067,5595,0.75067,0,0
Region 7,202546,5620,1.13879,5620,1.13879,0,0
Region 7,202547,5836,2.02193,5836,2.02193,0,0
Region 7,202548,4885,2.41556,4885,2.41556,0,0
Region 7,202549,6027,3.21885,6027,3.21885,0,0
Region 7,202550,6490,7.25732,6490,7.25732,0,0
Region 7,202551,8545,19.5436,8545,19.5436,0,0
Region 7,202552,10485,28.3357,10485,28.3357,0,0
Region 7,202553,10288,24.4071,10288,24.4071,0,0
Region 7,202601,10497,19.5103,10497,19.5103,0,0
Region 7,202602,9521,21.5944,9521,21.5944,0,0
Region 7,202603,9337,24.3012,9337,24.3012,0,0
Region 7,202604,9191,23.9909,9191,23.9909,0,0
Region 7,202605,10369,25.1712,10369,25.1712,0,0
Region 7,202606,10551,26.2724,10551,26.2724,0,0
Region 7,202607,10578,24.1917,10578,24.1917,0,0
Region 7,202608,9715,18.6927,9715,18.6927,0,0
Region 7,202609,9343,19.9936,9343,19.9936,0,0
Region 7,202610,8040,15.1617,8040,15.1617,0,0
Region 7,202611,6690,10.5381,6690,10.5381,0,0
Region 7,202612,6294,7.94407,6294,7.94407,0,0
Region 7,202613,5752,6.08484,5752,6.08484,0,0
Region 7,202614,5277,3.99848,5277,3.99848,0,0
Region 7,202615,5221,3.19862,5221,3.19862,0,0
Region 7,202616,4821,2.40614,4821,2.40614,0,0
Region 7,202617,4224,1.23106,4224,1.23106,0,0
Region 7,202618,4196,0.738799,4196,0.738799,0,0
Region 7,202619,3869,0.646162,3869,0.646162,0,0
Region 7,202620,3706,0.431732,3706,0.431732,0,0
Region 7,202621,3453,0.347524,3453,0.347524,0,0
Region 7,202622,3392,0.26533,3392,0.26533,0,0
Region 7,202623,2874,0.313152,2874,0.313152,0,0
Region 7,202624,2663,0.488171,2663,0.488171,0,0
Region 7,202625,2627,0.723258,2627,0.723258,0,0
Region 7,202626,2411,0.456242,2411,0.456242,0,0
Region 7,202627,2638,0.720243,2638,0.720243,0,0
Region 7,202628,2320,0.12931,2320,0.12931,0,0
Region 7,202629,2449,0.285831,2449,0.285831,0,0
Region 7,202630,2438,0.164069,2438,0.164069,0,0
Region 7,202631,2585,0.386847,2585,0.386847,0,0
Region 7,202632,2560,0.46875,2560,0.46875,0,0
Region 7,202633,2665,0.412758,2665,0.412758,0,0
Region 7,202634,3111,0.8036,3111,0.8036,0,0
Region 7,202635,3149,0.635122,3149,0.635122,0,0
Region 7,202636,3303,0.787163,3303,0.787163,0,0
Region 7,202637,3546,1.21263,3546,1.21263,0,0
Region 7,202638,3238,1.91476,3238,1.91476,0,0
Region 8,201940,1098,1.36612,1098,1.36612,0,0
Region 8,201941,1151,1.30321,1151,1.30321,0,0
Region 8,201942,1333,1.72543,1333,1.72543,0,0
Region 8,201943,1340,2.01493,1340,2.01493,0,0
Region 8,201944,1301,2.30592,1301,2.30592,0,0
Region 8,201945,1515,5.28053,1515,5.28053,0,0
Region 8,201946,1641,6.15478,1641,6.15478,0,0
Region 8,201947,1880,7.76596,1880,7.76596,0,0
Region 8,201948,1899,11.8483,1899,11.8483,0,0
Region 8,201949,2265,13.5541,2265,13.5541,0,0
Region 8,201950,2547,15.9403,2547,15.9403,0,0
Region 8,201951,3241,22.4005,3241,22.4005,0,0
Region 8,201952,3626,27.1098,3626,27.1098,0,0
Region 8,202001,3986,27.0697,3986,27.0697,0,0
Region 8,202002,3868,25.2585,3868,25.2585,0,0
Region 8,202003,4123,29.9782,4123,29.9782,0,0
Region 8,202004,4647,31.827,4647,31.827,0,0
Region 8,202005,4941,30.9249,4941,30.9249,0,0
Region 8,202006,4827,31.3445,4827,31.3445,0,0
Region 8,202007,5079,31.3841,5079,31.3841,0,0
Region 8,202008,4598,30.8612,4598,30.8612,0,0
Region 8,202009,4512,28.7012,4512,28.7012,0,0
Region 8,202010,4751,26.1629,4751,26.1629,0,0
Region 8,202011,5930,17.032,5930,17.032,0,0
Region 8,202012,6878,9.5522,6878,9.5522,0,0
Region 8,202013,4706,3.10242,4706,3.10242,0,0
Region 8,202014,2890,0.622837,2890,0.622837,0,0
Region 8,202015,1769,0.226116,1769,0.226116,0,0
Region 8,202016,1397,0.214746,1397,0.214746,0,0
Region 8,202017,1232,0.324675,1232,0.324675,0,0
Region 8,202018,1007,0.0993049,1007,0.0993049,0,0
Region 8,202019,924,0,924,0,0,0
Region 8,202020,848,0,848,0,0,0
Region 8,202021,757,0,757,0,0,0
Region 8,202022,616,0.162338,616,0.162338,0,0
Region 8,202023,599,2.00334,599,2.00334,0,0
Region 8,202024,498,0,498,0,0,0
Region 8,202025,509,0,509,0,0,0
Region 8,202026,541,0,541,0,0,0
Region 8,202027,533,0,533,0,0,0
Region 8,202028,468,0,468,0,0,0
Region 8,202029,635,0.314961,635,0.314961,0,0
Region 8,202030,922,0,922,0,0,0
Region 8,202031,834,0.119904,834,0.119904,0,0
Region 8,202032,844,0,844,0,0,0
Region 8,202033,782,0,782,0,0,0
Region 8,202034,703,0,703,0,0,0
Region 8,202035,694,0,694,0,0,0
Region 8,202036,706,0,706,0,0,0
Region 8,202037,910,0,910,0,0,0
Region 8,202038,1121,0.0892061,1121,0.0892061,0,0
Region 8,202039,1188,0,1188,0,0,0
Region 8,202040,1394,0,1394,0,0,0
Region 8,202041,1558,0,1558,0,0,0
Region 8,202042,1555,0.192926,1555,0.192926,0,0
Region 8,202043,1737,0.0575705,1737,0.0575705,0,0
Region 8,202044,2431,0.0822707,2431,0.0822707,0,0
Region 8,202045,3452,0,3452,0,0,0
Region 8,202046,3577,0.0838692,3577,0.0838692,0,0
Region 8,202047,3162,0.0316256,3162,0.0316256,0,0
Region 8,202048,2560,0,2560,0,0,0
Region 8,202049,4116,0.0971817,4116,0.0971817,0,0
Region 8,202050,2392,0.041806,2392,0.041806,0,0
Region 8,202051,2160,0,2160,0,0,0
Region 8,202052,1857,0,1857,0,0,0
Region 8,202053,1837,0.0544366,1837,0.0544366,0,0
Region 8,202101,2092,0,2092,0,0,0
Region 8,202102,1726,0,1726,0,0,0
Region 8,202103,1717,0,1717,0,0,0
Region 8,202104,1628,0,1628,0,0,0
Region 8,202105,1582,0,1582,0,0,0
Region 8,202106,1572,0,1572,0,0,0
Region 8,202107,1778,0,1778,0,0,0
Region 8,202108,1635,0.0611621,1635,0.0611621,0,0
Region 8,202109,1396,0,1396,0,0,0
Region 8,202110,1593,0,1593,0,0,0
Region 8,202111,1709,0,1709,0,0,0
Region 8,202112,2035,0,2035,0,0,0
Region 8,202113,1872,0,1872,0,0,0
Region 8,202114,1938,0,1938,0,0,0
Region 8,202115,2078,0,2078,0,0,0
Region 8,202116,2039,0,2039,0,0,0
Region 8,202117,2094,0,2094,0,0,0
Region 8,202118,1841,0,1841,0,0,0
Region 8,202119,1872,0,1872,0,0,0
Region 8,202120,1636,0,1636,0,0,0
Region 8,202121,1599,0.0625391,1599,0.0625391,0,0
Region 8,202122,1625,0,1625,0,0,0
Region 8,202123,1260,0,1260,0,0,0
Region 8,202124,896,0,896,0,0,0
Region 8,202125,941,0,941,0,0,0
Region 8,202126,939,0,939,0,0,0
Region 8,202127,1028,0,1028,0,0,0
Region 8,202128,1213,0.0824402,1213,0.0824402,0,0
Region 8,202129,1356,0,1356,0,0,0
Region 8,202130,1583,0,1583,0,0,0
Region 8,202131,1865,0.0536193,1865,0.0536193,0,0
Region 8,202132,2219,0,2219,0,0,0
Region 8,202133,2307,0,2307,0,0,0
Region 8,202134,2501,0.079968,2501,0.079968,0,0
Region 8,202135,2886,0,2886,0,0,0
Region 8,202136,2668,0,2668,0,0,0
Region 8,202137,2668,0.0749625,2668,0.0749625,0,0
Region 8,202138,2585,0.0386847,2585,0.0386847,0,0
Region 8,202139,2992,0.0334225,2992,0.0334225,0,0
Region 8,202140,3030,0.0990099,3030,0.0990099,0,0
Region 8,202141,2884,0.0693481,2884,0.0693481,0,0
Region 8,202142,3543,0.0564493,3543,0.0564493,0,0
Region 8,202143,3072,0.0976563,3072,0.0976563,0,0
Region 8,202144,3980,0.100503,3980,0.100503,0,0
Region 8,202145,4514,0.221533,4514,0.221533,0,0
Region 8,202146,4588,0.43592,4588,0.43592,0,0
Region 8,202147,4054,0.444006,4054,0.444006,0,0
Region 8,202148,4749,1.26342,4749,1.26342,0,0
Region 8,202149,4187,1.76738,4187,1.76738,0,0
Region 8,202150,4054,5.0814,4054,5.0814,0,0
Region 8,202151,5005,6.65335,5005,6.65335,0,0
Region 8,202152,6654,5.47039,6654,5.47039,0,0
Region 8,202201,6421,4.34512,6421,4.34512,0,0
Region 8,202202,7138,5.79994,7138,5.79994,0,0
Region 8,202203,5892,5.80448,5892,5.80448,0,0
Region 8,202204,4118,4.73531,4118,4.73531,0,0
Region 8,202205,3323,5.71772,3323,5.71772,0,0
Region 8,202206,4417,4.98076,4417,4.98076,0,0
Region 8,202207,2874,7.51566,2874,7.51566,0,0
Region 8,202208,2298,5.74413,2298,5.74413,0,0
Region 8,202209,2360,5,2360,5,0,0
Region 8,202210,2177,5.64998,2177,5.64998,0,0
Region 8,202211,2031,6.79468,2031,6.79468,0,0
Region 8,202212,2023,5.98122,2023,5.98122,0,0
Region 8,202213,1976,8.50202,1976,8.50202,0,0
Region 8,202214,1931,7.97514,1931,7.97514,0,0
Region 8,202215,2074,9.69142,2074,9.69142,0,0
Region 8,202216,2132,10.1782,2132,10.1782,0,0
Region 8,202217,2579,9.03451,2579,9.03451,0,0
Region 8,202218,2588,10.2009,2588,10.2009,0,0
Region 8,202219,2527,6.56905,2527,6.56905,0,0
Region 8,202220,3439,4.82698,3439,4.82698,0,0
Region 8,202221,2304,7.07465,2304,7.07465,0,0
Region 8,202222,2774,3.46071,2774,3.46071,0,0
Region 8,202223,2670,2.17228,2670,2.17228,0,0
Region 8,202224,2391,1.08741,2391,1.08741,0,0
Region 8,202225,2384,0.79698,2384,0.79698,0,0
Region 8,202226,2305,0.390456,2305,0.390456,0,0
Region 8,202227,2316,0.215889,2316,0.215889,0,0
Region 8,202228,2134,0.0937207,2134,0.0937207,0,0
Region 8,202229,2223,0.134953,2223,0.134953,0,0
Region 8,202230,1987,0.150981,1987,0.150981,0,0
Region 8,202231,1851,0.270124,1851,0.270124,0,0
Region 8,202232,1787,0.111919,1787,0.111919,0,0
Region 8,202233,1764,0.0566893,1764,0.0566893,0,0
Region 8,202234,2424,0.0412541,2424,0.0412541,0,0
Region 8,202235,1972,0.0507099,1972,0.0507099,0,0
Region 8,202236,1961,0.254972,1961,0.254972,0,0
Region 8,202237,1838,0.108814,1838,0.108814,0,0
Region 8,202238,2195,0.0911162,2195,0.0911162,0,0
Region 8,202239,1984,0.100806,1984,0.100806,0,0
Region 8,202240,2023,0.148295,2023,0.148295,0,0
Region 8,202241,1893,0.686741,1893,0.686741,0,0
Region 8,202242,1916,1.61795,1916,1.61795,0,0
Region 8,202243,2197,2.27583,2197,2.27583,0,0
Region 8,202244,2807,6.51942,2807,6.51942,0,0
Region 8,202245,3239,11.0837,3239,11.0837,0,0
Region 8,202246,4155,16.5824,4155,16.5824,0,0
Region 8,202247,4344,20.8564,4344,20.8564,0,0
Region 8,202248,4585,24.4057,4585,24.4057,0,0
Region 8,202249,4523,25.6909,4523,25.6909,0,0
Region 8,202250,4715,25.3446,4715,25.3446,0,0
Region 8,202251,3961,22.2671,3961,22.2671,0,0
Region 8,202252,3880,18.5567,3880,18.5567,0,0
Region 8,202301,3111,12.7933,3111,12.7933,0,0
Region 8,202302,2596,8.08937,2596,8.08937,0,0
Region 8,202303,2456,6.06678,2456,6.06678,0,0
Region 8,202304,2301,3.91134,2301,3.91134,0,0
Region 8,202305,2285,2.62582,2285,2.62582,0,0
Region 8,202306,2400,1.95833,2400,1.95833,0,0
Region 8,202307,2393,1.75512,2393,1.75512,0,0
Region 8,202308,2394,1.21136,2394,1.21136,0,0
Region 8,202309,2333,0.985855,2333,0.985855,0,0
Region 8,202310,2237,1.11757,2237,1.11757,0,0
Region 8,202311,2128,1.12782,2128,1.12782,0,0
Region 8,202312,2129,1.2682,2129,1.2682,0,0
Region 8,202313,1854,1.2945,1854,1.2945,0,0
Region 8,202314,1934,2.06825,1934,2.06825,0,0
Region 8,202315,1900,1.73684,1900,1.73684,0,0
Region 8,202316,1770,0.903955,1770,0.903955,0,0
Region 8,202317,1720,1.16279,1720,1.16279,0,0
Region 8,202318,1643,1.21729,1643,1.21729,0,0
Region 8,202319,1451,0.827016,1451,0.827016,0,0
Region 8,202320,1375,1.45455,1375,1.45455,0,0
Region 8,202321,1269,1.41844,1269,1.41844,0,0
Region 8,202322,1221,0.982801,1221,0.982801,0,0
Region 8,202323,1145,0.349345,1145,0.349345,0,0
Region 8,202324,1058,1.13422,1058,1.13422,0,0
Region 8,202325,1022,0.489237,1022,0.489237,0,0
Region 8,202326,986,1.31846,986,1.31846,0,0
Region 8,202327,910,0.32967,910,0.32967,0,0
Region 8,202328,942,1.27389,942,1.27389,0,0
Region 8,202329,926,0.539957,926,0.539957,0,0
Region 8,202330,955,0.418848,955,0.418848,0,0
Region 8,202331,960,0.416667,960,0.416667,0,0
Region 8,202332,1003,0.797607,1003,0.797607,0,0
Region 8,202333,1182,0.676819,1182,0.676819,0,0
Region 8,202334,1340,0.298507,1340,0.298507,0,0
Region 8,202335,1441,0.277585,1441,0.277585,0,0
Region 8,202336,1656,0.483092,1656,0.483092,0,0
Region 8,202337,1622,0.308261,1622,0.308261,0,0
Region 8,202338,1795,0.779944,1795,0.779944,0,0
Region 8,202339,1873,0.961025,1873,0.961025,0,0
Region 8,202340,2107,1.0916,2107,1.0916,0,0
Region 8,202341,2286,1.79353,2286,1.79353,0,0
Region 8,202342,2174,1.24195,2174,1.24195,0,0
Region 8,202343,2065,2.08232,2065,2.08232,0,0
Region 8,202344,2089,4.02106,2089,4.02106,0,0
Region 8,202345,2453,6.52263,2453,6.52263,0,0
Region 8,202346,2885,11.0919,2885,11.0919,0,0
Region 8,202347,2928,13.1831,2928,13.1831,0,0
Region 8,202348,3529,12.7515,3529,12.7515,0,0
Region 8,202349,3622,16.8967,3622,16.8967,0,0
Region 8,202350,3720,24.1398,3720,24.1398,0,0
Region 8,202351,3835,25.3194,3835,25.3194,0,0
Region 8,202352,3723,27.9076,3723,27.9076,0,0
Region 8,202401,3888,22.428,3888,22.428,0,0
Region 8,202402,3565,21.8233,3565,21.8233,0,0
Region 8,202403,3238,21.1859,3238,21.1859,0,0
Region 8,202404,3286,20.7243,3286,20.7243,0,0
Region 8,202405,3236,20.241,3236,20.241,0,0
Region 8,202406,3236,20.3028,3236,20.3028,0,0
Region 8,202407,2860,17.8671,2860,17.8671,0,0
Region 8,202408,2738,17.2754,2738,17.2754,0,0
Region 8,202409,2733,14.7457,2733,14.7457,0,0
Region 8,202410,2588,12.5966,2588,12.5966,0,0
Region 8,202411,2430,12.3045,2430,12.3045,0,0
Region 8,202412,2285,9.49672,2285,9.49672,0,0
Region 8,202413,2083,8.06529,2083,8.06529,0,0
Region 8,202414,2011,6.96171,2011,6.96171,0,0
Region 8,202415,2050,6.68293,2050,6.68293,0,0
Region 8,202416,1788,4.47427,1788,4.47427,0,0
Region 8,202417,1822,2.90889,1822,2.90889,0,0
Region 8,202418,1761,2.8393,1761,2.8393,0,0
Region 8,202419,1753,2.22476,1753,2.22476,0,0
Region 8,202420,1618,1.91595,1618,1.91595,0,0
Region 8,202421,1586,1.45019,1586,1.45019,0,0
Region 8,202422,1449,1.65631,1449,1.65631,0,0
Region 8,202423,1331,0.826446,1331,0.826446,0,0
Region 8,202424,1121,1.60571,1121,1.60571,0,0
Region 8,202425,1259,0.635425,1259,0.635425,0,0
Region 8,202426,1222,0.900164,1222,0.900164,0,0
Region 8,202427,1185,1.85654,1185,1.85654,0,0
Region 8,202428,1468,0.885559,1468,0.885559,0,0
Region 8,202429,1476,0.880759,1476,0.880759,0,0
Region 8,202430,1544,0.518135,1544,0.518135,0,0
Region 8,202431,1500,0.6,1500,0.6,0,0
Region 8,202432,1481,0.405132,1481,0.405132,0,0
Region 8,202433,1701,0.176367,1701,0.176367,0,0
Region 8,202434,1799,0.222346,1799,0.222346,0,0
Region 8,202435,2097,0.190749,2097,0.190749,0,0
Region 8,202436,2026,0.394867,2026,0.394867,0,0
Region 8,202437,2061,0.436681,2061,0.436681,0,0
Region 8,202438,1617,0.185529,1617,0.185529,0,0
Region 8,202439,1772,0.451467,1772,0.451467,0,0
Region 8,202440,1826,0.492881,1826,0.492881,0,0
Region 8,202441,1811,0.773054,1811,0.773054,0,0
Region 8,202442,1721,0.639163,1721,0.639163,0,0
Region 8,202443,1954,0.716479,1954,0.716479,0,0
Region 8,202444,2000,0.95,2000,0.95,0,0
Region 8,202445,1935,1.44703,1935,1.44703,0,0
Region 8,202446,2004,1.84631,2004,1.84631,0,0
Region 8,202447,2026,2.02369,2026,2.02369,0,0
Region 8,202448,2003,4.14378,2003,4.14378,0,0
Region 8,202449,2315,5.054,2315,5.054,0,0
Region 8,202450,2470,6.68016,2470,6.68016,0,0
Region 8,202451,2996,15.5874,2996,15.5874,0,0
Region 8,202452,3559,21.4948,3559,21.4948,0,0
Region 8,202501,3759,22.1601,3759,22.1601,0,0
Region 8,202502,3617,20.0719,3617,20.0719,0,0
Region 8,202503,3482,24.5549,3482,24.5549,0,0
Region 8,202504,4004,25.025,4004,25.025,0,0
Region 8,202505,3924,30.0714,3924,30.0714,0,0
Region 8,202506,4985,30.7924,4985,30.7924,0,0
Region 8,202507,4806,27.0703,4806,27.0703,0,0
Region 8,202508,4581,24.3397,4581,24.3397,0,0
Region 8,202509,4369,19.3866,4369,19.3866,0,0
Region 8,202510,4012,15.1047,4012,15.1047,0,0
Region 8,202511,3777,11.6495,3777,11.6495,0,0
Region 8,202512,3315,9.71342,3315,9.71342,0,0
Region 8,202513,2959,7.29976,2959,7.29976,0,0
Region 8,202514,2710,5.01845,2710,5.01845,0,0
Region 8,202515,2561,4.49043,2561,4.49043,0,0
Region 8,202516,2431,4.40148,2431,4.40148,0,0
Region 8,202517,2373,3.53982,2373,3.53982,0,0
Region 8,202518,2170,3.13364,2170,3.13364,0,0
Region 8,202519,2234,3.35721,2234,3.35721,0,0
Region 8,202520,1917,2.92123,1917,2.92123,0,0
Region 8,202521,1872,3.47222,1872,3.47222,0,0
Region 8,202522,1745,4.41261,1745,4.41261,0,0
Region 8,202523,1536,2.60417,1536,2.60417,0,0
Region 8,202524,1787,1.17515,1787,1.17515,0,0
Region 8,202525,1545,0.841424,1545,0.841424,0,0
Region 8,202526,1299,0.538876,1299,0.538876,0,0
Region 8,202527,1205,0.995851,1205,0.995851,0,0
Region 8,202528,1279,0.781861,1279,0.781861,0,0
Region 8,202529,1118,0.447227,1118,0.447227,0,0
Region 8,202530,1127,0.354925,1127,0.354925,0,0
Region 8,202531,1191,0.503778,1191,0.503778,0,0
Region 8,202532,1526,0.262123,1526,0.262123,0,0
Region 8,202533,1705,0.234604,1705,0.234604,0,0
Region 8,202534,1369,0.146092,1369,0.146092,0,0
Region 8,202535,1739,0.230017,1739,0.230017,0,0
Region 8,202536,1730,0.289017,1730,0.289017,0,0
Region 8,202537,1878,0.479233,1878,0.479233,0,0
Region 8,202538,1859,0.268962,1859,0.268962,0,0
Region 8,202539,1818,0.49505,1818,0.49505,0,0
Region 8,202540,1884,0.583864,1884,0.583864,0,0
Region 8,202541,1875,0.64,1875,0.64,0,0
Region 8,202542,1824,0.877193,1824,0.877193,0,0
Region 8,202543,1760,1.02273,1760,1.02273,0,0
Region 8,202544,1765,2.43626,1765,2.43626,0,0
Region 8,202545,2096,5.24809,2096,5.24809,0,0
Region 8,202546,2371,9.53184,2371,9.53184,0,0
Region 8,202547,2486,14.1191,2486,14.1191,0,0
Region 8,202548,2467,16.8221,2467,16.8221,0,0
Region 8,202549,2928,18.9891,2928,18.9891,0,0
Region 8,202550,3370,27.2107,3370,27.2107,0,0
Region 8,202551,4187,34.8698,4187,34.8698,0,0
Region 8,202552,4905,39.9185,4905,39.9185,0,0
Region 8,202553,4564,32.3401,4564,32.3401,0,0
Region 8,202601,4012,23.9282,4012,23.9282,0,0
Region 8,202602,3351,18.114,3351,18.114,0,0
Region 8,202603,3128,17.0396,3128,17.0396,0,0
Region 8,202604,3255,16.4977,3255,16.4977,0,0
Region 8,202605,3514,15.5378,3514,15.5378,0,0
Region 8,202606,3470,16.9452,3470,16.9452,0,0
Region 8,202607,3747,17.3472,3747,17.3472,0,0
Region 8,202608,3742,21.4057,3742,21.4057,0,0
Region 8,202609,3793,18.956,3793,18.956,0,0
Region 8,202610,3777,20.2806,3777,20.2806,0,0
Region 8,202611,3483,19.5521,3483,19.5521,0,0
Region 8,202612,2972,13.6608,2972,13.6608,0,0
Region 8,202613,2688,12.9836,2688,12.9836,0,0
Region 8,202614,2489,9.64243,2489,9.64243,0,0
Region 8,202615,2384,8.38926,2384,8.38926,0,0
Region 8,202616,2242,6.77966,2242,6.77966,0,0
Region 8,202617,2077,5.48869,2077,5.48869,0,0
Region 8,202618,1989,3.82102,1989,3.82102,0,0
Region 8,202619,1756,4.55581,1756,4.55581,0,0
Region 8,202620,1686,2.72835,1686,2.72835,0,0
Region 8,202621,1666,1.80072,1666,1.80072,0,0
Region 8,202622,1447,0.691085,1447,0.691085,0,0
Region 8,202623,1322,0.529501,1322,0.529501,0,0
Region 8,202624,1188,0.420875,1188,0.420875,0,0
Region 8,202625,1080,0.37037,1080,0.37037,0,0
Region 8,202626,1081,0.370028,1081,0.370028,0,0
Region 8,202627,1089,0.734619,1089,0.734619,0,0
Region 8,202628,960,0.208333,960,0.208333,0,0
Region 8,202629,1020,0.392157,1020,0.392157,0,0
Region 8,202630,973,0.308325,973,0.308325,0,0
Region 8,202631,980,0.306122,980,0.306122,0,0
Region 8,202632,1042,0.767754,1042,0.767754,0,0
Region 8,202633,1205,0.829876,1205,0.829876,0,0
Region 8,202634,1443,0.762301,1443,0.762301,0,0
Region 8,202635,1547,1.22818,1547,1.22818,0,0
Region 8,202636,1724,1.62413,1724,1.62413,0,0
Region 8,202637,1425,2.94737,1425,2.94737,0,0
Region 8,202638,1940,3.60825,1940,3.60825,0,0
Region 9,201940,2373,1.72777,2373,1.72777,0,0
Region 9,201941,2509,2.07254,2509,2.07254,0,0
Region 9,201942,2532,2.44866,2532,2.44866,0,0
Region 9,201943,2609,2.98965,2609,2.98965,0,0
Region 9,201944,2635,4.21252,2635,4.21252,0,0
Region 9,201945,3339,9.22432,3339,9.22432,0,0
Region 9,201946,3786,11.5954,3786,11.5954,0,0
Region 9,201947,3966,13.0106,3966,13.0106,0,0
Region 9,201948,3608,15.0222,3608,15.0222,0,0
Region 9,201949,4454,16.4122,4454,16.4122,0,0
Region 9,201950,4763,18.0768,4763,18.0768,0,0
Region 9,201951,4911,26.4508,4911,26.4508,0,0
Region 9,201952,5243,22.5062,5243,22.5062,0,0
Region 9,202001,5635,23.9929,5635,23.9929,0,0
Region 9,202002,6086,25.2547,6086,25.2547,0,0
Region 9,202003,6627,28.8064,6627,28.8064,0,0
Region 9,202004,7171,30.5536,7171,30.5536,0,0
Region 9,202005,7447,28.4544,7447,28.4544,0,0
Region 9,202006,7174,25.8154,7174,25.8154,0,0
Region 9,202007,6958,27.1917,6958,27.1917,0,0
Region 9,202008,6065,24.831,6065,24.831,0,0
Region 9,202009,6253,22.8051,6253,22.8051,0,0
Region 9,202010,6143,18.8507,6143,18.8507,0,0
Region 9,202011,6116,10.121,6116,10.121,0,0
Region 9,202012,4112,4.35311,4112,4.35311,0,0
Region 9,202013,2364,2.36887,2364,2.36887,0,0
Region 9,202014,1642,3.28867,1642,3.28867,0,0
Region 9,202015,1268,2.83912,1268,2.83912,0,0
Region 9,202016,1199,2.9191,1199,2.9191,0,0
Region 9,202017,1071,0.0933707,1071,0.0933707,0,0
Region 9,202018,698,0,698,0,0,0
Region 9,202019,678,0,678,0,0,0
Region 9,202020,642,0.155763,642,0.155763,0,0
Region 9,202021,605,0,605,0,0,0
Region 9,202022,414,0,414,0,0,0
Region 9,202023,465,0,465,0,0,0
Region 9,202024,450,0,450,0,0,0
Region 9,202025,312,0,312,0,0,0
Region 9,202026,295,0,295,0,0,0
Region 9,202027,784,0.255102,784,0.255102,0,0
Region 9,202028,842,0.23753,842,0.23753,0,0
Region 9,202029,765,0,765,0,0,0
Region 9,202030,792,0,792,0,0,0
Region 9,202031,759,0.263505,759,0.263505,0,0
Region 9,202032,807,0.371747,807,0.371747,0,0
Region 9,202033,797,0.125471,797,0.125471,0,0
Region 9,202034,750,0.266667,750,0.266667,0,0
Region 9,202035,787,0,787,0,0,0
Region 9,202036,638,0.31348,638,0.31348,0,0
Region 9,202037,700,0.285714,700,0.285714,0,0
Region 9,202038,748,0.13369,748,0.13369,0,0
Region 9,202039,738,0,738,0,0,0
Region 9,202040,877,0.114025,877,0.114025,0,0
Region 9,202041,1121,0.267618,1121,0.267618,0,0
Region 9,202042,1447,0.0691085,1447,0.0691085,0,0
Region 9,202043,1448,0.138122,1448,0.138122,0,0
Region 9,202044,1592,0.565327,1592,0.565327,0,0
Region 9,202045,1642,0.121803,1642,0.121803,0,0
Region 9,202046,5579,0.161319,5579,0.161319,0,0
Region 9,202047,7425,0.0673401,7425,0.0673401,0,0
Region 9,202048,6376,0.0313676,6376,0.0313676,0,0
Region 9,202049,7994,0.100075,7994,0.100075,0,0
Region 9,202050,8926,0.0896258,8926,0.0896258,0,0
Region 9,202051,9676,0.0723439,9676,0.0723439,0,0
Region 9,202052,7534,0.079639,7534,0.079639,0,0
Region 9,202053,7313,0.150417,7313,0.150417,0,0
Region 9,202101,9200,0.0869565,9200,0.0869565,0,0
Region 9,202102,8729,0.0229121,8729,0.0229121,0,0
Region 9,202103,7501,0.0133316,7501,0.0133316,0,0
Region 9,202104,6861,0.0145751,6861,0.0145751,0,0
Region 9,202105,6630,0.0603318,6630,0.0603318,0,0
Region 9,202106,6310,0.0633914,6310,0.0633914,0,0
Region 9,202107,6133,0.130442,6133,0.130442,0,0
Region 9,202108,6192,0.0484496,6192,0.0484496,0,0
Region 9,202109,6595,0.060652,6595,0.060652,0,0
Region 9,202110,6166,0.016218,6166,0.016218,0,0
Region 9,202111,6163,0.0649035,6163,0.0649035,0,0
Region 9,202112,6208,0.0161082,6208,0.0161082,0,0
Region 9,202113,4184,0,4184,0,0,0
Region 9,202114,2002,0.14985,2002,0.14985,0,0
Region 9,202115,1942,0.0514933,1942,0.0514933,0,0
Region 9,202116,2276,0.0878735,2276,0.0878735,0,0
Region 9,202117,2446,0.0817661,2446,0.0817661,0,0
Region 9,202118,2389,0.0418585,2389,0.0418585,0,0
Region 9,202119,1968,0.050813,1968,0.050813,0,0
Region 9,202120,1865,0.214477,1865,0.214477,0,0
Region 9,202121,1854,0.0539374,1854,0.0539374,0,0
Region 9,202122,1858,0,1858,0,0,0
Region 9,202123,1682,0,1682,0,0,0
Region 9,202124,1769,0,1769,0,0,0
Region 9,202125,1783,0.11217,1783,0.11217,0,0
Region 9,202126,1553,0,1553,0,0,0
Region 9,202127,1784,0,1784,0,0,0
Region 9,202128,2075,0.0963855,2075,0.0963855,0,0
Region 9,202129,1691,0,1691,0,0,0
Region 9,202130,2065,0.0484262,2065,0.0484262,0,0
Region 9,202131,2270,0.220264,2270,0.220264,0,0
Region 9,202132,2424,0.0412541,2424,0.0412541,0,0
Region 9,202133,2607,0,2607,0,0,0
Region 9,202134,2738,0.073046,2738,0.073046,0,0
Region 9,202135,2378,0.336417,2378,0.336417,0,0
Region 9,202136,2441,0.204834,2441,0.204834,0,0
Region 9,202137,2337,0.0855798,2337,0.0855798,0,0
Region 9,202138,2050,0.146341,2050,0.146341,0,0
Region 9,202139,2266,0.441306,2266,0.441306,0,0
Region 9,202140,2667,0.412448,2667,0.412448,0,0
Region 9,202141,2996,0.367156,2996,0.367156,0,0
Region 9,202142,3123,0.192123,3123,0.192123,0,0
Region 9,202143,6505,0.322829,6505,0.322829,0,0
Region 9,202144,6807,0.411341,6807,0.411341,0,0
Region 9,202145,6965,0.502513,6965,0.502513,0,0
Region 9,202146,6843,0.745287,6843,0.745287,0,0
Region 9,202147,7502,1.09304,7502,1.09304,0,0
Region 9,202148,9134,2.13488,9134,2.13488,0,0
Region 9,202149,9299,2.06474,9299,2.06474,0,0
Region 9,202150,9674,2.57391,9674,2.57391,0,0
Region 9,202151,10462,2.36093,10462,2.36093,0,0
Region 9,202152,8471,1.84158,8471,1.84158,0,0
Region 9,202201,15231,1.08988,15231,1.08988,0,0
Region 9,202202,12672,0.702336,12672,0.702336,0,0
Region 9,202203,9679,0.661225,9679,0.661225,0,0
Region 9,202204,7158,0.656608,7158,0.656608,0,0
Region 9,202205,6372,0.659134,6372,0.659134,0,0
Region 9,202206,5157,0.756254,5157,0.756254,0,0
Region 9,202207,5055,0.969337,5055,0.969337,0,0
Region 9,202208,4924,1.27945,4924,1.27945,0,0
Region 9,202209,5138,1.88789,5138,1.88789,0,0
Region 9,202210,5149,2.25286,5149,2.25286,0,0
Region 9,202211,5538,3.37667,5538,3.37667,0,0
Region 9,202212,5712,4.65686,5712,4.65686,0,0
Region 9,202213,5749,4.43555,5749,4.43555,0,0
Region 9,202214,6250,5.008,6250,5.008,0,0
Region 9,202215,5855,5.61913,5855,5.61913,0,0
Region 9,202216,6226,7.38837,6226,7.38837,0,0
Region 9,202217,7091,7.60118,7091,7.60118,0,0
Region 9,202218,7766,8.6531,7766,8.6531,0,0
Region 9,202219,8894,9.14099,8894,9.14099,0,0
Region 9,202220,9890,11.3953,9890,11.3953,0,0
Region 9,202221,11039,12.0391,11039,12.0391,0,0
Region 9,202222,10522,12.2695,10522,12.2695,0,0
Region 9,202223,10211,9.65625,10211,9.65625,0,0
Region 9,202224,8680,6.62442,8680,6.62442,0,0
Region 9,202225,7957,5.68053,7957,5.68053,0,0
Region 9,202226,7843,4.51358,7843,4.51358,0,0
Region 9,202227,7952,3.68461,7952,3.68461,0,0
Region 9,202228,7378,2.26349,7378,2.26349,0,0
Region 9,202229,6985,2.46242,6985,2.46242,0,0
Region 9,202230,6238,1.82751,6238,1.82751,0,0
Region 9,202231,6466,1.7476,6466,1.7476,0,0
Region 9,202232,6442,1.72307,6442,1.72307,0,0
Region 9,202233,6749,1.45207,6749,1.45207,0,0
Region 9,202234,7039,1.97471,7039,1.97471,0,0
Region 9,202235,7462,1.64835,7462,1.64835,0,0
Region 9,202236,7182,2.24172,7182,2.24172,0,0
Region 9,202237,7530,1.91235,7530,1.91235,0,0
Region 9,202238,8317,2.08008,8317,2.08008,0,0
Region 9,202239,8620,3.43387,8620,3.43387,0,0
Region 9,202240,12272,2.95795,12272,2.95795,0,0
Region 9,202241,14044,3.74537,14044,3.74537,0,0
Region 9,202242,16036,4.73934,16036,4.73934,0,0
Region 9,202243,19859,5.62969,19859,5.62969,0,0
Region 9,202244,22469,10.0138,22469,10.0138,0,0
Region 9,202245,27972,13.8746,27972,13.8746,0,0
Region 9,202246,32549,16.6272,32549,16.6272,0,0
Region 9,202247,29484,20.8961,29484,20.8961,0,0
Region 9,202248,36829,21.1328,36829,21.1328,0,0
Region 9,202249,33057,20.7309,33057,20.7309,0,0
Region 9,202250,30044,18.0435,30044,18.0435,0,0
Region 9,202251,28016,16.487,28016,16.487,0,0
Region 9,202252,24251,12.3459,24251,12.3459,0,0
Region 9,202301,18282,7.4226,18282,7.4226,0,0
Region 9,202302,17346,3.71844,17346,3.71844,0,0
Region 9,202303,15065,2.3564600000000002,15065,2.3564600000000002,0,0
Region 9,202304,15872,1.78931,15872,1.78931,0,0
Region 9,202305,15888,1.60498,15888,1.60498,0,0
Region 9,202306,16179,1.32888,16179,1.32888,0,0
Region 9,202307,15340,0.827901,15340,0.827901,0,0
Region 9,202308,15144,1.0169,15144,1.0169,0,0
Region 9,202309,15044,0.817602,15044,0.817602,0,0
Region 9,202310,13319,1.07365,13319,1.07365,0,0
Region 9,202311,13801,0.68111,13801,0.68111,0,0
Region 9,202312,13004,0.676715,13004,0.676715,0,0
Region 9,202313,12370,0.735651,12370,0.735651,0,0
Region 9,202314,12053,0.713515,12053,0.713515,0,0
Region 9,202315,5554,0.810227,5554,0.810227,0,0
Region 9,202316,5329,0.619253,5329,0.619253,0,0
Region 9,202317,5096,0.883046,5096,0.883046,0,0
Region 9,202318,5028,0.894988,5028,0.894988,0,0
Region 9,202319,4987,0.94245,4987,0.94245,0,0
Region 9,202320,4895,1.28703,4895,1.28703,0,0
Region 9,202321,4757,1.47152,4757,1.47152,0,0
Region 9,202322,4664,1.56518,4664,1.56518,0,0
Region 9,202323,4474,1.76576,4474,1.76576,0,0
Region 9,202324,4289,1.74866,4289,1.74866,0,0
Region 9,202325,4186,1.86335,4186,1.86335,0,0
Region 9,202326,3679,2.82686,3679,2.82686,0,0
Region 9,202327,3545,2.67983,3545,2.67983,0,0
Region 9,202328,3691,2.08616,3691,2.08616,0,0
Region 9,202329,3627,2.61924,3627,2.61924,0,0
Region 9,202330,3854,3.16554,3854,3.16554,0,0
Region 9,202331,3981,3.01432,3981,3.01432,0,0
Region 9,202332,4339,2.39687,4339,2.39687,0,0
Region 9,202333,4249,2.14168,4249,2.14168,0,0
Region 9,202334,5122,1.63998,5122,1.63998,0,0
Region 9,202335,5788,1.98687,5788,1.98687,0,0
Region 9,202336,5491,2.05791,5491,2.05791,0,0
Region 9,202337,5869,2.28318,5869,2.28318,0,0
Region 9,202338,5893,2.49448,5893,2.49448,0,0
Region 9,202339,5803,2.46424,5803,2.46424,0,0
Region 9,202340,5674,3.13712,5674,3.13712,0,0
Region 9,202341,5840,3.4589,5840,3.4589,0,0
Region 9,202342,6173,3.6773,6173,3.6773,0,0
Region 9,202343,6080,4.57237,6080,4.57237,0,0
Region 9,202344,11815,4.68049,11815,4.68049,0,0
Region 9,202345,18185,5.29557,18185,5.29557,0,0
Region 9,202346,20884,6.2105,20884,6.2105,0,0
Region 9,202347,18655,7.04905,18655,7.04905,0,0
Region 9,202348,23606,8.59527,23606,8.59527,0,0
Region 9,202349,25913,11.6119,25913,11.6119,0,0
Region 9,202350,28913,14.3776,28913,14.3776,0,0
Region 9,202351,33887,17.6852,33887,17.6852,0,0
Region 9,202352,30942,15.7488,30942,15.7488,0,0
Region 9,202401,29579,12.3534,29579,12.3534,0,0
Region 9,202402,27602,10.4014,27602,10.4014,0,0
Region 9,202403,25172,11.7075,25172,11.7075,0,0
Region 9,202404,24461,9.8238,24461,9.8238,0,0
Region 9,202405,23012,8.21311,23012,8.21311,0,0
Region 9,202406,21251,6.22088,21251,6.22088,0,0
Region 9,202407,21894,6.71874,21894,6.71874,0,0
Region 9,202408,20677,5.81806,20677,5.81806,0,0
Region 9,202409,18928,5.85376,18928,5.85376,0,0
Region 9,202410,19080,5.18344,19080,5.18344,0,0
Region 9,202411,18440,5.08134,18440,5.08134,0,0
Region 9,202412,17684,5.3042299999999996,17684,5.3042299999999996,0,0
Region 9,202413,16506,4.41658,16506,4.41658,0,0
Region 9,202414,15604,4.23609,15604,4.23609,0,0
Region 9,202415,15881,4.1748,15881,4.1748,0,0
Region 9,202416,15501,4.72228,15501,4.72228,0,0
Region 9,202417,14410,4.05274,14410,4.05274,0,0
Region 9,202418,9473,3.85306,9473,3.85306,0,0
Region 9,202419,4741,3.75448,4741,3.75448,0,0
Region 9,202420,4609,2.95075,4609,2.95075,0,0
Region 9,202421,4712,3.71392,4712,3.71392,0,0
Region 9,202422,4855,3.70752,4855,3.70752,0,0
Region 9,202423,4549,3.82502,4549,3.82502,0,0
Region 9,202424,4702,2.82858,4702,2.82858,0,0
Region 9,202425,4248,2.70716,4248,2.70716,0,0
Region 9,202426,2707,2.69671,2707,2.69671,0,0
Region 9,202427,3680,2.98913,3680,2.98913,0,0
Region 9,202428,3809,2.62536,3809,2.62536,0,0
Region 9,202429,3727,2.4953,3727,2.4953,0,0
Region 9,202430,3559,2.27592,3559,2.27592,0,0
Region 9,202431,3774,2.22576,3774,2.22576,0,0
Region 9,202432,3742,1.65687,3742,1.65687,0,0
Region 9,202433,3952,1.3917,3952,1.3917,0,0
Region 9,202434,4113,1.53173,4113,1.53173,0,0
Region 9,202435,4117,1.50595,4117,1.50595,0,0
Region 9,202436,3902,1.58893,3902,1.58893,0,0
Region 9,202437,4369,1.41909,4369,1.41909,0,0
Region 9,202438,4096,1.46484,4096,1.46484,0,0
Region 9,202439,4057,1.50357,4057,1.50357,0,0
Region 9,202440,8413,1.71164,8413,1.71164,0,0
Region 9,202441,11989,1.48469,11989,1.48469,0,0
Region 9,202442,12259,1.59067,12259,1.59067,0,0
Region 9,202443,12954,2.01482,12954,2.01482,0,0
Region 9,202444,13123,2.40037,13123,2.40037,0,0
Region 9,202445,14946,3.07775,14946,3.07775,0,0
Region 9,202446,15962,4.6736,15962,4.6736,0,0
Region 9,202447,17458,6.28365,17458,6.28365,0,0
Region 9,202448,16746,8.95139,16746,8.95139,0,0
Region 9,202449,20976,10.0591,20976,10.0591,0,0
Region 9,202450,23366,13.8321,23366,13.8321,0,0
Region 9,202451,29208,19.748,29208,19.748,0,0
Region 9,202452,31082,22.3152,31082,22.3152,0,0
Region 9,202501,32126,20.4819,32126,20.4819,0,0
Region 9,202502,33127,19.8297,33127,19.8297,0,0
Region 9,202503,33450,22.7564,33450,22.7564,0,0
Region 9,202504,35139,25.3678,35139,25.3678,0,0
Region 9,202505,40405,26.6229,40405,26.6229,0,0
Region 9,202506,39779,25.6693,39779,25.6693,0,0
Region 9,202507,36066,22.4644,36066,22.4644,0,0
Region 9,202508,30864,19.547,30864,19.547,0,0
Region 9,202509,26859,16.1733,26859,16.1733,0,0
Region 9,202510,22723,13.845,22723,13.845,0,0
Region 9,202511,21518,12.5569,21518,12.5569,0,0
Region 9,202512,20234,11.8167,20234,11.8167,0,0
Region 9,202513,18408,11.0876,18408,11.0876,0,0
Region 9,202514,16694,9.86582,16694,9.86582,0,0
Region 9,202515,16040,8.47257,16040,8.47257,0,0
Region 9,202516,14549,7.12076,14549,7.12076,0,0
Region 9,202517,13460,6.69391,13460,6.69391,0,0
Region 9,202518,9853,5.58206,9853,5.58206,0,0
Region 9,202519,4494,5.34045,4494,5.34045,0,0
Region 9,202520,4447,4.60985,4447,4.60985,0,0
Region 9,202521,4401,4.3172,4401,4.3172,0,0
Region 9,202522,4007,4.06788,4007,4.06788,0,0
Region 9,202523,4318,3.38119,4318,3.38119,0,0
Region 9,202524,3751,2.42602,3751,2.42602,0,0
Region 9,202525,3620,1.8232,3620,1.8232,0,0
Region 9,202526,2462,2.1121,2462,2.1121,0,0
Region 9,202527,3178,1.35305,3178,1.35305,0,0
Region 9,202528,3212,1.80573,3212,1.80573,0,0
Region 9,202529,2936,1.66894,2936,1.66894,0,0
Region 9,202530,2971,1.1444,2971,1.1444,0,0
Region 9,202531,3134,1.11678,3134,1.11678,0,0
Region 9,202532,3135,0.893142,3135,0.893142,0,0
Region 9,202533,3535,0.990099,3535,0.990099,0,0
Region 9,202534,3863,0.906032,3863,0.906032,0,0
Region 9,202535,4070,0.737101,4070,0.737101,0,0
Region 9,202536,3953,0.910701,3953,0.910701,0,0
Region 9,202537,4027,0.918798,4027,0.918798,0,0
Region 9,202538,4139,0.748973,4139,0.748973,0,0
Region 9,202539,3970,0.629723,3970,0.629723,0,0
Region 9,202540,5713,0.647646,5713,0.647646,0,0
Region 9,202541,7850,0.789809,7850,0.789809,0,0
Region 9,202542,7135,0.995095,7135,0.995095,0,0
Region 9,202543,7701,1.02584,7701,1.02584,0,0
Region 9,202544,7910,1.34008,7910,1.34008,0,0
Region 9,202545,8590,1.68801,8590,1.68801,0,0
Region 9,202546,8674,1.75236,8674,1.75236,0,0
Region 9,202547,8397,1.94117,8397,1.94117,0,0
Region 9,202548,8197,2.74491,8197,2.74491,0,0
Region 9,202549,9088,3.21303,9088,3.21303,0,0
Region 9,202550,10275,6.62774,10275,6.62774,0,0
Region 9,202551,11889,10.7747,11889,10.7747,0,0
Region 9,202552,12716,15.1935,12716,15.1935,0,0
Region 9,202553,13546,12.8377,13546,12.8377,0,0
Region 9,202601,13165,11.7736,13165,11.7736,0,0
Region 9,202602,12377,11.6102,12377,11.6102,0,0
Region 9,202603,12796,14.528,12796,14.528,0,0
Region 9,202604,12736,14.5336,12736,14.5336,0,0
Region 9,202605,13977,17.6147,13977,17.6147,0,0
Region 9,202606,12542,15.6514,12542,15.6514,0,0
Region 9,202607,11849,13.3345,11849,13.3345,0,0
Region 9,202608,12307,11.9444,12307,11.9444,0,0
Region 9,202609,11256,10.3145,11256,10.3145,0,0
Region 9,202610,10208,9.50235,10208,9.50235,0,0
Region 9,202611,9774,8.41007,9774,8.41007,0,0
Region 9,202612,8595,7.13205,8595,7.13205,0,0
Region 9,202613,8094,6.33803,8094,6.33803,0,0
Region 9,202614,8061,5.76852,8061,5.76852,0,0
Region 9,202615,7957,5.45432,7957,5.45432,0,0
Region 9,202616,7867,5.79636,7867,5.79636,0,0
Region 9,202617,7552,5.83951,7552,5.83951,0,0
Region 9,202618,7486,6.09137,7486,6.09137,0,0
Region 9,202619,5776,4.95152,5776,4.95152,0,0
Region 9,202620,3866,4.55251,3866,4.55251,0,0
Region 9,202621,3676,5.25027,3676,5.25027,0,0
Region 9,202622,3569,3.41832,3569,3.41832,0,0
Region 9,202623,3310,2.80967,3310,2.80967,0,0
Region 9,202624,3035,2.57002,3035,2.57002,0,0
Region 9,202625,2928,1.6735,2928,1.6735,0,0
Region 9,202626,2626,1.02818,2626,1.02818,0,0
Region 9,202627,2854,2.9082,2854,2.9082,0,0
Region 9,202628,2794,1.93271,2794,1.93271,0,0
Region 9,202629,2660,1.42857,2660,1.42857,0,0
Region 9,202630,2658,1.39202,2658,1.39202,0,0
Region 9,202631,2729,1.61231,2729,1.61231,0,0
Region 9,202632,2926,1.64046,2926,1.64046,0,0
Region 9,202633,3375,2.31111,3375,2.31111,0,0
Region 9,202634,3754,2.34417,3754,2.34417,0,0
Region 9,202635,3914,2.27389,3914,2.27389,0,0
Region 9,202636,4083,3.40436,4083,3.40436,0,0
Region 9,202637,4501,6.33193,4501,6.33193,0,0
Region 9,202638,4322,7.10319,4322,7.10319,0,0
