region,epiweek,issue,release_date,lag,num_ili,num_patients,num_providers,wili,ili,year,week,week_start,week_end,season_start_year,season,season_week,comparable_baseline
National,201940,202139,2021-10-08,104,21916,1458307,2912,1.49002,1.50284,2019,40,2019-09-29,2019-10-05,2019,2019-20,1,FALSE
National,201941,202139,2021-10-08,103,22954,1436748,2942,1.59192,1.59764,2019,41,2019-10-06,2019-10-12,2019,2019-20,2,FALSE
National,201942,202139,2021-10-08,102,24886,1430800,2966,1.72572,1.73931,2019,42,2019-10-13,2019-10-19,2019,2019-20,3,FALSE
National,201943,202139,2021-10-08,101,27419,1473831,2997,1.83419,1.86039,2019,43,2019-10-20,2019-10-26,2019,2019-20,4,FALSE
National,201944,202139,2021-10-08,100,28910,1435369,3005,2.04008,2.01412,2019,44,2019-10-27,2019-11-02,2019,2019-20,5,FALSE
National,201945,202139,2021-10-08,99,34586,1463253,3022,2.39351,2.36364,2019,45,2019-11-03,2019-11-09,2019,2019-20,6,FALSE
National,201946,202139,2021-10-08,98,37732,1426928,2991,2.63251,2.64428,2019,46,2019-11-10,2019-11-16,2019,2019-20,7,FALSE
National,201947,202139,2021-10-08,97,44161,1484969,2987,2.89941,2.97387,2019,47,2019-11-17,2019-11-23,2019,2019-20,8,FALSE
National,201948,202139,2021-10-08,96,44044,1275199,2993,3.41501,3.45389,2019,48,2019-11-24,2019-11-30,2019,2019-20,9,FALSE
National,201949,202139,2021-10-08,95,48904,1476208,2995,3.2579,3.31281,2019,49,2019-12-01,2019-12-07,2019,2019-20,10,FALSE
National,201950,202139,2021-10-08,94,56444,1458774,2958,3.94308,3.86928,2019,50,2019-12-08,2019-12-14,2019,2019-20,11,FALSE
National,201951,202139,2021-10-08,93,71594,1424436,2926,5.06435,5.02613,2019,51,2019-12-15,2019-12-21,2019,2019-20,12,FALSE
National,201952,202139,2021-10-08,92,95757,1338669,2917,7.06161,7.15315,2019,52,2019-12-22,2019-12-28,2019,2019-20,13,FALSE
National,202001,202139,2021-10-08,91,88731,1426691,2970,5.90066,6.21936,2020,1,2019-12-29,2020-01-04,2019,2019-20,14,FALSE
National,202002,202139,2021-10-08,90,75614,1492251,3002,4.9402,5.06711,2020,2,2020-01-05,2020-01-11,2019,2019-20,15,FALSE
National,202003,202139,2021-10-08,89,79783,1489132,2995,5.33135,5.35768,2020,3,2020-01-12,2020-01-18,2019,2019-20,16,FALSE
National,202004,202139,2021-10-08,88,90150,1496826,2997,6.07822,6.02274,2020,4,2020-01-19,2020-01-25,2019,2019-20,17,FALSE
National,202005,202139,2021-10-08,87,108307,1575900,2995,6.74724,6.87271,2020,5,2020-01-26,2020-02-01,2019,2019-20,18,FALSE
National,202006,202139,2021-10-08,86,111361,1571657,3005,6.80157,7.08558,2020,6,2020-02-02,2020-02-08,2019,2019-20,19,FALSE
National,202007,202139,2021-10-08,85,95418,1533883,2969,6.11292,6.22068,2020,7,2020-02-09,2020-02-15,2019,2019-20,20,FALSE
National,202008,202139,2021-10-08,84,80559,1433517,2984,5.52513,5.61968,2020,8,2020-02-16,2020-02-22,2019,2019-20,21,FALSE
National,202009,202139,2021-10-08,83,74823,1466346,2947,5.12333,5.10268,2020,9,2020-02-23,2020-02-29,2019,2019-20,22,FALSE
National,202010,202139,2021-10-08,82,78779,1489410,2913,5.26652,5.28928,2020,10,2020-03-01,2020-03-07,2019,2019-20,23,FALSE
National,202011,202139,2021-10-08,81,89607,1425172,2847,5.66932,6.28745,2020,11,2020-03-08,2020-03-14,2019,2019-20,24,FALSE
National,202012,202139,2021-10-08,80,78584,1068755,2810,6.38029,7.35285,2020,12,2020-03-15,2020-03-21,2019,2019-20,25,FALSE
National,202013,202139,2021-10-08,79,53142,853431,2738,4.91692,6.22687,2020,13,2020-03-22,2020-03-28,2019,2019-20,26,FALSE
National,202014,202139,2021-10-08,78,36251,750546,2696,3.78625,4.82995,2020,14,2020-03-29,2020-04-04,2019,2019-20,27,FALSE
National,202015,202139,2021-10-08,77,24974,718953,2698,2.80122,3.47366,2020,15,2020-04-05,2020-04-11,2019,2019-20,28,FALSE
National,202016,202139,2021-10-08,76,18274,709970,2679,2.12907,2.57391,2020,16,2020-04-12,2020-04-18,2019,2019-20,29,FALSE
National,202017,202139,2021-10-08,75,15164,750576,2663,1.73315,2.02032,2020,17,2020-04-19,2020-04-25,2019,2019-20,30,FALSE
National,202018,202139,2021-10-08,74,12821,790883,2635,1.40939,1.6211,2020,18,2020-04-26,2020-05-02,2019,2019-20,31,FALSE
National,202019,202139,2021-10-08,73,11058,817791,2624,1.18657,1.35218,2020,19,2020-05-03,2020-05-09,2019,2019-20,32,FALSE
National,202020,202139,2021-10-08,72,10480,846493,2613,1.11444,1.23805,2020,20,2020-05-10,2020-05-16,2019,2019-20,33,FALSE
National,202021,202139,2021-10-08,71,11416,1059901,2963,1.00711,1.07708,2020,21,2020-05-17,2020-05-23,2019,2019-20,34,FALSE
National,202022,202139,2021-10-08,70,9605,1082074,2946,0.889878,0.887647,2020,22,2020-05-24,2020-05-30,2019,2019-20,35,FALSE
National,202023,202139,2021-10-08,69,9318,1134988,2925,0.815858,0.820978,2020,23,2020-05-31,2020-06-06,2019,2019-20,36,FALSE
National,202024,202139,2021-10-08,68,9572,1174543,2899,0.837779,0.814955,2020,24,2020-06-07,2020-06-13,2019,2019-20,37,FALSE
National,202025,202139,2021-10-08,67,11866,1247096,2935,0.929189,0.951491,2020,25,2020-06-14,2020-06-20,2019,2019-20,38,FALSE
National,202026,202139,2021-10-08,66,15490,1287264,2892,1.1387100000000001,1.20333,2020,26,2020-06-21,2020-06-27,2019,2019-20,39,FALSE
National,202027,202139,2021-10-08,65,17826,1287401,2888,1.27591,1.38465,2020,27,2020-06-28,2020-07-04,2019,2019-20,40,FALSE
National,202028,202139,2021-10-08,64,20043,1360037,2913,1.34978,1.47371,2020,28,2020-07-05,2020-07-11,2019,2019-20,41,FALSE
National,202029,202139,2021-10-08,63,19250,1338613,2887,1.34436,1.43806,2020,29,2020-07-12,2020-07-18,2019,2019-20,42,FALSE
National,202030,202139,2021-10-08,62,16523,1355190,2948,1.22126,1.21924,2020,30,2020-07-19,2020-07-25,2019,2019-20,43,FALSE
National,202031,202139,2021-10-08,61,15514,1346820,2986,1.15381,1.1519,2020,31,2020-07-26,2020-08-01,2019,2019-20,44,FALSE
National,202032,202139,2021-10-08,60,14103,1333292,2945,1.0649,1.05776,2020,32,2020-08-02,2020-08-08,2019,2019-20,45,FALSE
National,202033,202139,2021-10-08,59,13131,1338686,2965,0.979173,0.980887,2020,33,2020-08-09,2020-08-15,2019,2019-20,46,FALSE
National,202034,202139,2021-10-08,58,12900,1344069,2923,0.967664,0.959772,2020,34,2020-08-16,2020-08-22,2019,2019-20,47,FALSE
National,202035,202139,2021-10-08,57,13138,1351058,2957,1.00158,0.972423,2020,35,2020-08-23,2020-08-29,2019,2019-20,48,FALSE
National,202036,202139,2021-10-08,56,12232,1336359,2907,0.917339,0.915323,2020,36,2020-08-30,2020-09-05,2019,2019-20,49,FALSE
National,202037,202139,2021-10-08,55,13001,1326890,2894,1.02954,0.97981,2020,37,2020-09-06,2020-09-12,2019,2019-20,50,FALSE
National,202038,202139,2021-10-08,54,13005,1359239,2921,0.975797,0.956785,2020,38,2020-09-13,2020-09-19,2019,2019-20,51,FALSE
National,202039,202139,2021-10-08,53,14457,1397083,2919,1.0586,1.0348,2020,39,2020-09-20,2020-09-26,2019,2019-20,52,FALSE
National,202040,202239,2022-10-07,104,16570,1542071,3332,1.0872,1.07453,2020,40,2020-09-27,2020-10-03,2020,2020-21,1,FALSE
National,202041,202239,2022-10-07,103,19194,1619788,3373,1.20898,1.18497,2020,41,2020-10-04,2020-10-10,2020,2020-21,2,FALSE
National,202042,202239,2022-10-07,102,17281,1584807,3351,1.10874,1.09042,2020,42,2020-10-11,2020-10-17,2020,2020-21,3,FALSE
National,202043,202239,2022-10-07,101,18187,1582393,3377,1.18588,1.14934,2020,43,2020-10-18,2020-10-24,2020,2020-21,4,FALSE
National,202044,202239,2022-10-07,100,18612,1566538,3471,1.25,1.1881,2020,44,2020-10-25,2020-10-31,2020,2020-21,5,FALSE
National,202045,202239,2022-10-07,99,21410,1603163,3470,1.43782,1.33548,2020,45,2020-11-01,2020-11-07,2020,2020-21,6,FALSE
National,202046,202239,2022-10-07,98,22623,1641763,3436,1.48426,1.37797,2020,46,2020-11-08,2020-11-14,2020,2020-21,7,FALSE
National,202047,202239,2022-10-07,97,22722,1592518,3376,1.54717,1.4268,2020,47,2020-11-15,2020-11-21,2020,2020-21,8,FALSE
National,202048,202239,2022-10-07,96,21320,1425127,3378,1.60668,1.49601,2020,48,2020-11-22,2020-11-28,2020,2020-21,9,FALSE
National,202049,202239,2022-10-07,95,22305,1539568,3382,1.56586,1.44878,2020,49,2020-11-29,2020-12-05,2020,2020-21,10,FALSE
National,202050,202239,2022-10-07,94,22219,1554103,3400,1.52073,1.4297,2020,50,2020-12-06,2020-12-12,2020,2020-21,11,FALSE
National,202051,202239,2022-10-07,93,20886,1493692,3340,1.50659,1.39828,2020,51,2020-12-13,2020-12-19,2020,2020-21,12,FALSE
National,202052,202239,2022-10-07,92,19852,1362314,3343,1.55413,1.45723,2020,52,2020-12-20,2020-12-26,2020,2020-21,13,FALSE
National,202053,202239,2022-10-07,91,22436,1458493,3322,1.5907,1.5383,2020,53,2020-12-27,2021-01-02,2020,2020-21,14,FALSE
National,202101,202239,2022-10-07,90,22720,1583355,3358,1.47569,1.43493,2021,1,2021-01-03,2021-01-09,2020,2020-21,15,FALSE
National,202102,202239,2022-10-07,89,19194,1518947,3332,1.29196,1.26364,2021,2,2021-01-10,2021-01-16,2020,2020-21,16,FALSE
National,202103,202239,2022-10-07,88,18353,1515597,3356,1.25191,1.21094,2021,3,2021-01-17,2021-01-23,2020,2020-21,17,FALSE
National,202104,202239,2022-10-07,87,16910,1506379,3367,1.10337,1.12256,2021,4,2021-01-24,2021-01-30,2020,2020-21,18,FALSE
National,202105,202239,2022-10-07,86,16101,1488119,3337,1.16554,1.08197,2021,5,2021-01-31,2021-02-06,2020,2020-21,19,FALSE
National,202106,202239,2022-10-07,85,14108,1447245,3288,1.00745,0.974818,2021,6,2021-02-07,2021-02-13,2020,2020-21,20,FALSE
National,202107,202239,2022-10-07,84,12602,1388655,3297,0.986987,0.907497,2021,7,2021-02-14,2021-02-20,2020,2020-21,21,FALSE
National,202108,202239,2022-10-07,83,13347,1551120,3318,0.862967,0.860475,2021,8,2021-02-21,2021-02-27,2020,2020-21,22,FALSE
National,202109,202239,2022-10-07,82,13017,1544694,3319,0.82875,0.842691,2021,9,2021-02-28,2021-03-06,2020,2020-21,23,FALSE
National,202110,202239,2022-10-07,81,14098,1560517,3325,0.883305,0.903419,2021,10,2021-03-07,2021-03-13,2020,2020-21,24,FALSE
National,202111,202239,2022-10-07,80,14580,1551754,3268,0.90874,0.939582,2021,11,2021-03-14,2021-03-20,2020,2020-21,25,FALSE
National,202112,202239,2022-10-07,79,15359,1599523,3242,0.948022,0.960224,2021,12,2021-03-21,2021-03-27,2020,2020-21,26,FALSE
National,202113,202239,2022-10-07,78,15994,1602603,3301,0.974936,0.998001,2021,13,2021-03-28,2021-04-03,2020,2020-21,27,FALSE
National,202114,202239,2022-10-07,77,18148,1683278,3323,1.06411,1.07813,2021,14,2021-04-04,2021-04-10,2020,2020-21,28,FALSE
National,202115,202239,2022-10-07,76,19177,1729037,3324,1.08168,1.10911,2021,15,2021-04-11,2021-04-17,2020,2020-21,29,FALSE
National,202116,202239,2022-10-07,75,19313,1679142,3290,1.10339,1.15017,2021,16,2021-04-18,2021-04-24,2020,2020-21,30,FALSE
National,202117,202239,2022-10-07,74,20134,1702520,3303,1.13164,1.1826,2021,17,2021-04-25,2021-05-01,2020,2020-21,31,FALSE
National,202118,202239,2022-10-07,73,19937,1649771,3272,1.1483,1.20847,2021,18,2021-05-02,2021-05-08,2020,2020-21,32,FALSE
National,202119,202239,2022-10-07,72,20373,1623653,3255,1.19144,1.25476,2021,19,2021-05-09,2021-05-15,2020,2020-21,33,FALSE
National,202120,202239,2022-10-07,71,21266,1683332,3233,1.24686,1.26333,2021,20,2021-05-16,2021-05-22,2020,2020-21,34,FALSE
National,202121,202239,2022-10-07,70,19685,1652632,3184,1.14576,1.19113,2021,21,2021-05-23,2021-05-29,2020,2020-21,35,FALSE
National,202122,202239,2022-10-07,69,20152,1610198,3182,1.18405,1.25152,2021,22,2021-05-30,2021-06-05,2020,2020-21,36,FALSE
National,202123,202239,2022-10-07,68,19188,1675241,3148,1.12999,1.14539,2021,23,2021-06-06,2021-06-12,2020,2020-21,37,FALSE
National,202124,202239,2022-10-07,67,19672,1659980,3107,1.19103,1.18507,2021,24,2021-06-13,2021-06-19,2020,2020-21,38,FALSE
National,202125,202239,2022-10-07,66,19896,1644041,3093,1.21258,1.21019,2021,25,2021-06-20,2021-06-26,2020,2020-21,39,FALSE
National,202126,202239,2022-10-07,65,20103,1657572,3092,1.2132,1.2128,2021,26,2021-06-27,2021-07-03,2020,2020-21,40,FALSE
National,202127,202239,2022-10-07,64,22376,1683488,3094,1.26708,1.32915,2021,27,2021-07-04,2021-07-10,2020,2020-21,41,FALSE
National,202128,202239,2022-10-07,63,25263,1751226,3103,1.38688,1.44259,2021,28,2021-07-11,2021-07-17,2020,2020-21,42,FALSE
National,202129,202239,2022-10-07,62,30554,1787598,3102,1.64767,1.70922,2021,29,2021-07-18,2021-07-24,2020,2020-21,43,FALSE
National,202130,202239,2022-10-07,61,35221,1844702,3088,1.799,1.90931,2021,30,2021-07-25,2021-07-31,2020,2020-21,44,FALSE
National,202131,202239,2022-10-07,60,37762,1840212,3085,1.94947,2.05205,2021,31,2021-08-01,2021-08-07,2020,2020-21,45,FALSE
National,202132,202239,2022-10-07,59,40069,1859035,3079,2.03512,2.15537,2021,32,2021-08-08,2021-08-14,2020,2020-21,46,FALSE
National,202133,202239,2022-10-07,58,42753,1856032,3071,2.19023,2.30346,2021,33,2021-08-15,2021-08-21,2020,2020-21,47,FALSE
National,202134,202239,2022-10-07,57,43062,1866295,3066,2.23843,2.30735,2021,34,2021-08-22,2021-08-28,2020,2020-21,48,FALSE
National,202135,202239,2022-10-07,56,40878,1814941,3067,2.26655,2.2523,2021,35,2021-08-29,2021-09-04,2020,2020-21,49,FALSE
National,202136,202239,2022-10-07,55,39438,1782067,3057,2.21303,2.21305,2021,36,2021-09-05,2021-09-11,2020,2020-21,50,FALSE
National,202137,202239,2022-10-07,54,36222,1806283,3095,2.04664,2.00533,2021,37,2021-09-12,2021-09-18,2020,2020-21,51,FALSE
National,202138,202239,2022-10-07,53,34019,1756033,3076,1.9014,1.93726,2021,38,2021-09-19,2021-09-25,2020,2020-21,52,FALSE
National,202139,202239,2022-10-07,52,30002,1628298,2919,1.84504,1.84254,2021,39,2021-09-26,2021-10-02,2020,2020-21,53,FALSE
National,202140,202339,2023-10-06,103,39606,2016770,3590,2.03726,1.96383,2021,40,2021-10-03,2021-10-09,2021,2021-22,1,FALSE
National,202141,202339,2023-10-06,102,37639,1975130,3580,1.94864,1.90565,2021,41,2021-10-10,2021-10-16,2021,2021-22,2,FALSE
National,202142,202339,2023-10-06,101,35684,1918446,3538,1.92538,1.86005,2021,42,2021-10-17,2021-10-23,2021,2021-22,3,FALSE
National,202143,202339,2023-10-06,100,36616,1934216,3572,1.9789,1.89307,2021,43,2021-10-24,2021-10-30,2021,2021-22,4,FALSE
National,202144,202339,2023-10-06,99,39986,1917029,3578,2.1334,2.08583,2021,44,2021-10-31,2021-11-06,2021,2021-22,5,FALSE
National,202145,202339,2023-10-06,98,44242,1989010,3601,2.25788,2.22432,2021,45,2021-11-07,2021-11-13,2021,2021-22,6,FALSE
National,202146,202339,2023-10-06,97,47047,1996913,3591,2.41079,2.35599,2021,46,2021-11-14,2021-11-20,2021,2021-22,7,FALSE
National,202147,202339,2023-10-06,96,43297,1762035,3584,2.51762,2.45722,2021,47,2021-11-21,2021-11-27,2021,2021-22,8,FALSE
National,202148,202339,2023-10-06,95,52671,2056405,3608,2.55244,2.56131,2021,48,2021-11-28,2021-12-04,2021,2021-22,9,FALSE
National,202149,202339,2023-10-06,94,55027,2026604,3613,2.72476,2.71523,2021,49,2021-12-05,2021-12-11,2021,2021-22,10,FALSE
National,202150,202339,2023-10-06,93,62539,2018579,3584,3.14645,3.09817,2021,50,2021-12-12,2021-12-18,2021,2021-22,11,FALSE
National,202151,202339,2023-10-06,92,79184,1941911,3564,4.00686,4.07763,2021,51,2021-12-19,2021-12-25,2021,2021-22,12,FALSE
National,202152,202339,2023-10-06,91,113921,2246767,3532,4.90468,5.07044,2021,52,2021-12-26,2022-01-01,2021,2021-22,13,FALSE
National,202201,202339,2023-10-06,90,93323,2179176,3562,4.32906,4.28249,2022,1,2022-01-02,2022-01-08,2021,2021-22,14,FALSE
National,202202,202339,2023-10-06,89,69158,2025052,3568,3.5344,3.41512,2022,2,2022-01-09,2022-01-15,2021,2021-22,15,FALSE
National,202203,202339,2023-10-06,88,48685,1811493,3573,2.82024,2.68756,2022,3,2022-01-16,2022-01-22,2021,2021-22,16,FALSE
National,202204,202339,2023-10-06,87,34720,1763472,3554,2.06558,1.96884,2022,4,2022-01-23,2022-01-29,2021,2021-22,17,FALSE
National,202205,202339,2023-10-06,86,25809,1655407,3488,1.68092,1.55907,2022,5,2022-01-30,2022-02-05,2021,2021-22,18,FALSE
National,202206,202339,2023-10-06,85,23719,1771418,3548,1.44022,1.33898,2022,6,2022-02-06,2022-02-12,2021,2021-22,19,FALSE
National,202207,202339,2023-10-06,84,23930,1746548,3545,1.48974,1.37013,2022,7,2022-02-13,2022-02-19,2021,2021-22,20,FALSE
National,202208,202339,2023-10-06,83,23620,1725348,3546,1.46266,1.369,2022,8,2022-02-20,2022-02-26,2021,2021-22,21,FALSE
National,202209,202339,2023-10-06,82,25789,1812738,3541,1.58728,1.42265,2022,9,2022-02-27,2022-03-05,2021,2021-22,22,FALSE
National,202210,202339,2023-10-06,81,28073,1815454,3563,1.70339,1.54633,2022,10,2022-03-06,2022-03-12,2021,2021-22,23,FALSE
National,202211,202339,2023-10-06,80,31342,1867703,3535,1.83335,1.6781,2022,11,2022-03-13,2022-03-19,2021,2021-22,24,FALSE
National,202212,202339,2023-10-06,79,32433,1873589,3531,1.87057,1.73106,2022,12,2022-03-20,2022-03-26,2021,2021-22,25,FALSE
National,202213,202339,2023-10-06,78,34811,1877763,3518,1.97612,1.85385,2022,13,2022-03-27,2022-04-02,2021,2021-22,26,FALSE
National,202214,202339,2023-10-06,77,38128,1912563,3526,2.07126,1.99356,2022,14,2022-04-03,2022-04-09,2021,2021-22,27,FALSE
National,202215,202339,2023-10-06,76,40953,1923288,3518,2.16302,2.12932,2022,15,2022-04-10,2022-04-16,2021,2021-22,28,FALSE
National,202216,202339,2023-10-06,75,42072,1927606,3530,2.20418,2.1826,2022,16,2022-04-17,2022-04-23,2021,2021-22,29,FALSE
National,202217,202339,2023-10-06,74,44980,2033467,3520,2.24681,2.21199,2022,17,2022-04-24,2022-04-30,2021,2021-22,30,FALSE
National,202218,202339,2023-10-06,73,47787,1979594,3442,2.3613,2.41398,2022,18,2022-05-01,2022-05-07,2021,2021-22,31,FALSE
National,202219,202339,2023-10-06,72,53380,2061117,3465,2.48314,2.58986,2022,19,2022-05-08,2022-05-14,2021,2021-22,32,FALSE
National,202220,202339,2023-10-06,71,54062,2076213,3449,2.45354,2.60388,2022,20,2022-05-15,2022-05-21,2021,2021-22,33,FALSE
National,202221,202339,2023-10-06,70,53992,2038685,3409,2.39624,2.64837,2022,21,2022-05-22,2022-05-28,2021,2021-22,34,FALSE
National,202222,202339,2023-10-06,69,51879,1961919,3381,2.4335,2.6443,2022,22,2022-05-29,2022-06-04,2021,2021-22,35,FALSE
National,202223,202339,2023-10-06,68,45240,1972798,3373,2.16334,2.29319,2022,23,2022-06-05,2022-06-11,2021,2021-22,36,FALSE
National,202224,202339,2023-10-06,67,40250,1940774,3335,1.98842,2.07391,2022,24,2022-06-12,2022-06-18,2021,2021-22,37,FALSE
National,202225,202339,2023-10-06,66,37830,1972377,3387,1.87678,1.91799,2022,25,2022-06-19,2022-06-25,2021,2021-22,38,FALSE
National,202226,202339,2023-10-06,65,34570,1918841,3267,1.80274,1.80161,2022,26,2022-06-26,2022-07-02,2021,2021-22,39,FALSE
National,202227,202339,2023-10-06,64,34995,1951308,3379,1.81978,1.79341,2022,27,2022-07-03,2022-07-09,2021,2021-22,40,FALSE
National,202228,202339,2023-10-06,63,33011,1978336,3346,1.67886,1.66862,2022,28,2022-07-10,2022-07-16,2021,2021-22,41,FALSE
National,202229,202339,2023-10-06,62,32613,1980449,3348,1.65939,1.64675,2022,29,2022-07-17,2022-07-23,2021,2021-22,42,FALSE
National,202230,202339,2023-10-06,61,32040,1944269,3323,1.67083,1.64792,2022,30,2022-07-24,2022-07-30,2021,2021-22,43,FALSE
National,202231,202339,2023-10-06,60,29647,1958644,3346,1.52259,1.51365,2022,31,2022-07-31,2022-08-06,2021,2021-22,44,FALSE
National,202232,202339,2023-10-06,59,28923,1910699,3285,1.50755,1.51374,2022,32,2022-08-07,2022-08-13,2021,2021-22,45,FALSE
National,202233,202339,2023-10-06,58,31572,1949974,3329,1.60507,1.6191,2022,33,2022-08-14,2022-08-20,2021,2021-22,46,FALSE
National,202234,202339,2023-10-06,57,35788,1977251,3318,1.83793,1.80999,2022,34,2022-08-21,2022-08-27,2021,2021-22,47,FALSE
National,202235,202339,2023-10-06,56,37529,1980457,3299,1.96433,1.89497,2022,35,2022-08-28,2022-09-03,2021,2021-22,48,FALSE
National,202236,202339,2023-10-06,55,38334,1967653,3324,2.02422,1.94821,2022,36,2022-09-04,2022-09-10,2021,2021-22,49,FALSE
National,202237,202339,2023-10-06,54,39760,2017659,3350,2.0351,1.9706,2022,37,2022-09-11,2022-09-17,2021,2021-22,50,FALSE
National,202238,202339,2023-10-06,53,44666,2032523,3361,2.28352,2.19756,2022,38,2022-09-18,2022-09-24,2021,2021-22,51,FALSE
National,202239,202339,2023-10-06,52,46154,2013977,3383,2.36029,2.29168,2022,39,2022-09-25,2022-10-01,2021,2021-22,52,FALSE
National,202240,202439,2024-10-04,103,57318,2209814,3684,2.61257,2.59379,2022,40,2022-10-02,2022-10-08,2022,2022-23,1,TRUE
National,202241,202439,2024-10-04,102,63388,2223106,3720,3.00763,2.85133,2022,41,2022-10-09,2022-10-15,2022,2022-23,2,TRUE
National,202242,202439,2024-10-04,101,75615,2279700,3726,3.31975,3.31688,2022,42,2022-10-16,2022-10-22,2022,2022-23,3,TRUE
National,202243,202439,2024-10-04,100,109496,2462467,3788,4.3682,4.4466,2022,43,2022-10-23,2022-10-29,2022,2022-23,4,TRUE
National,202244,202439,2024-10-04,99,139247,2510305,3776,5.42144,5.54702,2022,44,2022-10-30,2022-11-05,2022,2022-23,5,TRUE
National,202245,202439,2024-10-04,98,140055,2468962,3793,5.73522,5.67263,2022,45,2022-11-06,2022-11-12,2022,2022-23,6,TRUE
National,202246,202439,2024-10-04,97,137419,2396019,3777,5.91793,5.73531,2022,46,2022-11-13,2022-11-19,2022,2022-23,7,TRUE
National,202247,202439,2024-10-04,96,164936,2237505,3765,7.42531,7.37142,2022,47,2022-11-20,2022-11-26,2022,2022-23,8,TRUE
National,202248,202439,2024-10-04,95,185673,2564503,3767,7.21822,7.24012,2022,48,2022-11-27,2022-12-03,2022,2022-23,9,TRUE
National,202249,202439,2024-10-04,94,167248,2448985,3750,6.87034,6.82928,2022,49,2022-12-04,2022-12-10,2022,2022-23,10,TRUE
National,202250,202439,2024-10-04,93,151672,2347026,3751,6.29772,6.4623100000000004,2022,50,2022-12-11,2022-12-17,2022,2022-23,11,TRUE
National,202251,202439,2024-10-04,92,129978,2116491,3715,6.00293,6.1412,2022,51,2022-12-18,2022-12-24,2022,2022-23,12,TRUE
National,202252,202439,2024-10-04,91,112531,2058533,3703,5.33838,5.46656,2022,52,2022-12-25,2022-12-31,2022,2022-23,13,TRUE
National,202301,202439,2024-10-04,90,92034,2257219,3740,3.93482,4.07732,2023,1,2023-01-01,2023-01-07,2022,2022-23,14,TRUE
National,202302,202439,2024-10-04,89,67720,2214718,3737,2.94553,3.05773,2023,2,2023-01-08,2023-01-14,2022,2022-23,15,TRUE
National,202303,202439,2024-10-04,88,57770,2134322,3730,2.63811,2.70671,2023,3,2023-01-15,2023-01-21,2022,2022-23,16,TRUE
National,202304,202439,2024-10-04,87,58231,2179097,3716,2.62522,2.67225,2023,4,2023-01-22,2023-01-28,2022,2022-23,17,TRUE
National,202305,202439,2024-10-04,86,59326,2208786,3734,2.58477,2.68591,2023,5,2023-01-29,2023-02-04,2022,2022-23,18,TRUE
National,202306,202439,2024-10-04,85,62258,2301891,3735,2.59148,2.70465,2023,6,2023-02-05,2023-02-11,2022,2022-23,19,TRUE
National,202307,202439,2024-10-04,84,59665,2262519,3695,2.5701,2.6371000000000002,2023,7,2023-02-12,2023-02-18,2022,2022-23,20,TRUE
National,202308,202439,2024-10-04,83,57223,2212367,3719,2.52707,2.58651,2023,8,2023-02-19,2023-02-25,2022,2022-23,21,TRUE
National,202309,202439,2024-10-04,82,55682,2278801,3725,2.40469,2.44348,2023,9,2023-02-26,2023-03-04,2022,2022-23,22,TRUE
National,202310,202439,2024-10-04,81,54686,2274369,3722,2.3571,2.40445,2023,10,2023-03-05,2023-03-11,2022,2022-23,23,TRUE
National,202311,202439,2024-10-04,80,54263,2228243,3713,2.3545,2.43524,2023,11,2023-03-12,2023-03-18,2022,2022-23,24,TRUE
National,202312,202439,2024-10-04,79,55394,2295244,3665,2.31096,2.41343,2023,12,2023-03-19,2023-03-25,2022,2022-23,25,TRUE
National,202313,202439,2024-10-04,78,53342,2270922,3688,2.25771,2.34891,2023,13,2023-03-26,2023-04-01,2022,2022-23,26,TRUE
National,202314,202439,2024-10-04,77,48355,2191695,3680,2.12953,2.20628,2023,14,2023-04-02,2023-04-08,2022,2022-23,27,TRUE
National,202315,202439,2024-10-04,76,46725,2254413,3665,2.01047,2.0726,2023,15,2023-04-09,2023-04-15,2022,2022-23,28,TRUE
National,202316,202439,2024-10-04,75,44507,2277306,3680,1.90776,1.95437,2023,16,2023-04-16,2023-04-22,2022,2022-23,29,TRUE
National,202317,202439,2024-10-04,74,44802,2270577,3677,1.90393,1.97315,2023,17,2023-04-23,2023-04-29,2022,2022-23,30,TRUE
National,202318,202439,2024-10-04,73,45582,2259439,3652,1.93608,2.0174,2023,18,2023-04-30,2023-05-06,2022,2022-23,31,TRUE
National,202319,202439,2024-10-04,72,45769,2295923,3654,1.90846,1.99349,2023,19,2023-05-07,2023-05-13,2022,2022-23,32,TRUE
National,202320,202439,2024-10-04,71,43287,2201602,3653,1.88236,1.96616,2023,20,2023-05-14,2023-05-20,2022,2022-23,33,TRUE
National,202321,202439,2024-10-04,70,41516,2169098,3518,1.83328,1.91398,2023,21,2023-05-21,2023-05-27,2022,2022-23,34,TRUE
National,202322,202439,2024-10-04,69,41589,2145684,3601,1.83857,1.93826,2023,22,2023-05-28,2023-06-03,2022,2022-23,35,TRUE
National,202323,202439,2024-10-04,68,36939,2182091,3583,1.57748,1.69283,2023,23,2023-06-04,2023-06-10,2022,2022-23,36,TRUE
National,202324,202439,2024-10-04,67,33880,2151633,3589,1.48614,1.57462,2023,24,2023-06-11,2023-06-17,2022,2022-23,37,TRUE
National,202325,202439,2024-10-04,66,30889,2139112,3582,1.36472,1.44401,2023,25,2023-06-18,2023-06-24,2022,2022-23,38,TRUE
National,202326,202439,2024-10-04,65,28486,2151758,3539,1.27095,1.32385,2023,26,2023-06-25,2023-07-01,2022,2022-23,39,TRUE
National,202327,202439,2024-10-04,64,26648,2064286,3569,1.22553,1.29091,2023,27,2023-07-02,2023-07-08,2022,2022-23,40,TRUE
National,202328,202439,2024-10-04,63,25903,2155400,3542,1.15793,1.20177,2023,28,2023-07-09,2023-07-15,2022,2022-23,41,TRUE
National,202329,202439,2024-10-04,62,25802,2163359,3560,1.12685,1.19268,2023,29,2023-07-16,2023-07-22,2022,2022-23,42,TRUE
National,202330,202439,2024-10-04,61,26417,2146245,3551,1.16805,1.23085,2023,30,2023-07-23,2023-07-29,2022,2022-23,43,TRUE
National,202331,202439,2024-10-04,60,26896,2132922,3542,1.20299,1.26099,2023,31,2023-07-30,2023-08-05,2022,2022-23,44,TRUE
National,202332,202439,2024-10-04,59,29313,2156467,3521,1.27357,1.35931,2023,32,2023-08-06,2023-08-12,2022,2022-23,45,TRUE
National,202333,202439,2024-10-04,58,33663,2186399,3533,1.44821,1.53965,2023,33,2023-08-13,2023-08-19,2022,2022-23,46,TRUE
National,202334,202439,2024-10-04,57,40979,2243946,3524,1.70391,1.8262,2023,34,2023-08-20,2023-08-26,2022,2022-23,47,TRUE
National,202335,202439,2024-10-04,56,44411,2245988,3537,1.93305,1.97735,2023,35,2023-08-27,2023-09-02,2022,2022-23,48,TRUE
National,202336,202439,2024-10-04,55,44734,2209523,3538,2.00204,2.0246,2023,36,2023-09-03,2023-09-09,2022,2022-23,49,TRUE
National,202337,202439,2024-10-04,54,45287,2274050,3558,1.94047,1.99147,2023,37,2023-09-10,2023-09-16,2022,2022-23,50,TRUE
National,202338,202439,2024-10-04,53,48265,2261308,3558,2.03761,2.13438,2023,38,2023-09-17,2023-09-23,2022,2022-23,51,TRUE
National,202339,202439,2024-10-04,52,49269,2260617,3552,2.0899200000000002,2.17945,2023,39,2023-09-24,2023-09-30,2022,2022-23,52,TRUE
National,202340,202538,2025-09-26,102,56309,2489991,4103,2.27908,2.26141,2023,40,2023-10-01,2023-10-07,2023,2023-24,1,TRUE
National,202341,202538,2025-09-26,101,57503,2484429,4124,2.33755,2.31454,2023,41,2023-10-08,2023-10-14,2023,2023-24,2,TRUE
National,202342,202538,2025-09-26,100,62457,2482069,4105,2.52242,2.51633,2023,42,2023-10-15,2023-10-21,2023,2023-24,3,TRUE
National,202343,202538,2025-09-26,99,67774,2523186,4135,2.71275,2.68605,2023,43,2023-10-22,2023-10-28,2023,2023-24,4,TRUE
National,202344,202538,2025-09-26,98,72208,2477704,4126,2.94538,2.91431,2023,44,2023-10-29,2023-11-04,2023,2023-24,5,TRUE
National,202345,202538,2025-09-26,97,85458,2567706,4122,3.40957,3.32818,2023,45,2023-11-05,2023-11-11,2023,2023-24,6,TRUE
National,202346,202538,2025-09-26,96,90973,2544844,4129,3.6903,3.5748,2023,46,2023-11-12,2023-11-18,2023,2023-24,7,TRUE
National,202347,202538,2025-09-26,95,85522,2255831,4141,3.92958,3.79115,2023,47,2023-11-19,2023-11-25,2023,2023-24,8,TRUE
National,202348,202538,2025-09-26,94,103664,2616442,4111,4.03334,3.96202,2023,48,2023-11-26,2023-12-02,2023,2023-24,9,TRUE
National,202349,202538,2025-09-26,93,114169,2619366,4073,4.38382,4.35865,2023,49,2023-12-03,2023-12-09,2023,2023-24,10,TRUE
National,202350,202538,2025-09-26,92,136079,2611355,4093,5.18426,5.21105,2023,50,2023-12-10,2023-12-16,2023,2023-24,11,TRUE
National,202351,202538,2025-09-26,91,163310,2586137,4062,6.23157,6.31482,2023,51,2023-12-17,2023-12-23,2023,2023-24,12,TRUE
National,202352,202538,2025-09-26,90,166197,2405363,4043,6.7962,6.90944,2023,52,2023-12-24,2023-12-30,2023,2023-24,13,TRUE
National,202401,202538,2025-09-26,89,143950,2497365,4078,5.71536,5.76408,2024,1,2023-12-31,2024-01-06,2023,2023-24,14,TRUE
National,202402,202538,2025-09-26,88,118061,2483819,4064,4.66576,4.7532,2024,2,2024-01-07,2024-01-13,2023,2023-24,15,TRUE
National,202403,202538,2025-09-26,87,100111,2299842,4084,4.32446,4.35295,2024,3,2024-01-14,2024-01-20,2023,2023-24,16,TRUE
National,202404,202538,2025-09-26,86,105578,2498999,4110,4.22972,4.22481,2024,4,2024-01-21,2024-01-27,2023,2023-24,17,TRUE
National,202405,202538,2025-09-26,85,107946,2522125,4093,4.42065,4.27996,2024,5,2024-01-28,2024-02-03,2023,2023-24,18,TRUE
National,202406,202538,2025-09-26,84,112984,2566895,4095,4.45705,4.40158,2024,6,2024-02-04,2024-02-10,2023,2023-24,19,TRUE
National,202407,202538,2025-09-26,83,108413,2499747,4088,4.35511,4.33696,2024,7,2024-02-11,2024-02-17,2023,2023-24,20,TRUE
National,202408,202538,2025-09-26,82,107398,2483847,4073,4.33545,4.32386,2024,8,2024-02-18,2024-02-24,2023,2023-24,21,TRUE
National,202409,202538,2025-09-26,81,104700,2555691,4058,4.0587,4.09674,2024,9,2024-02-25,2024-03-02,2023,2023-24,22,TRUE
National,202410,202538,2025-09-26,80,94776,2529424,4077,3.72797,3.74694,2024,10,2024-03-03,2024-03-09,2023,2023-24,23,TRUE
National,202411,202538,2025-09-26,79,84989,2498605,4022,3.39722,3.40146,2024,11,2024-03-10,2024-03-16,2023,2023-24,24,TRUE
National,202412,202538,2025-09-26,78,78492,2488074,4069,3.08528,3.15473,2024,12,2024-03-17,2024-03-23,2023,2023-24,25,TRUE
National,202413,202538,2025-09-26,77,73783,2428005,4060,2.97703,3.03883,2024,13,2024-03-24,2024-03-30,2023,2023-24,26,TRUE
National,202414,202538,2025-09-26,76,68552,2420608,4049,2.76586,2.83202,2024,14,2024-03-31,2024-04-06,2023,2023-24,27,TRUE
National,202415,202538,2025-09-26,75,64523,2488849,4064,2.53824,2.59248,2024,15,2024-04-07,2024-04-13,2023,2023-24,28,TRUE
National,202416,202538,2025-09-26,74,57547,2507721,4046,2.24747,2.29479,2024,16,2024-04-14,2024-04-20,2023,2023-24,29,TRUE
National,202417,202538,2025-09-26,73,55418,2465351,4020,2.19144,2.24787,2024,17,2024-04-21,2024-04-27,2023,2023-24,30,TRUE
National,202418,202538,2025-09-26,72,53521,2493729,3976,2.09931,2.14622,2024,18,2024-04-28,2024-05-04,2023,2023-24,31,TRUE
National,202419,202538,2025-09-26,71,50413,2468736,4018,2.00488,2.04206,2024,19,2024-05-05,2024-05-11,2023,2023-24,32,TRUE
National,202420,202538,2025-09-26,70,49410,2426743,3967,1.97657,2.03606,2024,20,2024-05-12,2024-05-18,2023,2023-24,33,TRUE
National,202421,202538,2025-09-26,69,47573,2428922,3921,1.90707,1.95861,2024,21,2024-05-19,2024-05-25,2023,2023-24,34,TRUE
National,202422,202538,2025-09-26,68,44745,2328017,3907,1.87651,1.92202,2024,22,2024-05-26,2024-06-01,2023,2023-24,35,TRUE
National,202423,202538,2025-09-26,67,41225,2387650,3886,1.66065,1.72659,2024,23,2024-06-02,2024-06-08,2023,2023-24,36,TRUE
National,202424,202538,2025-09-26,66,37749,2350585,3883,1.58178,1.60594,2024,24,2024-06-09,2024-06-15,2023,2023-24,37,TRUE
National,202425,202538,2025-09-26,65,35810,2321170,3881,1.49244,1.54276,2024,25,2024-06-16,2024-06-22,2023,2023-24,38,TRUE
National,202426,202538,2025-09-26,64,35224,2351985,3823,1.4663,1.49763,2024,26,2024-06-23,2024-06-29,2023,2023-24,39,TRUE
National,202427,202538,2025-09-26,63,32130,2220134,3865,1.37639,1.44721,2024,27,2024-06-30,2024-07-06,2023,2023-24,40,TRUE
National,202428,202538,2025-09-26,62,35017,2418108,3852,1.45548,1.44812,2024,28,2024-07-07,2024-07-13,2023,2023-24,41,TRUE
National,202429,202538,2025-09-26,61,33357,2322374,3798,1.45233,1.43633,2024,29,2024-07-14,2024-07-20,2023,2023-24,42,TRUE
National,202430,202538,2025-09-26,60,34816,2314401,3879,1.52211,1.50432,2024,30,2024-07-21,2024-07-27,2023,2023-24,43,TRUE
National,202431,202538,2025-09-26,59,35019,2342255,3889,1.53543,1.4951,2024,31,2024-07-28,2024-08-03,2023,2023-24,44,TRUE
National,202432,202538,2025-09-26,58,35085,2331105,3878,1.53984,1.50508,2024,32,2024-08-04,2024-08-10,2023,2023-24,45,TRUE
National,202433,202538,2025-09-26,57,37049,2366776,3888,1.56577,1.56538,2024,33,2024-08-11,2024-08-17,2023,2023-24,46,TRUE
National,202434,202538,2025-09-26,56,41839,2373251,3890,1.76988,1.76294,2024,34,2024-08-18,2024-08-24,2023,2023-24,47,TRUE
National,202435,202538,2025-09-26,55,45676,2417432,3890,1.93414,1.88944,2024,35,2024-08-25,2024-08-31,2023,2023-24,48,TRUE
National,202436,202538,2025-09-26,54,44740,2344763,3898,1.9202,1.90808,2024,36,2024-09-01,2024-09-07,2023,2023-24,49,TRUE
National,202437,202538,2025-09-26,53,46654,2447051,3844,1.95528,1.90654,2024,37,2024-09-08,2024-09-14,2023,2023-24,50,TRUE
National,202438,202538,2025-09-26,52,48504,2489845,3902,1.95303,1.94807,2024,38,2024-09-15,2024-09-21,2023,2023-24,51,TRUE
National,202439,202538,2025-09-26,51,46846,2418511,3877,1.93495,1.93698,2024,39,2024-09-22,2024-09-28,2023,2023-24,52,TRUE
National,202440,202638,2026-10-02,103,49676,2687374,4253,1.90509,1.8485,2024,40,2024-09-29,2024-10-05,2024,2024-25,1,TRUE
National,202441,202638,2026-10-02,102,51656,2656989,4271,2.02014,1.94416,2024,41,2024-10-06,2024-10-12,2024,2024-25,2,TRUE
National,202442,202638,2026-10-02,101,53461,2660225,4267,2.07037,2.00964,2024,42,2024-10-13,2024-10-19,2024,2024-25,3,TRUE
National,202443,202638,2026-10-02,100,59814,2775354,4269,2.22044,2.15518,2024,43,2024-10-20,2024-10-26,2024,2024-25,4,TRUE
National,202444,202638,2026-10-02,99,61076,2734678,4211,2.31725,2.23339,2024,44,2024-10-27,2024-11-02,2024,2024-25,5,TRUE
National,202445,202638,2026-10-02,98,65983,2765142,4258,2.4719,2.38624,2024,45,2024-11-03,2024-11-09,2024,2024-25,6,TRUE
National,202446,202638,2026-10-02,97,69293,2690545,4273,2.6917,2.57543,2024,46,2024-11-10,2024-11-16,2024,2024-25,7,TRUE
National,202447,202638,2026-10-02,96,75862,2720548,4237,2.88949,2.78848,2024,47,2024-11-17,2024-11-23,2024,2024-25,8,TRUE
National,202448,202638,2026-10-02,95,73943,2367211,4252,3.18283,3.12363,2024,48,2024-11-24,2024-11-30,2024,2024-25,9,TRUE
National,202449,202638,2026-10-02,94,87437,2695286,4252,3.318,3.24407,2024,49,2024-12-01,2024-12-07,2024,2024-25,10,TRUE
National,202450,202638,2026-10-02,93,100758,2733307,4251,3.78793,3.6863,2024,50,2024-12-08,2024-12-14,2024,2024-25,11,TRUE
National,202451,202638,2026-10-02,92,133012,2767445,4221,4.94489,4.80631,2024,51,2024-12-15,2024-12-21,2024,2024-25,12,TRUE
National,202452,202638,2026-10-02,91,167411,2512241,4217,6.74349,6.66381,2024,52,2024-12-22,2024-12-28,2024,2024-25,13,TRUE
National,202501,202638,2026-10-02,90,164458,2666881,4247,6.25398,6.16668,2025,1,2024-12-29,2025-01-04,2024,2024-25,14,TRUE
National,202502,202638,2026-10-02,89,139494,2634939,4243,5.30512,5.29401,2025,2,2025-01-05,2025-01-11,2024,2024-25,15,TRUE
National,202503,202638,2026-10-02,88,156729,2753898,4258,5.74558,5.69117,2025,3,2025-01-12,2025-01-18,2024,2024-25,16,TRUE
National,202504,202638,2026-10-02,87,179704,2620898,4263,6.98693,6.85658,2025,4,2025-01-19,2025-01-25,2024,2024-25,17,TRUE
National,202505,202638,2026-10-02,86,214625,2890504,4261,7.79898,7.42518,2025,5,2025-01-26,2025-02-01,2024,2024-25,18,TRUE
National,202506,202638,2026-10-02,85,222652,2889494,4250,7.84378,7.70557,2025,6,2025-02-02,2025-02-08,2024,2024-25,19,TRUE
National,202507,202638,2026-10-02,84,192807,2731160,4258,6.93692,7.05953,2025,7,2025-02-09,2025-02-15,2024,2024-25,20,TRUE
National,202508,202638,2026-10-02,83,156808,2605653,4245,5.90072,6.01799,2025,8,2025-02-16,2025-02-22,2024,2024-25,21,TRUE
National,202509,202638,2026-10-02,82,133099,2750746,4242,4.87406,4.83865,2025,9,2025-02-23,2025-03-01,2024,2024-25,22,TRUE
National,202510,202638,2026-10-02,81,114116,2675535,4237,4.26679,4.26517,2025,10,2025-03-02,2025-03-08,2024,2024-25,23,TRUE
National,202511,202638,2026-10-02,80,103496,2678425,4218,3.81006,3.86406,2025,11,2025-03-09,2025-03-15,2024,2024-25,24,TRUE
National,202512,202638,2026-10-02,79,87568,2648741,4204,3.25232,3.30602,2025,12,2025-03-16,2025-03-22,2024,2024-25,25,TRUE
National,202513,202638,2026-10-02,78,77150,2611965,4214,2.89999,2.95371,2025,13,2025-03-23,2025-03-29,2024,2024-25,26,TRUE
National,202514,202638,2026-10-02,77,66660,2565984,4199,2.56142,2.59783,2025,14,2025-03-30,2025-04-05,2024,2024-25,27,TRUE
National,202515,202638,2026-10-02,76,61066,2570768,4212,2.41066,2.3754,2025,15,2025-04-06,2025-04-12,2024,2024-25,28,TRUE
National,202516,202638,2026-10-02,75,56759,2566953,4201,2.26966,2.21114,2025,16,2025-04-13,2025-04-19,2024,2024-25,29,TRUE
National,202517,202638,2026-10-02,74,54691,2610776,4195,2.16654,2.09482,2025,17,2025-04-20,2025-04-26,2024,2024-25,30,TRUE
National,202518,202638,2026-10-02,73,50062,2572762,4142,1.99958,1.94585,2025,18,2025-04-27,2025-05-03,2024,2024-25,31,TRUE
National,202519,202638,2026-10-02,72,47467,2587864,4167,1.89657,1.83422,2025,19,2025-05-04,2025-05-10,2024,2024-25,32,TRUE
National,202520,202638,2026-10-02,71,46500,2594238,4153,1.86402,1.79243,2025,20,2025-05-11,2025-05-17,2024,2024-25,33,TRUE
National,202521,202638,2026-10-02,70,44991,2562363,4126,1.8161,1.75584,2025,21,2025-05-18,2025-05-24,2024,2024-25,34,TRUE
National,202522,202638,2026-10-02,69,43368,2454893,4131,1.82615,1.76659,2025,22,2025-05-25,2025-05-31,2024,2024-25,35,TRUE
National,202523,202638,2026-10-02,68,39019,2499733,4005,1.6042,1.56093,2025,23,2025-06-01,2025-06-07,2024,2024-25,36,TRUE
National,202524,202638,2026-10-02,67,34363,2482683,4111,1.4049,1.38411,2025,24,2025-06-08,2025-06-14,2024,2024-25,37,TRUE
National,202525,202638,2026-10-02,66,31433,2447914,4105,1.31999,1.28407,2025,25,2025-06-15,2025-06-21,2024,2024-25,38,TRUE
National,202526,202638,2026-10-02,65,28825,2478105,4097,1.17989,1.16319,2025,26,2025-06-22,2025-06-28,2024,2024-25,39,TRUE
National,202527,202638,2026-10-02,64,25535,2349012,4093,1.108,1.08705,2025,27,2025-06-29,2025-07-05,2024,2024-25,40,TRUE
National,202528,202638,2026-10-02,63,26359,2496062,4049,1.15638,1.05602,2025,28,2025-07-06,2025-07-12,2024,2024-25,41,TRUE
National,202529,202638,2026-10-02,62,24765,2450508,4046,1.05736,1.01061,2025,29,2025-07-13,2025-07-19,2024,2024-25,42,TRUE
National,202530,202638,2026-10-02,61,25096,2501517,4068,1.03242,1.00323,2025,30,2025-07-20,2025-07-26,2024,2024-25,43,TRUE
National,202531,202638,2026-10-02,60,25181,2467098,4006,1.05832,1.02067,2025,31,2025-07-27,2025-08-02,2024,2024-25,44,TRUE
National,202532,202638,2026-10-02,59,27257,2473257,4075,1.14965,1.10207,2025,32,2025-08-03,2025-08-09,2024,2024-25,45,TRUE
National,202533,202638,2026-10-02,58,29175,2522881,4003,1.21395,1.15642,2025,33,2025-08-10,2025-08-16,2024,2024-25,46,TRUE
National,202534,202638,2026-10-02,57,35042,2473905,4051,1.45765,1.41647,2025,34,2025-08-17,2025-08-23,2024,2024-25,47,TRUE
National,202535,202638,2026-10-02,56,41515,2502107,3987,1.7911300000000001,1.6592,2025,35,2025-08-24,2025-08-30,2024,2024-25,48,TRUE
National,202536,202638,2026-10-02,55,42038,2484768,4054,1.80315,1.69183,2025,36,2025-08-31,2025-09-06,2024,2024-25,49,TRUE
National,202537,202638,2026-10-02,54,42083,2536855,4012,1.75434,1.65887,2025,37,2025-09-07,2025-09-13,2024,2024-25,50,TRUE
National,202538,202638,2026-10-02,53,41955,2580563,4053,1.72128,1.62581,2025,38,2025-09-14,2025-09-20,2024,2024-25,51,TRUE
National,202539,202638,2026-10-02,52,39771,2552619,4032,1.68219,1.55805,2025,39,2025-09-21,2025-09-27,2024,2024-25,52,TRUE
National,202540,202638,2026-10-02,51,41531,2682455,4325,1.61185,1.54825,2025,40,2025-09-28,2025-10-04,2025,2025-26,1,TRUE
National,202541,202638,2026-10-02,50,41510,2634800,4337,1.63607,1.57545,2025,41,2025-10-05,2025-10-11,2025,2025-26,2,TRUE
National,202542,202638,2026-10-02,49,41968,2597381,4337,1.6992,1.61578,2025,42,2025-10-12,2025-10-18,2025,2025-26,3,TRUE
National,202543,202638,2026-10-02,48,44224,2629033,4343,1.74036,1.68214,2025,43,2025-10-19,2025-10-25,2025,2025-26,4,TRUE
National,202544,202638,2026-10-02,47,45672,2561759,4340,1.82557,1.78284,2025,44,2025-10-26,2025-11-01,2025,2025-26,5,TRUE
National,202545,202638,2026-10-02,46,54426,2638288,4355,2.12189,2.06293,2025,45,2025-11-02,2025-11-08,2025,2025-26,6,TRUE
National,202546,202638,2026-10-02,45,56901,2613100,4348,2.26336,2.17753,2025,46,2025-11-09,2025-11-15,2025,2025-26,7,TRUE
National,202547,202638,2026-10-02,44,66246,2674442,4371,2.52529,2.477,2025,47,2025-11-16,2025-11-22,2025,2025-26,8,TRUE
National,202548,202638,2026-10-02,43,70436,2305170,4341,2.96755,3.05557,2025,48,2025-11-23,2025-11-29,2025,2025-26,9,TRUE
National,202549,202638,2026-10-02,42,87225,2647927,4338,3.28462,3.29409,2025,49,2025-11-30,2025-12-06,2025,2025-26,10,TRUE
National,202550,202638,2026-10-02,41,114301,2678221,4361,4.11906,4.2678,2025,50,2025-12-07,2025-12-13,2025,2025-26,11,TRUE
National,202551,202638,2026-10-02,40,172014,2771975,4339,6.00523,6.20547,2025,51,2025-12-14,2025-12-20,2025,2025-26,12,TRUE
National,202552,202638,2026-10-02,39,215792,2540023,4317,8.29853,8.49567,2025,52,2025-12-21,2025-12-27,2025,2025-26,13,TRUE
National,202553,202638,2026-10-02,38,187831,2589972,4302,7.16834,7.25224,2025,53,2025-12-28,2026-01-03,2025,2025-26,14,TRUE
National,202601,202638,2026-10-02,37,147058,2818289,4337,5.29497,5.21799,2026,1,2026-01-04,2026-01-10,2025,2025-26,15,TRUE
National,202602,202638,2026-10-02,36,115067,2668822,4326,4.38293,4.31153,2026,2,2026-01-11,2026-01-17,2025,2025-26,16,TRUE
National,202603,202638,2026-10-02,35,109967,2518082,4318,4.72432,4.36709,2026,3,2026-01-18,2026-01-24,2025,2025-26,17,TRUE
National,202604,202638,2026-10-02,34,103605,2422714,4331,4.4268,4.2764,2026,4,2026-01-25,2026-01-31,2025,2025-26,18,TRUE
National,202605,202638,2026-10-02,33,110896,2606036,4307,4.61316,4.25535,2026,5,2026-02-01,2026-02-07,2025,2025-26,19,TRUE
National,202606,202638,2026-10-02,32,118239,2693101,4320,4.57281,4.39044,2026,6,2026-02-08,2026-02-14,2025,2025-26,20,TRUE
National,202607,202638,2026-10-02,31,113691,2656443,4333,4.42213,4.27982,2026,7,2026-02-15,2026-02-21,2025,2025-26,21,TRUE
National,202608,202638,2026-10-02,30,100314,2661637,4334,3.87476,3.76888,2026,8,2026-02-22,2026-02-28,2025,2025-26,22,TRUE
National,202609,202638,2026-10-02,29,98549,2727427,4334,3.7067,3.61326,2026,9,2026-03-01,2026-03-07,2025,2025-26,23,TRUE
National,202610,202638,2026-10-02,28,87707,2714162,4306,3.26681,3.2314600000000002,2026,10,2026-03-08,2026-03-14,2025,2025-26,24,TRUE
National,202611,202638,2026-10-02,27,74855,2615854,4316,2.90075,2.86159,2026,11,2026-03-15,2026-03-21,2025,2025-26,25,TRUE
National,202612,202638,2026-10-02,26,70433,2669763,4305,2.65042,2.63817,2026,12,2026-03-22,2026-03-28,2025,2025-26,26,TRUE
National,202613,202638,2026-10-02,25,61227,2573809,4207,2.37307,2.37885,2026,13,2026-03-29,2026-04-04,2025,2025-26,27,TRUE
National,202614,202638,2026-10-02,24,53171,2570900,4198,2.09566,2.06819,2026,14,2026-04-05,2026-04-11,2025,2025-26,28,TRUE
National,202615,202638,2026-10-02,23,49891,2682345,4303,1.88364,1.85998,2026,15,2026-04-12,2026-04-18,2025,2025-26,29,TRUE
National,202616,202638,2026-10-02,22,47103,2649327,4286,1.82155,1.77792,2026,16,2026-04-19,2026-04-25,2025,2025-26,30,TRUE
National,202617,202638,2026-10-02,21,45082,2623273,4241,1.76016,1.71854,2026,17,2026-04-26,2026-05-02,2025,2025-26,31,TRUE
National,202618,202638,2026-10-02,20,43740,2621653,4272,1.76462,1.66841,2026,18,2026-05-03,2026-05-09,2025,2025-26,32,TRUE
National,202619,202638,2026-10-02,19,43727,2627479,4265,1.74194,1.66422,2026,19,2026-05-10,2026-05-16,2025,2025-26,33,TRUE
National,202620,202638,2026-10-02,18,39852,2619954,4227,1.5853,1.5211,2026,20,2026-05-17,2026-05-23,2025,2025-26,34,TRUE
National,202621,202638,2026-10-02,17,37661,2535891,4216,1.56833,1.48512,2026,21,2026-05-24,2026-05-30,2025,2025-26,35,TRUE
National,202622,202638,2026-10-02,16,34423,2581255,4182,1.39262,1.33358,2026,22,2026-05-31,2026-06-06,2025,2025-26,36,TRUE
National,202623,202638,2026-10-02,15,30270,2566122,4152,1.23565,1.1796,2026,23,2026-06-07,2026-06-13,2025,2025-26,37,TRUE
National,202624,202638,2026-10-02,14,27626,2539151,4177,1.1263,1.088,2026,24,2026-06-14,2026-06-20,2025,2025-26,38,TRUE
National,202625,202638,2026-10-02,13,25439,2511989,4155,1.04397,1.0127,2026,25,2026-06-21,2026-06-27,2025,2025-26,39,TRUE
National,202626,202638,2026-10-02,12,23236,2396646,4147,0.997989,0.969522,2026,26,2026-06-28,2026-07-04,2025,2025-26,40,TRUE
National,202627,202638,2026-10-02,11,23448,2564281,4105,0.941175,0.914408,2026,27,2026-07-05,2026-07-11,2025,2025-26,41,TRUE
National,202628,202638,2026-10-02,10,21943,2532107,4103,0.902908,0.866591,2026,28,2026-07-12,2026-07-18,2025,2025-26,42,TRUE
National,202629,202638,2026-10-02,9,20335,2478237,4003,0.871407,0.820543,2026,29,2026-07-19,2026-07-25,2025,2025-26,43,TRUE
National,202630,202638,2026-10-02,8,20242,2460335,3995,0.866641,0.822733,2026,30,2026-07-26,2026-08-01,2025,2025-26,44,TRUE
National,202631,202638,2026-10-02,7,20447,2461186,4010,0.873289,0.830778,2026,31,2026-08-02,2026-08-08,2025,2025-26,45,TRUE
National,202632,202638,2026-10-02,6,22214,2502480,4005,0.954391,0.887679,2026,32,2026-08-09,2026-08-15,2025,2025-26,46,TRUE
National,202633,202638,2026-10-02,5,26728,2502540,3865,1.13209,1.06803,2026,33,2026-08-16,2026-08-22,2025,2025-26,47,TRUE
National,202634,202638,2026-10-02,4,33083,2614331,4034,1.3561,1.26545,2026,34,2026-08-23,2026-08-29,2025,2025-26,48,TRUE
National,202635,202638,2026-10-02,3,36611,2604337,4031,1.53034,1.40577,2026,35,2026-08-30,2026-09-05,2025,2025-26,49,TRUE
National,202636,202638,2026-10-02,2,37748,2536263,4028,1.58855,1.48833,2026,36,2026-09-06,2026-09-12,2025,2025-26,50,TRUE
National,202637,202638,2026-10-02,1,41123,2589124,4032,1.64559,1.5883,2026,37,2026-09-13,2026-09-19,2025,2025-26,51,TRUE
National,202638,202638,2026-10-02,0,43747,2621495,3986,1.74236,1.66878,2026,38,2026-09-20,2026-09-26,2025,2025-26,52,TRUE
Region 1,201940,202139,2021-10-08,104,1261,130089,255,0.892224,0.969336,2019,40,2019-09-29,2019-10-05,2019,2019-20,1,FALSE
Region 1,201941,202139,2021-10-08,103,1465,130676,261,1.00194,1.12109,2019,41,2019-10-06,2019-10-12,2019,2019-20,2,FALSE
Region 1,201942,202139,2021-10-08,102,1592,129402,265,1.10858,1.23027,2019,42,2019-10-13,2019-10-19,2019,2019-20,3,FALSE
Region 1,201943,202139,2021-10-08,101,1571,133141,262,1.08702,1.17995,2019,43,2019-10-20,2019-10-26,2019,2019-20,4,FALSE
Region 1,201944,202139,2021-10-08,100,1643,132506,271,1.13812,1.23994,2019,44,2019-10-27,2019-11-02,2019,2019-20,5,FALSE
Region 1,201945,202139,2021-10-08,99,1810,131409,263,1.29227,1.37738,2019,45,2019-11-03,2019-11-09,2019,2019-20,6,FALSE
Region 1,201946,202139,2021-10-08,98,1947,127939,261,1.38714,1.52182,2019,46,2019-11-10,2019-11-16,2019,2019-20,7,FALSE
Region 1,201947,202139,2021-10-08,97,2176,131725,264,1.49625,1.65193,2019,47,2019-11-17,2019-11-23,2019,2019-20,8,FALSE
Region 1,201948,202139,2021-10-08,96,2225,111608,263,1.79568,1.99358,2019,48,2019-11-24,2019-11-30,2019,2019-20,9,FALSE
Region 1,201949,202139,2021-10-08,95,2472,124372,264,1.81736,1.98759,2019,49,2019-12-01,2019-12-07,2019,2019-20,10,FALSE
Region 1,201950,202139,2021-10-08,94,2629,130387,263,1.89441,2.01631,2019,50,2019-12-08,2019-12-14,2019,2019-20,11,FALSE
Region 1,201951,202139,2021-10-08,93,3290,124306,262,2.48714,2.64669,2019,51,2019-12-15,2019-12-21,2019,2019-20,12,FALSE
Region 1,201952,202139,2021-10-08,92,4563,115551,264,3.72534,3.94891,2019,52,2019-12-22,2019-12-28,2019,2019-20,13,FALSE
Region 1,202001,202139,2021-10-08,91,5394,126801,264,3.9217,4.25391,2020,1,2019-12-29,2020-01-04,2019,2019-20,14,FALSE
Region 1,202002,202139,2021-10-08,90,5310,136068,271,3.69926,3.90246,2020,2,2020-01-05,2020-01-11,2019,2019-20,15,FALSE
Region 1,202003,202139,2021-10-08,89,6209,132345,269,4.48822,4.69153,2020,3,2020-01-12,2020-01-18,2019,2019-20,16,FALSE
Region 1,202004,202139,2021-10-08,88,7636,135131,266,5.30297,5.65081,2020,4,2020-01-19,2020-01-25,2019,2019-20,17,FALSE
Region 1,202005,202139,2021-10-08,87,9952,147080,268,6.43424,6.76639,2020,5,2020-01-26,2020-02-01,2019,2019-20,18,FALSE
Region 1,202006,202139,2021-10-08,86,10891,143439,267,7.14812,7.59277,2020,6,2020-02-02,2020-02-08,2019,2019-20,19,FALSE
Region 1,202007,202139,2021-10-08,85,9261,139380,266,6.44878,6.64443,2020,7,2020-02-09,2020-02-15,2019,2019-20,20,FALSE
Region 1,202008,202139,2021-10-08,84,7692,130014,268,5.68503,5.91629,2020,8,2020-02-16,2020-02-22,2019,2019-20,21,FALSE
Region 1,202009,202139,2021-10-08,83,6319,133257,261,4.59296,4.74196,2020,9,2020-02-23,2020-02-29,2019,2019-20,22,FALSE
Region 1,202010,202139,2021-10-08,82,5944,129920,264,4.27651,4.57512,2020,10,2020-03-01,2020-03-07,2019,2019-20,23,FALSE
Region 1,202011,202139,2021-10-08,81,6163,115222,246,4.83903,5.3488,2020,11,2020-03-08,2020-03-14,2019,2019-20,24,FALSE
Region 1,202012,202139,2021-10-08,80,4999,75752,245,5.88522,6.59917,2020,12,2020-03-15,2020-03-21,2019,2019-20,25,FALSE
Region 1,202013,202139,2021-10-08,79,3313,60764,236,4.80548,5.45224,2020,13,2020-03-22,2020-03-28,2019,2019-20,26,FALSE
Region 1,202014,202139,2021-10-08,78,2732,55758,234,4.34371,4.89975,2020,14,2020-03-29,2020-04-04,2019,2019-20,27,FALSE
Region 1,202015,202139,2021-10-08,77,2027,54118,230,3.38192,3.74552,2020,15,2020-04-05,2020-04-11,2019,2019-20,28,FALSE
Region 1,202016,202139,2021-10-08,76,1882,55212,236,3.05896,3.40868,2020,16,2020-04-12,2020-04-18,2019,2019-20,29,FALSE
Region 1,202017,202139,2021-10-08,75,1284,56193,222,2.10456,2.28498,2020,17,2020-04-19,2020-04-25,2019,2019-20,30,FALSE
Region 1,202018,202139,2021-10-08,74,1035,58068,220,1.6561,1.78239,2020,18,2020-04-26,2020-05-02,2019,2019-20,31,FALSE
Region 1,202019,202139,2021-10-08,73,893,62686,220,1.33444,1.42456,2020,19,2020-05-03,2020-05-09,2019,2019-20,32,FALSE
Region 1,202020,202139,2021-10-08,72,847,64724,221,1.22049,1.30863,2020,20,2020-05-10,2020-05-16,2019,2019-20,33,FALSE
Region 1,202021,202139,2021-10-08,71,687,74488,228,0.924144,0.922296,2020,21,2020-05-17,2020-05-23,2019,2019-20,34,FALSE
Region 1,202022,202139,2021-10-08,70,580,77343,226,0.737775,0.749906,2020,22,2020-05-24,2020-05-30,2019,2019-20,35,FALSE
Region 1,202023,202139,2021-10-08,69,532,80755,221,0.667254,0.658783,2020,23,2020-05-31,2020-06-06,2019,2019-20,36,FALSE
Region 1,202024,202139,2021-10-08,68,470,82389,223,0.597741,0.570465,2020,24,2020-06-07,2020-06-13,2019,2019-20,37,FALSE
Region 1,202025,202139,2021-10-08,67,427,86415,220,0.50933,0.494127,2020,25,2020-06-14,2020-06-20,2019,2019-20,38,FALSE
Region 1,202026,202139,2021-10-08,66,489,91676,222,0.551892,0.5334,2020,26,2020-06-21,2020-06-27,2019,2019-20,39,FALSE
Region 1,202027,202139,2021-10-08,65,467,89586,220,0.509082,0.521287,2020,27,2020-06-28,2020-07-04,2019,2019-20,40,FALSE
Region 1,202028,202139,2021-10-08,64,520,96974,222,0.526729,0.536226,2020,28,2020-07-05,2020-07-11,2019,2019-20,41,FALSE
Region 1,202029,202139,2021-10-08,63,513,98481,220,0.511547,0.520913,2020,29,2020-07-12,2020-07-18,2019,2019-20,42,FALSE
Region 1,202030,202139,2021-10-08,62,500,99042,220,0.512911,0.504836,2020,30,2020-07-19,2020-07-25,2019,2019-20,43,FALSE
Region 1,202031,202139,2021-10-08,61,553,101257,220,0.537036,0.546135,2020,31,2020-07-26,2020-08-01,2019,2019-20,44,FALSE
Region 1,202032,202139,2021-10-08,60,565,101376,217,0.546167,0.557331,2020,32,2020-08-02,2020-08-08,2019,2019-20,45,FALSE
Region 1,202033,202139,2021-10-08,59,611,102451,217,0.593913,0.596383,2020,33,2020-08-09,2020-08-15,2019,2019-20,46,FALSE
Region 1,202034,202139,2021-10-08,58,640,103109,217,0.604997,0.620702,2020,34,2020-08-16,2020-08-22,2019,2019-20,47,FALSE
Region 1,202035,202139,2021-10-08,57,643,103423,222,0.602632,0.621719,2020,35,2020-08-23,2020-08-29,2019,2019-20,48,FALSE
Region 1,202036,202139,2021-10-08,56,614,103611,225,0.570855,0.592601,2020,36,2020-08-30,2020-09-05,2019,2019-20,49,FALSE
Region 1,202037,202139,2021-10-08,55,663,100748,213,0.614413,0.658078,2020,37,2020-09-06,2020-09-12,2019,2019-20,50,FALSE
Region 1,202038,202139,2021-10-08,54,678,103126,223,0.63491,0.657448,2020,38,2020-09-13,2020-09-19,2019,2019-20,51,FALSE
Region 1,202039,202139,2021-10-08,53,816,106372,225,0.724478,0.767119,2020,39,2020-09-20,2020-09-26,2019,2019-20,52,FALSE
Region 1,202040,202239,2022-10-07,104,1023,138382,266,0.737722,0.739258,2020,40,2020-09-27,2020-10-03,2020,2020-21,1,FALSE
Region 1,202041,202239,2022-10-07,103,1202,142004,271,0.829271,0.846455,2020,41,2020-10-04,2020-10-10,2020,2020-21,2,FALSE
Region 1,202042,202239,2022-10-07,102,1062,136150,269,0.726535,0.780022,2020,42,2020-10-11,2020-10-17,2020,2020-21,3,FALSE
Region 1,202043,202239,2022-10-07,101,1128,143766,273,0.758938,0.784608,2020,43,2020-10-18,2020-10-24,2020,2020-21,4,FALSE
Region 1,202044,202239,2022-10-07,100,1184,126478,277,0.892072,0.936131,2020,44,2020-10-25,2020-10-31,2020,2020-21,5,FALSE
Region 1,202045,202239,2022-10-07,99,1320,129249,276,0.969896,1.02128,2020,45,2020-11-01,2020-11-07,2020,2020-21,6,FALSE
Region 1,202046,202239,2022-10-07,98,1433,135134,276,0.992776,1.06043,2020,46,2020-11-08,2020-11-14,2020,2020-21,7,FALSE
Region 1,202047,202239,2022-10-07,97,1293,128129,272,0.945543,1.00914,2020,47,2020-11-15,2020-11-21,2020,2020-21,8,FALSE
Region 1,202048,202239,2022-10-07,96,1230,111652,272,1.02417,1.10164,2020,48,2020-11-22,2020-11-28,2020,2020-21,9,FALSE
Region 1,202049,202239,2022-10-07,95,1340,123593,274,0.993601,1.0842,2020,49,2020-11-29,2020-12-05,2020,2020-21,10,FALSE
Region 1,202050,202239,2022-10-07,94,1263,118355,276,0.968118,1.06713,2020,50,2020-12-06,2020-12-12,2020,2020-21,11,FALSE
Region 1,202051,202239,2022-10-07,93,1077,112041,272,0.923454,0.961255,2020,51,2020-12-13,2020-12-19,2020,2020-21,12,FALSE
Region 1,202052,202239,2022-10-07,92,1069,105561,265,0.93888,1.01268,2020,52,2020-12-20,2020-12-26,2020,2020-21,13,FALSE
Region 1,202053,202239,2022-10-07,91,1060,111440,268,0.914862,0.951184,2020,53,2020-12-27,2021-01-02,2020,2020-21,14,FALSE
Region 1,202101,202239,2022-10-07,90,1115,120567,270,0.867458,0.924797,2021,1,2021-01-03,2021-01-09,2020,2020-21,15,FALSE
Region 1,202102,202239,2022-10-07,89,916,117900,274,0.713565,0.77693,2021,2,2021-01-10,2021-01-16,2020,2020-21,16,FALSE
Region 1,202103,202239,2022-10-07,88,783,115995,268,0.621262,0.675029,2021,3,2021-01-17,2021-01-23,2020,2020-21,17,FALSE
Region 1,202104,202239,2022-10-07,87,757,113443,268,0.684598,0.667295,2021,4,2021-01-24,2021-01-30,2020,2020-21,18,FALSE
Region 1,202105,202239,2022-10-07,86,586,112606,264,0.49687,0.520399,2021,5,2021-01-31,2021-02-06,2020,2020-21,19,FALSE
Region 1,202106,202239,2022-10-07,85,522,113962,265,0.452749,0.458047,2021,6,2021-02-07,2021-02-13,2020,2020-21,20,FALSE
Region 1,202107,202239,2022-10-07,84,512,111608,267,0.425726,0.458748,2021,7,2021-02-14,2021-02-20,2020,2020-21,21,FALSE
Region 1,202108,202239,2022-10-07,83,522,121678,268,0.40977,0.429001,2021,8,2021-02-21,2021-02-27,2020,2020-21,22,FALSE
Region 1,202109,202239,2022-10-07,82,539,121185,269,0.420377,0.444775,2021,9,2021-02-28,2021-03-06,2020,2020-21,23,FALSE
Region 1,202110,202239,2022-10-07,81,698,124939,268,0.520412,0.558673,2021,10,2021-03-07,2021-03-13,2020,2020-21,24,FALSE
Region 1,202111,202239,2022-10-07,80,629,122851,267,0.481554,0.512002,2021,11,2021-03-14,2021-03-20,2020,2020-21,25,FALSE
Region 1,202112,202239,2022-10-07,79,670,128053,265,0.484971,0.523221,2021,12,2021-03-21,2021-03-27,2020,2020-21,26,FALSE
Region 1,202113,202239,2022-10-07,78,697,129228,265,0.5103,0.539357,2021,13,2021-03-28,2021-04-03,2020,2020-21,27,FALSE
Region 1,202114,202239,2022-10-07,77,824,137564,264,0.562165,0.598994,2021,14,2021-04-04,2021-04-10,2020,2020-21,28,FALSE
Region 1,202115,202239,2022-10-07,76,738,136818,265,0.523819,0.539403,2021,15,2021-04-11,2021-04-17,2020,2020-21,29,FALSE
Region 1,202116,202239,2022-10-07,75,693,133602,265,0.493175,0.518705,2021,16,2021-04-18,2021-04-24,2020,2020-21,30,FALSE
Region 1,202117,202239,2022-10-07,74,702,135543,263,0.507171,0.517917,2021,17,2021-04-25,2021-05-01,2020,2020-21,31,FALSE
Region 1,202118,202239,2022-10-07,73,705,133866,265,0.508405,0.526646,2021,18,2021-05-02,2021-05-08,2020,2020-21,32,FALSE
Region 1,202119,202239,2022-10-07,72,781,136614,261,0.539551,0.571684,2021,19,2021-05-09,2021-05-15,2020,2020-21,33,FALSE
Region 1,202120,202239,2022-10-07,71,892,141765,260,0.57259,0.62921,2021,20,2021-05-16,2021-05-22,2020,2020-21,34,FALSE
Region 1,202121,202239,2022-10-07,70,807,137976,253,0.540269,0.584884,2021,21,2021-05-23,2021-05-29,2020,2020-21,35,FALSE
Region 1,202122,202239,2022-10-07,69,906,133784,250,0.617808,0.677211,2021,22,2021-05-30,2021-06-05,2020,2020-21,36,FALSE
Region 1,202123,202239,2022-10-07,68,927,145443,248,0.591977,0.637363,2021,23,2021-06-06,2021-06-12,2020,2020-21,37,FALSE
Region 1,202124,202239,2022-10-07,67,1070,143744,253,0.684946,0.744379,2021,24,2021-06-13,2021-06-19,2020,2020-21,38,FALSE
Region 1,202125,202239,2022-10-07,66,1046,140752,248,0.676728,0.743151,2021,25,2021-06-20,2021-06-26,2020,2020-21,39,FALSE
Region 1,202126,202239,2022-10-07,65,965,140558,248,0.640036,0.686549,2021,26,2021-06-27,2021-07-03,2020,2020-21,40,FALSE
Region 1,202127,202239,2022-10-07,64,1107,137290,248,0.731867,0.806322,2021,27,2021-07-04,2021-07-10,2020,2020-21,41,FALSE
Region 1,202128,202239,2022-10-07,63,1072,141491,248,0.697449,0.757645,2021,28,2021-07-11,2021-07-17,2020,2020-21,42,FALSE
Region 1,202129,202239,2022-10-07,62,1230,145991,248,0.766323,0.842518,2021,29,2021-07-18,2021-07-24,2020,2020-21,43,FALSE
Region 1,202130,202239,2022-10-07,61,1477,152245,246,0.880587,0.970147,2021,30,2021-07-25,2021-07-31,2020,2020-21,44,FALSE
Region 1,202131,202239,2022-10-07,60,1504,151393,245,0.906451,0.993441,2021,31,2021-08-01,2021-08-07,2020,2020-21,45,FALSE
Region 1,202132,202239,2022-10-07,59,1541,154426,249,0.910546,0.997889,2021,32,2021-08-08,2021-08-14,2020,2020-21,46,FALSE
Region 1,202133,202239,2022-10-07,58,1543,150296,246,0.923432,1.02664,2021,33,2021-08-15,2021-08-21,2020,2020-21,47,FALSE
Region 1,202134,202239,2022-10-07,57,1531,151341,248,0.927176,1.01162,2021,34,2021-08-22,2021-08-28,2020,2020-21,48,FALSE
Region 1,202135,202239,2022-10-07,56,1502,152270,248,0.904208,0.986406,2021,35,2021-08-29,2021-09-04,2020,2020-21,49,FALSE
Region 1,202136,202239,2022-10-07,55,1743,152452,243,1.07176,1.14331,2021,36,2021-09-05,2021-09-11,2020,2020-21,50,FALSE
Region 1,202137,202239,2022-10-07,54,1887,158305,246,1.1182,1.192,2021,37,2021-09-12,2021-09-18,2020,2020-21,51,FALSE
Region 1,202138,202239,2022-10-07,53,1889,158337,245,1.09915,1.19303,2021,38,2021-09-19,2021-09-25,2020,2020-21,52,FALSE
Region 1,202139,202239,2022-10-07,52,1978,155699,247,1.15875,1.2704,2021,39,2021-09-26,2021-10-02,2020,2020-21,53,FALSE
Region 1,202140,202339,2023-10-06,103,2037,160294,263,1.15639,1.27079,2021,40,2021-10-03,2021-10-09,2021,2021-22,1,FALSE
Region 1,202141,202339,2023-10-06,102,2067,160850,269,1.19047,1.28505,2021,41,2021-10-10,2021-10-16,2021,2021-22,2,FALSE
Region 1,202142,202339,2023-10-06,101,1800,159269,267,1.06317,1.13016,2021,42,2021-10-17,2021-10-23,2021,2021-22,3,FALSE
Region 1,202143,202339,2023-10-06,100,1802,151760,268,1.11875,1.1874,2021,43,2021-10-24,2021-10-30,2021,2021-22,4,FALSE
Region 1,202144,202339,2023-10-06,99,2296,156851,269,1.36547,1.46381,2021,44,2021-10-31,2021-11-06,2021,2021-22,5,FALSE
Region 1,202145,202339,2023-10-06,98,2297,156061,273,1.39144,1.47186,2021,45,2021-11-07,2021-11-13,2021,2021-22,6,FALSE
Region 1,202146,202339,2023-10-06,97,2658,158972,271,1.54744,1.67199,2021,46,2021-11-14,2021-11-20,2021,2021-22,7,FALSE
Region 1,202147,202339,2023-10-06,96,2589,137232,261,1.77166,1.88659,2021,47,2021-11-21,2021-11-27,2021,2021-22,8,FALSE
Region 1,202148,202339,2023-10-06,95,3646,161478,271,2.14574,2.25789,2021,48,2021-11-28,2021-12-04,2021,2021-22,9,FALSE
Region 1,202149,202339,2023-10-06,94,4004,159268,276,2.4713,2.514,2021,49,2021-12-05,2021-12-11,2021,2021-22,10,FALSE
Region 1,202150,202339,2023-10-06,93,3958,158604,269,2.38949,2.49552,2021,50,2021-12-12,2021-12-18,2021,2021-22,11,FALSE
Region 1,202151,202339,2023-10-06,92,4249,143086,265,2.7393,2.96954,2021,51,2021-12-19,2021-12-25,2021,2021-22,12,FALSE
Region 1,202152,202339,2023-10-06,91,6172,161942,265,3.48245,3.81124,2021,52,2021-12-26,2022-01-01,2021,2021-22,13,FALSE
Region 1,202201,202339,2023-10-06,90,4446,157298,268,2.61613,2.82648,2022,1,2022-01-02,2022-01-08,2021,2021-22,14,FALSE
Region 1,202202,202339,2023-10-06,89,2546,137866,266,1.73473,1.84672,2022,2,2022-01-09,2022-01-15,2021,2021-22,15,FALSE
Region 1,202203,202339,2023-10-06,88,1627,128403,267,1.19943,1.2671,2022,3,2022-01-16,2022-01-22,2021,2021-22,16,FALSE
Region 1,202204,202339,2023-10-06,87,1074,120416,266,0.85427,0.891908,2022,4,2022-01-23,2022-01-29,2021,2021-22,17,FALSE
Region 1,202205,202339,2023-10-06,86,899,118461,257,0.705607,0.7589,2022,5,2022-01-30,2022-02-05,2021,2021-22,18,FALSE
Region 1,202206,202339,2023-10-06,85,795,132679,267,0.557982,0.599191,2022,6,2022-02-06,2022-02-12,2021,2021-22,19,FALSE
Region 1,202207,202339,2023-10-06,84,742,129142,264,0.540791,0.574561,2022,7,2022-02-13,2022-02-19,2021,2021-22,20,FALSE
Region 1,202208,202339,2023-10-06,83,834,122732,267,0.630305,0.679529,2022,8,2022-02-20,2022-02-26,2021,2021-22,21,FALSE
Region 1,202209,202339,2023-10-06,82,880,135758,266,0.611072,0.648212,2022,9,2022-02-27,2022-03-05,2021,2021-22,22,FALSE
Region 1,202210,202339,2023-10-06,81,1295,136555,271,0.892772,0.948336,2022,10,2022-03-06,2022-03-12,2021,2021-22,23,FALSE
Region 1,202211,202339,2023-10-06,80,1522,138378,267,1.03896,1.09989,2022,11,2022-03-13,2022-03-19,2021,2021-22,24,FALSE
Region 1,202212,202339,2023-10-06,79,1964,143798,264,1.47498,1.3658,2022,12,2022-03-20,2022-03-26,2021,2021-22,25,FALSE
Region 1,202213,202339,2023-10-06,78,2612,145458,264,1.89431,1.79571,2022,13,2022-03-27,2022-04-02,2021,2021-22,26,FALSE
Region 1,202214,202339,2023-10-06,77,3382,151177,266,2.21791,2.23711,2022,14,2022-04-03,2022-04-09,2021,2021-22,27,FALSE
Region 1,202215,202339,2023-10-06,76,3971,152108,262,2.61961,2.61065,2022,15,2022-04-10,2022-04-16,2021,2021-22,28,FALSE
Region 1,202216,202339,2023-10-06,75,3532,144064,266,2.41298,2.45169,2022,16,2022-04-17,2022-04-23,2021,2021-22,29,FALSE
Region 1,202217,202339,2023-10-06,74,3537,153906,262,2.19714,2.29816,2022,17,2022-04-24,2022-04-30,2021,2021-22,30,FALSE
Region 1,202218,202339,2023-10-06,73,4165,155968,260,2.52265,2.67042,2022,18,2022-05-01,2022-05-07,2021,2021-22,31,FALSE
Region 1,202219,202339,2023-10-06,72,4339,154820,258,2.63663,2.80261,2022,19,2022-05-08,2022-05-14,2021,2021-22,32,FALSE
Region 1,202220,202339,2023-10-06,71,3551,157052,253,2.13194,2.26103,2022,20,2022-05-15,2022-05-21,2021,2021-22,33,FALSE
Region 1,202221,202339,2023-10-06,70,2739,151327,251,1.69577,1.80999,2022,21,2022-05-22,2022-05-28,2021,2021-22,34,FALSE
Region 1,202222,202339,2023-10-06,69,2161,143453,246,1.37783,1.50642,2022,22,2022-05-29,2022-06-04,2021,2021-22,35,FALSE
Region 1,202223,202339,2023-10-06,68,1921,147720,242,1.18157,1.30043,2022,23,2022-06-05,2022-06-11,2021,2021-22,36,FALSE
Region 1,202224,202339,2023-10-06,67,1731,147026,239,1.07701,1.17734,2022,24,2022-06-12,2022-06-18,2021,2021-22,37,FALSE
Region 1,202225,202339,2023-10-06,66,1623,145584,240,1.01229,1.11482,2022,25,2022-06-19,2022-06-25,2021,2021-22,38,FALSE
Region 1,202226,202339,2023-10-06,65,1519,148833,240,0.932091,1.02061,2022,26,2022-06-26,2022-07-02,2021,2021-22,39,FALSE
Region 1,202227,202339,2023-10-06,64,1386,146321,239,0.906294,0.947232,2022,27,2022-07-03,2022-07-09,2021,2021-22,40,FALSE
Region 1,202228,202339,2023-10-06,63,1170,149290,238,0.705377,0.78371,2022,28,2022-07-10,2022-07-16,2021,2021-22,41,FALSE
Region 1,202229,202339,2023-10-06,62,1239,148375,239,0.761281,0.835046,2022,29,2022-07-17,2022-07-23,2021,2021-22,42,FALSE
Region 1,202230,202339,2023-10-06,61,1301,149430,238,0.787338,0.870642,2022,30,2022-07-24,2022-07-30,2021,2021-22,43,FALSE
Region 1,202231,202339,2023-10-06,60,1290,148443,237,0.797791,0.86902,2022,31,2022-07-31,2022-08-06,2021,2021-22,44,FALSE
Region 1,202232,202339,2023-10-06,59,1243,146014,238,0.75479,0.851288,2022,32,2022-08-07,2022-08-13,2021,2021-22,45,FALSE
Region 1,202233,202339,2023-10-06,58,1207,141296,235,0.765415,0.854235,2022,33,2022-08-14,2022-08-20,2021,2021-22,46,FALSE
Region 1,202234,202339,2023-10-06,57,1253,145391,235,0.784957,0.861814,2022,34,2022-08-21,2022-08-27,2021,2021-22,47,FALSE
Region 1,202235,202339,2023-10-06,56,1190,144957,235,0.739117,0.820933,2022,35,2022-08-28,2022-09-03,2021,2021-22,48,FALSE
Region 1,202236,202339,2023-10-06,55,1430,144564,235,0.894284,0.989181,2022,36,2022-09-04,2022-09-10,2021,2021-22,49,FALSE
Region 1,202237,202339,2023-10-06,54,1946,156156,236,1.13988,1.24619,2022,37,2022-09-11,2022-09-17,2021,2021-22,50,FALSE
Region 1,202238,202339,2023-10-06,53,2171,163614,246,1.20251,1.3269,2022,38,2022-09-18,2022-09-24,2021,2021-22,51,FALSE
Region 1,202239,202339,2023-10-06,52,2301,161017,246,1.33166,1.42904,2022,39,2022-09-25,2022-10-01,2021,2021-22,52,FALSE
Region 1,202240,202439,2024-10-04,103,2575,161213,262,1.48851,1.59727,2022,40,2022-10-02,2022-10-08,2022,2022-23,1,TRUE
Region 1,202241,202439,2024-10-04,102,2799,164039,262,1.57571,1.7063,2022,41,2022-10-09,2022-10-15,2022,2022-23,2,TRUE
Region 1,202242,202439,2024-10-04,101,3016,166899,266,1.684,1.80708,2022,42,2022-10-16,2022-10-22,2022,2022-23,3,TRUE
Region 1,202243,202439,2024-10-04,100,3869,168351,266,2.11543,2.29817,2022,43,2022-10-23,2022-10-29,2022,2022-23,4,TRUE
Region 1,202244,202439,2024-10-04,99,5048,172617,266,2.68957,2.92439,2022,44,2022-10-30,2022-11-05,2022,2022-23,5,TRUE
Region 1,202245,202439,2024-10-04,98,5174,172750,266,2.72655,2.99508,2022,45,2022-11-06,2022-11-12,2022,2022-23,6,TRUE
Region 1,202246,202439,2024-10-04,97,5156,164402,266,2.85033,3.13621,2022,46,2022-11-13,2022-11-19,2022,2022-23,7,TRUE
Region 1,202247,202439,2024-10-04,96,7601,147662,262,4.61554,5.14757,2022,47,2022-11-20,2022-11-26,2022,2022-23,8,TRUE
Region 1,202248,202439,2024-10-04,95,11648,176227,262,6.04581,6.60966,2022,48,2022-11-27,2022-12-03,2022,2022-23,9,TRUE
Region 1,202249,202439,2024-10-04,94,12980,172212,266,7.05283,7.53722,2022,49,2022-12-04,2022-12-10,2022,2022-23,10,TRUE
Region 1,202250,202439,2024-10-04,93,12979,165944,264,7.34369,7.82131,2022,50,2022-12-11,2022-12-17,2022,2022-23,11,TRUE
Region 1,202251,202439,2024-10-04,92,12037,155965,265,7.27419,7.71776,2022,51,2022-12-18,2022-12-24,2022,2022-23,12,TRUE
Region 1,202252,202439,2024-10-04,91,10076,151678,264,6.26697,6.64302,2022,52,2022-12-25,2022-12-31,2022,2022-23,13,TRUE
Region 1,202301,202439,2024-10-04,90,6483,156714,264,3.91479,4.13684,2023,1,2023-01-01,2023-01-07,2022,2022-23,14,TRUE
Region 1,202302,202439,2024-10-04,89,3876,149944,261,2.41816,2.58497,2023,2,2023-01-08,2023-01-14,2022,2022-23,15,TRUE
Region 1,202303,202439,2024-10-04,88,2838,144114,264,1.87517,1.96927,2023,3,2023-01-15,2023-01-21,2022,2022-23,16,TRUE
Region 1,202304,202439,2024-10-04,87,2639,147518,264,1.69955,1.78893,2023,4,2023-01-22,2023-01-28,2022,2022-23,17,TRUE
Region 1,202305,202439,2024-10-04,86,2364,144650,264,1.51504,1.63429,2023,5,2023-01-29,2023-02-04,2022,2022-23,18,TRUE
Region 1,202306,202439,2024-10-04,85,2546,155575,264,1.55812,1.63651,2023,6,2023-02-05,2023-02-11,2022,2022-23,19,TRUE
Region 1,202307,202439,2024-10-04,84,2718,156454,257,1.69437,1.73725,2023,7,2023-02-12,2023-02-18,2022,2022-23,20,TRUE
Region 1,202308,202439,2024-10-04,83,2380,147164,264,1.60171,1.61724,2023,8,2023-02-19,2023-02-25,2022,2022-23,21,TRUE
Region 1,202309,202439,2024-10-04,82,2179,149645,262,1.39882,1.45611,2023,9,2023-02-26,2023-03-04,2022,2022-23,22,TRUE
Region 1,202310,202439,2024-10-04,81,2299,153423,261,1.47055,1.49847,2023,10,2023-03-05,2023-03-11,2022,2022-23,23,TRUE
Region 1,202311,202439,2024-10-04,80,2171,144235,264,1.41777,1.50518,2023,11,2023-03-12,2023-03-18,2022,2022-23,24,TRUE
Region 1,202312,202439,2024-10-04,79,2434,155206,252,1.46773,1.56824,2023,12,2023-03-19,2023-03-25,2022,2022-23,25,TRUE
Region 1,202313,202439,2024-10-04,78,2462,156483,263,1.48684,1.57333,2023,13,2023-03-26,2023-04-01,2022,2022-23,26,TRUE
Region 1,202314,202439,2024-10-04,77,2279,155325,258,1.43731,1.46725,2023,14,2023-04-02,2023-04-08,2022,2022-23,27,TRUE
Region 1,202315,202439,2024-10-04,76,2283,158304,256,1.37352,1.44216,2023,15,2023-04-09,2023-04-15,2022,2022-23,28,TRUE
Region 1,202316,202439,2024-10-04,75,1815,152427,258,1.11401,1.19073,2023,16,2023-04-16,2023-04-22,2022,2022-23,29,TRUE
Region 1,202317,202439,2024-10-04,74,1770,152231,257,1.07253,1.16271,2023,17,2023-04-23,2023-04-29,2022,2022-23,30,TRUE
Region 1,202318,202439,2024-10-04,73,1795,153320,257,1.1037,1.17075,2023,18,2023-04-30,2023-05-06,2022,2022-23,31,TRUE
Region 1,202319,202439,2024-10-04,72,1933,160263,255,1.12658,1.20614,2023,19,2023-05-07,2023-05-13,2022,2022-23,32,TRUE
Region 1,202320,202439,2024-10-04,71,1847,160537,254,1.09434,1.15051,2023,20,2023-05-14,2023-05-20,2022,2022-23,33,TRUE
Region 1,202321,202439,2024-10-04,70,1762,160232,254,0.997473,1.09966,2023,21,2023-05-21,2023-05-27,2022,2022-23,34,TRUE
Region 1,202322,202439,2024-10-04,69,1753,153601,253,1.04157,1.14127,2023,22,2023-05-28,2023-06-03,2022,2022-23,35,TRUE
Region 1,202323,202439,2024-10-04,68,1592,156780,251,0.926209,1.01544,2023,23,2023-06-04,2023-06-10,2022,2022-23,36,TRUE
Region 1,202324,202439,2024-10-04,67,1546,157391,252,0.934166,0.982267,2023,24,2023-06-11,2023-06-17,2022,2022-23,37,TRUE
Region 1,202325,202439,2024-10-04,66,1391,151679,250,0.849592,0.917068,2023,25,2023-06-18,2023-06-24,2022,2022-23,38,TRUE
Region 1,202326,202439,2024-10-04,65,1220,155951,249,0.710534,0.782297,2023,26,2023-06-25,2023-07-01,2022,2022-23,39,TRUE
Region 1,202327,202439,2024-10-04,64,1105,147725,250,0.702382,0.748012,2023,27,2023-07-02,2023-07-08,2022,2022-23,40,TRUE
Region 1,202328,202439,2024-10-04,63,1075,155737,247,0.636528,0.690266,2023,28,2023-07-09,2023-07-15,2022,2022-23,41,TRUE
Region 1,202329,202439,2024-10-04,62,1092,155320,248,0.649371,0.703065,2023,29,2023-07-16,2023-07-22,2022,2022-23,42,TRUE
Region 1,202330,202439,2024-10-04,61,1142,156420,249,0.670884,0.730086,2023,30,2023-07-23,2023-07-29,2022,2022-23,43,TRUE
Region 1,202331,202439,2024-10-04,60,1089,153458,248,0.660498,0.70964,2023,31,2023-07-30,2023-08-05,2022,2022-23,44,TRUE
Region 1,202332,202439,2024-10-04,59,1216,152868,247,0.768178,0.795458,2023,32,2023-08-06,2023-08-12,2022,2022-23,45,TRUE
Region 1,202333,202439,2024-10-04,58,1141,150431,245,0.689506,0.758487,2023,33,2023-08-13,2023-08-19,2022,2022-23,46,TRUE
Region 1,202334,202439,2024-10-04,57,1227,150852,246,0.745074,0.81338,2023,34,2023-08-20,2023-08-26,2022,2022-23,47,TRUE
Region 1,202335,202439,2024-10-04,56,1208,151305,244,0.747933,0.798387,2023,35,2023-08-27,2023-09-02,2022,2022-23,48,TRUE
Region 1,202336,202439,2024-10-04,55,1476,155286,248,0.907623,0.950504,2023,36,2023-09-03,2023-09-09,2022,2022-23,49,TRUE
Region 1,202337,202439,2024-10-04,54,1629,159232,248,0.9517,1.02304,2023,37,2023-09-10,2023-09-16,2022,2022-23,50,TRUE
Region 1,202338,202439,2024-10-04,53,2035,159920,248,1.21593,1.27251,2023,38,2023-09-17,2023-09-23,2022,2022-23,51,TRUE
Region 1,202339,202439,2024-10-04,52,2037,155660,246,1.23523,1.30862,2023,39,2023-09-24,2023-09-30,2022,2022-23,52,TRUE
Region 1,202340,202538,2025-09-26,102,2328,178146,283,1.25271,1.30679,2023,40,2023-10-01,2023-10-07,2023,2023-24,1,TRUE
Region 1,202341,202538,2025-09-26,101,2168,173243,286,1.2062,1.25142,2023,41,2023-10-08,2023-10-14,2023,2023-24,2,TRUE
Region 1,202342,202538,2025-09-26,100,2348,173364,285,1.30368,1.35438,2023,42,2023-10-15,2023-10-21,2023,2023-24,3,TRUE
Region 1,202343,202538,2025-09-26,99,2464,176771,288,1.34384,1.39389,2023,43,2023-10-22,2023-10-28,2023,2023-24,4,TRUE
Region 1,202344,202538,2025-09-26,98,2743,172377,288,1.53195,1.59128,2023,44,2023-10-29,2023-11-04,2023,2023-24,5,TRUE
Region 1,202345,202538,2025-09-26,97,3085,174604,289,1.70029,1.76686,2023,45,2023-11-05,2023-11-11,2023,2023-24,6,TRUE
Region 1,202346,202538,2025-09-26,96,3453,176470,284,1.88769,1.95671,2023,46,2023-11-12,2023-11-18,2023,2023-24,7,TRUE
Region 1,202347,202538,2025-09-26,95,3631,156614,285,2.21724,2.31844,2023,47,2023-11-19,2023-11-25,2023,2023-24,8,TRUE
Region 1,202348,202538,2025-09-26,94,4597,181458,283,2.43851,2.53337,2023,48,2023-11-26,2023-12-02,2023,2023-24,9,TRUE
Region 1,202349,202538,2025-09-26,93,4780,178581,283,2.60065,2.67666,2023,49,2023-12-03,2023-12-09,2023,2023-24,10,TRUE
Region 1,202350,202538,2025-09-26,92,6010,180205,284,3.248,3.33509,2023,50,2023-12-10,2023-12-16,2023,2023-24,11,TRUE
Region 1,202351,202538,2025-09-26,91,7378,174769,284,4.13971,4.22157,2023,51,2023-12-17,2023-12-23,2023,2023-24,12,TRUE
Region 1,202352,202538,2025-09-26,90,8970,168829,285,5.21112,5.31307,2023,52,2023-12-24,2023-12-30,2023,2023-24,13,TRUE
Region 1,202401,202538,2025-09-26,89,7397,172351,282,4.18203,4.29182,2024,1,2023-12-31,2024-01-06,2023,2023-24,14,TRUE
Region 1,202402,202538,2025-09-26,88,6292,168424,286,3.64787,3.73581,2024,2,2024-01-07,2024-01-13,2023,2023-24,15,TRUE
Region 1,202403,202538,2025-09-26,87,5414,160459,287,3.32699,3.37407,2024,3,2024-01-14,2024-01-20,2023,2023-24,16,TRUE
Region 1,202404,202538,2025-09-26,86,4004,129497,284,3.16842,3.09196,2024,4,2024-01-21,2024-01-27,2023,2023-24,17,TRUE
Region 1,202405,202538,2025-09-26,85,6141,171207,285,3.52859,3.58689,2024,5,2024-01-28,2024-02-03,2023,2023-24,18,TRUE
Region 1,202406,202538,2025-09-26,84,6614,174199,281,3.71747,3.79681,2024,6,2024-02-04,2024-02-10,2023,2023-24,19,TRUE
Region 1,202407,202538,2025-09-26,83,5867,159727,283,3.6392,3.67314,2024,7,2024-02-11,2024-02-17,2023,2023-24,20,TRUE
Region 1,202408,202538,2025-09-26,82,6301,168100,284,3.68629,3.74836,2024,8,2024-02-18,2024-02-24,2023,2023-24,21,TRUE
Region 1,202409,202538,2025-09-26,81,6129,174166,285,3.46053,3.51906,2024,9,2024-02-25,2024-03-02,2023,2023-24,22,TRUE
Region 1,202410,202538,2025-09-26,80,5758,171899,284,3.26887,3.34964,2024,10,2024-03-03,2024-03-09,2023,2023-24,23,TRUE
Region 1,202411,202538,2025-09-26,79,4719,171670,284,2.66844,2.74888,2024,11,2024-03-10,2024-03-16,2023,2023-24,24,TRUE
Region 1,202412,202538,2025-09-26,78,4448,170756,282,2.51964,2.60489,2024,12,2024-03-17,2024-03-23,2023,2023-24,25,TRUE
Region 1,202413,202538,2025-09-26,77,4666,171373,279,2.64,2.72272,2024,13,2024-03-24,2024-03-30,2023,2023-24,26,TRUE
Region 1,202414,202538,2025-09-26,76,4407,167868,277,2.53332,2.62528,2024,14,2024-03-31,2024-04-06,2023,2023-24,27,TRUE
Region 1,202415,202538,2025-09-26,75,4103,172793,277,2.30917,2.37452,2024,15,2024-04-07,2024-04-13,2023,2023-24,28,TRUE
Region 1,202416,202538,2025-09-26,74,3189,165144,274,1.89312,1.93104,2024,16,2024-04-14,2024-04-20,2023,2023-24,29,TRUE
Region 1,202417,202538,2025-09-26,73,2687,167599,273,1.57398,1.60323,2024,17,2024-04-21,2024-04-27,2023,2023-24,30,TRUE
Region 1,202418,202538,2025-09-26,72,2575,168778,275,1.48442,1.52567,2024,18,2024-04-28,2024-05-04,2023,2023-24,31,TRUE
Region 1,202419,202538,2025-09-26,71,2322,169767,274,1.34319,1.36776,2024,19,2024-05-05,2024-05-11,2023,2023-24,32,TRUE
Region 1,202420,202538,2025-09-26,70,2202,169582,274,1.26432,1.29849,2024,20,2024-05-12,2024-05-18,2023,2023-24,33,TRUE
Region 1,202421,202538,2025-09-26,69,2017,172661,271,1.13207,1.16819,2024,21,2024-05-19,2024-05-25,2023,2023-24,34,TRUE
Region 1,202422,202538,2025-09-26,68,1757,167067,271,1.02918,1.05167,2024,22,2024-05-26,2024-06-01,2023,2023-24,35,TRUE
Region 1,202423,202538,2025-09-26,67,1636,170465,270,0.940043,0.959728,2024,23,2024-06-02,2024-06-08,2023,2023-24,36,TRUE
Region 1,202424,202538,2025-09-26,66,1587,167702,267,0.921498,0.946321,2024,24,2024-06-09,2024-06-15,2023,2023-24,37,TRUE
Region 1,202425,202538,2025-09-26,65,1425,163142,267,0.84306,0.873472,2024,25,2024-06-16,2024-06-22,2023,2023-24,38,TRUE
Region 1,202426,202538,2025-09-26,64,1405,168521,269,0.813827,0.833724,2024,26,2024-06-23,2024-06-29,2023,2023-24,39,TRUE
Region 1,202427,202538,2025-09-26,63,1350,158285,266,0.830927,0.852892,2024,27,2024-06-30,2024-07-06,2023,2023-24,40,TRUE
Region 1,202428,202538,2025-09-26,62,1421,173672,263,0.800151,0.818209,2024,28,2024-07-07,2024-07-13,2023,2023-24,41,TRUE
Region 1,202429,202538,2025-09-26,61,1449,171812,265,0.823524,0.843364,2024,29,2024-07-14,2024-07-20,2023,2023-24,42,TRUE
Region 1,202430,202538,2025-09-26,60,1469,169246,264,0.845694,0.867967,2024,30,2024-07-21,2024-07-27,2023,2023-24,43,TRUE
Region 1,202431,202538,2025-09-26,59,1509,167360,265,0.881348,0.901649,2024,31,2024-07-28,2024-08-03,2023,2023-24,44,TRUE
Region 1,202432,202538,2025-09-26,58,1504,167377,263,0.879643,0.89857,2024,32,2024-08-04,2024-08-10,2023,2023-24,45,TRUE
Region 1,202433,202538,2025-09-26,57,1562,167352,266,0.910456,0.933362,2024,33,2024-08-11,2024-08-17,2023,2023-24,46,TRUE
Region 1,202434,202538,2025-09-26,56,1634,164847,266,0.971892,0.991222,2024,34,2024-08-18,2024-08-24,2023,2023-24,47,TRUE
Region 1,202435,202538,2025-09-26,55,1724,171221,275,0.979795,1.00689,2024,35,2024-08-25,2024-08-31,2023,2023-24,48,TRUE
Region 1,202436,202538,2025-09-26,54,1855,166639,276,1.09409,1.11318,2024,36,2024-09-01,2024-09-07,2023,2023-24,49,TRUE
Region 1,202437,202538,2025-09-26,53,2259,175588,274,1.2474,1.28653,2024,37,2024-09-08,2024-09-14,2023,2023-24,50,TRUE
Region 1,202438,202538,2025-09-26,52,2672,179631,277,1.45126,1.48749,2024,38,2024-09-15,2024-09-21,2023,2023-24,51,TRUE
Region 1,202439,202538,2025-09-26,51,2423,174827,278,1.35256,1.38594,2024,39,2024-09-22,2024-09-28,2023,2023-24,52,TRUE
Region 1,202440,202638,2026-10-02,103,2602,175491,282,1.44364,1.4827,2024,40,2024-09-29,2024-10-05,2024,2024-25,1,TRUE
Region 1,202441,202638,2026-10-02,102,2680,174013,285,1.51,1.54011,2024,41,2024-10-06,2024-10-12,2024,2024-25,2,TRUE
Region 1,202442,202638,2026-10-02,101,3041,171332,286,1.74247,1.77492,2024,42,2024-10-13,2024-10-19,2024,2024-25,3,TRUE
Region 1,202443,202638,2026-10-02,100,3324,182278,286,1.79608,1.82359,2024,43,2024-10-20,2024-10-26,2024,2024-25,4,TRUE
Region 1,202444,202638,2026-10-02,99,3187,175112,284,1.787,1.81998,2024,44,2024-10-27,2024-11-02,2024,2024-25,5,TRUE
Region 1,202445,202638,2026-10-02,98,3251,177771,285,1.79174,1.82876,2024,45,2024-11-03,2024-11-09,2024,2024-25,6,TRUE
Region 1,202446,202638,2026-10-02,97,3169,171996,285,1.80926,1.84248,2024,46,2024-11-10,2024-11-16,2024,2024-25,7,TRUE
Region 1,202447,202638,2026-10-02,96,3374,173534,271,1.91245,1.94429,2024,47,2024-11-17,2024-11-23,2024,2024-25,8,TRUE
Region 1,202448,202638,2026-10-02,95,3266,152302,283,2.08715,2.14442,2024,48,2024-11-24,2024-11-30,2024,2024-25,9,TRUE
Region 1,202449,202638,2026-10-02,94,3788,170766,275,2.15807,2.21824,2024,49,2024-12-01,2024-12-07,2024,2024-25,10,TRUE
Region 1,202450,202638,2026-10-02,93,4264,174097,284,2.37813,2.44921,2024,50,2024-12-08,2024-12-14,2024,2024-25,11,TRUE
Region 1,202451,202638,2026-10-02,92,5268,175443,282,2.94124,3.00268,2024,51,2024-12-15,2024-12-21,2024,2024-25,12,TRUE
Region 1,202452,202638,2026-10-02,91,6979,159795,284,4.33452,4.36747,2024,52,2024-12-22,2024-12-28,2024,2024-25,13,TRUE
Region 1,202501,202638,2026-10-02,90,8788,178379,283,4.84958,4.92659,2025,1,2024-12-29,2025-01-04,2024,2024-25,14,TRUE
Region 1,202502,202638,2026-10-02,89,8202,178269,281,4.53056,4.60091,2025,2,2025-01-05,2025-01-11,2024,2024-25,15,TRUE
Region 1,202503,202638,2026-10-02,88,10648,179955,284,5.84269,5.91703,2025,3,2025-01-12,2025-01-18,2024,2024-25,16,TRUE
Region 1,202504,202638,2026-10-02,87,13183,176123,287,7.4271,7.48511,2025,4,2025-01-19,2025-01-25,2024,2024-25,17,TRUE
Region 1,202505,202638,2026-10-02,86,16766,190419,290,8.73629,8.80479,2025,5,2025-01-26,2025-02-01,2024,2024-25,18,TRUE
Region 1,202506,202638,2026-10-02,85,17489,184457,285,9.38295,9.48134,2025,6,2025-02-02,2025-02-08,2024,2024-25,19,TRUE
Region 1,202507,202638,2026-10-02,84,15600,177281,289,8.74498,8.79959,2025,7,2025-02-09,2025-02-15,2024,2024-25,20,TRUE
Region 1,202508,202638,2026-10-02,83,12002,168885,288,7.14079,7.10661,2025,8,2025-02-16,2025-02-22,2024,2024-25,21,TRUE
Region 1,202509,202638,2026-10-02,82,9581,175377,284,5.44895,5.46309,2025,9,2025-02-23,2025-03-01,2024,2024-25,22,TRUE
Region 1,202510,202638,2026-10-02,81,7478,167505,283,4.44307,4.46434,2025,10,2025-03-02,2025-03-08,2024,2024-25,23,TRUE
Region 1,202511,202638,2026-10-02,80,6414,169092,285,3.78562,3.7932,2025,11,2025-03-09,2025-03-15,2024,2024-25,24,TRUE
Region 1,202512,202638,2026-10-02,79,5244,165568,284,3.153,3.16728,2025,12,2025-03-16,2025-03-22,2024,2024-25,25,TRUE
Region 1,202513,202638,2026-10-02,78,4762,166679,286,2.8287,2.85699,2025,13,2025-03-23,2025-03-29,2024,2024-25,26,TRUE
Region 1,202514,202638,2026-10-02,77,4432,166580,286,2.62315,2.66058,2025,14,2025-03-30,2025-04-05,2024,2024-25,27,TRUE
Region 1,202515,202638,2026-10-02,76,4072,168016,286,2.38547,2.42358,2025,15,2025-04-06,2025-04-12,2024,2024-25,28,TRUE
Region 1,202516,202638,2026-10-02,75,3758,168396,284,2.20621,2.23164,2025,16,2025-04-13,2025-04-19,2024,2024-25,29,TRUE
Region 1,202517,202638,2026-10-02,74,2963,163743,282,1.80198,1.80954,2025,17,2025-04-20,2025-04-26,2024,2024-25,30,TRUE
Region 1,202518,202638,2026-10-02,73,2515,170391,283,1.45894,1.47602,2025,18,2025-04-27,2025-05-03,2024,2024-25,31,TRUE
Region 1,202519,202638,2026-10-02,72,2180,167311,283,1.28259,1.30296,2025,19,2025-05-04,2025-05-10,2024,2024-25,32,TRUE
Region 1,202520,202638,2026-10-02,71,2042,169242,282,1.18329,1.20656,2025,20,2025-05-11,2025-05-17,2024,2024-25,33,TRUE
Region 1,202521,202638,2026-10-02,70,1939,167098,282,1.14278,1.1604,2025,21,2025-05-18,2025-05-24,2024,2024-25,34,TRUE
Region 1,202522,202638,2026-10-02,69,2069,164698,281,1.23114,1.25624,2025,22,2025-05-25,2025-05-31,2024,2024-25,35,TRUE
Region 1,202523,202638,2026-10-02,68,1736,166646,278,1.00983,1.04173,2025,23,2025-06-01,2025-06-07,2024,2024-25,36,TRUE
Region 1,202524,202638,2026-10-02,67,1592,163833,275,0.944508,0.971721,2025,24,2025-06-08,2025-06-14,2024,2024-25,37,TRUE
Region 1,202525,202638,2026-10-02,66,1540,160942,277,0.929859,0.956866,2025,25,2025-06-15,2025-06-21,2024,2024-25,38,TRUE
Region 1,202526,202638,2026-10-02,65,1399,167100,277,0.810496,0.837223,2025,26,2025-06-22,2025-06-28,2024,2024-25,39,TRUE
Region 1,202527,202638,2026-10-02,64,1262,160174,274,0.772684,0.787893,2025,27,2025-06-29,2025-07-05,2024,2024-25,40,TRUE
Region 1,202528,202638,2026-10-02,63,1250,172591,275,0.708197,0.724256,2025,28,2025-07-06,2025-07-12,2024,2024-25,41,TRUE
Region 1,202529,202638,2026-10-02,62,1156,170958,274,0.662256,0.676189,2025,29,2025-07-13,2025-07-19,2024,2024-25,42,TRUE
Region 1,202530,202638,2026-10-02,61,1114,168880,272,0.641019,0.65964,2025,30,2025-07-20,2025-07-26,2024,2024-25,43,TRUE
Region 1,202531,202638,2026-10-02,60,1072,166508,271,0.632037,0.643813,2025,31,2025-07-27,2025-08-02,2024,2024-25,44,TRUE
Region 1,202532,202638,2026-10-02,59,1077,165944,271,0.635634,0.649014,2025,32,2025-08-03,2025-08-09,2024,2024-25,45,TRUE
Region 1,202533,202638,2026-10-02,58,1104,167966,274,0.642916,0.657276,2025,33,2025-08-10,2025-08-16,2024,2024-25,46,TRUE
Region 1,202534,202638,2026-10-02,57,1119,163831,273,0.67337,0.683021,2025,34,2025-08-17,2025-08-23,2024,2024-25,47,TRUE
Region 1,202535,202638,2026-10-02,56,1337,160113,278,0.814996,0.835035,2025,35,2025-08-24,2025-08-30,2024,2024-25,48,TRUE
Region 1,202536,202638,2026-10-02,55,1519,168438,279,0.877082,0.901816,2025,36,2025-08-31,2025-09-06,2024,2024-25,49,TRUE
Region 1,202537,202638,2026-10-02,54,1745,169189,278,1.00834,1.03139,2025,37,2025-09-07,2025-09-13,2024,2024-25,50,TRUE
Region 1,202538,202638,2026-10-02,53,2158,172634,278,1.21943,1.25004,2025,38,2025-09-14,2025-09-20,2024,2024-25,51,TRUE
Region 1,202539,202638,2026-10-02,52,2101,170041,279,1.21682,1.23558,2025,39,2025-09-21,2025-09-27,2024,2024-25,52,TRUE
Region 1,202540,202638,2026-10-02,51,1850,168814,280,1.08073,1.09588,2025,40,2025-09-28,2025-10-04,2025,2025-26,1,TRUE
Region 1,202541,202638,2026-10-02,50,1814,166876,281,1.06816,1.08703,2025,41,2025-10-05,2025-10-11,2025,2025-26,2,TRUE
Region 1,202542,202638,2026-10-02,49,1734,159707,283,1.06864,1.08574,2025,42,2025-10-12,2025-10-18,2025,2025-26,3,TRUE
Region 1,202543,202638,2026-10-02,48,1921,165806,281,1.13118,1.15858,2025,43,2025-10-19,2025-10-25,2025,2025-26,4,TRUE
Region 1,202544,202638,2026-10-02,47,1938,158406,280,1.19253,1.22344,2025,44,2025-10-26,2025-11-01,2025,2025-26,5,TRUE
Region 1,202545,202638,2026-10-02,46,2322,163376,281,1.40197,1.42126,2025,45,2025-11-02,2025-11-08,2025,2025-26,6,TRUE
Region 1,202546,202638,2026-10-02,45,2357,160864,283,1.44017,1.46521,2025,46,2025-11-09,2025-11-15,2025,2025-26,7,TRUE
Region 1,202547,202638,2026-10-02,44,2669,161015,284,1.62372,1.65761,2025,47,2025-11-16,2025-11-22,2025,2025-26,8,TRUE
Region 1,202548,202638,2026-10-02,43,3213,143779,287,2.16885,2.23468,2025,48,2025-11-23,2025-11-29,2025,2025-26,9,TRUE
Region 1,202549,202638,2026-10-02,42,4412,161804,285,2.64187,2.72676,2025,49,2025-11-30,2025-12-06,2025,2025-26,10,TRUE
Region 1,202550,202638,2026-10-02,41,7356,168807,285,4.26172,4.35764,2025,50,2025-12-07,2025-12-13,2025,2025-26,11,TRUE
Region 1,202551,202638,2026-10-02,40,12131,173051,282,6.79477,7.01007,2025,51,2025-12-14,2025-12-20,2025,2025-26,12,TRUE
Region 1,202552,202638,2026-10-02,39,16583,156623,273,10.3217,10.5878,2025,52,2025-12-21,2025-12-27,2025,2025-26,13,TRUE
Region 1,202553,202638,2026-10-02,38,15836,166648,283,9.25775,9.50266,2025,53,2025-12-28,2026-01-03,2025,2025-26,14,TRUE
Region 1,202601,202638,2026-10-02,37,11399,173847,285,6.3505,6.55691,2026,1,2026-01-04,2026-01-10,2025,2025-26,15,TRUE
Region 1,202602,202638,2026-10-02,36,8474,166792,286,5.0011,5.08058,2026,2,2026-01-11,2026-01-17,2025,2025-26,16,TRUE
Region 1,202603,202638,2026-10-02,35,5941,153390,284,3.83043,3.87313,2026,3,2026-01-18,2026-01-24,2025,2025-26,17,TRUE
Region 1,202604,202638,2026-10-02,34,4228,138470,284,3.02937,3.05337,2026,4,2026-01-25,2026-01-31,2025,2025-26,18,TRUE
Region 1,202605,202638,2026-10-02,33,4659,155864,284,3.00179,2.98914,2026,5,2026-02-01,2026-02-07,2025,2025-26,19,TRUE
Region 1,202606,202638,2026-10-02,32,4960,159940,286,3.09432,3.10116,2026,6,2026-02-08,2026-02-14,2025,2025-26,20,TRUE
Region 1,202607,202638,2026-10-02,31,5259,158209,284,3.31668,3.32408,2026,7,2026-02-15,2026-02-21,2025,2025-26,21,TRUE
Region 1,202608,202638,2026-10-02,30,4270,148505,287,2.8804,2.87532,2026,8,2026-02-22,2026-02-28,2025,2025-26,22,TRUE
Region 1,202609,202638,2026-10-02,29,4034,160193,286,2.51249,2.51821,2026,9,2026-03-01,2026-03-07,2025,2025-26,23,TRUE
Region 1,202610,202638,2026-10-02,28,4276,164266,287,2.57425,2.60309,2026,10,2026-03-08,2026-03-14,2025,2025-26,24,TRUE
Region 1,202611,202638,2026-10-02,27,4342,160077,285,2.65574,2.71244,2026,11,2026-03-15,2026-03-21,2025,2025-26,25,TRUE
Region 1,202612,202638,2026-10-02,26,4880,167921,288,2.84434,2.90613,2026,12,2026-03-22,2026-03-28,2025,2025-26,26,TRUE
Region 1,202613,202638,2026-10-02,25,4803,167093,287,2.81076,2.87445,2026,13,2026-03-29,2026-04-04,2025,2025-26,27,TRUE
Region 1,202614,202638,2026-10-02,24,4028,166326,286,2.35741,2.42175,2026,14,2026-04-05,2026-04-11,2025,2025-26,28,TRUE
Region 1,202615,202638,2026-10-02,23,3275,170565,284,1.86762,1.92009,2026,15,2026-04-12,2026-04-18,2025,2025-26,29,TRUE
Region 1,202616,202638,2026-10-02,22,2337,157335,284,1.4487,1.48537,2026,16,2026-04-19,2026-04-25,2025,2025-26,30,TRUE
Region 1,202617,202638,2026-10-02,21,2094,163470,283,1.24206,1.28097,2026,17,2026-04-26,2026-05-02,2025,2025-26,31,TRUE
Region 1,202618,202638,2026-10-02,20,1986,165168,285,1.17281,1.20241,2026,18,2026-05-03,2026-05-09,2025,2025-26,32,TRUE
Region 1,202619,202638,2026-10-02,19,2035,165207,284,1.19282,1.23179,2026,19,2026-05-10,2026-05-16,2025,2025-26,33,TRUE
Region 1,202620,202638,2026-10-02,18,1783,169834,279,1.02171,1.04985,2026,20,2026-05-17,2026-05-23,2025,2025-26,34,TRUE
Region 1,202621,202638,2026-10-02,17,1580,159911,279,0.959812,0.98805,2026,21,2026-05-24,2026-05-30,2025,2025-26,35,TRUE
Region 1,202622,202638,2026-10-02,16,1502,163669,277,0.889494,0.917706,2026,22,2026-05-31,2026-06-06,2025,2025-26,36,TRUE
Region 1,202623,202638,2026-10-02,15,1290,168044,277,0.745206,0.767656,2026,23,2026-06-07,2026-06-13,2025,2025-26,37,TRUE
Region 1,202624,202638,2026-10-02,14,1233,164070,278,0.728374,0.751509,2026,24,2026-06-14,2026-06-20,2025,2025-26,38,TRUE
Region 1,202625,202638,2026-10-02,13,1073,160283,278,0.647736,0.669441,2026,25,2026-06-21,2026-06-27,2025,2025-26,39,TRUE
Region 1,202626,202638,2026-10-02,12,1004,157449,278,0.617389,0.637667,2026,26,2026-06-28,2026-07-04,2025,2025-26,40,TRUE
Region 1,202627,202638,2026-10-02,11,1084,170104,275,0.627871,0.637257,2026,27,2026-07-05,2026-07-11,2025,2025-26,41,TRUE
Region 1,202628,202638,2026-10-02,10,985,168662,275,0.57194,0.584008,2026,28,2026-07-12,2026-07-18,2025,2025-26,42,TRUE
Region 1,202629,202638,2026-10-02,9,904,164722,274,0.534635,0.548803,2026,29,2026-07-19,2026-07-25,2025,2025-26,43,TRUE
Region 1,202630,202638,2026-10-02,8,899,164023,276,0.537763,0.548094,2026,30,2026-07-26,2026-08-01,2025,2025-26,44,TRUE
Region 1,202631,202638,2026-10-02,7,831,167455,276,0.485138,0.496253,2026,31,2026-08-02,2026-08-08,2025,2025-26,45,TRUE
Region 1,202632,202638,2026-10-02,6,890,168795,274,0.516136,0.527267,2026,32,2026-08-09,2026-08-15,2025,2025-26,46,TRUE
Region 1,202633,202638,2026-10-02,5,924,164387,272,0.546603,0.562088,2026,33,2026-08-16,2026-08-22,2025,2025-26,47,TRUE
Region 1,202634,202638,2026-10-02,4,948,163209,276,0.564255,0.58085,2026,34,2026-08-23,2026-08-29,2025,2025-26,48,TRUE
Region 1,202635,202638,2026-10-02,3,1101,164124,276,0.65603,0.670834,2026,35,2026-08-30,2026-09-05,2025,2025-26,49,TRUE
Region 1,202636,202638,2026-10-02,2,1470,165639,278,0.864333,0.887472,2026,36,2026-09-06,2026-09-12,2025,2025-26,50,TRUE
Region 1,202637,202638,2026-10-02,1,1994,169021,271,1.14827,1.17974,2026,37,2026-09-13,2026-09-19,2025,2025-26,51,TRUE
Region 1,202638,202638,2026-10-02,0,1926,160322,268,1.16857,1.20133,2026,38,2026-09-20,2026-09-26,2025,2025-26,52,TRUE
Region 10,201940,202139,2021-10-08,104,738,71045,166,0.965331,1.03878,2019,40,2019-09-29,2019-10-05,2019,2019-20,1,FALSE
Region 10,201941,202139,2021-10-08,103,844,71305,178,1.14082,1.18365,2019,41,2019-10-06,2019-10-12,2019,2019-20,2,FALSE
Region 10,201942,202139,2021-10-08,102,892,72289,178,1.1863,1.23394,2019,42,2019-10-13,2019-10-19,2019,2019-20,3,FALSE
Region 10,201943,202139,2021-10-08,101,834,71238,179,1.08054,1.17072,2019,43,2019-10-20,2019-10-26,2019,2019-20,4,FALSE
Region 10,201944,202139,2021-10-08,100,833,68251,181,1.22242,1.22049,2019,44,2019-10-27,2019-11-02,2019,2019-20,5,FALSE
Region 10,201945,202139,2021-10-08,99,886,64848,180,1.32442,1.36627,2019,45,2019-11-03,2019-11-09,2019,2019-20,6,FALSE
Region 10,201946,202139,2021-10-08,98,874,64886,179,1.44765,1.34698,2019,46,2019-11-10,2019-11-16,2019,2019-20,7,FALSE
Region 10,201947,202139,2021-10-08,97,1515,72024,178,2.22542,2.10347,2019,47,2019-11-17,2019-11-23,2019,2019-20,8,FALSE
Region 10,201948,202139,2021-10-08,96,1354,56732,183,2.76215,2.38666,2019,48,2019-11-24,2019-11-30,2019,2019-20,9,FALSE
Region 10,201949,202139,2021-10-08,95,2274,73068,180,3.34417,3.11217,2019,49,2019-12-01,2019-12-07,2019,2019-20,10,FALSE
Region 10,201950,202139,2021-10-08,94,3122,74636,180,4.48523,4.18297,2019,50,2019-12-08,2019-12-14,2019,2019-20,11,FALSE
Region 10,201951,202139,2021-10-08,93,4042,73132,176,5.75694,5.52699,2019,51,2019-12-15,2019-12-21,2019,2019-20,12,FALSE
Region 10,201952,202139,2021-10-08,92,5115,71965,169,7.20584,7.10762,2019,52,2019-12-22,2019-12-28,2019,2019-20,13,FALSE
Region 10,202001,202139,2021-10-08,91,3950,71870,175,5.70858,5.49603,2020,1,2019-12-29,2020-01-04,2019,2019-20,14,FALSE
Region 10,202002,202139,2021-10-08,90,2980,73781,179,4.09724,4.03898,2020,2,2020-01-05,2020-01-11,2019,2019-20,15,FALSE
Region 10,202003,202139,2021-10-08,89,2473,70333,178,3.58253,3.51613,2020,3,2020-01-12,2020-01-18,2019,2019-20,16,FALSE
Region 10,202004,202139,2021-10-08,88,2744,72732,177,3.8196,3.77275,2020,4,2020-01-19,2020-01-25,2019,2019-20,17,FALSE
Region 10,202005,202139,2021-10-08,87,2750,73329,177,3.89226,3.75022,2020,5,2020-01-26,2020-02-01,2019,2019-20,18,FALSE
Region 10,202006,202139,2021-10-08,86,2463,72597,178,3.51263,3.3927,2020,6,2020-02-02,2020-02-08,2019,2019-20,19,FALSE
Region 10,202007,202139,2021-10-08,85,2531,73331,176,3.44896,3.45147,2020,7,2020-02-09,2020-02-15,2019,2019-20,20,FALSE
Region 10,202008,202139,2021-10-08,84,2601,73118,174,3.59175,3.55726,2020,8,2020-02-16,2020-02-22,2019,2019-20,21,FALSE
Region 10,202009,202139,2021-10-08,83,2822,73768,176,3.85846,3.82551,2020,9,2020-02-23,2020-02-29,2019,2019-20,22,FALSE
Region 10,202010,202139,2021-10-08,82,3828,73700,179,5.45059,5.19403,2020,10,2020-03-01,2020-03-07,2019,2019-20,23,FALSE
Region 10,202011,202139,2021-10-08,81,4015,68875,176,5.70073,5.8294,2020,11,2020-03-08,2020-03-14,2019,2019-20,24,FALSE
Region 10,202012,202139,2021-10-08,80,3412,54244,171,5.85685,6.2901,2020,12,2020-03-15,2020-03-21,2019,2019-20,25,FALSE
Region 10,202013,202139,2021-10-08,79,2046,43743,167,4.30568,4.67732,2020,13,2020-03-22,2020-03-28,2019,2019-20,26,FALSE
Region 10,202014,202139,2021-10-08,78,1240,39207,166,3.09564,3.1627,2020,14,2020-03-29,2020-04-04,2019,2019-20,27,FALSE
Region 10,202015,202139,2021-10-08,77,908,39453,166,2.09284,2.30147,2020,15,2020-04-05,2020-04-11,2019,2019-20,28,FALSE
Region 10,202016,202139,2021-10-08,76,607,39650,166,1.68601,1.5309,2020,16,2020-04-12,2020-04-18,2019,2019-20,29,FALSE
Region 10,202017,202139,2021-10-08,75,612,42637,165,1.61005,1.43537,2020,17,2020-04-19,2020-04-25,2019,2019-20,30,FALSE
Region 10,202018,202139,2021-10-08,74,579,56708,163,1.14218,1.02102,2020,18,2020-04-26,2020-05-02,2019,2019-20,31,FALSE
Region 10,202019,202139,2021-10-08,73,467,46731,161,1.11946,0.999337,2020,19,2020-05-03,2020-05-09,2019,2019-20,32,FALSE
Region 10,202020,202139,2021-10-08,72,435,48410,161,1.04433,0.898575,2020,20,2020-05-10,2020-05-16,2019,2019-20,33,FALSE
Region 10,202021,202139,2021-10-08,71,405,49370,160,0.616616,0.820336,2020,21,2020-05-17,2020-05-23,2019,2019-20,34,FALSE
Region 10,202022,202139,2021-10-08,70,389,52893,163,0.895282,0.735447,2020,22,2020-05-24,2020-05-30,2019,2019-20,35,FALSE
Region 10,202023,202139,2021-10-08,69,425,52820,162,0.655771,0.804619,2020,23,2020-05-31,2020-06-06,2019,2019-20,36,FALSE
Region 10,202024,202139,2021-10-08,68,397,53907,155,0.640986,0.736454,2020,24,2020-06-07,2020-06-13,2019,2019-20,37,FALSE
Region 10,202025,202139,2021-10-08,67,371,55640,155,0.497071,0.666786,2020,25,2020-06-14,2020-06-20,2019,2019-20,38,FALSE
Region 10,202026,202139,2021-10-08,66,399,58090,155,0.656772,0.686865,2020,26,2020-06-21,2020-06-27,2019,2019-20,39,FALSE
Region 10,202027,202139,2021-10-08,65,677,67124,171,0.895999,1.00858,2020,27,2020-06-28,2020-07-04,2019,2019-20,40,FALSE
Region 10,202028,202139,2021-10-08,64,685,71054,182,0.859877,0.964056,2020,28,2020-07-05,2020-07-11,2019,2019-20,41,FALSE
Region 10,202029,202139,2021-10-08,63,636,67595,175,0.924693,0.940898,2020,29,2020-07-12,2020-07-18,2019,2019-20,42,FALSE
Region 10,202030,202139,2021-10-08,62,595,65575,160,0.815375,0.907358,2020,30,2020-07-19,2020-07-25,2019,2019-20,43,FALSE
Region 10,202031,202139,2021-10-08,61,569,63534,170,0.771291,0.895583,2020,31,2020-07-26,2020-08-01,2019,2019-20,44,FALSE
Region 10,202032,202139,2021-10-08,60,549,62711,168,0.711291,0.875444,2020,32,2020-08-02,2020-08-08,2019,2019-20,45,FALSE
Region 10,202033,202139,2021-10-08,59,452,63171,169,0.646566,0.715518,2020,33,2020-08-09,2020-08-15,2019,2019-20,46,FALSE
Region 10,202034,202139,2021-10-08,58,478,63245,170,0.726614,0.755791,2020,34,2020-08-16,2020-08-22,2019,2019-20,47,FALSE
Region 10,202035,202139,2021-10-08,57,430,61654,169,0.591974,0.697441,2020,35,2020-08-23,2020-08-29,2019,2019-20,48,FALSE
Region 10,202036,202139,2021-10-08,56,469,60420,167,0.704772,0.776233,2020,36,2020-08-30,2020-09-05,2019,2019-20,49,FALSE
Region 10,202037,202139,2021-10-08,55,474,58793,166,0.759889,0.806218,2020,37,2020-09-06,2020-09-12,2019,2019-20,50,FALSE
Region 10,202038,202139,2021-10-08,54,490,60819,168,0.703195,0.805669,2020,38,2020-09-13,2020-09-19,2019,2019-20,51,FALSE
Region 10,202039,202139,2021-10-08,53,588,61349,162,0.850067,0.958451,2020,39,2020-09-20,2020-09-26,2019,2019-20,52,FALSE
Region 10,202040,202239,2022-10-07,104,750,64563,181,0.989122,1.16166,2020,40,2020-09-27,2020-10-03,2020,2020-21,1,FALSE
Region 10,202041,202239,2022-10-07,103,849,67900,183,1.06353,1.25037,2020,41,2020-10-04,2020-10-10,2020,2020-21,2,FALSE
Region 10,202042,202239,2022-10-07,102,697,65139,183,0.859323,1.07002,2020,42,2020-10-11,2020-10-17,2020,2020-21,3,FALSE
Region 10,202043,202239,2022-10-07,101,730,63505,183,0.94491,1.14952,2020,43,2020-10-18,2020-10-24,2020,2020-21,4,FALSE
Region 10,202044,202239,2022-10-07,100,752,63640,188,1.04771,1.18165,2020,44,2020-10-25,2020-10-31,2020,2020-21,5,FALSE
Region 10,202045,202239,2022-10-07,99,903,65003,188,1.16581,1.38917,2020,45,2020-11-01,2020-11-07,2020,2020-21,6,FALSE
Region 10,202046,202239,2022-10-07,98,955,65105,187,1.25451,1.46686,2020,46,2020-11-08,2020-11-14,2020,2020-21,7,FALSE
Region 10,202047,202239,2022-10-07,97,894,64652,186,1.21003,1.38279,2020,47,2020-11-15,2020-11-21,2020,2020-21,8,FALSE
Region 10,202048,202239,2022-10-07,96,816,58125,188,1.23725,1.40387,2020,48,2020-11-22,2020-11-28,2020,2020-21,9,FALSE
Region 10,202049,202239,2022-10-07,95,696,61515,186,0.977205,1.13143,2020,49,2020-11-29,2020-12-05,2020,2020-21,10,FALSE
Region 10,202050,202239,2022-10-07,94,682,59338,186,1.00133,1.14935,2020,50,2020-12-06,2020-12-12,2020,2020-21,11,FALSE
Region 10,202051,202239,2022-10-07,93,617,58771,182,0.982694,1.04984,2020,51,2020-12-13,2020-12-19,2020,2020-21,12,FALSE
Region 10,202052,202239,2022-10-07,92,535,55519,181,0.903381,0.963634,2020,52,2020-12-20,2020-12-26,2020,2020-21,13,FALSE
Region 10,202053,202239,2022-10-07,91,549,59565,184,0.863719,0.921682,2020,53,2020-12-27,2021-01-02,2020,2020-21,14,FALSE
Region 10,202101,202239,2022-10-07,90,545,61293,184,0.758931,0.889172,2021,1,2021-01-03,2021-01-09,2020,2020-21,15,FALSE
Region 10,202102,202239,2022-10-07,89,492,59794,185,0.805353,0.822825,2021,2,2021-01-10,2021-01-16,2020,2020-21,16,FALSE
Region 10,202103,202239,2022-10-07,88,424,59969,182,0.670083,0.707032,2021,3,2021-01-17,2021-01-23,2020,2020-21,17,FALSE
Region 10,202104,202239,2022-10-07,87,445,62092,184,0.640319,0.716678,2021,4,2021-01-24,2021-01-30,2020,2020-21,18,FALSE
Region 10,202105,202239,2022-10-07,86,408,62053,177,0.607402,0.657502,2021,5,2021-01-31,2021-02-06,2020,2020-21,19,FALSE
Region 10,202106,202239,2022-10-07,85,357,55915,176,0.63985,0.638469,2021,6,2021-02-07,2021-02-13,2020,2020-21,20,FALSE
Region 10,202107,202239,2022-10-07,84,349,60415,174,0.54647,0.577671,2021,7,2021-02-14,2021-02-20,2020,2020-21,21,FALSE
Region 10,202108,202239,2022-10-07,83,334,61896,175,0.535536,0.539615,2021,8,2021-02-21,2021-02-27,2020,2020-21,22,FALSE
Region 10,202109,202239,2022-10-07,82,326,60319,165,0.513273,0.54046,2021,9,2021-02-28,2021-03-06,2020,2020-21,23,FALSE
Region 10,202110,202239,2022-10-07,81,339,62906,181,0.492249,0.538899,2021,10,2021-03-07,2021-03-13,2020,2020-21,24,FALSE
Region 10,202111,202239,2022-10-07,80,342,63249,182,0.550078,0.54072,2021,11,2021-03-14,2021-03-20,2020,2020-21,25,FALSE
Region 10,202112,202239,2022-10-07,79,382,63855,180,0.59828,0.59823,2021,12,2021-03-21,2021-03-27,2020,2020-21,26,FALSE
Region 10,202113,202239,2022-10-07,78,405,68026,181,0.576728,0.595361,2021,13,2021-03-28,2021-04-03,2020,2020-21,27,FALSE
Region 10,202114,202239,2022-10-07,77,527,79765,204,0.662737,0.660691,2021,14,2021-04-04,2021-04-10,2020,2020-21,28,FALSE
Region 10,202115,202239,2022-10-07,76,711,86179,206,0.784648,0.825027,2021,15,2021-04-11,2021-04-17,2020,2020-21,29,FALSE
Region 10,202116,202239,2022-10-07,75,719,87653,205,0.768635,0.82028,2021,16,2021-04-18,2021-04-24,2020,2020-21,30,FALSE
Region 10,202117,202239,2022-10-07,74,645,85827,203,0.749553,0.751512,2021,17,2021-04-25,2021-05-01,2020,2020-21,31,FALSE
Region 10,202118,202239,2022-10-07,73,612,83096,204,0.732281,0.736498,2021,18,2021-05-02,2021-05-08,2020,2020-21,32,FALSE
Region 10,202119,202239,2022-10-07,72,635,85595,202,0.740468,0.741866,2021,19,2021-05-09,2021-05-15,2020,2020-21,33,FALSE
Region 10,202120,202239,2022-10-07,71,603,85127,202,0.736663,0.708353,2021,20,2021-05-16,2021-05-22,2020,2020-21,34,FALSE
Region 10,202121,202239,2022-10-07,70,567,83446,203,0.697698,0.679481,2021,21,2021-05-23,2021-05-29,2020,2020-21,35,FALSE
Region 10,202122,202239,2022-10-07,69,552,87094,201,0.640388,0.633798,2021,22,2021-05-30,2021-06-05,2020,2020-21,36,FALSE
Region 10,202123,202239,2022-10-07,68,577,85466,202,0.680114,0.675122,2021,23,2021-06-06,2021-06-12,2020,2020-21,37,FALSE
Region 10,202124,202239,2022-10-07,67,603,85941,201,0.721183,0.701644,2021,24,2021-06-13,2021-06-19,2020,2020-21,38,FALSE
Region 10,202125,202239,2022-10-07,66,616,87325,201,0.726848,0.705411,2021,25,2021-06-20,2021-06-26,2020,2020-21,39,FALSE
Region 10,202126,202239,2022-10-07,65,585,90864,200,0.666227,0.643819,2021,26,2021-06-27,2021-07-03,2020,2020-21,40,FALSE
Region 10,202127,202239,2022-10-07,64,661,89242,201,0.74691,0.740683,2021,27,2021-07-04,2021-07-10,2020,2020-21,41,FALSE
Region 10,202128,202239,2022-10-07,63,714,89414,202,0.789428,0.798533,2021,28,2021-07-11,2021-07-17,2020,2020-21,42,FALSE
Region 10,202129,202239,2022-10-07,62,869,89888,200,0.972484,0.966759,2021,29,2021-07-18,2021-07-24,2020,2020-21,43,FALSE
Region 10,202130,202239,2022-10-07,61,1025,93155,201,1.07614,1.10032,2021,30,2021-07-25,2021-07-31,2020,2020-21,44,FALSE
Region 10,202131,202239,2022-10-07,60,1201,94021,201,1.2323,1.27737,2021,31,2021-08-01,2021-08-07,2020,2020-21,45,FALSE
Region 10,202132,202239,2022-10-07,59,1413,94320,201,1.42286,1.49809,2021,32,2021-08-08,2021-08-14,2020,2020-21,46,FALSE
Region 10,202133,202239,2022-10-07,58,1326,91544,201,1.40175,1.44848,2021,33,2021-08-15,2021-08-21,2020,2020-21,47,FALSE
Region 10,202134,202239,2022-10-07,57,1347,88807,201,1.48142,1.51677,2021,34,2021-08-22,2021-08-28,2020,2020-21,48,FALSE
Region 10,202135,202239,2022-10-07,56,1396,88614,201,1.56227,1.57537,2021,35,2021-08-29,2021-09-04,2020,2020-21,49,FALSE
Region 10,202136,202239,2022-10-07,55,1315,84878,190,1.46217,1.54928,2021,36,2021-09-05,2021-09-11,2020,2020-21,50,FALSE
Region 10,202137,202239,2022-10-07,54,1243,85830,201,1.4798,1.44821,2021,37,2021-09-12,2021-09-18,2020,2020-21,51,FALSE
Region 10,202138,202239,2022-10-07,53,1309,87200,201,1.51915,1.50115,2021,38,2021-09-19,2021-09-25,2020,2020-21,52,FALSE
Region 10,202139,202239,2022-10-07,52,1145,88261,205,1.38007,1.29729,2021,39,2021-09-26,2021-10-02,2020,2020-21,53,FALSE
Region 10,202140,202339,2023-10-06,103,1264,86082,206,1.49477,1.46837,2021,40,2021-10-03,2021-10-09,2021,2021-22,1,FALSE
Region 10,202141,202339,2023-10-06,102,1279,85082,207,1.52645,1.50326,2021,41,2021-10-10,2021-10-16,2021,2021-22,2,FALSE
Region 10,202142,202339,2023-10-06,101,1218,84997,206,1.45456,1.43299,2021,42,2021-10-17,2021-10-23,2021,2021-22,3,FALSE
Region 10,202143,202339,2023-10-06,100,1189,84728,207,1.42641,1.40331,2021,43,2021-10-24,2021-10-30,2021,2021-22,4,FALSE
Region 10,202144,202339,2023-10-06,99,1228,82526,206,1.52617,1.48802,2021,44,2021-10-31,2021-11-06,2021,2021-22,5,FALSE
Region 10,202145,202339,2023-10-06,98,1203,82806,205,1.50162,1.45279,2021,45,2021-11-07,2021-11-13,2021,2021-22,6,FALSE
Region 10,202146,202339,2023-10-06,97,1223,81817,196,1.57998,1.4948,2021,46,2021-11-14,2021-11-20,2021,2021-22,7,FALSE
Region 10,202147,202339,2023-10-06,96,1170,75582,206,1.58434,1.54799,2021,47,2021-11-21,2021-11-27,2021,2021-22,8,FALSE
Region 10,202148,202339,2023-10-06,95,1408,84249,204,1.73387,1.67124,2021,48,2021-11-28,2021-12-04,2021,2021-22,9,FALSE
Region 10,202149,202339,2023-10-06,94,1325,82830,205,1.63365,1.59966,2021,49,2021-12-05,2021-12-11,2021,2021-22,10,FALSE
Region 10,202150,202339,2023-10-06,93,1437,83226,205,1.78092,1.72662,2021,50,2021-12-12,2021-12-18,2021,2021-22,11,FALSE
Region 10,202151,202339,2023-10-06,92,1746,78839,194,2.31028,2.21464,2021,51,2021-12-19,2021-12-25,2021,2021-22,12,FALSE
Region 10,202152,202339,2023-10-06,91,2250,83460,203,2.70763,2.6959,2021,52,2021-12-26,2022-01-01,2021,2021-22,13,FALSE
Region 10,202201,202339,2023-10-06,90,3033,96508,204,3.16323,3.14274,2022,1,2022-01-02,2022-01-08,2021,2021-22,14,FALSE
Region 10,202202,202339,2023-10-06,89,2895,95852,204,3.0307,3.02028,2022,2,2022-01-09,2022-01-15,2021,2021-22,15,FALSE
Region 10,202203,202339,2023-10-06,88,2331,84479,203,2.79296,2.75927,2022,3,2022-01-16,2022-01-22,2021,2021-22,16,FALSE
Region 10,202204,202339,2023-10-06,87,1567,83011,194,1.94884,1.8877,2022,4,2022-01-23,2022-01-29,2021,2021-22,17,FALSE
Region 10,202205,202339,2023-10-06,86,1057,80733,204,1.31272,1.30925,2022,5,2022-01-30,2022-02-05,2021,2021-22,18,FALSE
Region 10,202206,202339,2023-10-06,85,1063,79635,202,1.33399,1.33484,2022,6,2022-02-06,2022-02-12,2021,2021-22,19,FALSE
Region 10,202207,202339,2023-10-06,84,870,79700,203,1.14985,1.09159,2022,7,2022-02-13,2022-02-19,2021,2021-22,20,FALSE
Region 10,202208,202339,2023-10-06,83,773,79198,204,1.01972,0.976035,2022,8,2022-02-20,2022-02-26,2021,2021-22,21,FALSE
Region 10,202209,202339,2023-10-06,82,893,80162,199,1.17404,1.11399,2022,9,2022-02-27,2022-03-05,2021,2021-22,22,FALSE
Region 10,202210,202339,2023-10-06,81,1011,81621,204,1.284,1.23865,2022,10,2022-03-06,2022-03-12,2021,2021-22,23,FALSE
Region 10,202211,202339,2023-10-06,80,1045,82311,194,1.35306,1.26958,2022,11,2022-03-13,2022-03-19,2021,2021-22,24,FALSE
Region 10,202212,202339,2023-10-06,79,1141,85158,203,1.45007,1.33986,2022,12,2022-03-20,2022-03-26,2021,2021-22,25,FALSE
Region 10,202213,202339,2023-10-06,78,1117,84696,194,1.42765,1.31883,2022,13,2022-03-27,2022-04-02,2021,2021-22,26,FALSE
Region 10,202214,202339,2023-10-06,77,1021,83128,204,1.33989,1.22823,2022,14,2022-04-03,2022-04-09,2021,2021-22,27,FALSE
Region 10,202215,202339,2023-10-06,76,1166,84562,207,1.44208,1.37887,2022,15,2022-04-10,2022-04-16,2021,2021-22,28,FALSE
Region 10,202216,202339,2023-10-06,75,1474,87986,207,1.78509,1.67527,2022,16,2022-04-17,2022-04-23,2021,2021-22,29,FALSE
Region 10,202217,202339,2023-10-06,74,1676,91701,205,1.96965,1.82768,2022,17,2022-04-24,2022-04-30,2021,2021-22,30,FALSE
Region 10,202218,202339,2023-10-06,73,1770,91370,205,2.06745,1.93718,2022,18,2022-05-01,2022-05-07,2021,2021-22,31,FALSE
Region 10,202219,202339,2023-10-06,72,1809,91428,202,2.09593,1.97861,2022,19,2022-05-08,2022-05-14,2021,2021-22,32,FALSE
Region 10,202220,202339,2023-10-06,71,1954,94397,202,2.18197,2.06998,2022,20,2022-05-15,2022-05-21,2021,2021-22,33,FALSE
Region 10,202221,202339,2023-10-06,70,2058,96176,202,2.26782,2.13983,2022,21,2022-05-22,2022-05-28,2021,2021-22,34,FALSE
Region 10,202222,202339,2023-10-06,69,1858,93211,199,2.11429,1.99333,2022,22,2022-05-29,2022-06-04,2021,2021-22,35,FALSE
Region 10,202223,202339,2023-10-06,68,1595,93599,199,1.79321,1.70408,2022,23,2022-06-05,2022-06-11,2021,2021-22,36,FALSE
Region 10,202224,202339,2023-10-06,67,1399,84766,178,1.63071,1.65043,2022,24,2022-06-12,2022-06-18,2021,2021-22,37,FALSE
Region 10,202225,202339,2023-10-06,66,1543,93954,199,1.69763,1.64229,2022,25,2022-06-19,2022-06-25,2021,2021-22,38,FALSE
Region 10,202226,202339,2023-10-06,65,1196,89399,175,1.32462,1.33782,2022,26,2022-06-26,2022-07-02,2021,2021-22,39,FALSE
Region 10,202227,202339,2023-10-06,64,1122,91406,196,1.25112,1.22749,2022,27,2022-07-03,2022-07-09,2021,2021-22,40,FALSE
Region 10,202228,202339,2023-10-06,63,898,90927,196,1.04707,0.987605,2022,28,2022-07-10,2022-07-16,2021,2021-22,41,FALSE
Region 10,202229,202339,2023-10-06,62,845,89366,186,0.967914,0.94555,2022,29,2022-07-17,2022-07-23,2021,2021-22,42,FALSE
Region 10,202230,202339,2023-10-06,61,785,90103,186,0.894681,0.871225,2022,30,2022-07-24,2022-07-30,2021,2021-22,43,FALSE
Region 10,202231,202339,2023-10-06,60,719,89990,196,0.831312,0.798978,2022,31,2022-07-31,2022-08-06,2021,2021-22,44,FALSE
Region 10,202232,202339,2023-10-06,59,664,88447,195,0.782933,0.750732,2022,32,2022-08-07,2022-08-13,2021,2021-22,45,FALSE
Region 10,202233,202339,2023-10-06,58,661,87285,197,0.790463,0.757289,2022,33,2022-08-14,2022-08-20,2021,2021-22,46,FALSE
Region 10,202234,202339,2023-10-06,57,679,87525,186,0.814612,0.775778,2022,34,2022-08-21,2022-08-27,2021,2021-22,47,FALSE
Region 10,202235,202339,2023-10-06,56,566,82650,176,0.701726,0.684815,2022,35,2022-08-28,2022-09-03,2021,2021-22,48,FALSE
Region 10,202236,202339,2023-10-06,55,768,86258,198,0.937131,0.890352,2022,36,2022-09-04,2022-09-10,2021,2021-22,49,FALSE
Region 10,202237,202339,2023-10-06,54,867,89368,198,1.02827,0.970146,2022,37,2022-09-11,2022-09-17,2021,2021-22,50,FALSE
Region 10,202238,202339,2023-10-06,53,1032,91394,198,1.17808,1.12918,2022,38,2022-09-18,2022-09-24,2021,2021-22,51,FALSE
Region 10,202239,202339,2023-10-06,52,1083,101444,203,1.07918,1.06758,2022,39,2022-09-25,2022-10-01,2021,2021-22,52,FALSE
Region 10,202240,202439,2024-10-04,103,911,88061,203,1.03152,1.03451,2022,40,2022-10-02,2022-10-08,2022,2022-23,1,TRUE
Region 10,202241,202439,2024-10-04,102,1045,93652,203,1.15195,1.11583,2022,41,2022-10-09,2022-10-15,2022,2022-23,2,TRUE
Region 10,202242,202439,2024-10-04,101,1019,78756,205,1.42133,1.29387,2022,42,2022-10-16,2022-10-22,2022,2022-23,3,TRUE
Region 10,202243,202439,2024-10-04,100,1486,96743,205,1.62737,1.53603,2022,43,2022-10-23,2022-10-29,2022,2022-23,4,TRUE
Region 10,202244,202439,2024-10-04,99,2357,101339,205,2.39841,2.32586,2022,44,2022-10-30,2022-11-05,2022,2022-23,5,TRUE
Region 10,202245,202439,2024-10-04,98,3707,104668,205,3.69483,3.54167,2022,45,2022-11-06,2022-11-12,2022,2022-23,6,TRUE
Region 10,202246,202439,2024-10-04,97,5728,106667,207,5.75872,5.36998,2022,46,2022-11-13,2022-11-19,2022,2022-23,7,TRUE
Region 10,202247,202439,2024-10-04,96,9382,105709,195,9.63301,8.87531,2022,47,2022-11-20,2022-11-26,2022,2022-23,8,TRUE
Region 10,202248,202439,2024-10-04,95,9711,114810,205,8.95616,8.45832,2022,48,2022-11-27,2022-12-03,2022,2022-23,9,TRUE
Region 10,202249,202439,2024-10-04,94,8795,108167,204,8.62172,8.13095,2022,49,2022-12-04,2022-12-10,2022,2022-23,10,TRUE
Region 10,202250,202439,2024-10-04,93,7641,104542,205,7.70863,7.30902,2022,50,2022-12-11,2022-12-17,2022,2022-23,11,TRUE
Region 10,202251,202439,2024-10-04,92,5523,91354,202,6.40483,6.04571,2022,51,2022-12-18,2022-12-24,2022,2022-23,12,TRUE
Region 10,202252,202439,2024-10-04,91,3763,95539,193,4.16355,3.93871,2022,52,2022-12-25,2022-12-31,2022,2022-23,13,TRUE
Region 10,202301,202439,2024-10-04,90,2383,95123,203,2.6123,2.50518,2023,1,2023-01-01,2023-01-07,2022,2022-23,14,TRUE
Region 10,202302,202439,2024-10-04,89,2202,97412,193,2.11964,2.2605,2023,2,2023-01-08,2023-01-14,2022,2022-23,15,TRUE
Region 10,202303,202439,2024-10-04,88,1240,92205,203,1.37184,1.34483,2023,3,2023-01-15,2023-01-21,2022,2022-23,16,TRUE
Region 10,202304,202439,2024-10-04,87,1259,93668,192,1.34659,1.34411,2023,4,2023-01-22,2023-01-28,2022,2022-23,17,TRUE
Region 10,202305,202439,2024-10-04,86,1350,95646,203,1.40214,1.41145,2023,5,2023-01-29,2023-02-04,2022,2022-23,18,TRUE
Region 10,202306,202439,2024-10-04,85,1367,97073,192,1.42264,1.40822,2023,6,2023-02-05,2023-02-11,2022,2022-23,19,TRUE
Region 10,202307,202439,2024-10-04,84,1349,98126,201,1.38027,1.37476,2023,7,2023-02-12,2023-02-18,2022,2022-23,20,TRUE
Region 10,202308,202439,2024-10-04,83,1310,84480,203,1.5551,1.55066,2023,8,2023-02-19,2023-02-25,2022,2022-23,21,TRUE
Region 10,202309,202439,2024-10-04,82,1326,97953,202,1.34549,1.35371,2023,9,2023-02-26,2023-03-04,2022,2022-23,22,TRUE
Region 10,202310,202439,2024-10-04,81,1362,99070,202,1.37709,1.37479,2023,10,2023-03-05,2023-03-11,2022,2022-23,23,TRUE
Region 10,202311,202439,2024-10-04,80,1453,100437,201,1.43705,1.44668,2023,11,2023-03-12,2023-03-18,2022,2022-23,24,TRUE
Region 10,202312,202439,2024-10-04,79,1529,99969,191,1.51575,1.52947,2023,12,2023-03-19,2023-03-25,2022,2022-23,25,TRUE
Region 10,202313,202439,2024-10-04,78,1419,98199,201,1.42491,1.44502,2023,13,2023-03-26,2023-04-01,2022,2022-23,26,TRUE
Region 10,202314,202439,2024-10-04,77,1284,95611,202,1.36206,1.34294,2023,14,2023-04-02,2023-04-08,2022,2022-23,27,TRUE
Region 10,202315,202439,2024-10-04,76,1232,97945,192,1.26167,1.25785,2023,15,2023-04-09,2023-04-15,2022,2022-23,28,TRUE
Region 10,202316,202439,2024-10-04,75,1264,97739,201,1.28963,1.29324,2023,16,2023-04-16,2023-04-22,2022,2022-23,29,TRUE
Region 10,202317,202439,2024-10-04,74,1205,99284,201,1.21408,1.21369,2023,17,2023-04-23,2023-04-29,2022,2022-23,30,TRUE
Region 10,202318,202439,2024-10-04,73,1083,99804,202,1.0807,1.08513,2023,18,2023-04-30,2023-05-06,2022,2022-23,31,TRUE
Region 10,202319,202439,2024-10-04,72,1070,98871,202,1.06181,1.08222,2023,19,2023-05-07,2023-05-13,2022,2022-23,32,TRUE
Region 10,202320,202439,2024-10-04,71,1056,102134,201,1.03321,1.03394,2023,20,2023-05-14,2023-05-20,2022,2022-23,33,TRUE
Region 10,202321,202439,2024-10-04,70,644,61475,117,0.951125,1.04758,2023,21,2023-05-21,2023-05-27,2022,2022-23,34,TRUE
Region 10,202322,202439,2024-10-04,69,1006,96722,201,1.02543,1.04009,2023,22,2023-05-28,2023-06-03,2022,2022-23,35,TRUE
Region 10,202323,202439,2024-10-04,68,1121,100428,198,1.11404,1.11622,2023,23,2023-06-04,2023-06-10,2022,2022-23,36,TRUE
Region 10,202324,202439,2024-10-04,67,996,99878,201,0.981223,0.997217,2023,24,2023-06-11,2023-06-17,2022,2022-23,37,TRUE
Region 10,202325,202439,2024-10-04,66,978,95075,201,1.0293,1.02866,2023,25,2023-06-18,2023-06-24,2022,2022-23,38,TRUE
Region 10,202326,202439,2024-10-04,65,856,99773,191,0.858944,0.857948,2023,26,2023-06-25,2023-07-01,2022,2022-23,39,TRUE
Region 10,202327,202439,2024-10-04,64,828,96297,201,0.860683,0.85984,2023,27,2023-07-02,2023-07-08,2022,2022-23,40,TRUE
Region 10,202328,202439,2024-10-04,63,722,99840,201,0.721748,0.723157,2023,28,2023-07-09,2023-07-15,2022,2022-23,41,TRUE
Region 10,202329,202439,2024-10-04,62,646,99383,201,0.659255,0.650011,2023,29,2023-07-16,2023-07-22,2022,2022-23,42,TRUE
Region 10,202330,202439,2024-10-04,61,626,98167,201,0.639581,0.637689,2023,30,2023-07-23,2023-07-29,2022,2022-23,43,TRUE
Region 10,202331,202439,2024-10-04,60,678,98653,201,0.698023,0.687257,2023,31,2023-07-30,2023-08-05,2022,2022-23,44,TRUE
Region 10,202332,202439,2024-10-04,59,739,99038,201,0.753346,0.746178,2023,32,2023-08-06,2023-08-12,2022,2022-23,45,TRUE
Region 10,202333,202439,2024-10-04,58,719,99038,201,0.726329,0.725984,2023,33,2023-08-13,2023-08-19,2022,2022-23,46,TRUE
Region 10,202334,202439,2024-10-04,57,827,98057,201,0.852846,0.843387,2023,34,2023-08-20,2023-08-26,2022,2022-23,47,TRUE
Region 10,202335,202439,2024-10-04,56,897,97448,201,0.951722,0.920491,2023,35,2023-08-27,2023-09-02,2022,2022-23,48,TRUE
Region 10,202336,202439,2024-10-04,55,1076,97159,200,1.15694,1.1074600000000001,2023,36,2023-09-03,2023-09-09,2022,2022-23,49,TRUE
Region 10,202337,202439,2024-10-04,54,1184,103306,202,1.18462,1.14611,2023,37,2023-09-10,2023-09-16,2022,2022-23,50,TRUE
Region 10,202338,202439,2024-10-04,53,1196,99344,202,1.24166,1.2039,2023,38,2023-09-17,2023-09-23,2022,2022-23,51,TRUE
Region 10,202339,202439,2024-10-04,52,1289,101230,192,1.29791,1.27334,2023,39,2023-09-24,2023-09-30,2022,2022-23,52,TRUE
Region 10,202340,202538,2025-09-26,102,1500,132286,235,1.17466,1.13391,2023,40,2023-10-01,2023-10-07,2023,2023-24,1,TRUE
Region 10,202341,202538,2025-09-26,101,1508,130558,235,1.206,1.15504,2023,41,2023-10-08,2023-10-14,2023,2023-24,2,TRUE
Region 10,202342,202538,2025-09-26,100,1447,128317,224,1.17422,1.12768,2023,42,2023-10-15,2023-10-21,2023,2023-24,3,TRUE
Region 10,202343,202538,2025-09-26,99,1396,125118,234,1.15708,1.11575,2023,43,2023-10-22,2023-10-28,2023,2023-24,4,TRUE
Region 10,202344,202538,2025-09-26,98,1702,127545,233,1.40888,1.33443,2023,44,2023-10-29,2023-11-04,2023,2023-24,5,TRUE
Region 10,202345,202538,2025-09-26,97,1472,119146,224,1.41689,1.23546,2023,45,2023-11-05,2023-11-11,2023,2023-24,6,TRUE
Region 10,202346,202538,2025-09-26,96,1860,127830,235,1.49247,1.45506,2023,46,2023-11-12,2023-11-18,2023,2023-24,7,TRUE
Region 10,202347,202538,2025-09-26,95,1961,112674,234,1.77226,1.74042,2023,47,2023-11-19,2023-11-25,2023,2023-24,8,TRUE
Region 10,202348,202538,2025-09-26,94,2458,131172,235,1.88777,1.87388,2023,48,2023-11-26,2023-12-02,2023,2023-24,9,TRUE
Region 10,202349,202538,2025-09-26,93,2854,130349,233,2.20727,2.18951,2023,49,2023-12-03,2023-12-09,2023,2023-24,10,TRUE
Region 10,202350,202538,2025-09-26,92,3151,127359,234,2.48862,2.47411,2023,50,2023-12-10,2023-12-16,2023,2023-24,11,TRUE
Region 10,202351,202538,2025-09-26,91,4013,126740,232,3.23821,3.16632,2023,51,2023-12-17,2023-12-23,2023,2023-24,12,TRUE
Region 10,202352,202538,2025-09-26,90,3783,110214,222,3.72804,3.43241,2023,52,2023-12-24,2023-12-30,2023,2023-24,13,TRUE
Region 10,202401,202538,2025-09-26,89,3911,125593,232,3.22167,3.11403,2024,1,2023-12-31,2024-01-06,2023,2023-24,14,TRUE
Region 10,202402,202538,2025-09-26,88,3059,123193,233,2.5559,2.4831,2024,2,2024-01-07,2024-01-13,2023,2023-24,15,TRUE
Region 10,202403,202538,2025-09-26,87,2710,113359,230,2.44176,2.39064,2024,3,2024-01-14,2024-01-20,2023,2023-24,16,TRUE
Region 10,202404,202538,2025-09-26,86,2855,129045,231,2.23057,2.21241,2024,4,2024-01-21,2024-01-27,2023,2023-24,17,TRUE
Region 10,202405,202538,2025-09-26,85,3109,129023,233,2.50218,2.40965,2024,5,2024-01-28,2024-02-03,2023,2023-24,18,TRUE
Region 10,202406,202538,2025-09-26,84,2892,128689,232,2.28469,2.24728,2024,6,2024-02-04,2024-02-10,2023,2023-24,19,TRUE
Region 10,202407,202538,2025-09-26,83,2996,126557,233,2.44831,2.36731,2024,7,2024-02-11,2024-02-17,2023,2023-24,20,TRUE
Region 10,202408,202538,2025-09-26,82,2738,128263,233,2.2436,2.13468,2024,8,2024-02-18,2024-02-24,2023,2023-24,21,TRUE
Region 10,202409,202538,2025-09-26,81,2247,122842,215,1.85761,1.82918,2024,9,2024-02-25,2024-03-02,2023,2023-24,22,TRUE
Region 10,202410,202538,2025-09-26,80,2393,127415,232,1.95577,1.87811,2024,10,2024-03-03,2024-03-09,2023,2023-24,23,TRUE
Region 10,202411,202538,2025-09-26,79,2594,130341,232,2.06745,1.99016,2024,11,2024-03-10,2024-03-16,2023,2023-24,24,TRUE
Region 10,202412,202538,2025-09-26,78,2438,132104,232,1.91221,1.84552,2024,12,2024-03-17,2024-03-23,2023,2023-24,25,TRUE
Region 10,202413,202538,2025-09-26,77,2081,129397,231,1.60422,1.60823,2024,13,2024-03-24,2024-03-30,2023,2023-24,26,TRUE
Region 10,202414,202538,2025-09-26,76,2003,123015,223,1.65908,1.62826,2024,14,2024-03-31,2024-04-06,2023,2023-24,27,TRUE
Region 10,202415,202538,2025-09-26,75,2143,127461,234,1.68983,1.6813,2024,15,2024-04-07,2024-04-13,2023,2023-24,28,TRUE
Region 10,202416,202538,2025-09-26,74,1755,126768,233,1.40083,1.38442,2024,16,2024-04-14,2024-04-20,2023,2023-24,29,TRUE
Region 10,202417,202538,2025-09-26,73,1808,128948,223,1.41285,1.40212,2024,17,2024-04-21,2024-04-27,2023,2023-24,30,TRUE
Region 10,202418,202538,2025-09-26,72,1864,130027,234,1.42146,1.43355,2024,18,2024-04-28,2024-05-04,2023,2023-24,31,TRUE
Region 10,202419,202538,2025-09-26,71,1881,131046,232,1.45417,1.43537,2024,19,2024-05-05,2024-05-11,2023,2023-24,32,TRUE
Region 10,202420,202538,2025-09-26,70,1698,125032,233,1.34128,1.35805,2024,20,2024-05-12,2024-05-18,2023,2023-24,33,TRUE
Region 10,202421,202538,2025-09-26,69,1711,130351,223,1.30759,1.31261,2024,21,2024-05-19,2024-05-25,2023,2023-24,34,TRUE
Region 10,202422,202538,2025-09-26,68,1731,127490,232,1.35168,1.35775,2024,22,2024-05-26,2024-06-01,2023,2023-24,35,TRUE
Region 10,202423,202538,2025-09-26,67,1685,134975,232,1.22871,1.24838,2024,23,2024-06-02,2024-06-08,2023,2023-24,36,TRUE
Region 10,202424,202538,2025-09-26,66,1476,133342,222,1.0889,1.10693,2024,24,2024-06-09,2024-06-15,2023,2023-24,37,TRUE
Region 10,202425,202538,2025-09-26,65,1397,124787,222,1.04574,1.11951,2024,25,2024-06-16,2024-06-22,2023,2023-24,38,TRUE
Region 10,202426,202538,2025-09-26,64,1268,129564,231,0.973008,0.978667,2024,26,2024-06-23,2024-06-29,2023,2023-24,39,TRUE
Region 10,202427,202538,2025-09-26,63,1015,115410,220,0.818674,0.879473,2024,27,2024-06-30,2024-07-06,2023,2023-24,40,TRUE
Region 10,202428,202538,2025-09-26,62,1025,132112,230,0.770649,0.775857,2024,28,2024-07-07,2024-07-13,2023,2023-24,41,TRUE
Region 10,202429,202538,2025-09-26,61,739,103067,192,0.733259,0.717009,2024,29,2024-07-14,2024-07-20,2023,2023-24,42,TRUE
Region 10,202430,202538,2025-09-26,60,930,126603,230,0.738974,0.73458,2024,30,2024-07-21,2024-07-27,2023,2023-24,43,TRUE
Region 10,202431,202538,2025-09-26,59,830,125336,230,0.6599,0.66222,2024,31,2024-07-28,2024-08-03,2023,2023-24,44,TRUE
Region 10,202432,202538,2025-09-26,58,790,118853,219,0.631444,0.664687,2024,32,2024-08-04,2024-08-10,2023,2023-24,45,TRUE
Region 10,202433,202538,2025-09-26,57,811,123205,230,0.672334,0.658253,2024,33,2024-08-11,2024-08-17,2023,2023-24,46,TRUE
Region 10,202434,202538,2025-09-26,56,785,122756,221,0.658293,0.63948,2024,34,2024-08-18,2024-08-24,2023,2023-24,47,TRUE
Region 10,202435,202538,2025-09-26,55,797,116192,209,0.649918,0.685934,2024,35,2024-08-25,2024-08-31,2023,2023-24,48,TRUE
Region 10,202436,202538,2025-09-26,54,964,122488,230,0.795505,0.787016,2024,36,2024-09-01,2024-09-07,2023,2023-24,49,TRUE
Region 10,202437,202538,2025-09-26,53,1124,129470,228,0.914854,0.868155,2024,37,2024-09-08,2024-09-14,2023,2023-24,50,TRUE
Region 10,202438,202538,2025-09-26,52,1192,126526,217,0.946533,0.942099,2024,38,2024-09-15,2024-09-21,2023,2023-24,51,TRUE
Region 10,202439,202538,2025-09-26,51,1163,127740,218,0.92113,0.910443,2024,39,2024-09-22,2024-09-28,2023,2023-24,52,TRUE
Region 10,202440,202638,2026-10-02,103,1504,145912,289,1.06945,1.03076,2024,40,2024-09-29,2024-10-05,2024,2024-25,1,TRUE
Region 10,202441,202638,2026-10-02,102,1686,159519,299,1.09261,1.05693,2024,41,2024-10-06,2024-10-12,2024,2024-25,2,TRUE
Region 10,202442,202638,2026-10-02,101,1788,175993,299,1.06072,1.01595,2024,42,2024-10-13,2024-10-19,2024,2024-25,3,TRUE
Region 10,202443,202638,2026-10-02,100,2194,189942,299,1.17475,1.15509,2024,43,2024-10-20,2024-10-26,2024,2024-25,4,TRUE
Region 10,202444,202638,2026-10-02,99,2444,200800,299,1.2751,1.21713,2024,44,2024-10-27,2024-11-02,2024,2024-25,5,TRUE
Region 10,202445,202638,2026-10-02,98,2895,217651,299,1.39304,1.33011,2024,45,2024-11-03,2024-11-09,2024,2024-25,6,TRUE
Region 10,202446,202638,2026-10-02,97,2500,154367,299,1.64106,1.61952,2024,46,2024-11-10,2024-11-16,2024,2024-25,7,TRUE
Region 10,202447,202638,2026-10-02,96,2999,154951,299,2.01365,1.93545,2024,47,2024-11-17,2024-11-23,2024,2024-25,8,TRUE
Region 10,202448,202638,2026-10-02,95,3181,138212,299,2.3583,2.30154,2024,48,2024-11-24,2024-11-30,2024,2024-25,9,TRUE
Region 10,202449,202638,2026-10-02,94,4243,157924,299,2.85642,2.68674,2024,49,2024-12-01,2024-12-07,2024,2024-25,10,TRUE
Region 10,202450,202638,2026-10-02,93,6220,161782,298,4.08003,3.84468,2024,50,2024-12-08,2024-12-14,2024,2024-25,11,TRUE
Region 10,202451,202638,2026-10-02,92,10576,168486,299,6.74841,6.27708,2024,51,2024-12-15,2024-12-21,2024,2024-25,12,TRUE
Region 10,202452,202638,2026-10-02,91,12334,150018,297,8.42581,8.22168,2024,52,2024-12-22,2024-12-28,2024,2024-25,13,TRUE
Region 10,202501,202638,2026-10-02,90,10632,157461,299,6.90975,6.75215,2025,1,2024-12-29,2025-01-04,2024,2024-25,14,TRUE
Region 10,202502,202638,2026-10-02,89,8277,165061,289,5.15114,5.01451,2025,2,2025-01-05,2025-01-11,2024,2024-25,15,TRUE
Region 10,202503,202638,2026-10-02,88,7741,159174,299,4.90991,4.86323,2025,3,2025-01-12,2025-01-18,2024,2024-25,16,TRUE
Region 10,202504,202638,2026-10-02,87,9273,157574,299,5.78912,5.88485,2025,4,2025-01-19,2025-01-25,2024,2024-25,17,TRUE
Region 10,202505,202638,2026-10-02,86,12247,165597,299,7.22793,7.39567,2025,5,2025-01-26,2025-02-01,2024,2024-25,18,TRUE
Region 10,202506,202638,2026-10-02,85,12984,160197,297,7.8823,8.10502,2025,6,2025-02-02,2025-02-08,2024,2024-25,19,TRUE
Region 10,202507,202638,2026-10-02,84,12286,159772,298,7.5185,7.68971,2025,7,2025-02-09,2025-02-15,2024,2024-25,20,TRUE
Region 10,202508,202638,2026-10-02,83,12514,164467,298,7.45061,7.60882,2025,8,2025-02-16,2025-02-22,2024,2024-25,21,TRUE
Region 10,202509,202638,2026-10-02,82,9102,164371,298,5.56738,5.53747,2025,9,2025-02-23,2025-03-01,2024,2024-25,22,TRUE
Region 10,202510,202638,2026-10-02,81,6715,161965,296,4.17771,4.14596,2025,10,2025-03-02,2025-03-08,2024,2024-25,23,TRUE
Region 10,202511,202638,2026-10-02,80,5947,161456,297,3.79393,3.68336,2025,11,2025-03-09,2025-03-15,2024,2024-25,24,TRUE
Region 10,202512,202638,2026-10-02,79,5068,158802,288,3.27818,3.1914,2025,12,2025-03-16,2025-03-22,2024,2024-25,25,TRUE
Region 10,202513,202638,2026-10-02,78,4195,153694,297,2.78844,2.72945,2025,13,2025-03-23,2025-03-29,2024,2024-25,26,TRUE
Region 10,202514,202638,2026-10-02,77,3479,155844,298,2.26598,2.23236,2025,14,2025-03-30,2025-04-05,2024,2024-25,27,TRUE
Region 10,202515,202638,2026-10-02,76,3032,151719,298,2.04599,1.99843,2025,15,2025-04-06,2025-04-12,2024,2024-25,28,TRUE
Region 10,202516,202638,2026-10-02,75,2788,155092,298,1.83744,1.79764,2025,16,2025-04-13,2025-04-19,2024,2024-25,29,TRUE
Region 10,202517,202638,2026-10-02,74,2771,156536,298,1.82956,1.7702,2025,17,2025-04-20,2025-04-26,2024,2024-25,30,TRUE
Region 10,202518,202638,2026-10-02,73,2371,144957,298,1.69159,1.63566,2025,18,2025-04-27,2025-05-03,2024,2024-25,31,TRUE
Region 10,202519,202638,2026-10-02,72,2587,155278,290,1.70944,1.66604,2025,19,2025-05-04,2025-05-10,2024,2024-25,32,TRUE
Region 10,202520,202638,2026-10-02,71,2497,156476,288,1.59923,1.59577,2025,20,2025-05-11,2025-05-17,2024,2024-25,33,TRUE
Region 10,202521,202638,2026-10-02,70,2450,157511,288,1.58518,1.55545,2025,21,2025-05-18,2025-05-24,2024,2024-25,34,TRUE
Region 10,202522,202638,2026-10-02,69,2538,153541,288,1.68555,1.65298,2025,22,2025-05-25,2025-05-31,2024,2024-25,35,TRUE
Region 10,202523,202638,2026-10-02,68,1955,155652,286,1.26808,1.25601,2025,23,2025-06-01,2025-06-07,2024,2024-25,36,TRUE
Region 10,202524,202638,2026-10-02,67,1770,155703,285,1.16738,1.13678,2025,24,2025-06-08,2025-06-14,2024,2024-25,37,TRUE
Region 10,202525,202638,2026-10-02,66,1611,151621,287,1.08663,1.06252,2025,25,2025-06-15,2025-06-21,2024,2024-25,38,TRUE
Region 10,202526,202638,2026-10-02,65,1558,152590,287,1.03619,1.02104,2025,26,2025-06-22,2025-06-28,2024,2024-25,39,TRUE
Region 10,202527,202638,2026-10-02,64,1111,138371,286,0.826838,0.802914,2025,27,2025-06-29,2025-07-05,2024,2024-25,40,TRUE
Region 10,202528,202638,2026-10-02,63,1148,156513,287,0.760268,0.733485,2025,28,2025-07-06,2025-07-12,2024,2024-25,41,TRUE
Region 10,202529,202638,2026-10-02,62,996,155404,286,0.668891,0.64091,2025,29,2025-07-13,2025-07-19,2024,2024-25,42,TRUE
Region 10,202530,202638,2026-10-02,61,1146,178359,286,0.658222,0.642524,2025,30,2025-07-20,2025-07-26,2024,2024-25,43,TRUE
Region 10,202531,202638,2026-10-02,60,997,152217,287,0.690299,0.654986,2025,31,2025-07-27,2025-08-02,2024,2024-25,44,TRUE
Region 10,202532,202638,2026-10-02,59,947,151057,286,0.654898,0.626916,2025,32,2025-08-03,2025-08-09,2024,2024-25,45,TRUE
Region 10,202533,202638,2026-10-02,58,994,154311,286,0.677303,0.644154,2025,33,2025-08-10,2025-08-16,2024,2024-25,46,TRUE
Region 10,202534,202638,2026-10-02,57,1145,152804,286,0.792825,0.749326,2025,34,2025-08-17,2025-08-23,2024,2024-25,47,TRUE
Region 10,202535,202638,2026-10-02,56,1197,151670,286,0.829558,0.789213,2025,35,2025-08-24,2025-08-30,2024,2024-25,48,TRUE
Region 10,202536,202638,2026-10-02,55,1278,149388,286,0.908994,0.85549,2025,36,2025-08-31,2025-09-06,2024,2024-25,49,TRUE
Region 10,202537,202638,2026-10-02,54,1392,158432,286,0.917814,0.87861,2025,37,2025-09-07,2025-09-13,2024,2024-25,50,TRUE
Region 10,202538,202638,2026-10-02,53,1654,159352,286,1.08179,1.03795,2025,38,2025-09-14,2025-09-20,2024,2024-25,51,TRUE
Region 10,202539,202638,2026-10-02,52,1570,154440,275,1.04602,1.01658,2025,39,2025-09-21,2025-09-27,2024,2024-25,52,TRUE
Region 10,202540,202638,2026-10-02,51,1704,166569,318,1.06826,1.023,2025,40,2025-09-28,2025-10-04,2025,2025-26,1,TRUE
Region 10,202541,202638,2026-10-02,50,1678,166048,335,1.05879,1.01055,2025,41,2025-10-05,2025-10-11,2025,2025-26,2,TRUE
Region 10,202542,202638,2026-10-02,49,1704,163960,335,1.07407,1.03928,2025,42,2025-10-12,2025-10-18,2025,2025-26,3,TRUE
Region 10,202543,202638,2026-10-02,48,1734,163445,318,1.09963,1.06091,2025,43,2025-10-19,2025-10-25,2025,2025-26,4,TRUE
Region 10,202544,202638,2026-10-02,47,1704,159793,317,1.09615,1.06638,2025,44,2025-10-26,2025-11-01,2025,2025-26,5,TRUE
Region 10,202545,202638,2026-10-02,46,2181,165286,318,1.37247,1.31953,2025,45,2025-11-02,2025-11-08,2025,2025-26,6,TRUE
Region 10,202546,202638,2026-10-02,45,2587,167941,318,1.56935,1.54042,2025,46,2025-11-09,2025-11-15,2025,2025-26,7,TRUE
Region 10,202547,202638,2026-10-02,44,2961,172652,335,1.74951,1.71501,2025,47,2025-11-16,2025-11-22,2025,2025-26,8,TRUE
Region 10,202548,202638,2026-10-02,43,3192,148749,335,2.1639,2.1459,2025,48,2025-11-23,2025-11-29,2025,2025-26,9,TRUE
Region 10,202549,202638,2026-10-02,42,3713,167609,318,2.24931,2.21527,2025,49,2025-11-30,2025-12-06,2025,2025-26,10,TRUE
Region 10,202550,202638,2026-10-02,41,4749,172334,335,2.8779,2.7557,2025,50,2025-12-07,2025-12-13,2025,2025-26,11,TRUE
Region 10,202551,202638,2026-10-02,40,5982,173042,334,3.48692,3.45696,2025,51,2025-12-14,2025-12-20,2025,2025-26,12,TRUE
Region 10,202552,202638,2026-10-02,39,8213,154105,335,5.26836,5.32948,2025,52,2025-12-21,2025-12-27,2025,2025-26,13,TRUE
Region 10,202553,202638,2026-10-02,38,7882,158784,307,4.95113,4.96398,2025,53,2025-12-28,2026-01-03,2025,2025-26,14,TRUE
Region 10,202601,202638,2026-10-02,37,7589,183579,335,4.21979,4.13392,2026,1,2026-01-04,2026-01-10,2025,2025-26,15,TRUE
Region 10,202602,202638,2026-10-02,36,7497,178396,333,4.33359,4.20245,2026,2,2026-01-11,2026-01-17,2025,2025-26,16,TRUE
Region 10,202603,202638,2026-10-02,35,8463,172043,334,5.07299,4.91912,2026,3,2026-01-18,2026-01-24,2025,2025-26,17,TRUE
Region 10,202604,202638,2026-10-02,34,11289,181683,334,6.42427,6.21357,2026,4,2026-01-25,2026-01-31,2025,2025-26,18,TRUE
Region 10,202605,202638,2026-10-02,33,12027,184611,317,6.82096,6.51478,2026,5,2026-02-01,2026-02-07,2025,2025-26,19,TRUE
Region 10,202606,202638,2026-10-02,32,9901,177734,317,5.84715,5.57068,2026,6,2026-02-08,2026-02-14,2025,2025-26,20,TRUE
Region 10,202607,202638,2026-10-02,31,8888,178187,334,5.14489,4.98802,2026,7,2026-02-15,2026-02-21,2025,2025-26,21,TRUE
Region 10,202608,202638,2026-10-02,30,7464,185179,334,4.1965,4.03069,2026,8,2026-02-22,2026-02-28,2025,2025-26,22,TRUE
Region 10,202609,202638,2026-10-02,29,6735,183879,333,3.81947,3.66273,2026,9,2026-03-01,2026-03-07,2025,2025-26,23,TRUE
Region 10,202610,202638,2026-10-02,28,5722,177021,317,3.36609,3.23238,2026,10,2026-03-08,2026-03-14,2025,2025-26,24,TRUE
Region 10,202611,202638,2026-10-02,27,5257,180636,316,3.00244,2.91027,2026,11,2026-03-15,2026-03-21,2025,2025-26,25,TRUE
Region 10,202612,202638,2026-10-02,26,4826,176239,316,2.76884,2.73833,2026,12,2026-03-22,2026-03-28,2025,2025-26,26,TRUE
Region 10,202613,202638,2026-10-02,25,4411,176464,317,2.44778,2.49966,2026,13,2026-03-29,2026-04-04,2025,2025-26,27,TRUE
Region 10,202614,202638,2026-10-02,24,4098,172742,317,2.3171,2.37232,2026,14,2026-04-05,2026-04-11,2025,2025-26,28,TRUE
Region 10,202615,202638,2026-10-02,23,3311,173806,317,1.89487,1.905,2026,15,2026-04-12,2026-04-18,2025,2025-26,29,TRUE
Region 10,202616,202638,2026-10-02,22,3030,176028,317,1.74499,1.72132,2026,16,2026-04-19,2026-04-25,2025,2025-26,30,TRUE
Region 10,202617,202638,2026-10-02,21,2836,174468,317,1.64944,1.62551,2026,17,2026-04-26,2026-05-02,2025,2025-26,31,TRUE
Region 10,202618,202638,2026-10-02,20,2632,178333,316,1.48554,1.47589,2026,18,2026-05-03,2026-05-09,2025,2025-26,32,TRUE
Region 10,202619,202638,2026-10-02,19,2170,174948,315,1.26608,1.24037,2026,19,2026-05-10,2026-05-16,2025,2025-26,33,TRUE
Region 10,202620,202638,2026-10-02,18,2018,176919,316,1.16075,1.14063,2026,20,2026-05-17,2026-05-23,2025,2025-26,34,TRUE
Region 10,202621,202638,2026-10-02,17,1811,171228,316,1.07153,1.05765,2026,21,2026-05-24,2026-05-30,2025,2025-26,35,TRUE
Region 10,202622,202638,2026-10-02,16,1670,175267,316,0.981312,0.952832,2026,22,2026-05-31,2026-06-06,2025,2025-26,36,TRUE
Region 10,202623,202638,2026-10-02,15,1462,168343,305,0.888158,0.868465,2026,23,2026-06-07,2026-06-13,2025,2025-26,37,TRUE
Region 10,202624,202638,2026-10-02,14,1491,174244,316,0.86814,0.855697,2026,24,2026-06-14,2026-06-20,2025,2025-26,38,TRUE
Region 10,202625,202638,2026-10-02,13,1242,165585,305,0.756204,0.750068,2026,25,2026-06-21,2026-06-27,2025,2025-26,39,TRUE
Region 10,202626,202638,2026-10-02,12,1155,158890,316,0.738378,0.726918,2026,26,2026-06-28,2026-07-04,2025,2025-26,40,TRUE
Region 10,202627,202638,2026-10-02,11,1092,175336,315,0.655431,0.622804,2026,27,2026-07-05,2026-07-11,2025,2025-26,41,TRUE
Region 10,202628,202638,2026-10-02,10,928,174806,316,0.551515,0.530874,2026,28,2026-07-12,2026-07-18,2025,2025-26,42,TRUE
Region 10,202629,202638,2026-10-02,9,849,173231,316,0.518177,0.490097,2026,29,2026-07-19,2026-07-25,2025,2025-26,43,TRUE
Region 10,202630,202638,2026-10-02,8,878,170762,316,0.527623,0.514166,2026,30,2026-07-26,2026-08-01,2025,2025-26,44,TRUE
Region 10,202631,202638,2026-10-02,7,844,168456,316,0.5146,0.501021,2026,31,2026-08-02,2026-08-08,2025,2025-26,45,TRUE
Region 10,202632,202638,2026-10-02,6,829,173584,316,0.498309,0.477579,2026,32,2026-08-09,2026-08-15,2025,2025-26,46,TRUE
Region 10,202633,202638,2026-10-02,5,1002,174685,316,0.596469,0.573604,2026,33,2026-08-16,2026-08-22,2025,2025-26,47,TRUE
Region 10,202634,202638,2026-10-02,4,1231,173402,316,0.725358,0.709911,2026,34,2026-08-23,2026-08-29,2025,2025-26,48,TRUE
Region 10,202635,202638,2026-10-02,3,1392,171214,316,0.831581,0.813018,2026,35,2026-08-30,2026-09-05,2025,2025-26,49,TRUE
Region 10,202636,202638,2026-10-02,2,1880,167954,316,1.12207,1.11935,2026,36,2026-09-06,2026-09-12,2025,2025-26,50,TRUE
Region 10,202637,202638,2026-10-02,1,2531,176377,316,1.41267,1.43499,2026,37,2026-09-13,2026-09-19,2025,2025-26,51,TRUE
Region 10,202638,202638,2026-10-02,0,2834,174197,315,1.61537,1.62689,2026,38,2026-09-20,2026-09-26,2025,2025-26,52,TRUE
Region 2,201940,202139,2021-10-08,104,2994,195431,263,2.13358,1.532,2019,40,2019-09-29,2019-10-05,2019,2019-20,1,FALSE
Region 2,201941,202139,2021-10-08,103,2981,191446,263,2.05604,1.5571,2019,41,2019-10-06,2019-10-12,2019,2019-20,2,FALSE
Region 2,201942,202139,2021-10-08,102,3360,190590,264,2.38122,1.76295,2019,42,2019-10-13,2019-10-19,2019,2019-20,3,FALSE
Region 2,201943,202139,2021-10-08,101,3371,196090,264,2.00852,1.71911,2019,43,2019-10-20,2019-10-26,2019,2019-20,4,FALSE
Region 2,201944,202139,2021-10-08,100,3697,190727,263,2.27944,1.93837,2019,44,2019-10-27,2019-11-02,2019,2019-20,5,FALSE
Region 2,201945,202139,2021-10-08,99,4195,193040,268,2.37942,2.17312,2019,45,2019-11-03,2019-11-09,2019,2019-20,6,FALSE
Region 2,201946,202139,2021-10-08,98,4391,189305,259,2.74556,2.31954,2019,46,2019-11-10,2019-11-16,2019,2019-20,7,FALSE
Region 2,201947,202139,2021-10-08,97,4701,197786,263,2.66873,2.37681,2019,47,2019-11-17,2019-11-23,2019,2019-20,8,FALSE
Region 2,201948,202139,2021-10-08,96,5370,178473,265,3.26948,3.00886,2019,48,2019-11-24,2019-11-30,2019,2019-20,9,FALSE
Region 2,201949,202139,2021-10-08,95,5987,193324,264,3.16621,3.09687,2019,49,2019-12-01,2019-12-07,2019,2019-20,10,FALSE
Region 2,201950,202139,2021-10-08,94,7145,198649,260,3.73351,3.5968,2019,50,2019-12-08,2019-12-14,2019,2019-20,11,FALSE
Region 2,201951,202139,2021-10-08,93,8998,195553,265,4.81587,4.60131,2019,51,2019-12-15,2019-12-21,2019,2019-20,12,FALSE
Region 2,201952,202139,2021-10-08,92,12495,190159,256,6.69473,6.57082,2019,52,2019-12-22,2019-12-28,2019,2019-20,13,FALSE
Region 2,202001,202139,2021-10-08,91,13015,197077,259,6.80679,6.60402,2020,1,2019-12-29,2020-01-04,2019,2019-20,14,FALSE
Region 2,202002,202139,2021-10-08,90,11328,192960,261,6.2123100000000004,5.87065,2020,2,2020-01-05,2020-01-11,2019,2019-20,15,FALSE
Region 2,202003,202139,2021-10-08,89,12906,198529,264,6.82373,6.50081,2020,3,2020-01-12,2020-01-18,2019,2019-20,16,FALSE
Region 2,202004,202139,2021-10-08,88,15074,205685,259,7.61598,7.32868,2020,4,2020-01-19,2020-01-25,2019,2019-20,17,FALSE
Region 2,202005,202139,2021-10-08,87,16122,210469,264,7.8425,7.66004,2020,5,2020-01-26,2020-02-01,2019,2019-20,18,FALSE
Region 2,202006,202139,2021-10-08,86,15684,211040,270,7.87662,7.43177,2020,6,2020-02-02,2020-02-08,2019,2019-20,19,FALSE
Region 2,202007,202139,2021-10-08,85,12377,196957,257,6.81988,6.28411,2020,7,2020-02-09,2020-02-15,2019,2019-20,20,FALSE
Region 2,202008,202139,2021-10-08,84,9343,181484,258,5.84719,5.14811,2020,8,2020-02-16,2020-02-22,2019,2019-20,21,FALSE
Region 2,202009,202139,2021-10-08,83,7769,183210,256,5.02339,4.24049,2020,9,2020-02-23,2020-02-29,2019,2019-20,22,FALSE
Region 2,202010,202139,2021-10-08,82,8995,181338,258,5.5401,4.96035,2020,10,2020-03-01,2020-03-07,2019,2019-20,23,FALSE
Region 2,202011,202139,2021-10-08,81,13643,189249,254,7.58419,7.20902,2020,11,2020-03-08,2020-03-14,2019,2019-20,24,FALSE
Region 2,202012,202139,2021-10-08,80,16478,149123,242,11.1883,11.0499,2020,12,2020-03-15,2020-03-21,2019,2019-20,25,FALSE
Region 2,202013,202139,2021-10-08,79,16246,128688,224,11.9218,12.6243,2020,13,2020-03-22,2020-03-28,2019,2019-20,26,FALSE
Region 2,202014,202139,2021-10-08,78,12482,116856,238,10.5237,10.6815,2020,14,2020-03-29,2020-04-04,2019,2019-20,27,FALSE
Region 2,202015,202139,2021-10-08,77,7518,100435,241,7.82961,7.48544,2020,15,2020-04-05,2020-04-11,2019,2019-20,28,FALSE
Region 2,202016,202139,2021-10-08,76,4473,90971,245,5.21489,4.91695,2020,16,2020-04-12,2020-04-18,2019,2019-20,29,FALSE
Region 2,202017,202139,2021-10-08,75,2786,90540,242,3.5018,3.07709,2020,17,2020-04-19,2020-04-25,2019,2019-20,30,FALSE
Region 2,202018,202139,2021-10-08,74,1966,92989,239,2.54026,2.11423,2020,18,2020-04-26,2020-05-02,2019,2019-20,31,FALSE
Region 2,202019,202139,2021-10-08,73,1310,92311,238,1.89918,1.41912,2020,19,2020-05-03,2020-05-09,2019,2019-20,32,FALSE
Region 2,202020,202139,2021-10-08,72,1261,102722,243,1.74327,1.22759,2020,20,2020-05-10,2020-05-16,2019,2019-20,33,FALSE
Region 2,202021,202139,2021-10-08,71,1103,110225,247,1.32222,1.00068,2020,21,2020-05-17,2020-05-23,2019,2019-20,34,FALSE
Region 2,202022,202139,2021-10-08,70,892,114074,240,1.11018,0.781949,2020,22,2020-05-24,2020-05-30,2019,2019-20,35,FALSE
Region 2,202023,202139,2021-10-08,69,820,118386,237,0.985703,0.692649,2020,23,2020-05-31,2020-06-06,2019,2019-20,36,FALSE
Region 2,202024,202139,2021-10-08,68,750,119993,241,0.870555,0.625036,2020,24,2020-06-07,2020-06-13,2019,2019-20,37,FALSE
Region 2,202025,202139,2021-10-08,67,766,124420,233,0.874747,0.615657,2020,25,2020-06-14,2020-06-20,2019,2019-20,38,FALSE
Region 2,202026,202139,2021-10-08,66,805,127577,204,0.948324,0.630991,2020,26,2020-06-21,2020-06-27,2019,2019-20,39,FALSE
Region 2,202027,202139,2021-10-08,65,808,125512,201,0.943751,0.643763,2020,27,2020-06-28,2020-07-04,2019,2019-20,40,FALSE
Region 2,202028,202139,2021-10-08,64,908,132209,197,1.05699,0.686791,2020,28,2020-07-05,2020-07-11,2019,2019-20,41,FALSE
Region 2,202029,202139,2021-10-08,63,978,128819,193,1.17469,0.759205,2020,29,2020-07-12,2020-07-18,2019,2019-20,42,FALSE
Region 2,202030,202139,2021-10-08,62,968,130850,194,1.18778,0.739778,2020,30,2020-07-19,2020-07-25,2019,2019-20,43,FALSE
Region 2,202031,202139,2021-10-08,61,1240,140792,233,1.2729,0.880732,2020,31,2020-07-26,2020-08-01,2019,2019-20,44,FALSE
Region 2,202032,202139,2021-10-08,60,1138,133012,195,1.21268,0.855562,2020,32,2020-08-02,2020-08-08,2019,2019-20,45,FALSE
Region 2,202033,202139,2021-10-08,59,1306,144678,234,1.26848,0.902694,2020,33,2020-08-09,2020-08-15,2019,2019-20,46,FALSE
Region 2,202034,202139,2021-10-08,58,1384,144159,228,1.36313,0.960051,2020,34,2020-08-16,2020-08-22,2019,2019-20,47,FALSE
Region 2,202035,202139,2021-10-08,57,1380,147078,232,1.19257,0.938278,2020,35,2020-08-23,2020-08-29,2019,2019-20,48,FALSE
Region 2,202036,202139,2021-10-08,56,1237,145022,229,1.19417,0.852974,2020,36,2020-08-30,2020-09-05,2019,2019-20,49,FALSE
Region 2,202037,202139,2021-10-08,55,1293,140481,229,1.42258,0.920409,2020,37,2020-09-06,2020-09-12,2019,2019-20,50,FALSE
Region 2,202038,202139,2021-10-08,54,1383,147832,230,1.35702,0.935521,2020,38,2020-09-13,2020-09-19,2019,2019-20,51,FALSE
Region 2,202039,202139,2021-10-08,53,1413,147761,228,1.34985,0.956274,2020,39,2020-09-20,2020-09-26,2019,2019-20,52,FALSE
Region 2,202040,202239,2022-10-07,104,1589,152624,243,1.48417,1.04112,2020,40,2020-09-27,2020-10-03,2020,2020-21,1,FALSE
Region 2,202041,202239,2022-10-07,103,1709,154238,243,1.65835,1.10803,2020,41,2020-10-04,2020-10-10,2020,2020-21,2,FALSE
Region 2,202042,202239,2022-10-07,102,1484,151633,245,1.34575,0.978679,2020,42,2020-10-11,2020-10-17,2020,2020-21,3,FALSE
Region 2,202043,202239,2022-10-07,101,1623,148758,244,1.64093,1.09103,2020,43,2020-10-18,2020-10-24,2020,2020-21,4,FALSE
Region 2,202044,202239,2022-10-07,100,1558,144978,244,1.65815,1.07465,2020,44,2020-10-25,2020-10-31,2020,2020-21,5,FALSE
Region 2,202045,202239,2022-10-07,99,1873,150083,241,1.95608,1.24798,2020,45,2020-11-01,2020-11-07,2020,2020-21,6,FALSE
Region 2,202046,202239,2022-10-07,98,2139,157210,241,2.06405,1.3606,2020,46,2020-11-08,2020-11-14,2020,2020-21,7,FALSE
Region 2,202047,202239,2022-10-07,97,2066,139263,204,2.41585,1.48352,2020,47,2020-11-15,2020-11-21,2020,2020-21,8,FALSE
Region 2,202048,202239,2022-10-07,96,2064,131339,203,2.50363,1.57151,2020,48,2020-11-22,2020-11-28,2020,2020-21,9,FALSE
Region 2,202049,202239,2022-10-07,95,2078,133050,203,2.65704,1.56182,2020,49,2020-11-29,2020-12-05,2020,2020-21,10,FALSE
Region 2,202050,202239,2022-10-07,94,2222,135329,202,2.28852,1.64192,2020,50,2020-12-06,2020-12-12,2020,2020-21,11,FALSE
Region 2,202051,202239,2022-10-07,93,1994,129725,201,2.31951,1.5371,2020,51,2020-12-13,2020-12-19,2020,2020-21,12,FALSE
Region 2,202052,202239,2022-10-07,92,2028,127769,197,2.19038,1.58724,2020,52,2020-12-20,2020-12-26,2020,2020-21,13,FALSE
Region 2,202053,202239,2022-10-07,91,2169,133759,190,2.28306,1.62157,2020,53,2020-12-27,2021-01-02,2020,2020-21,14,FALSE
Region 2,202101,202239,2022-10-07,90,2367,143257,201,2.21787,1.65228,2021,1,2021-01-03,2021-01-09,2020,2020-21,15,FALSE
Region 2,202102,202239,2022-10-07,89,2137,148950,202,1.90752,1.43471,2021,2,2021-01-10,2021-01-16,2020,2020-21,16,FALSE
Region 2,202103,202239,2022-10-07,88,2118,136575,203,2.12752,1.5508,2021,3,2021-01-17,2021-01-23,2020,2020-21,17,FALSE
Region 2,202104,202239,2022-10-07,87,1805,134891,202,1.49101,1.33812,2021,4,2021-01-24,2021-01-30,2020,2020-21,18,FALSE
Region 2,202105,202239,2022-10-07,86,1714,129250,200,1.87526,1.32611,2021,5,2021-01-31,2021-02-06,2020,2020-21,19,FALSE
Region 2,202106,202239,2022-10-07,85,1706,136059,201,1.70345,1.25387,2021,6,2021-02-07,2021-02-13,2020,2020-21,20,FALSE
Region 2,202107,202239,2022-10-07,84,1503,132008,197,1.54969,1.13857,2021,7,2021-02-14,2021-02-20,2020,2020-21,21,FALSE
Region 2,202108,202239,2022-10-07,83,1521,144109,200,1.38196,1.05545,2021,8,2021-02-21,2021-02-27,2020,2020-21,22,FALSE
Region 2,202109,202239,2022-10-07,82,1532,141093,200,1.45185,1.08581,2021,9,2021-02-28,2021-03-06,2020,2020-21,23,FALSE
Region 2,202110,202239,2022-10-07,81,1837,145705,199,1.72496,1.26077,2021,10,2021-03-07,2021-03-13,2020,2020-21,24,FALSE
Region 2,202111,202239,2022-10-07,80,2021,145646,199,1.81718,1.38761,2021,11,2021-03-14,2021-03-20,2020,2020-21,25,FALSE
Region 2,202112,202239,2022-10-07,79,1982,150734,197,1.82667,1.3149,2021,12,2021-03-21,2021-03-27,2020,2020-21,26,FALSE
Region 2,202113,202239,2022-10-07,78,1977,144497,197,1.85832,1.36819,2021,13,2021-03-28,2021-04-03,2020,2020-21,27,FALSE
Region 2,202114,202239,2022-10-07,77,2090,151020,195,2.00767,1.38392,2021,14,2021-04-04,2021-04-10,2020,2020-21,28,FALSE
Region 2,202115,202239,2022-10-07,76,1956,148298,197,1.95244,1.31897,2021,15,2021-04-11,2021-04-17,2020,2020-21,29,FALSE
Region 2,202116,202239,2022-10-07,75,1924,145873,193,1.86222,1.31896,2021,16,2021-04-18,2021-04-24,2020,2020-21,30,FALSE
Region 2,202117,202239,2022-10-07,74,1816,147347,196,1.73609,1.2324600000000001,2021,17,2021-04-25,2021-05-01,2020,2020-21,31,FALSE
Region 2,202118,202239,2022-10-07,73,1843,149086,191,1.76838,1.2362,2021,18,2021-05-02,2021-05-08,2020,2020-21,32,FALSE
Region 2,202119,202239,2022-10-07,72,1831,146952,193,1.60194,1.24599,2021,19,2021-05-09,2021-05-15,2020,2020-21,33,FALSE
Region 2,202120,202239,2022-10-07,71,2025,154417,192,1.90357,1.31138,2021,20,2021-05-16,2021-05-22,2020,2020-21,34,FALSE
Region 2,202121,202239,2022-10-07,70,1777,152351,194,1.47763,1.16639,2021,21,2021-05-23,2021-05-29,2020,2020-21,35,FALSE
Region 2,202122,202239,2022-10-07,69,1831,148650,190,1.52613,1.23175,2021,22,2021-05-30,2021-06-05,2020,2020-21,36,FALSE
Region 2,202123,202239,2022-10-07,68,1929,159552,191,1.52398,1.20901,2021,23,2021-06-06,2021-06-12,2020,2020-21,37,FALSE
Region 2,202124,202239,2022-10-07,67,2198,156477,192,1.87536,1.40468,2021,24,2021-06-13,2021-06-19,2020,2020-21,38,FALSE
Region 2,202125,202239,2022-10-07,66,2162,154990,192,1.87518,1.39493,2021,25,2021-06-20,2021-06-26,2020,2020-21,39,FALSE
Region 2,202126,202239,2022-10-07,65,2237,158566,191,1.9034,1.41077,2021,26,2021-06-27,2021-07-03,2020,2020-21,40,FALSE
Region 2,202127,202239,2022-10-07,64,2197,158393,188,1.45053,1.38706,2021,27,2021-07-04,2021-07-10,2020,2020-21,41,FALSE
Region 2,202128,202239,2022-10-07,63,2386,165714,189,1.61795,1.43983,2021,28,2021-07-11,2021-07-17,2020,2020-21,42,FALSE
Region 2,202129,202239,2022-10-07,62,2809,163930,187,2.35512,1.71354,2021,29,2021-07-18,2021-07-24,2020,2020-21,43,FALSE
Region 2,202130,202239,2022-10-07,61,2991,164003,187,2.52281,1.82375,2021,30,2021-07-25,2021-07-31,2020,2020-21,44,FALSE
Region 2,202131,202239,2022-10-07,60,3108,164948,190,2.64518,1.88423,2021,31,2021-08-01,2021-08-07,2020,2020-21,45,FALSE
Region 2,202132,202239,2022-10-07,59,3168,165599,189,2.70612,1.91306,2021,32,2021-08-08,2021-08-14,2020,2020-21,46,FALSE
Region 2,202133,202239,2022-10-07,58,3129,164214,185,2.63279,1.90544,2021,33,2021-08-15,2021-08-21,2020,2020-21,47,FALSE
Region 2,202134,202239,2022-10-07,57,3082,164710,186,2.64007,1.87117,2021,34,2021-08-22,2021-08-28,2020,2020-21,48,FALSE
Region 2,202135,202239,2022-10-07,56,2810,162165,188,2.60435,1.7328,2021,35,2021-08-29,2021-09-04,2020,2020-21,49,FALSE
Region 2,202136,202239,2022-10-07,55,3144,159933,188,2.77286,1.96582,2021,36,2021-09-05,2021-09-11,2020,2020-21,50,FALSE
Region 2,202137,202239,2022-10-07,54,3503,169780,189,2.79941,2.06326,2021,37,2021-09-12,2021-09-18,2020,2020-21,51,FALSE
Region 2,202138,202239,2022-10-07,53,4030,169871,190,3.0104,2.37239,2021,38,2021-09-19,2021-09-25,2020,2020-21,52,FALSE
Region 2,202139,202239,2022-10-07,52,4267,161822,189,3.19954,2.63685,2021,39,2021-09-26,2021-10-02,2020,2020-21,53,FALSE
Region 2,202140,202339,2023-10-06,103,4511,176396,199,3.48423,2.55731,2021,40,2021-10-03,2021-10-09,2021,2021-22,1,FALSE
Region 2,202141,202339,2023-10-06,102,4094,168655,197,3.07511,2.42744,2021,41,2021-10-10,2021-10-16,2021,2021-22,2,FALSE
Region 2,202142,202339,2023-10-06,101,3855,167790,200,3.12184,2.29751,2021,42,2021-10-17,2021-10-23,2021,2021-22,3,FALSE
Region 2,202143,202339,2023-10-06,100,3711,158972,199,3.43753,2.33437,2021,43,2021-10-24,2021-10-30,2021,2021-22,4,FALSE
Region 2,202144,202339,2023-10-06,99,3554,145596,199,3.32611,2.441,2021,44,2021-10-31,2021-11-06,2021,2021-22,5,FALSE
Region 2,202145,202339,2023-10-06,98,4245,166165,202,3.29531,2.55469,2021,45,2021-11-07,2021-11-13,2021,2021-22,6,FALSE
Region 2,202146,202339,2023-10-06,97,4251,167489,204,3.3518,2.53808,2021,46,2021-11-14,2021-11-20,2021,2021-22,7,FALSE
Region 2,202147,202339,2023-10-06,96,3972,152151,204,3.21677,2.61056,2021,47,2021-11-21,2021-11-27,2021,2021-22,8,FALSE
Region 2,202148,202339,2023-10-06,95,5073,168061,203,3.82193,3.01855,2021,48,2021-11-28,2021-12-04,2021,2021-22,9,FALSE
Region 2,202149,202339,2023-10-06,94,5524,175064,203,3.96115,3.15542,2021,49,2021-12-05,2021-12-11,2021,2021-22,10,FALSE
Region 2,202150,202339,2023-10-06,93,6865,184200,199,4.9578,3.72693,2021,50,2021-12-12,2021-12-18,2021,2021-22,11,FALSE
Region 2,202151,202339,2023-10-06,92,9840,185307,197,6.816,5.31011,2021,51,2021-12-19,2021-12-25,2021,2021-22,12,FALSE
Region 2,202152,202339,2023-10-06,91,12215,195358,197,7.31966,6.25262,2021,52,2021-12-26,2022-01-01,2021,2021-22,13,FALSE
Region 2,202201,202339,2023-10-06,90,7536,174153,196,5.48352,4.32723,2022,1,2022-01-02,2022-01-08,2021,2021-22,14,FALSE
Region 2,202202,202339,2023-10-06,89,4016,145307,196,3.82476,2.7638,2022,2,2022-01-09,2022-01-15,2021,2021-22,15,FALSE
Region 2,202203,202339,2023-10-06,88,2615,138775,195,2.64497,1.88435,2022,3,2022-01-16,2022-01-22,2021,2021-22,16,FALSE
Region 2,202204,202339,2023-10-06,87,1998,131506,197,2.09145,1.51932,2022,4,2022-01-23,2022-01-29,2021,2021-22,17,FALSE
Region 2,202205,202339,2023-10-06,86,1551,129197,190,1.98058,1.20049,2022,5,2022-01-30,2022-02-05,2021,2021-22,18,FALSE
Region 2,202206,202339,2023-10-06,85,1757,142863,198,1.72644,1.22985,2022,6,2022-02-06,2022-02-12,2021,2021-22,19,FALSE
Region 2,202207,202339,2023-10-06,84,1933,144133,195,1.91404,1.34112,2022,7,2022-02-13,2022-02-19,2021,2021-22,20,FALSE
Region 2,202208,202339,2023-10-06,83,1816,128194,192,1.82172,1.4166,2022,8,2022-02-20,2022-02-26,2021,2021-22,21,FALSE
Region 2,202209,202339,2023-10-06,82,2040,149411,198,1.85387,1.36536,2022,9,2022-02-27,2022-03-05,2021,2021-22,22,FALSE
Region 2,202210,202339,2023-10-06,81,2378,153481,198,2.05406,1.54938,2022,10,2022-03-06,2022-03-12,2021,2021-22,23,FALSE
Region 2,202211,202339,2023-10-06,80,2820,157152,194,2.36938,1.79444,2022,11,2022-03-13,2022-03-19,2021,2021-22,24,FALSE
Region 2,202212,202339,2023-10-06,79,3166,158253,192,2.5684,2.00059,2022,12,2022-03-20,2022-03-26,2021,2021-22,25,FALSE
Region 2,202213,202339,2023-10-06,78,3793,157058,197,3.14128,2.41503,2022,13,2022-03-27,2022-04-02,2021,2021-22,26,FALSE
Region 2,202214,202339,2023-10-06,77,4751,161365,196,3.7553,2.94426,2022,14,2022-04-03,2022-04-09,2021,2021-22,27,FALSE
Region 2,202215,202339,2023-10-06,76,4771,160498,192,3.97267,2.97262,2022,15,2022-04-10,2022-04-16,2021,2021-22,28,FALSE
Region 2,202216,202339,2023-10-06,75,4487,155889,191,3.96728,2.87833,2022,16,2022-04-17,2022-04-23,2021,2021-22,29,FALSE
Region 2,202217,202339,2023-10-06,74,4778,165346,193,4.23055,2.8897,2022,17,2022-04-24,2022-04-30,2021,2021-22,30,FALSE
Region 2,202218,202339,2023-10-06,73,5433,169129,198,4.11694,3.21234,2022,18,2022-05-01,2022-05-07,2021,2021-22,31,FALSE
Region 2,202219,202339,2023-10-06,72,5955,177346,196,4.3233,3.35784,2022,19,2022-05-08,2022-05-14,2021,2021-22,32,FALSE
Region 2,202220,202339,2023-10-06,71,5615,177713,194,3.84459,3.15959,2022,20,2022-05-15,2022-05-21,2021,2021-22,33,FALSE
Region 2,202221,202339,2023-10-06,70,5081,167095,192,3.42578,3.04079,2022,21,2022-05-22,2022-05-28,2021,2021-22,34,FALSE
Region 2,202222,202339,2023-10-06,69,4689,166420,191,3.4632,2.81757,2022,22,2022-05-29,2022-06-04,2021,2021-22,35,FALSE
Region 2,202223,202339,2023-10-06,68,4696,172481,190,3.43241,2.72262,2022,23,2022-06-05,2022-06-11,2021,2021-22,36,FALSE
Region 2,202224,202339,2023-10-06,67,4317,162519,184,3.20182,2.6563,2022,24,2022-06-12,2022-06-18,2021,2021-22,37,FALSE
Region 2,202225,202339,2023-10-06,66,4206,165422,186,3.21178,2.54259,2022,25,2022-06-19,2022-06-25,2021,2021-22,38,FALSE
Region 2,202226,202339,2023-10-06,65,4085,163656,161,3.10859,2.49609,2022,26,2022-06-26,2022-07-02,2021,2021-22,39,FALSE
Region 2,202227,202339,2023-10-06,64,3994,170262,187,2.96284,2.3458,2022,27,2022-07-03,2022-07-09,2021,2021-22,40,FALSE
Region 2,202228,202339,2023-10-06,63,3548,170356,188,2.55307,2.0827,2022,28,2022-07-10,2022-07-16,2021,2021-22,41,FALSE
Region 2,202229,202339,2023-10-06,62,3318,167714,187,2.40705,1.97837,2022,29,2022-07-17,2022-07-23,2021,2021-22,42,FALSE
Region 2,202230,202339,2023-10-06,61,3522,163748,186,2.75861,2.15087,2022,30,2022-07-24,2022-07-30,2021,2021-22,43,FALSE
Region 2,202231,202339,2023-10-06,60,3381,168115,186,2.50482,2.01112,2022,31,2022-07-31,2022-08-06,2021,2021-22,44,FALSE
Region 2,202232,202339,2023-10-06,59,3233,163579,186,2.54798,1.97642,2022,32,2022-08-07,2022-08-13,2021,2021-22,45,FALSE
Region 2,202233,202339,2023-10-06,58,2922,160580,188,2.31095,1.81965,2022,33,2022-08-14,2022-08-20,2021,2021-22,46,FALSE
Region 2,202234,202339,2023-10-06,57,2750,148175,188,2.42007,1.85591,2022,34,2022-08-21,2022-08-27,2021,2021-22,47,FALSE
Region 2,202235,202339,2023-10-06,56,2571,156214,183,2.24052,1.64582,2022,35,2022-08-28,2022-09-03,2021,2021-22,48,FALSE
Region 2,202236,202339,2023-10-06,55,2806,160650,188,2.39951,1.74665,2022,36,2022-09-04,2022-09-10,2021,2021-22,49,FALSE
Region 2,202237,202339,2023-10-06,54,3771,170171,185,2.77535,2.21601,2022,37,2022-09-11,2022-09-17,2021,2021-22,50,FALSE
Region 2,202238,202339,2023-10-06,53,4570,173767,189,3.12694,2.62996,2022,38,2022-09-18,2022-09-24,2021,2021-22,51,FALSE
Region 2,202239,202339,2023-10-06,52,4461,185057,186,2.92512,2.41061,2022,39,2022-09-25,2022-10-01,2021,2021-22,52,FALSE
Region 2,202240,202439,2024-10-04,103,6771,187378,270,3.0473,3.61355,2022,40,2022-10-02,2022-10-08,2022,2022-23,1,TRUE
Region 2,202241,202439,2024-10-04,102,5949,147363,269,4.11477,4.03697,2022,41,2022-10-09,2022-10-15,2022,2022-23,2,TRUE
Region 2,202242,202439,2024-10-04,101,8492,191590,275,3.68759,4.43238,2022,42,2022-10-16,2022-10-22,2022,2022-23,3,TRUE
Region 2,202243,202439,2024-10-04,100,11654,231053,273,4.23085,5.04386,2022,43,2022-10-23,2022-10-29,2022,2022-23,4,TRUE
Region 2,202244,202439,2024-10-04,99,15676,234523,273,5.72059,6.68421,2022,44,2022-10-30,2022-11-05,2022,2022-23,5,TRUE
Region 2,202245,202439,2024-10-04,98,16893,235181,274,6.1602,7.18298,2022,45,2022-11-06,2022-11-12,2022,2022-23,6,TRUE
Region 2,202246,202439,2024-10-04,97,16279,221634,272,6.29227,7.34499,2022,46,2022-11-13,2022-11-19,2022,2022-23,7,TRUE
Region 2,202247,202439,2024-10-04,96,20073,210310,273,7.97504,9.54448,2022,47,2022-11-20,2022-11-26,2022,2022-23,8,TRUE
Region 2,202248,202439,2024-10-04,95,25841,241780,273,8.90578,10.6878,2022,48,2022-11-27,2022-12-03,2022,2022-23,9,TRUE
Region 2,202249,202439,2024-10-04,94,23902,222542,271,9.12152,10.7404,2022,49,2022-12-04,2022-12-10,2022,2022-23,10,TRUE
Region 2,202250,202439,2024-10-04,93,19712,207053,272,7.15871,9.52027,2022,50,2022-12-11,2022-12-17,2022,2022-23,11,TRUE
Region 2,202251,202439,2024-10-04,92,18193,201181,266,7.5671,9.0431,2022,51,2022-12-18,2022-12-24,2022,2022-23,12,TRUE
Region 2,202252,202439,2024-10-04,91,14755,196844,264,6.34321,7.49578,2022,52,2022-12-25,2022-12-31,2022,2022-23,13,TRUE
Region 2,202301,202439,2024-10-04,90,11817,210608,268,4.43429,5.6109,2023,1,2023-01-01,2023-01-07,2022,2022-23,14,TRUE
Region 2,202302,202439,2024-10-04,89,8785,196880,271,3.60832,4.46211,2023,2,2023-01-08,2023-01-14,2022,2022-23,15,TRUE
Region 2,202303,202439,2024-10-04,88,7656,185530,271,3.35476,4.12656,2023,3,2023-01-15,2023-01-21,2022,2022-23,16,TRUE
Region 2,202304,202439,2024-10-04,87,7410,190218,269,3.23074,3.89553,2023,4,2023-01-22,2023-01-28,2022,2022-23,17,TRUE
Region 2,202305,202439,2024-10-04,86,7587,192650,270,3.25756,3.93823,2023,5,2023-01-29,2023-02-04,2022,2022-23,18,TRUE
Region 2,202306,202439,2024-10-04,85,7995,199498,269,3.2001,4.00756,2023,6,2023-02-05,2023-02-11,2022,2022-23,19,TRUE
Region 2,202307,202439,2024-10-04,84,7607,198069,267,3.24027,3.84058,2023,7,2023-02-12,2023-02-18,2022,2022-23,20,TRUE
Region 2,202308,202439,2024-10-04,83,6706,187329,265,3.11205,3.5798,2023,8,2023-02-19,2023-02-25,2022,2022-23,21,TRUE
Region 2,202309,202439,2024-10-04,82,6537,187865,269,3.063,3.47963,2023,9,2023-02-26,2023-03-04,2022,2022-23,22,TRUE
Region 2,202310,202439,2024-10-04,81,6487,190158,268,2.96011,3.41137,2023,10,2023-03-05,2023-03-11,2022,2022-23,23,TRUE
Region 2,202311,202439,2024-10-04,80,6902,189762,269,3.13085,3.63719,2023,11,2023-03-12,2023-03-18,2022,2022-23,24,TRUE
Region 2,202312,202439,2024-10-04,79,7521,195514,264,3.15027,3.84678,2023,12,2023-03-19,2023-03-25,2022,2022-23,25,TRUE
Region 2,202313,202439,2024-10-04,78,7562,196805,266,3.11878,3.84238,2023,13,2023-03-26,2023-04-01,2022,2022-23,26,TRUE
Region 2,202314,202439,2024-10-04,77,6567,186290,268,2.89136,3.52515,2023,14,2023-04-02,2023-04-08,2022,2022-23,27,TRUE
Region 2,202315,202439,2024-10-04,76,5654,183952,266,2.54052,3.07363,2023,15,2023-04-09,2023-04-15,2022,2022-23,28,TRUE
Region 2,202316,202439,2024-10-04,75,5475,200781,267,2.3378,2.72685,2023,16,2023-04-16,2023-04-22,2022,2022-23,29,TRUE
Region 2,202317,202439,2024-10-04,74,5867,203129,270,2.43145,2.88831,2023,17,2023-04-23,2023-04-29,2022,2022-23,30,TRUE
Region 2,202318,202439,2024-10-04,73,5729,193461,245,2.1921,2.96132,2023,18,2023-04-30,2023-05-06,2022,2022-23,31,TRUE
Region 2,202319,202439,2024-10-04,72,6518,212389,267,2.45333,3.0689,2023,19,2023-05-07,2023-05-13,2022,2022-23,32,TRUE
Region 2,202320,202439,2024-10-04,71,6520,200548,263,2.68434,3.25109,2023,20,2023-05-14,2023-05-20,2022,2022-23,33,TRUE
Region 2,202321,202439,2024-10-04,70,6202,198265,262,2.5041,3.12814,2023,21,2023-05-21,2023-05-27,2022,2022-23,34,TRUE
Region 2,202322,202439,2024-10-04,69,6023,195660,260,2.49078,3.0783,2023,22,2023-05-28,2023-06-03,2022,2022-23,35,TRUE
Region 2,202323,202439,2024-10-04,68,5245,194293,262,2.27728,2.69953,2023,23,2023-06-04,2023-06-10,2022,2022-23,36,TRUE
Region 2,202324,202439,2024-10-04,67,5132,196874,258,2.21736,2.60674,2023,24,2023-06-11,2023-06-17,2022,2022-23,37,TRUE
Region 2,202325,202439,2024-10-04,66,4546,192658,259,2.07656,2.35962,2023,25,2023-06-18,2023-06-24,2022,2022-23,38,TRUE
Region 2,202326,202439,2024-10-04,65,4236,190234,261,1.91741,2.22673,2023,26,2023-06-25,2023-07-01,2022,2022-23,39,TRUE
Region 2,202327,202439,2024-10-04,64,3907,186208,255,1.70709,2.0981900000000002,2023,27,2023-07-02,2023-07-08,2022,2022-23,40,TRUE
Region 2,202328,202439,2024-10-04,63,3744,195057,259,1.74278,1.91944,2023,28,2023-07-09,2023-07-15,2022,2022-23,41,TRUE
Region 2,202329,202439,2024-10-04,62,3870,194614,259,1.72298,1.98855,2023,29,2023-07-16,2023-07-22,2022,2022-23,42,TRUE
Region 2,202330,202439,2024-10-04,61,3894,189768,253,1.76568,2.05198,2023,30,2023-07-23,2023-07-29,2022,2022-23,43,TRUE
Region 2,202331,202439,2024-10-04,60,4030,192237,259,1.69531,2.09637,2023,31,2023-07-30,2023-08-05,2022,2022-23,44,TRUE
Region 2,202332,202439,2024-10-04,59,4182,197003,259,1.65499,2.12281,2023,32,2023-08-06,2023-08-12,2022,2022-23,45,TRUE
Region 2,202333,202439,2024-10-04,58,4334,197513,259,1.75347,2.19429,2023,33,2023-08-13,2023-08-19,2022,2022-23,46,TRUE
Region 2,202334,202439,2024-10-04,57,4296,193510,253,1.86102,2.22004,2023,34,2023-08-20,2023-08-26,2022,2022-23,47,TRUE
Region 2,202335,202439,2024-10-04,56,4461,194763,255,1.9221,2.29048,2023,35,2023-08-27,2023-09-02,2022,2022-23,48,TRUE
Region 2,202336,202439,2024-10-04,55,4616,194317,260,1.97216,2.3755,2023,36,2023-09-03,2023-09-09,2022,2022-23,49,TRUE
Region 2,202337,202439,2024-10-04,54,5315,199001,260,2.23647,2.67084,2023,37,2023-09-10,2023-09-16,2022,2022-23,50,TRUE
Region 2,202338,202439,2024-10-04,53,6997,200899,259,2.9275,3.48284,2023,38,2023-09-17,2023-09-23,2022,2022-23,51,TRUE
Region 2,202339,202439,2024-10-04,52,7222,197414,261,3.03548,3.6583,2023,39,2023-09-24,2023-09-30,2022,2022-23,52,TRUE
Region 2,202340,202538,2025-09-26,102,7633,216353,267,3.01364,3.5280300000000002,2023,40,2023-10-01,2023-10-07,2023,2023-24,1,TRUE
Region 2,202341,202538,2025-09-26,101,7311,206403,270,3.09181,3.5421,2023,41,2023-10-08,2023-10-14,2023,2023-24,2,TRUE
Region 2,202342,202538,2025-09-26,100,7745,207291,269,3.06741,3.73629,2023,42,2023-10-15,2023-10-21,2023,2023-24,3,TRUE
Region 2,202343,202538,2025-09-26,99,8002,208401,269,3.38388,3.83971,2023,43,2023-10-22,2023-10-28,2023,2023-24,4,TRUE
Region 2,202344,202538,2025-09-26,98,7877,200499,267,3.39203,3.9287,2023,44,2023-10-29,2023-11-04,2023,2023-24,5,TRUE
Region 2,202345,202538,2025-09-26,97,9051,209117,269,3.85181,4.3282,2023,45,2023-11-05,2023-11-11,2023,2023-24,6,TRUE
Region 2,202346,202538,2025-09-26,96,9878,211047,268,3.97714,4.68047,2023,46,2023-11-12,2023-11-18,2023,2023-24,7,TRUE
Region 2,202347,202538,2025-09-26,95,9313,194464,271,4.05603,4.78906,2023,47,2023-11-19,2023-11-25,2023,2023-24,8,TRUE
Region 2,202348,202538,2025-09-26,94,11568,212099,271,4.21804,5.45406,2023,48,2023-11-26,2023-12-02,2023,2023-24,9,TRUE
Region 2,202349,202538,2025-09-26,93,12889,214132,245,4.49562,6.01918,2023,49,2023-12-03,2023-12-09,2023,2023-24,10,TRUE
Region 2,202350,202538,2025-09-26,92,14970,209578,243,5.20244,7.14293,2023,50,2023-12-10,2023-12-16,2023,2023-24,11,TRUE
Region 2,202351,202538,2025-09-26,91,17393,211257,245,6.01634,8.2331,2023,51,2023-12-17,2023-12-23,2023,2023-24,12,TRUE
Region 2,202352,202538,2025-09-26,90,18744,207461,240,6.77258,9.03495,2023,52,2023-12-24,2023-12-30,2023,2023-24,13,TRUE
Region 2,202401,202538,2025-09-26,89,16149,211353,243,5.74499,7.64077,2024,1,2023-12-31,2024-01-06,2023,2023-24,14,TRUE
Region 2,202402,202538,2025-09-26,88,15014,209419,246,5.06414,7.16936,2024,2,2024-01-07,2024-01-13,2023,2023-24,15,TRUE
Region 2,202403,202538,2025-09-26,87,12554,190453,244,4.57133,6.59165,2024,3,2024-01-14,2024-01-20,2023,2023-24,16,TRUE
Region 2,202404,202538,2025-09-26,86,13044,217731,247,4.07261,5.99088,2024,4,2024-01-21,2024-01-27,2023,2023-24,17,TRUE
Region 2,202405,202538,2025-09-26,85,12486,191720,244,4.50269,6.51262,2024,5,2024-01-28,2024-02-03,2023,2023-24,18,TRUE
Region 2,202406,202538,2025-09-26,84,12895,205957,247,4.37111,6.26102,2024,6,2024-02-04,2024-02-10,2023,2023-24,19,TRUE
Region 2,202407,202538,2025-09-26,83,11591,192240,244,4.32209,6.02944,2024,7,2024-02-11,2024-02-17,2023,2023-24,20,TRUE
Region 2,202408,202538,2025-09-26,82,11037,195553,242,4.24621,5.64399,2024,8,2024-02-18,2024-02-24,2023,2023-24,21,TRUE
Region 2,202409,202538,2025-09-26,81,10736,200188,247,4.13937,5.36296,2024,9,2024-02-25,2024-03-02,2023,2023-24,22,TRUE
Region 2,202410,202538,2025-09-26,80,9697,197484,245,3.86843,4.91027,2024,10,2024-03-03,2024-03-09,2023,2023-24,23,TRUE
Region 2,202411,202538,2025-09-26,79,9207,199964,246,3.5735,4.60433,2024,11,2024-03-10,2024-03-16,2023,2023-24,24,TRUE
Region 2,202412,202538,2025-09-26,78,9168,196084,241,3.62651,4.67555,2024,12,2024-03-17,2024-03-23,2023,2023-24,25,TRUE
Region 2,202413,202538,2025-09-26,77,9079,196943,245,3.51076,4.60996,2024,13,2024-03-24,2024-03-30,2023,2023-24,26,TRUE
Region 2,202414,202538,2025-09-26,76,8352,190226,241,3.3436,4.39057,2024,14,2024-03-31,2024-04-06,2023,2023-24,27,TRUE
Region 2,202415,202538,2025-09-26,75,7569,198994,246,2.87432,3.80363,2024,15,2024-04-07,2024-04-13,2023,2023-24,28,TRUE
Region 2,202416,202538,2025-09-26,74,7093,200179,239,2.63219,3.54333,2024,16,2024-04-14,2024-04-20,2023,2023-24,29,TRUE
Region 2,202417,202538,2025-09-26,73,6135,194167,235,2.40498,3.15965,2024,17,2024-04-21,2024-04-27,2023,2023-24,30,TRUE
Region 2,202418,202538,2025-09-26,72,5805,199145,235,2.2831,2.91496,2024,18,2024-04-28,2024-05-04,2023,2023-24,31,TRUE
Region 2,202419,202538,2025-09-26,71,5489,198619,241,2.16959,2.76358,2024,19,2024-05-05,2024-05-11,2023,2023-24,32,TRUE
Region 2,202420,202538,2025-09-26,70,5736,198936,235,2.22307,2.88334,2024,20,2024-05-12,2024-05-18,2023,2023-24,33,TRUE
Region 2,202421,202538,2025-09-26,69,5768,201883,238,2.15626,2.8571,2024,21,2024-05-19,2024-05-25,2023,2023-24,34,TRUE
Region 2,202422,202538,2025-09-26,68,5214,196479,236,2.05561,2.65372,2024,22,2024-05-26,2024-06-01,2023,2023-24,35,TRUE
Region 2,202423,202538,2025-09-26,67,4962,197402,235,1.88963,2.51365,2024,23,2024-06-02,2024-06-08,2023,2023-24,36,TRUE
Region 2,202424,202538,2025-09-26,66,4769,194948,237,1.96256,2.44629,2024,24,2024-06-09,2024-06-15,2023,2023-24,37,TRUE
Region 2,202425,202538,2025-09-26,65,4459,192304,236,1.88339,2.31872,2024,25,2024-06-16,2024-06-22,2023,2023-24,38,TRUE
Region 2,202426,202538,2025-09-26,64,4478,191412,236,1.91224,2.33946,2024,26,2024-06-23,2024-06-29,2023,2023-24,39,TRUE
Region 2,202427,202538,2025-09-26,63,3928,181885,230,1.72328,2.15961,2024,27,2024-06-30,2024-07-06,2023,2023-24,40,TRUE
Region 2,202428,202538,2025-09-26,62,4632,197273,256,2.11074,2.34802,2024,28,2024-07-07,2024-07-13,2023,2023-24,41,TRUE
Region 2,202429,202538,2025-09-26,61,3869,179301,258,1.92705,2.15782,2024,29,2024-07-14,2024-07-20,2023,2023-24,42,TRUE
Region 2,202430,202538,2025-09-26,60,4946,200989,260,2.11732,2.46083,2024,30,2024-07-21,2024-07-27,2023,2023-24,43,TRUE
Region 2,202431,202538,2025-09-26,59,4651,197118,259,2.11793,2.3595,2024,31,2024-07-28,2024-08-03,2023,2023-24,44,TRUE
Region 2,202432,202538,2025-09-26,58,4383,194177,258,2.00675,2.25722,2024,32,2024-08-04,2024-08-10,2023,2023-24,45,TRUE
Region 2,202433,202538,2025-09-26,57,4701,198008,258,2.02375,2.37415,2024,33,2024-08-11,2024-08-17,2023,2023-24,46,TRUE
Region 2,202434,202538,2025-09-26,56,4542,192093,258,1.94543,2.36448,2024,34,2024-08-18,2024-08-24,2023,2023-24,47,TRUE
Region 2,202435,202538,2025-09-26,55,4660,195874,256,1.97168,2.37908,2024,35,2024-08-25,2024-08-31,2023,2023-24,48,TRUE
Region 2,202436,202538,2025-09-26,54,4614,190262,255,2.10215,2.42508,2024,36,2024-09-01,2024-09-07,2023,2023-24,49,TRUE
Region 2,202437,202538,2025-09-26,53,6105,200026,259,2.62029,3.0521,2024,37,2024-09-08,2024-09-14,2023,2023-24,50,TRUE
Region 2,202438,202538,2025-09-26,52,7592,211558,255,2.95883,3.58861,2024,38,2024-09-15,2024-09-21,2023,2023-24,51,TRUE
Region 2,202439,202538,2025-09-26,51,7197,200149,256,2.955,3.59582,2024,39,2024-09-22,2024-09-28,2023,2023-24,52,TRUE
Region 2,202440,202638,2026-10-02,103,7384,239791,300,2.99024,3.07935,2024,40,2024-09-29,2024-10-05,2024,2024-25,1,TRUE
Region 2,202441,202638,2026-10-02,102,8028,241095,306,3.23171,3.32981,2024,41,2024-10-06,2024-10-12,2024,2024-25,2,TRUE
Region 2,202442,202638,2026-10-02,101,7943,235062,302,3.33242,3.37911,2024,42,2024-10-13,2024-10-19,2024,2024-25,3,TRUE
Region 2,202443,202638,2026-10-02,100,8723,249448,299,3.35053,3.49692,2024,43,2024-10-20,2024-10-26,2024,2024-25,4,TRUE
Region 2,202444,202638,2026-10-02,99,7973,237683,302,3.30222,3.35447,2024,44,2024-10-27,2024-11-02,2024,2024-25,5,TRUE
Region 2,202445,202638,2026-10-02,98,8268,239306,304,3.4735,3.45499,2024,45,2024-11-03,2024-11-09,2024,2024-25,6,TRUE
Region 2,202446,202638,2026-10-02,97,8344,234607,304,3.58197,3.55659,2024,46,2024-11-10,2024-11-16,2024,2024-25,7,TRUE
Region 2,202447,202638,2026-10-02,96,9235,238820,302,3.72241,3.86693,2024,47,2024-11-17,2024-11-23,2024,2024-25,8,TRUE
Region 2,202448,202638,2026-10-02,95,9010,220464,301,3.95467,4.08684,2024,48,2024-11-24,2024-11-30,2024,2024-25,9,TRUE
Region 2,202449,202638,2026-10-02,94,10892,241261,301,4.31292,4.51461,2024,49,2024-12-01,2024-12-07,2024,2024-25,10,TRUE
Region 2,202450,202638,2026-10-02,93,12961,251682,302,4.86965,5.14975,2024,50,2024-12-08,2024-12-14,2024,2024-25,11,TRUE
Region 2,202451,202638,2026-10-02,92,15635,251080,294,5.95724,6.2271,2024,51,2024-12-15,2024-12-21,2024,2024-25,12,TRUE
Region 2,202452,202638,2026-10-02,91,17637,236763,292,7.32373,7.44922,2024,52,2024-12-22,2024-12-28,2024,2024-25,13,TRUE
Region 2,202501,202638,2026-10-02,90,19196,255588,296,7.17031,7.51052,2025,1,2024-12-29,2025-01-04,2024,2024-25,14,TRUE
Region 2,202502,202638,2026-10-02,89,19681,252076,301,7.27073,7.80757,2025,2,2025-01-05,2025-01-11,2024,2024-25,15,TRUE
Region 2,202503,202638,2026-10-02,88,24658,257360,300,8.94542,9.58113,2025,3,2025-01-12,2025-01-18,2024,2024-25,16,TRUE
Region 2,202504,202638,2026-10-02,87,25227,249952,301,9.21998,10.0927,2025,4,2025-01-19,2025-01-25,2024,2024-25,17,TRUE
Region 2,202505,202638,2026-10-02,86,25502,256350,302,9.17432,9.94812,2025,5,2025-01-26,2025-02-01,2024,2024-25,18,TRUE
Region 2,202506,202638,2026-10-02,85,23806,252904,300,8.82094,9.41306,2025,6,2025-02-02,2025-02-08,2024,2024-25,19,TRUE
Region 2,202507,202638,2026-10-02,84,24589,245679,302,9.21972,10.0086,2025,7,2025-02-09,2025-02-15,2024,2024-25,20,TRUE
Region 2,202508,202638,2026-10-02,83,18899,231940,300,7.63012,8.14823,2025,8,2025-02-16,2025-02-22,2024,2024-25,21,TRUE
Region 2,202509,202638,2026-10-02,82,16133,244172,298,6.46513,6.60723,2025,9,2025-02-23,2025-03-01,2024,2024-25,22,TRUE
Region 2,202510,202638,2026-10-02,81,14341,237861,300,5.88281,6.02915,2025,10,2025-03-02,2025-03-08,2024,2024-25,23,TRUE
Region 2,202511,202638,2026-10-02,80,14295,241721,297,5.66668,5.91384,2025,11,2025-03-09,2025-03-15,2024,2024-25,24,TRUE
Region 2,202512,202638,2026-10-02,79,13245,242417,298,5.12234,5.46373,2025,12,2025-03-16,2025-03-22,2024,2024-25,25,TRUE
Region 2,202513,202638,2026-10-02,78,11620,237135,295,4.56149,4.90016,2025,13,2025-03-23,2025-03-29,2024,2024-25,26,TRUE
Region 2,202514,202638,2026-10-02,77,10652,237339,298,4.18004,4.4881,2025,14,2025-03-30,2025-04-05,2024,2024-25,27,TRUE
Region 2,202515,202638,2026-10-02,76,9881,229926,297,4.12959,4.29747,2025,15,2025-04-06,2025-04-12,2024,2024-25,28,TRUE
Region 2,202516,202638,2026-10-02,75,8175,228429,290,3.5611,3.57879,2025,16,2025-04-13,2025-04-19,2024,2024-25,29,TRUE
Region 2,202517,202638,2026-10-02,74,7593,241479,295,3.27421,3.14437,2025,17,2025-04-20,2025-04-26,2024,2024-25,30,TRUE
Region 2,202518,202638,2026-10-02,73,6536,243398,296,2.78942,2.68531,2025,18,2025-04-27,2025-05-03,2024,2024-25,31,TRUE
Region 2,202519,202638,2026-10-02,72,5322,232905,295,2.3972,2.28505,2025,19,2025-05-04,2025-05-10,2024,2024-25,32,TRUE
Region 2,202520,202638,2026-10-02,71,5964,238068,294,2.59852,2.50517,2025,20,2025-05-11,2025-05-17,2024,2024-25,33,TRUE
Region 2,202521,202638,2026-10-02,70,5977,231904,292,2.73615,2.57736,2025,21,2025-05-18,2025-05-24,2024,2024-25,34,TRUE
Region 2,202522,202638,2026-10-02,69,5762,231404,289,2.72469,2.49002,2025,22,2025-05-25,2025-05-31,2024,2024-25,35,TRUE
Region 2,202523,202638,2026-10-02,68,5457,234018,287,2.44547,2.33187,2025,23,2025-06-01,2025-06-07,2024,2024-25,36,TRUE
Region 2,202524,202638,2026-10-02,67,5164,236390,290,2.28244,2.18453,2025,24,2025-06-08,2025-06-14,2024,2024-25,37,TRUE
Region 2,202525,202638,2026-10-02,66,4735,228707,289,2.19154,2.07033,2025,25,2025-06-15,2025-06-21,2024,2024-25,38,TRUE
Region 2,202526,202638,2026-10-02,65,4415,235914,289,2.03526,1.87144,2025,26,2025-06-22,2025-06-28,2024,2024-25,39,TRUE
Region 2,202527,202638,2026-10-02,64,4056,229030,287,1.91126,1.77095,2025,27,2025-06-29,2025-07-05,2024,2024-25,40,TRUE
Region 2,202528,202638,2026-10-02,63,4062,238811,288,2.01273,1.70093,2025,28,2025-07-06,2025-07-12,2024,2024-25,41,TRUE
Region 2,202529,202638,2026-10-02,62,3733,235157,289,1.73424,1.58745,2025,29,2025-07-13,2025-07-19,2024,2024-25,42,TRUE
Region 2,202530,202638,2026-10-02,61,3822,233903,289,1.79068,1.63401,2025,30,2025-07-20,2025-07-26,2024,2024-25,43,TRUE
Region 2,202531,202638,2026-10-02,60,3544,231258,290,1.69038,1.53249,2025,31,2025-07-27,2025-08-02,2024,2024-25,44,TRUE
Region 2,202532,202638,2026-10-02,59,3952,232259,288,1.83801,1.70155,2025,32,2025-08-03,2025-08-09,2024,2024-25,45,TRUE
Region 2,202533,202638,2026-10-02,58,3735,233419,288,1.75134,1.60013,2025,33,2025-08-10,2025-08-16,2024,2024-25,46,TRUE
Region 2,202534,202638,2026-10-02,57,3808,228729,286,1.83655,1.66485,2025,34,2025-08-17,2025-08-23,2024,2024-25,47,TRUE
Region 2,202535,202638,2026-10-02,56,3660,230074,286,1.85819,1.59079,2025,35,2025-08-24,2025-08-30,2024,2024-25,48,TRUE
Region 2,202536,202638,2026-10-02,55,3635,222242,290,1.89157,1.6356,2025,36,2025-08-31,2025-09-06,2024,2024-25,49,TRUE
Region 2,202537,202638,2026-10-02,54,4818,236433,290,2.1645,2.03779,2025,37,2025-09-07,2025-09-13,2024,2024-25,50,TRUE
Region 2,202538,202638,2026-10-02,53,6011,245062,290,2.60161,2.45285,2025,38,2025-09-14,2025-09-20,2024,2024-25,51,TRUE
Region 2,202539,202638,2026-10-02,52,6081,244867,291,2.57682,2.48339,2025,39,2025-09-21,2025-09-27,2024,2024-25,52,TRUE
Region 2,202540,202638,2026-10-02,51,6566,283310,400,2.38832,2.3176,2025,40,2025-09-28,2025-10-04,2025,2025-26,1,TRUE
Region 2,202541,202638,2026-10-02,50,6129,278487,395,2.31118,2.20082,2025,41,2025-10-05,2025-10-11,2025,2025-26,2,TRUE
Region 2,202542,202638,2026-10-02,49,6300,267545,403,2.55048,2.35474,2025,42,2025-10-12,2025-10-18,2025,2025-26,3,TRUE
Region 2,202543,202638,2026-10-02,48,6721,277041,404,2.596,2.42599,2025,43,2025-10-19,2025-10-25,2025,2025-26,4,TRUE
Region 2,202544,202638,2026-10-02,47,6973,259001,402,2.7559,2.69227,2025,44,2025-10-26,2025-11-01,2025,2025-26,5,TRUE
Region 2,202545,202638,2026-10-02,46,8616,269205,403,3.28521,3.20053,2025,45,2025-11-02,2025-11-08,2025,2025-26,6,TRUE
Region 2,202546,202638,2026-10-02,45,8919,270336,405,3.30422,3.29923,2025,46,2025-11-09,2025-11-15,2025,2025-26,7,TRUE
Region 2,202547,202638,2026-10-02,44,11899,275346,405,4.09916,4.32147,2025,47,2025-11-16,2025-11-22,2025,2025-26,8,TRUE
Region 2,202548,202638,2026-10-02,43,16441,259561,393,5.79803,6.33416,2025,48,2025-11-23,2025-11-29,2025,2025-26,9,TRUE
Region 2,202549,202638,2026-10-02,42,20534,282667,395,6.63607,7.26438,2025,49,2025-11-30,2025-12-06,2025,2025-26,10,TRUE
Region 2,202550,202638,2026-10-02,41,32202,297814,390,9.65648,10.8128,2025,50,2025-12-07,2025-12-13,2025,2025-26,11,TRUE
Region 2,202551,202638,2026-10-02,40,45336,317659,391,12.8717,14.2719,2025,51,2025-12-14,2025-12-20,2025,2025-26,12,TRUE
Region 2,202552,202638,2026-10-02,39,38281,271754,392,13.5865,14.0866,2025,52,2025-12-21,2025-12-27,2025,2025-26,13,TRUE
Region 2,202553,202638,2026-10-02,38,28631,272386,392,10.5459,10.5112,2025,53,2025-12-28,2026-01-03,2025,2025-26,14,TRUE
Region 2,202601,202638,2026-10-02,37,20253,286730,390,7.26264,7.06344,2026,1,2026-01-04,2026-01-10,2025,2025-26,15,TRUE
Region 2,202602,202638,2026-10-02,36,13728,269576,388,5.17938,5.09244,2026,2,2026-01-11,2026-01-17,2025,2025-26,16,TRUE
Region 2,202603,202638,2026-10-02,35,10987,254290,392,4.49132,4.32066,2026,3,2026-01-18,2026-01-24,2025,2025-26,17,TRUE
Region 2,202604,202638,2026-10-02,34,8790,230823,393,4.02215,3.80811,2026,4,2026-01-25,2026-01-31,2025,2025-26,18,TRUE
Region 2,202605,202638,2026-10-02,33,9780,261588,393,3.85457,3.7387,2026,5,2026-02-01,2026-02-07,2025,2025-26,19,TRUE
Region 2,202606,202638,2026-10-02,32,10523,264620,390,4.19325,3.97665,2026,6,2026-02-08,2026-02-14,2025,2025-26,20,TRUE
Region 2,202607,202638,2026-10-02,31,10558,261847,390,4.17675,4.03213,2026,7,2026-02-15,2026-02-21,2025,2025-26,21,TRUE
Region 2,202608,202638,2026-10-02,30,8777,250308,390,3.66812,3.50648,2026,8,2026-02-22,2026-02-28,2025,2025-26,22,TRUE
Region 2,202609,202638,2026-10-02,29,9302,265037,391,3.61002,3.5097,2026,9,2026-03-01,2026-03-07,2025,2025-26,23,TRUE
Region 2,202610,202638,2026-10-02,28,10603,273937,388,3.85417,3.8706,2026,10,2026-03-08,2026-03-14,2025,2025-26,24,TRUE
Region 2,202611,202638,2026-10-02,27,9182,251742,389,3.81593,3.64739,2026,11,2026-03-15,2026-03-21,2025,2025-26,25,TRUE
Region 2,202612,202638,2026-10-02,26,9187,252402,389,3.79664,3.63983,2026,12,2026-03-22,2026-03-28,2025,2025-26,26,TRUE
Region 2,202613,202638,2026-10-02,25,7494,234536,297,3.36575,3.19525,2026,13,2026-03-29,2026-04-04,2025,2025-26,27,TRUE
Region 2,202614,202638,2026-10-02,24,5796,230832,297,2.73187,2.51092,2026,14,2026-04-05,2026-04-11,2025,2025-26,28,TRUE
Region 2,202615,202638,2026-10-02,23,6602,272635,389,2.48218,2.42155,2026,15,2026-04-12,2026-04-18,2025,2025-26,29,TRUE
Region 2,202616,202638,2026-10-02,22,6551,273070,389,2.47434,2.39902,2026,16,2026-04-19,2026-04-25,2025,2025-26,30,TRUE
Region 2,202617,202638,2026-10-02,21,6409,263549,351,2.48741,2.43181,2026,17,2026-04-26,2026-05-02,2025,2025-26,31,TRUE
Region 2,202618,202638,2026-10-02,20,5697,253679,389,2.51578,2.24575,2026,18,2026-05-03,2026-05-09,2025,2025-26,32,TRUE
Region 2,202619,202638,2026-10-02,19,5912,262567,384,2.45232,2.25162,2026,19,2026-05-10,2026-05-16,2025,2025-26,33,TRUE
Region 2,202620,202638,2026-10-02,18,5903,274178,386,2.22096,2.15298,2026,20,2026-05-17,2026-05-23,2025,2025-26,34,TRUE
Region 2,202621,202638,2026-10-02,17,5494,267784,385,2.16325,2.05165,2026,21,2026-05-24,2026-05-30,2025,2025-26,35,TRUE
Region 2,202622,202638,2026-10-02,16,5150,260576,358,2.02274,1.97639,2026,22,2026-05-31,2026-06-06,2025,2025-26,36,TRUE
Region 2,202623,202638,2026-10-02,15,4801,264787,351,1.85152,1.81316,2026,23,2026-06-07,2026-06-13,2025,2025-26,37,TRUE
Region 2,202624,202638,2026-10-02,14,4703,267727,352,1.80676,1.75664,2026,24,2026-06-14,2026-06-20,2025,2025-26,38,TRUE
Region 2,202625,202638,2026-10-02,13,4331,259881,350,1.71913,1.66653,2026,25,2026-06-21,2026-06-27,2025,2025-26,39,TRUE
Region 2,202626,202638,2026-10-02,12,3923,256066,354,1.59421,1.53203,2026,26,2026-06-28,2026-07-04,2025,2025-26,40,TRUE
Region 2,202627,202638,2026-10-02,11,3868,269962,344,1.46781,1.43279,2026,27,2026-07-05,2026-07-11,2025,2025-26,41,TRUE
Region 2,202628,202638,2026-10-02,10,3682,261464,350,1.472,1.40822,2026,28,2026-07-12,2026-07-18,2025,2025-26,42,TRUE
Region 2,202629,202638,2026-10-02,9,2538,230432,262,1.30203,1.10141,2026,29,2026-07-19,2026-07-25,2025,2025-26,43,TRUE
Region 2,202630,202638,2026-10-02,8,2436,229890,260,1.23362,1.05964,2026,30,2026-07-26,2026-08-01,2025,2025-26,44,TRUE
Region 2,202631,202638,2026-10-02,7,2364,233421,262,1.20584,1.01276,2026,31,2026-08-02,2026-08-08,2025,2025-26,45,TRUE
Region 2,202632,202638,2026-10-02,6,2453,230577,261,1.27328,1.06385,2026,32,2026-08-09,2026-08-15,2025,2025-26,46,TRUE
Region 2,202633,202638,2026-10-02,5,2566,233030,257,1.32874,1.10115,2026,33,2026-08-16,2026-08-22,2025,2025-26,47,TRUE
Region 2,202634,202638,2026-10-02,4,2748,230455,258,1.40458,1.19242,2026,34,2026-08-23,2026-08-29,2025,2025-26,48,TRUE
Region 2,202635,202638,2026-10-02,3,2940,230919,263,1.51827,1.27317,2026,35,2026-08-30,2026-09-05,2025,2025-26,49,TRUE
Region 2,202636,202638,2026-10-02,2,3232,227750,262,1.70334,1.4191,2026,36,2026-09-06,2026-09-12,2025,2025-26,50,TRUE
Region 2,202637,202638,2026-10-02,1,4015,240805,261,1.92925,1.66732,2026,37,2026-09-13,2026-09-19,2025,2025-26,51,TRUE
Region 2,202638,202638,2026-10-02,0,4579,227659,262,2.34376,2.01134,2026,38,2026-09-20,2026-09-26,2025,2025-26,52,TRUE
Region 3,201940,202139,2021-10-08,104,3055,234770,416,1.16365,1.30127,2019,40,2019-09-29,2019-10-05,2019,2019-20,1,FALSE
Region 3,201941,202139,2021-10-08,103,3436,237191,423,1.28536,1.44862,2019,41,2019-10-06,2019-10-12,2019,2019-20,2,FALSE
Region 3,201942,202139,2021-10-08,102,3554,227164,418,1.40386,1.56451,2019,42,2019-10-13,2019-10-19,2019,2019-20,3,FALSE
Region 3,201943,202139,2021-10-08,101,4083,239162,431,1.5576,1.70721,2019,43,2019-10-20,2019-10-26,2019,2019-20,4,FALSE
Region 3,201944,202139,2021-10-08,100,4001,234242,421,1.5272,1.70806,2019,44,2019-10-27,2019-11-02,2019,2019-20,5,FALSE
Region 3,201945,202139,2021-10-08,99,4379,234584,429,1.69368,1.86671,2019,45,2019-11-03,2019-11-09,2019,2019-20,6,FALSE
Region 3,201946,202139,2021-10-08,98,4833,230308,420,1.86702,2.09849,2019,46,2019-11-10,2019-11-16,2019,2019-20,7,FALSE
Region 3,201947,202139,2021-10-08,97,5563,241623,423,2.05799,2.30235,2019,47,2019-11-17,2019-11-23,2019,2019-20,8,FALSE
Region 3,201948,202139,2021-10-08,96,5916,212108,421,2.39073,2.78915,2019,48,2019-11-24,2019-11-30,2019,2019-20,9,FALSE
Region 3,201949,202139,2021-10-08,95,6462,235580,414,2.4231,2.74302,2019,49,2019-12-01,2019-12-07,2019,2019-20,10,FALSE
Region 3,201950,202139,2021-10-08,94,8352,238415,421,2.98098,3.50314,2019,50,2019-12-08,2019-12-14,2019,2019-20,11,FALSE
Region 3,201951,202139,2021-10-08,93,11147,241177,421,3.91613,4.62192,2019,51,2019-12-15,2019-12-21,2019,2019-20,12,FALSE
Region 3,201952,202139,2021-10-08,92,15280,230061,423,5.64113,6.64172,2019,52,2019-12-22,2019-12-28,2019,2019-20,13,FALSE
Region 3,202001,202139,2021-10-08,91,15286,247495,421,5.48181,6.17629,2020,1,2019-12-29,2020-01-04,2019,2019-20,14,FALSE
Region 3,202002,202139,2021-10-08,90,12087,247105,424,4.40187,4.89144,2020,2,2020-01-05,2020-01-11,2019,2019-20,15,FALSE
Region 3,202003,202139,2021-10-08,89,12297,245508,426,4.61257,5.0088,2020,3,2020-01-12,2020-01-18,2019,2019-20,16,FALSE
Region 3,202004,202139,2021-10-08,88,13917,239344,420,5.28306,5.81464,2020,4,2020-01-19,2020-01-25,2019,2019-20,17,FALSE
Region 3,202005,202139,2021-10-08,87,17670,256167,425,6.30302,6.89784,2020,5,2020-01-26,2020-02-01,2019,2019-20,18,FALSE
Region 3,202006,202139,2021-10-08,86,18694,257695,424,6.49099,7.25431,2020,6,2020-02-02,2020-02-08,2019,2019-20,19,FALSE
Region 3,202007,202139,2021-10-08,85,17353,272338,423,5.78865,6.37186,2020,7,2020-02-09,2020-02-15,2019,2019-20,20,FALSE
Region 3,202008,202139,2021-10-08,84,14538,246032,426,5.27725,5.90899,2020,8,2020-02-16,2020-02-22,2019,2019-20,21,FALSE
Region 3,202009,202139,2021-10-08,83,14126,248312,420,5.16024,5.68881,2020,9,2020-02-23,2020-02-29,2019,2019-20,22,FALSE
Region 3,202010,202139,2021-10-08,82,14727,262206,417,5.13153,5.61658,2020,10,2020-03-01,2020-03-07,2019,2019-20,23,FALSE
Region 3,202011,202139,2021-10-08,81,16959,256511,417,6.09776,6.61141,2020,11,2020-03-08,2020-03-14,2019,2019-20,24,FALSE
Region 3,202012,202139,2021-10-08,80,13249,189623,418,6.81039,6.98702,2020,12,2020-03-15,2020-03-21,2019,2019-20,25,FALSE
Region 3,202013,202139,2021-10-08,79,7528,148860,414,4.91256,5.0571,2020,13,2020-03-22,2020-03-28,2019,2019-20,26,FALSE
Region 3,202014,202139,2021-10-08,78,5011,129805,394,3.75135,3.86041,2020,14,2020-03-29,2020-04-04,2019,2019-20,27,FALSE
Region 3,202015,202139,2021-10-08,77,3913,125142,387,2.96253,3.12685,2020,15,2020-04-05,2020-04-11,2019,2019-20,28,FALSE
Region 3,202016,202139,2021-10-08,76,3178,121437,376,2.40233,2.61699,2020,16,2020-04-12,2020-04-18,2019,2019-20,29,FALSE
Region 3,202017,202139,2021-10-08,75,2990,135603,405,2.03126,2.20497,2020,17,2020-04-19,2020-04-25,2019,2019-20,30,FALSE
Region 3,202018,202139,2021-10-08,74,2843,142665,396,1.80028,1.99278,2020,18,2020-04-26,2020-05-02,2019,2019-20,31,FALSE
Region 3,202019,202139,2021-10-08,73,2416,147074,392,1.44721,1.64271,2020,19,2020-05-03,2020-05-09,2019,2019-20,32,FALSE
Region 3,202020,202139,2021-10-08,72,2140,152868,388,1.29184,1.3999,2020,20,2020-05-10,2020-05-16,2019,2019-20,33,FALSE
Region 3,202021,202139,2021-10-08,71,1963,159362,379,1.12455,1.23179,2020,21,2020-05-17,2020-05-23,2019,2019-20,34,FALSE
Region 3,202022,202139,2021-10-08,70,1394,162145,377,0.831455,0.859724,2020,22,2020-05-24,2020-05-30,2019,2019-20,35,FALSE
Region 3,202023,202139,2021-10-08,69,1309,171766,373,0.700111,0.762083,2020,23,2020-05-31,2020-06-06,2019,2019-20,36,FALSE
Region 3,202024,202139,2021-10-08,68,1165,180604,367,0.599171,0.645058,2020,24,2020-06-07,2020-06-13,2019,2019-20,37,FALSE
Region 3,202025,202139,2021-10-08,67,1197,180830,369,0.619158,0.661948,2020,25,2020-06-14,2020-06-20,2019,2019-20,38,FALSE
Region 3,202026,202139,2021-10-08,66,1325,186125,365,0.671284,0.711887,2020,26,2020-06-21,2020-06-27,2019,2019-20,39,FALSE
Region 3,202027,202139,2021-10-08,65,1305,186221,368,0.667235,0.70078,2020,27,2020-06-28,2020-07-04,2019,2019-20,40,FALSE
Region 3,202028,202139,2021-10-08,64,1651,210466,376,0.768564,0.78445,2020,28,2020-07-05,2020-07-11,2019,2019-20,41,FALSE
Region 3,202029,202139,2021-10-08,63,1759,206387,374,0.835595,0.852282,2020,29,2020-07-12,2020-07-18,2019,2019-20,42,FALSE
Region 3,202030,202139,2021-10-08,62,1620,204024,372,0.775372,0.794024,2020,30,2020-07-19,2020-07-25,2019,2019-20,43,FALSE
Region 3,202031,202139,2021-10-08,61,1828,207171,370,0.884128,0.882363,2020,31,2020-07-26,2020-08-01,2019,2019-20,44,FALSE
Region 3,202032,202139,2021-10-08,60,1615,201516,370,0.790175,0.801425,2020,32,2020-08-02,2020-08-08,2019,2019-20,45,FALSE
Region 3,202033,202139,2021-10-08,59,1598,204433,370,0.783013,0.781674,2020,33,2020-08-09,2020-08-15,2019,2019-20,46,FALSE
Region 3,202034,202139,2021-10-08,58,1627,203055,368,0.799443,0.801261,2020,34,2020-08-16,2020-08-22,2019,2019-20,47,FALSE
Region 3,202035,202139,2021-10-08,57,1587,203283,369,0.777193,0.780685,2020,35,2020-08-23,2020-08-29,2019,2019-20,48,FALSE
Region 3,202036,202139,2021-10-08,56,1455,202274,369,0.682317,0.719321,2020,36,2020-08-30,2020-09-05,2019,2019-20,49,FALSE
Region 3,202037,202139,2021-10-08,55,1543,199810,344,0.777628,0.772234,2020,37,2020-09-06,2020-09-12,2019,2019-20,50,FALSE
Region 3,202038,202139,2021-10-08,54,1352,197632,367,0.65222,0.6841,2020,38,2020-09-13,2020-09-19,2019,2019-20,51,FALSE
Region 3,202039,202139,2021-10-08,53,1648,188866,349,0.956806,0.872576,2020,39,2020-09-20,2020-09-26,2019,2019-20,52,FALSE
Region 3,202040,202239,2022-10-07,104,1917,214104,423,0.872204,0.895359,2020,40,2020-09-27,2020-10-03,2020,2020-21,1,FALSE
Region 3,202041,202239,2022-10-07,103,2441,211242,401,1.11601,1.15555,2020,41,2020-10-04,2020-10-10,2020,2020-21,2,FALSE
Region 3,202042,202239,2022-10-07,102,1958,208457,401,0.929564,0.939282,2020,42,2020-10-11,2020-10-17,2020,2020-21,3,FALSE
Region 3,202043,202239,2022-10-07,101,2090,213880,402,0.983264,0.977183,2020,43,2020-10-18,2020-10-24,2020,2020-21,4,FALSE
Region 3,202044,202239,2022-10-07,100,2195,206974,402,1.07355,1.06052,2020,44,2020-10-25,2020-10-31,2020,2020-21,5,FALSE
Region 3,202045,202239,2022-10-07,99,2433,208403,401,1.17888,1.16745,2020,45,2020-11-01,2020-11-07,2020,2020-21,6,FALSE
Region 3,202046,202239,2022-10-07,98,2831,220851,399,1.34277,1.28186,2020,46,2020-11-08,2020-11-14,2020,2020-21,7,FALSE
Region 3,202047,202239,2022-10-07,97,3017,213373,396,1.44812,1.41396,2020,47,2020-11-15,2020-11-21,2020,2020-21,8,FALSE
Region 3,202048,202239,2022-10-07,96,3273,195770,399,1.71527,1.67186,2020,48,2020-11-22,2020-11-28,2020,2020-21,9,FALSE
Region 3,202049,202239,2022-10-07,95,3321,213587,402,1.61044,1.55487,2020,49,2020-11-29,2020-12-05,2020,2020-21,10,FALSE
Region 3,202050,202239,2022-10-07,94,3038,206603,405,1.51265,1.47045,2020,50,2020-12-06,2020-12-12,2020,2020-21,11,FALSE
Region 3,202051,202239,2022-10-07,93,2776,200988,399,1.34833,1.38118,2020,51,2020-12-13,2020-12-19,2020,2020-21,12,FALSE
Region 3,202052,202239,2022-10-07,92,2836,193156,407,1.39189,1.46824,2020,52,2020-12-20,2020-12-26,2020,2020-21,13,FALSE
Region 3,202053,202239,2022-10-07,91,3206,212855,407,1.37581,1.50619,2020,53,2020-12-27,2021-01-02,2020,2020-21,14,FALSE
Region 3,202101,202239,2022-10-07,90,3209,225080,408,1.30551,1.42572,2021,1,2021-01-03,2021-01-09,2020,2020-21,15,FALSE
Region 3,202102,202239,2022-10-07,89,2634,212963,402,1.10168,1.23683,2021,2,2021-01-10,2021-01-16,2020,2020-21,16,FALSE
Region 3,202103,202239,2022-10-07,88,2351,208743,406,1.04704,1.12627,2021,3,2021-01-17,2021-01-23,2020,2020-21,17,FALSE
Region 3,202104,202239,2022-10-07,87,2160,204250,405,0.961917,1.05753,2021,4,2021-01-24,2021-01-30,2020,2020-21,18,FALSE
Region 3,202105,202239,2022-10-07,86,1830,195888,400,0.870191,0.934207,2021,5,2021-01-31,2021-02-06,2020,2020-21,19,FALSE
Region 3,202106,202239,2022-10-07,85,1689,194463,401,0.811812,0.868546,2021,6,2021-02-07,2021-02-13,2020,2020-21,20,FALSE
Region 3,202107,202239,2022-10-07,84,1481,190823,397,0.732699,0.776112,2021,7,2021-02-14,2021-02-20,2020,2020-21,21,FALSE
Region 3,202108,202239,2022-10-07,83,1519,206508,398,0.703559,0.735565,2021,8,2021-02-21,2021-02-27,2020,2020-21,22,FALSE
Region 3,202109,202239,2022-10-07,82,1517,200270,394,0.732264,0.757477,2021,9,2021-02-28,2021-03-06,2020,2020-21,23,FALSE
Region 3,202110,202239,2022-10-07,81,1585,210069,398,0.728643,0.754514,2021,10,2021-03-07,2021-03-13,2020,2020-21,24,FALSE
Region 3,202111,202239,2022-10-07,80,1673,212257,398,0.758056,0.788195,2021,11,2021-03-14,2021-03-20,2020,2020-21,25,FALSE
Region 3,202112,202239,2022-10-07,79,1893,218203,395,0.838546,0.867541,2021,12,2021-03-21,2021-03-27,2020,2020-21,26,FALSE
Region 3,202113,202239,2022-10-07,78,1956,218737,394,0.900336,0.894225,2021,13,2021-03-28,2021-04-03,2020,2020-21,27,FALSE
Region 3,202114,202239,2022-10-07,77,2003,221687,392,0.88711,0.903526,2021,14,2021-04-04,2021-04-10,2020,2020-21,28,FALSE
Region 3,202115,202239,2022-10-07,76,2066,229597,388,0.896471,0.899838,2021,15,2021-04-11,2021-04-17,2020,2020-21,29,FALSE
Region 3,202116,202239,2022-10-07,75,1968,223850,390,0.872594,0.87916,2021,16,2021-04-18,2021-04-24,2020,2020-21,30,FALSE
Region 3,202117,202239,2022-10-07,74,2118,227062,393,0.918452,0.932785,2021,17,2021-04-25,2021-05-01,2020,2020-21,31,FALSE
Region 3,202118,202239,2022-10-07,73,2022,225412,397,0.87886,0.897024,2021,18,2021-05-02,2021-05-08,2020,2020-21,32,FALSE
Region 3,202119,202239,2022-10-07,72,2012,221703,395,0.862832,0.90752,2021,19,2021-05-09,2021-05-15,2020,2020-21,33,FALSE
Region 3,202120,202239,2022-10-07,71,2114,226739,389,0.86032,0.93235,2021,20,2021-05-16,2021-05-22,2020,2020-21,34,FALSE
Region 3,202121,202239,2022-10-07,70,1933,219380,376,0.831963,0.88112,2021,21,2021-05-23,2021-05-29,2020,2020-21,35,FALSE
Region 3,202122,202239,2022-10-07,69,1869,213553,367,0.824632,0.875193,2021,22,2021-05-30,2021-06-05,2020,2020-21,36,FALSE
Region 3,202123,202239,2022-10-07,68,1934,222138,359,0.792905,0.87063,2021,23,2021-06-06,2021-06-12,2020,2020-21,37,FALSE
Region 3,202124,202239,2022-10-07,67,2133,221655,360,0.899278,0.962306,2021,24,2021-06-13,2021-06-19,2020,2020-21,38,FALSE
Region 3,202125,202239,2022-10-07,66,2350,221810,360,0.972835,1.05947,2021,25,2021-06-20,2021-06-26,2020,2020-21,39,FALSE
Region 3,202126,202239,2022-10-07,65,2274,222886,360,0.935348,1.02025,2021,26,2021-06-27,2021-07-03,2020,2020-21,40,FALSE
Region 3,202127,202239,2022-10-07,64,2482,224983,359,1.01687,1.10319,2021,27,2021-07-04,2021-07-10,2020,2020-21,41,FALSE
Region 3,202128,202239,2022-10-07,63,2663,231585,359,1.06032,1.1499,2021,28,2021-07-11,2021-07-17,2020,2020-21,42,FALSE
Region 3,202129,202239,2022-10-07,62,2985,232433,357,1.18315,1.28424,2021,29,2021-07-18,2021-07-24,2020,2020-21,43,FALSE
Region 3,202130,202239,2022-10-07,61,3478,240165,357,1.29237,1.44817,2021,30,2021-07-25,2021-07-31,2020,2020-21,44,FALSE
Region 3,202131,202239,2022-10-07,60,3987,241634,355,1.45968,1.65002,2021,31,2021-08-01,2021-08-07,2020,2020-21,45,FALSE
Region 3,202132,202239,2022-10-07,59,4097,243789,355,1.51741,1.68055,2021,32,2021-08-08,2021-08-14,2020,2020-21,46,FALSE
Region 3,202133,202239,2022-10-07,58,4661,250413,359,1.58576,1.86133,2021,33,2021-08-15,2021-08-21,2020,2020-21,47,FALSE
Region 3,202134,202239,2022-10-07,57,5114,257325,352,1.73369,1.98737,2021,34,2021-08-22,2021-08-28,2020,2020-21,48,FALSE
Region 3,202135,202239,2022-10-07,56,5328,247600,354,1.88549,2.15186,2021,35,2021-08-29,2021-09-04,2020,2020-21,49,FALSE
Region 3,202136,202239,2022-10-07,55,6119,259939,362,2.16655,2.35401,2021,36,2021-09-05,2021-09-11,2020,2020-21,50,FALSE
Region 3,202137,202239,2022-10-07,54,6260,268723,364,2.17124,2.32954,2021,37,2021-09-12,2021-09-18,2020,2020-21,51,FALSE
Region 3,202138,202239,2022-10-07,53,6025,256055,358,2.14363,2.35301,2021,38,2021-09-19,2021-09-25,2020,2020-21,52,FALSE
Region 3,202139,202239,2022-10-07,52,2330,134514,193,1.76024,1.73216,2021,39,2021-09-26,2021-10-02,2020,2020-21,53,FALSE
Region 3,202140,202339,2023-10-06,103,5736,260413,400,2.07624,2.20266,2021,40,2021-10-03,2021-10-09,2021,2021-22,1,FALSE
Region 3,202141,202339,2023-10-06,102,4982,251535,392,1.86601,1.98064,2021,41,2021-10-10,2021-10-16,2021,2021-22,2,FALSE
Region 3,202142,202339,2023-10-06,101,4033,205362,337,1.83665,1.96385,2021,42,2021-10-17,2021-10-23,2021,2021-22,3,FALSE
Region 3,202143,202339,2023-10-06,100,4596,244362,394,1.76078,1.88082,2021,43,2021-10-24,2021-10-30,2021,2021-22,4,FALSE
Region 3,202144,202339,2023-10-06,99,4146,236508,389,1.71038,1.75301,2021,44,2021-10-31,2021-11-06,2021,2021-22,5,FALSE
Region 3,202145,202339,2023-10-06,98,4694,246414,395,1.90003,1.90492,2021,45,2021-11-07,2021-11-13,2021,2021-22,6,FALSE
Region 3,202146,202339,2023-10-06,97,5230,246110,395,2.06674,2.12507,2021,46,2021-11-14,2021-11-20,2021,2021-22,7,FALSE
Region 3,202147,202339,2023-10-06,96,4741,216235,389,2.10718,2.19252,2021,47,2021-11-21,2021-11-27,2021,2021-22,8,FALSE
Region 3,202148,202339,2023-10-06,95,6069,251828,390,2.30561,2.40998,2021,48,2021-11-28,2021-12-04,2021,2021-22,9,FALSE
Region 3,202149,202339,2023-10-06,94,6552,248810,395,2.4867,2.63333,2021,49,2021-12-05,2021-12-11,2021,2021-22,10,FALSE
Region 3,202150,202339,2023-10-06,93,7527,259801,399,2.72585,2.89722,2021,50,2021-12-12,2021-12-18,2021,2021-22,11,FALSE
Region 3,202151,202339,2023-10-06,92,10631,256902,398,3.71184,4.13815,2021,51,2021-12-19,2021-12-25,2021,2021-22,12,FALSE
Region 3,202152,202339,2023-10-06,91,17012,291328,390,5.06318,5.83947,2021,52,2021-12-26,2022-01-01,2021,2021-22,13,FALSE
Region 3,202201,202339,2023-10-06,90,12833,266178,391,4.14812,4.82121,2022,1,2022-01-02,2022-01-08,2021,2021-22,14,FALSE
Region 3,202202,202339,2023-10-06,89,8319,243118,399,2.88744,3.4218,2022,2,2022-01-09,2022-01-15,2021,2021-22,15,FALSE
Region 3,202203,202339,2023-10-06,88,5335,208195,395,2.17667,2.5625,2022,3,2022-01-16,2022-01-22,2021,2021-22,16,FALSE
Region 3,202204,202339,2023-10-06,87,3608,209646,394,1.53037,1.721,2022,4,2022-01-23,2022-01-29,2021,2021-22,17,FALSE
Region 3,202205,202339,2023-10-06,86,2584,200538,395,1.19112,1.28853,2022,5,2022-01-30,2022-02-05,2021,2021-22,18,FALSE
Region 3,202206,202339,2023-10-06,85,2356,210331,393,1.05763,1.12014,2022,6,2022-02-06,2022-02-12,2021,2021-22,19,FALSE
Region 3,202207,202339,2023-10-06,84,2342,207167,396,1.08306,1.13049,2022,7,2022-02-13,2022-02-19,2021,2021-22,20,FALSE
Region 3,202208,202339,2023-10-06,83,2196,211420,397,0.945265,1.03869,2022,8,2022-02-20,2022-02-26,2021,2021-22,21,FALSE
Region 3,202209,202339,2023-10-06,82,2576,217939,394,1.1488,1.18198,2022,9,2022-02-27,2022-03-05,2021,2021-22,22,FALSE
Region 3,202210,202339,2023-10-06,81,2890,219618,399,1.24137,1.31592,2022,10,2022-03-06,2022-03-12,2021,2021-22,23,FALSE
Region 3,202211,202339,2023-10-06,80,3115,226501,395,1.31766,1.37527,2022,11,2022-03-13,2022-03-19,2021,2021-22,24,FALSE
Region 3,202212,202339,2023-10-06,79,3259,226184,385,1.39668,1.44086,2022,12,2022-03-20,2022-03-26,2021,2021-22,25,FALSE
Region 3,202213,202339,2023-10-06,78,3614,225559,391,1.53544,1.60224,2022,13,2022-03-27,2022-04-02,2021,2021-22,26,FALSE
Region 3,202214,202339,2023-10-06,77,3918,230174,385,1.61093,1.70219,2022,14,2022-04-03,2022-04-09,2021,2021-22,27,FALSE
Region 3,202215,202339,2023-10-06,76,3987,228921,384,1.63507,1.74165,2022,15,2022-04-10,2022-04-16,2021,2021-22,28,FALSE
Region 3,202216,202339,2023-10-06,75,3985,230659,385,1.6224,1.72766,2022,16,2022-04-17,2022-04-23,2021,2021-22,29,FALSE
Region 3,202217,202339,2023-10-06,74,4258,241767,387,1.63586,1.7612,2022,17,2022-04-24,2022-04-30,2021,2021-22,30,FALSE
Region 3,202218,202339,2023-10-06,73,4995,243658,389,1.8715,2.05,2022,18,2022-05-01,2022-05-07,2021,2021-22,31,FALSE
Region 3,202219,202339,2023-10-06,72,5551,250136,381,1.98978,2.21919,2022,19,2022-05-08,2022-05-14,2021,2021-22,32,FALSE
Region 3,202220,202339,2023-10-06,71,5846,258410,380,1.97858,2.2623,2022,20,2022-05-15,2022-05-21,2021,2021-22,33,FALSE
Region 3,202221,202339,2023-10-06,70,5383,248267,373,1.87953,2.16823,2022,21,2022-05-22,2022-05-28,2021,2021-22,34,FALSE
Region 3,202222,202339,2023-10-06,69,5436,247057,376,1.89286,2.2003,2022,22,2022-05-29,2022-06-04,2021,2021-22,35,FALSE
Region 3,202223,202339,2023-10-06,68,5034,248658,374,1.74773,2.02447,2022,23,2022-06-05,2022-06-11,2021,2021-22,36,FALSE
Region 3,202224,202339,2023-10-06,67,4495,241289,371,1.57667,1.86291,2022,24,2022-06-12,2022-06-18,2021,2021-22,37,FALSE
Region 3,202225,202339,2023-10-06,66,4415,239112,374,1.55478,1.84642,2022,25,2022-06-19,2022-06-25,2021,2021-22,38,FALSE
Region 3,202226,202339,2023-10-06,65,3916,240787,372,1.39483,1.62633,2022,26,2022-06-26,2022-07-02,2021,2021-22,39,FALSE
Region 3,202227,202339,2023-10-06,64,3897,240619,375,1.39336,1.61957,2022,27,2022-07-03,2022-07-09,2021,2021-22,40,FALSE
Region 3,202228,202339,2023-10-06,63,3718,242237,369,1.33475,1.53486,2022,28,2022-07-10,2022-07-16,2021,2021-22,41,FALSE
Region 3,202229,202339,2023-10-06,62,3807,246331,375,1.33256,1.54548,2022,29,2022-07-17,2022-07-23,2021,2021-22,42,FALSE
Region 3,202230,202339,2023-10-06,61,3893,242668,369,1.38624,1.60425,2022,30,2022-07-24,2022-07-30,2021,2021-22,43,FALSE
Region 3,202231,202339,2023-10-06,60,3775,241001,368,1.36712,1.56638,2022,31,2022-07-31,2022-08-06,2021,2021-22,44,FALSE
Region 3,202232,202339,2023-10-06,59,3569,240663,365,1.29019,1.48299,2022,32,2022-08-07,2022-08-13,2021,2021-22,45,FALSE
Region 3,202233,202339,2023-10-06,58,3641,238793,368,1.30897,1.52475,2022,33,2022-08-14,2022-08-20,2021,2021-22,46,FALSE
Region 3,202234,202339,2023-10-06,57,3644,238987,361,1.30079,1.52477,2022,34,2022-08-21,2022-08-27,2021,2021-22,47,FALSE
Region 3,202235,202339,2023-10-06,56,4127,241983,361,1.51231,1.70549,2022,35,2022-08-28,2022-09-03,2021,2021-22,48,FALSE
Region 3,202236,202339,2023-10-06,55,4342,243214,364,1.58163,1.78526,2022,36,2022-09-04,2022-09-10,2021,2021-22,49,FALSE
Region 3,202237,202339,2023-10-06,54,5111,253180,375,1.80763,2.01872,2022,37,2022-09-11,2022-09-17,2021,2021-22,50,FALSE
Region 3,202238,202339,2023-10-06,53,5546,252729,373,1.95406,2.19445,2022,38,2022-09-18,2022-09-24,2021,2021-22,51,FALSE
Region 3,202239,202339,2023-10-06,52,5746,246053,373,2.06796,2.33527,2022,39,2022-09-25,2022-10-01,2021,2021-22,52,FALSE
Region 3,202240,202439,2024-10-04,103,6276,250434,400,2.23835,2.50605,2022,40,2022-10-02,2022-10-08,2022,2022-23,1,TRUE
Region 3,202241,202439,2024-10-04,102,6967,248650,418,2.56068,2.80193,2022,41,2022-10-09,2022-10-15,2022,2022-23,2,TRUE
Region 3,202242,202439,2024-10-04,101,9404,267556,415,3.10605,3.51478,2022,42,2022-10-16,2022-10-22,2022,2022-23,3,TRUE
Region 3,202243,202439,2024-10-04,100,14245,277991,415,4.47162,5.12427,2022,43,2022-10-23,2022-10-29,2022,2022-23,4,TRUE
Region 3,202244,202439,2024-10-04,99,19081,286931,406,5.6356,6.65003,2022,44,2022-10-30,2022-11-05,2022,2022-23,5,TRUE
Region 3,202245,202439,2024-10-04,98,18746,287728,415,5.62007,6.51518,2022,45,2022-11-06,2022-11-12,2022,2022-23,6,TRUE
Region 3,202246,202439,2024-10-04,97,16057,268912,416,5.24328,5.9711,2022,46,2022-11-13,2022-11-19,2022,2022-23,7,TRUE
Region 3,202247,202439,2024-10-04,96,18014,253073,416,6.33053,7.1181,2022,47,2022-11-20,2022-11-26,2022,2022-23,8,TRUE
Region 3,202248,202439,2024-10-04,95,18851,281158,415,6.10594,6.70477,2022,48,2022-11-27,2022-12-03,2022,2022-23,9,TRUE
Region 3,202249,202439,2024-10-04,94,15281,267575,415,5.31743,5.71092,2022,49,2022-12-04,2022-12-10,2022,2022-23,10,TRUE
Region 3,202250,202439,2024-10-04,93,13394,255958,413,4.88961,5.23289,2022,50,2022-12-11,2022-12-17,2022,2022-23,11,TRUE
Region 3,202251,202439,2024-10-04,92,11429,235422,409,4.45591,4.85469,2022,51,2022-12-18,2022-12-24,2022,2022-23,12,TRUE
Region 3,202252,202439,2024-10-04,91,6049,156931,407,4.05312,3.85456,2022,52,2022-12-25,2022-12-31,2022,2022-23,13,TRUE
Region 3,202301,202439,2024-10-04,90,8949,259512,407,3.12744,3.4484,2023,1,2023-01-01,2023-01-07,2022,2022-23,14,TRUE
Region 3,202302,202439,2024-10-04,89,6386,239229,413,2.41515,2.66941,2023,2,2023-01-08,2023-01-14,2022,2022-23,15,TRUE
Region 3,202303,202439,2024-10-04,88,5909,237840,414,2.21201,2.48444,2023,3,2023-01-15,2023-01-21,2022,2022-23,16,TRUE
Region 3,202304,202439,2024-10-04,87,5958,241854,417,2.20295,2.46347,2023,4,2023-01-22,2023-01-28,2022,2022-23,17,TRUE
Region 3,202305,202439,2024-10-04,86,6065,242369,420,2.21835,2.50238,2023,5,2023-01-29,2023-02-04,2022,2022-23,18,TRUE
Region 3,202306,202439,2024-10-04,85,6450,257388,422,2.24567,2.50594,2023,6,2023-02-05,2023-02-11,2022,2022-23,19,TRUE
Region 3,202307,202439,2024-10-04,84,6004,252598,411,2.17152,2.3769,2023,7,2023-02-12,2023-02-18,2022,2022-23,20,TRUE
Region 3,202308,202439,2024-10-04,83,5915,255044,414,2.11638,2.31921,2023,8,2023-02-19,2023-02-25,2022,2022-23,21,TRUE
Region 3,202309,202439,2024-10-04,82,5688,252495,417,2.03288,2.25272,2023,9,2023-02-26,2023-03-04,2022,2022-23,22,TRUE
Region 3,202310,202439,2024-10-04,81,5674,251868,419,2.06346,2.25277,2023,10,2023-03-05,2023-03-11,2022,2022-23,23,TRUE
Region 3,202311,202439,2024-10-04,80,5915,252630,417,2.12163,2.34137,2023,11,2023-03-12,2023-03-18,2022,2022-23,24,TRUE
Region 3,202312,202439,2024-10-04,79,6004,257853,414,2.10675,2.32846,2023,12,2023-03-19,2023-03-25,2022,2022-23,25,TRUE
Region 3,202313,202439,2024-10-04,78,5505,251805,414,1.97933,2.18622,2023,13,2023-03-26,2023-04-01,2022,2022-23,26,TRUE
Region 3,202314,202439,2024-10-04,77,4545,223551,407,1.78755,2.03309,2023,14,2023-04-02,2023-04-08,2022,2022-23,27,TRUE
Region 3,202315,202439,2024-10-04,76,4382,249620,409,1.58405,1.75547,2023,15,2023-04-09,2023-04-15,2022,2022-23,28,TRUE
Region 3,202316,202439,2024-10-04,75,4088,254151,410,1.4446,1.60849,2023,16,2023-04-16,2023-04-22,2022,2022-23,29,TRUE
Region 3,202317,202439,2024-10-04,74,4212,250655,409,1.4809,1.6804,2023,17,2023-04-23,2023-04-29,2022,2022-23,30,TRUE
Region 3,202318,202439,2024-10-04,73,4730,251232,409,1.72115,1.88272,2023,18,2023-04-30,2023-05-06,2022,2022-23,31,TRUE
Region 3,202319,202439,2024-10-04,72,4848,253897,409,1.74879,1.90944,2023,19,2023-05-07,2023-05-13,2022,2022-23,32,TRUE
Region 3,202320,202439,2024-10-04,71,4318,253829,406,1.5016,1.70115,2023,20,2023-05-14,2023-05-20,2022,2022-23,33,TRUE
Region 3,202321,202439,2024-10-04,70,4093,249964,403,1.45264,1.63744,2023,21,2023-05-21,2023-05-27,2022,2022-23,34,TRUE
Region 3,202322,202439,2024-10-04,69,4044,248547,404,1.41801,1.62706,2023,22,2023-05-28,2023-06-03,2022,2022-23,35,TRUE
Region 3,202323,202439,2024-10-04,68,3734,248407,403,1.31017,1.50318,2023,23,2023-06-04,2023-06-10,2022,2022-23,36,TRUE
Region 3,202324,202439,2024-10-04,67,3299,248438,402,1.17228,1.3279,2023,24,2023-06-11,2023-06-17,2022,2022-23,37,TRUE
Region 3,202325,202439,2024-10-04,66,2857,236580,404,1.05632,1.20763,2023,25,2023-06-18,2023-06-24,2022,2022-23,38,TRUE
Region 3,202326,202439,2024-10-04,65,2522,240243,395,0.933772,1.04977,2023,26,2023-06-25,2023-07-01,2022,2022-23,39,TRUE
Region 3,202327,202439,2024-10-04,64,2356,236031,392,0.876963,0.998174,2023,27,2023-07-02,2023-07-08,2022,2022-23,40,TRUE
Region 3,202328,202439,2024-10-04,63,2352,246580,396,0.852206,0.953849,2023,28,2023-07-09,2023-07-15,2022,2022-23,41,TRUE
Region 3,202329,202439,2024-10-04,62,2297,245690,395,0.821093,0.934918,2023,29,2023-07-16,2023-07-22,2022,2022-23,42,TRUE
Region 3,202330,202439,2024-10-04,61,2320,244665,396,0.836937,0.948235,2023,30,2023-07-23,2023-07-29,2022,2022-23,43,TRUE
Region 3,202331,202439,2024-10-04,60,2345,240339,395,0.866014,0.975705,2023,31,2023-07-30,2023-08-05,2022,2022-23,44,TRUE
Region 3,202332,202439,2024-10-04,59,2508,243985,389,0.888286,1.02793,2023,32,2023-08-06,2023-08-12,2022,2022-23,45,TRUE
Region 3,202333,202439,2024-10-04,58,2825,246444,392,0.989596,1.14631,2023,33,2023-08-13,2023-08-19,2022,2022-23,46,TRUE
Region 3,202334,202439,2024-10-04,57,3207,248852,399,1.09308,1.28872,2023,34,2023-08-20,2023-08-26,2022,2022-23,47,TRUE
Region 3,202335,202439,2024-10-04,56,3859,252926,402,1.30403,1.52574,2023,35,2023-08-27,2023-09-02,2022,2022-23,48,TRUE
Region 3,202336,202439,2024-10-04,55,4526,259163,403,1.52706,1.74639,2023,36,2023-09-03,2023-09-09,2022,2022-23,49,TRUE
Region 3,202337,202439,2024-10-04,54,4726,260262,401,1.58777,1.81586,2023,37,2023-09-10,2023-09-16,2022,2022-23,50,TRUE
Region 3,202338,202439,2024-10-04,53,5071,256924,402,1.76399,1.97374,2023,38,2023-09-17,2023-09-23,2022,2022-23,51,TRUE
Region 3,202339,202439,2024-10-04,52,4948,256375,400,1.70465,1.92999,2023,39,2023-09-24,2023-09-30,2022,2022-23,52,TRUE
Region 3,202340,202538,2025-09-26,102,5639,268648,426,1.87296,2.09903,2023,40,2023-10-01,2023-10-07,2023,2023-24,1,TRUE
Region 3,202341,202538,2025-09-26,101,5641,264526,430,1.86605,2.13249,2023,41,2023-10-08,2023-10-14,2023,2023-24,2,TRUE
Region 3,202342,202538,2025-09-26,100,6188,267061,431,2.03968,2.31707,2023,42,2023-10-15,2023-10-21,2023,2023-24,3,TRUE
Region 3,202343,202538,2025-09-26,99,6742,272393,432,2.16911,2.4751,2023,43,2023-10-22,2023-10-28,2023,2023-24,4,TRUE
Region 3,202344,202538,2025-09-26,98,6827,263638,427,2.30667,2.58954,2023,44,2023-10-29,2023-11-04,2023,2023-24,5,TRUE
Region 3,202345,202538,2025-09-26,97,7636,277679,442,2.46843,2.74994,2023,45,2023-11-05,2023-11-11,2023,2023-24,6,TRUE
Region 3,202346,202538,2025-09-26,96,6042,220211,440,2.65417,2.74373,2023,46,2023-11-12,2023-11-18,2023,2023-24,7,TRUE
Region 3,202347,202538,2025-09-26,95,7600,245484,439,2.79048,3.09592,2023,47,2023-11-19,2023-11-25,2023,2023-24,8,TRUE
Region 3,202348,202538,2025-09-26,94,9111,282438,439,2.97648,3.22584,2023,48,2023-11-26,2023-12-02,2023,2023-24,9,TRUE
Region 3,202349,202538,2025-09-26,93,10133,282883,435,3.25004,3.58205,2023,49,2023-12-03,2023-12-09,2023,2023-24,10,TRUE
Region 3,202350,202538,2025-09-26,92,12177,282667,434,3.91486,4.3079,2023,50,2023-12-10,2023-12-16,2023,2023-24,11,TRUE
Region 3,202351,202538,2025-09-26,91,15110,282491,438,4.77007,5.34884,2023,51,2023-12-17,2023-12-23,2023,2023-24,12,TRUE
Region 3,202352,202538,2025-09-26,90,17430,279638,435,5.64182,6.23306,2023,52,2023-12-24,2023-12-30,2023,2023-24,13,TRUE
Region 3,202401,202538,2025-09-26,89,13366,273169,436,4.47601,4.89294,2024,1,2023-12-31,2024-01-06,2023,2023-24,14,TRUE
Region 3,202402,202538,2025-09-26,88,10877,268311,429,3.70689,4.05388,2024,2,2024-01-07,2024-01-13,2023,2023-24,15,TRUE
Region 3,202403,202538,2025-09-26,87,8551,235731,441,3.28604,3.62744,2024,3,2024-01-14,2024-01-20,2023,2023-24,16,TRUE
Region 3,202404,202538,2025-09-26,86,9246,264336,440,3.12589,3.49782,2024,4,2024-01-21,2024-01-27,2023,2023-24,17,TRUE
Region 3,202405,202538,2025-09-26,85,9072,263871,437,3.11317,3.43804,2024,5,2024-01-28,2024-02-03,2023,2023-24,18,TRUE
Region 3,202406,202538,2025-09-26,84,10157,274326,438,3.36004,3.70253,2024,6,2024-02-04,2024-02-10,2023,2023-24,19,TRUE
Region 3,202407,202538,2025-09-26,83,10476,268570,440,3.50247,3.90066,2024,7,2024-02-11,2024-02-17,2023,2023-24,20,TRUE
Region 3,202408,202538,2025-09-26,82,11000,277930,437,3.6259,3.95783,2024,8,2024-02-18,2024-02-24,2023,2023-24,21,TRUE
Region 3,202409,202538,2025-09-26,81,11183,277758,438,3.68057,4.02617,2024,9,2024-02-25,2024-03-02,2023,2023-24,22,TRUE
Region 3,202410,202538,2025-09-26,80,9992,273003,440,3.31455,3.66003,2024,10,2024-03-03,2024-03-09,2023,2023-24,23,TRUE
Region 3,202411,202538,2025-09-26,79,8296,271937,442,2.77101,3.05071,2024,11,2024-03-10,2024-03-16,2023,2023-24,24,TRUE
Region 3,202412,202538,2025-09-26,78,7671,268012,442,2.63001,2.86219,2024,12,2024-03-17,2024-03-23,2023,2023-24,25,TRUE
Region 3,202413,202538,2025-09-26,77,6902,256522,439,2.4482,2.69061,2024,13,2024-03-24,2024-03-30,2023,2023-24,26,TRUE
Region 3,202414,202538,2025-09-26,76,6337,255420,440,2.28429,2.48101,2024,14,2024-03-31,2024-04-06,2023,2023-24,27,TRUE
Region 3,202415,202538,2025-09-26,75,5686,271686,447,1.87934,2.09286,2024,15,2024-04-07,2024-04-13,2023,2023-24,28,TRUE
Region 3,202416,202538,2025-09-26,74,4962,270330,454,1.71759,1.83553,2024,16,2024-04-14,2024-04-20,2023,2023-24,29,TRUE
Region 3,202417,202538,2025-09-26,73,4753,264463,447,1.65846,1.79723,2024,17,2024-04-21,2024-04-27,2023,2023-24,30,TRUE
Region 3,202418,202538,2025-09-26,72,4713,267515,445,1.61136,1.76177,2024,18,2024-04-28,2024-05-04,2023,2023-24,31,TRUE
Region 3,202419,202538,2025-09-26,71,4421,267415,449,1.53209,1.65324,2024,19,2024-05-05,2024-05-11,2023,2023-24,32,TRUE
Region 3,202420,202538,2025-09-26,70,4345,262990,441,1.50234,1.65215,2024,20,2024-05-12,2024-05-18,2023,2023-24,33,TRUE
Region 3,202421,202538,2025-09-26,69,4141,267184,438,1.40974,1.54987,2024,21,2024-05-19,2024-05-25,2023,2023-24,34,TRUE
Region 3,202422,202538,2025-09-26,68,3732,258386,440,1.32521,1.44435,2024,22,2024-05-26,2024-06-01,2023,2023-24,35,TRUE
Region 3,202423,202538,2025-09-26,67,3569,262817,441,1.25131,1.35798,2024,23,2024-06-02,2024-06-08,2023,2023-24,36,TRUE
Region 3,202424,202538,2025-09-26,66,3404,258179,437,1.206,1.31847,2024,24,2024-06-09,2024-06-15,2023,2023-24,37,TRUE
Region 3,202425,202538,2025-09-26,65,2956,253380,436,1.04847,1.16663,2024,25,2024-06-16,2024-06-22,2023,2023-24,38,TRUE
Region 3,202426,202538,2025-09-26,64,2983,256627,436,1.04892,1.16239,2024,26,2024-06-23,2024-06-29,2023,2023-24,39,TRUE
Region 3,202427,202538,2025-09-26,63,2839,241577,435,1.06446,1.17519,2024,27,2024-06-30,2024-07-06,2023,2023-24,40,TRUE
Region 3,202428,202538,2025-09-26,62,2881,261380,432,0.995213,1.10223,2024,28,2024-07-07,2024-07-13,2023,2023-24,41,TRUE
Region 3,202429,202538,2025-09-26,61,2872,253928,429,1.0089,1.13103,2024,29,2024-07-14,2024-07-20,2023,2023-24,42,TRUE
Region 3,202430,202538,2025-09-26,60,3243,255203,431,1.12837,1.27075,2024,30,2024-07-21,2024-07-27,2023,2023-24,43,TRUE
Region 3,202431,202538,2025-09-26,59,3444,256310,433,1.17843,1.34369,2024,31,2024-07-28,2024-08-03,2023,2023-24,44,TRUE
Region 3,202432,202538,2025-09-26,58,3600,258712,434,1.23756,1.39151,2024,32,2024-08-04,2024-08-10,2023,2023-24,45,TRUE
Region 3,202433,202538,2025-09-26,57,3671,258797,424,1.22813,1.41849,2024,33,2024-08-11,2024-08-17,2023,2023-24,46,TRUE
Region 3,202434,202538,2025-09-26,56,4023,260801,430,1.34512,1.54256,2024,34,2024-08-18,2024-08-24,2023,2023-24,47,TRUE
Region 3,202435,202538,2025-09-26,55,4480,264526,428,1.47461,1.6936,2024,35,2024-08-25,2024-08-31,2023,2023-24,48,TRUE
Region 3,202436,202538,2025-09-26,54,4809,258837,423,1.62999,1.85793,2024,36,2024-09-01,2024-09-07,2023,2023-24,49,TRUE
Region 3,202437,202538,2025-09-26,53,5344,261554,419,1.82192,2.04317,2024,37,2024-09-08,2024-09-14,2023,2023-24,50,TRUE
Region 3,202438,202538,2025-09-26,52,5335,263724,421,1.84334,2.02295,2024,38,2024-09-15,2024-09-21,2023,2023-24,51,TRUE
Region 3,202439,202538,2025-09-26,51,5044,258377,414,1.73293,1.95219,2024,39,2024-09-22,2024-09-28,2023,2023-24,52,TRUE
Region 3,202440,202638,2026-10-02,103,5330,258546,424,1.81814,2.06153,2024,40,2024-09-29,2024-10-05,2024,2024-25,1,TRUE
Region 3,202441,202638,2026-10-02,102,5878,258574,426,2.02648,2.27324,2024,41,2024-10-06,2024-10-12,2024,2024-25,2,TRUE
Region 3,202442,202638,2026-10-02,101,6454,261737,430,2.19293,2.46583,2024,42,2024-10-13,2024-10-19,2024,2024-25,3,TRUE
Region 3,202443,202638,2026-10-02,100,7183,271955,431,2.35212,2.64125,2024,43,2024-10-20,2024-10-26,2024,2024-25,4,TRUE
Region 3,202444,202638,2026-10-02,99,6875,265684,427,2.32347,2.58766,2024,44,2024-10-27,2024-11-02,2024,2024-25,5,TRUE
Region 3,202445,202638,2026-10-02,98,6873,269245,429,2.28818,2.55269,2024,45,2024-11-03,2024-11-09,2024,2024-25,6,TRUE
Region 3,202446,202638,2026-10-02,97,7062,267904,432,2.37785,2.63602,2024,46,2024-11-10,2024-11-16,2024,2024-25,7,TRUE
Region 3,202447,202638,2026-10-02,96,7874,268936,424,2.58351,2.92783,2024,47,2024-11-17,2024-11-23,2024,2024-25,8,TRUE
Region 3,202448,202638,2026-10-02,95,7010,241449,427,2.5314,2.9033,2024,48,2024-11-24,2024-11-30,2024,2024-25,9,TRUE
Region 3,202449,202638,2026-10-02,94,8010,262897,437,2.71626,3.04682,2024,49,2024-12-01,2024-12-07,2024,2024-25,10,TRUE
Region 3,202450,202638,2026-10-02,93,8652,271729,435,2.80265,3.18405,2024,50,2024-12-08,2024-12-14,2024,2024-25,11,TRUE
Region 3,202451,202638,2026-10-02,92,10036,270260,426,3.25594,3.71346,2024,51,2024-12-15,2024-12-21,2024,2024-25,12,TRUE
Region 3,202452,202638,2026-10-02,91,12204,254116,430,4.39635,4.80253,2024,52,2024-12-22,2024-12-28,2024,2024-25,13,TRUE
Region 3,202501,202638,2026-10-02,90,12860,271583,433,4.3865,4.7352,2025,1,2024-12-29,2025-01-04,2024,2024-25,14,TRUE
Region 3,202502,202638,2026-10-02,89,9555,241352,436,3.70531,3.95895,2025,2,2025-01-05,2025-01-11,2024,2024-25,15,TRUE
Region 3,202503,202638,2026-10-02,88,10920,264107,440,3.85896,4.13469,2025,3,2025-01-12,2025-01-18,2024,2024-25,16,TRUE
Region 3,202504,202638,2026-10-02,87,13989,254462,436,4.97562,5.49748,2025,4,2025-01-19,2025-01-25,2024,2024-25,17,TRUE
Region 3,202505,202638,2026-10-02,86,19399,289015,437,6.13139,6.71211,2025,5,2025-01-26,2025-02-01,2024,2024-25,18,TRUE
Region 3,202506,202638,2026-10-02,85,23228,294873,437,7.14341,7.87729,2025,6,2025-02-02,2025-02-08,2024,2024-25,19,TRUE
Region 3,202507,202638,2026-10-02,84,19648,272649,435,6.59059,7.20633,2025,7,2025-02-09,2025-02-15,2024,2024-25,20,TRUE
Region 3,202508,202638,2026-10-02,83,14766,259921,435,5.28111,5.68096,2025,8,2025-02-16,2025-02-22,2024,2024-25,21,TRUE
Region 3,202509,202638,2026-10-02,82,12361,272202,435,4.28665,4.54111,2025,9,2025-02-23,2025-03-01,2024,2024-25,22,TRUE
Region 3,202510,202638,2026-10-02,81,11011,263065,429,3.83958,4.18566,2025,10,2025-03-02,2025-03-08,2024,2024-25,23,TRUE
Region 3,202511,202638,2026-10-02,80,10421,268667,431,3.46424,3.87878,2025,11,2025-03-09,2025-03-15,2024,2024-25,24,TRUE
Region 3,202512,202638,2026-10-02,79,8728,260725,424,2.99525,3.34759,2025,12,2025-03-16,2025-03-22,2024,2024-25,25,TRUE
Region 3,202513,202638,2026-10-02,78,7892,259741,426,2.71915,3.03841,2025,13,2025-03-23,2025-03-29,2024,2024-25,26,TRUE
Region 3,202514,202638,2026-10-02,77,7094,256227,425,2.5121000000000002,2.76864,2025,14,2025-03-30,2025-04-05,2024,2024-25,27,TRUE
Region 3,202515,202638,2026-10-02,76,5640,251640,427,2.07552,2.2413,2025,15,2025-04-06,2025-04-12,2024,2024-25,28,TRUE
Region 3,202516,202638,2026-10-02,75,5216,245444,426,1.93913,2.12513,2025,16,2025-04-13,2025-04-19,2024,2024-25,29,TRUE
Region 3,202517,202638,2026-10-02,74,4736,246869,425,1.71642,1.91843,2025,17,2025-04-20,2025-04-26,2024,2024-25,30,TRUE
Region 3,202518,202638,2026-10-02,73,4403,256184,422,1.56989,1.71869,2025,18,2025-04-27,2025-05-03,2024,2024-25,31,TRUE
Region 3,202519,202638,2026-10-02,72,4164,254142,421,1.481,1.63845,2025,19,2025-05-04,2025-05-10,2024,2024-25,32,TRUE
Region 3,202520,202638,2026-10-02,71,4176,252737,417,1.4906,1.65231,2025,20,2025-05-11,2025-05-17,2024,2024-25,33,TRUE
Region 3,202521,202638,2026-10-02,70,4023,254478,421,1.39714,1.58088,2025,21,2025-05-18,2025-05-24,2024,2024-25,34,TRUE
Region 3,202522,202638,2026-10-02,69,4179,245698,420,1.53257,1.70087,2025,22,2025-05-25,2025-05-31,2024,2024-25,35,TRUE
Region 3,202523,202638,2026-10-02,68,3468,248039,416,1.25381,1.39817,2025,23,2025-06-01,2025-06-07,2024,2024-25,36,TRUE
Region 3,202524,202638,2026-10-02,67,3193,248508,414,1.17463,1.28487,2025,24,2025-06-08,2025-06-14,2024,2024-25,37,TRUE
Region 3,202525,202638,2026-10-02,66,2788,241816,413,1.03579,1.15294,2025,25,2025-06-15,2025-06-21,2024,2024-25,38,TRUE
Region 3,202526,202638,2026-10-02,65,2394,249069,416,0.870046,0.961179,2025,26,2025-06-22,2025-06-28,2024,2024-25,39,TRUE
Region 3,202527,202638,2026-10-02,64,2019,237492,414,0.760723,0.850134,2025,27,2025-06-29,2025-07-05,2024,2024-25,40,TRUE
Region 3,202528,202638,2026-10-02,63,2119,246867,408,0.78151,0.858357,2025,28,2025-07-06,2025-07-12,2024,2024-25,41,TRUE
Region 3,202529,202638,2026-10-02,62,2059,238657,399,0.778201,0.862744,2025,29,2025-07-13,2025-07-19,2024,2024-25,42,TRUE
Region 3,202530,202638,2026-10-02,61,2051,238736,401,0.782276,0.859108,2025,30,2025-07-20,2025-07-26,2024,2024-25,43,TRUE
Region 3,202531,202638,2026-10-02,60,1986,236489,393,0.761843,0.839785,2025,31,2025-07-27,2025-08-02,2024,2024-25,44,TRUE
Region 3,202532,202638,2026-10-02,59,2318,243589,409,0.853227,0.951603,2025,32,2025-08-03,2025-08-09,2024,2024-25,45,TRUE
Region 3,202533,202638,2026-10-02,58,2390,249261,404,0.859966,0.958834,2025,33,2025-08-10,2025-08-16,2024,2024-25,46,TRUE
Region 3,202534,202638,2026-10-02,57,2721,252013,410,0.93606,1.07971,2025,34,2025-08-17,2025-08-23,2024,2024-25,47,TRUE
Region 3,202535,202638,2026-10-02,56,3546,254699,407,1.22877,1.39223,2025,35,2025-08-24,2025-08-30,2024,2024-25,48,TRUE
Region 3,202536,202638,2026-10-02,55,3988,255021,409,1.42497,1.56379,2025,36,2025-08-31,2025-09-06,2024,2024-25,49,TRUE
Region 3,202537,202638,2026-10-02,54,4231,259490,412,1.51003,1.63051,2025,37,2025-09-07,2025-09-13,2024,2024-25,50,TRUE
Region 3,202538,202638,2026-10-02,53,4094,261889,416,1.45719,1.56326,2025,38,2025-09-14,2025-09-20,2024,2024-25,51,TRUE
Region 3,202539,202638,2026-10-02,52,3836,261781,414,1.35323,1.46535,2025,39,2025-09-21,2025-09-27,2024,2024-25,52,TRUE
Region 3,202540,202638,2026-10-02,51,3852,277254,451,1.31548,1.38934,2025,40,2025-09-28,2025-10-04,2025,2025-26,1,TRUE
Region 3,202541,202638,2026-10-02,50,3937,275180,451,1.33306,1.4307,2025,41,2025-10-05,2025-10-11,2025,2025-26,2,TRUE
Region 3,202542,202638,2026-10-02,49,4034,271592,448,1.38835,1.48532,2025,42,2025-10-12,2025-10-18,2025,2025-26,3,TRUE
Region 3,202543,202638,2026-10-02,48,4206,276103,451,1.43513,1.52334,2025,43,2025-10-19,2025-10-25,2025,2025-26,4,TRUE
Region 3,202544,202638,2026-10-02,47,4445,269146,452,1.56894,1.65152,2025,44,2025-10-26,2025-11-01,2025,2025-26,5,TRUE
Region 3,202545,202638,2026-10-02,46,4967,275447,454,1.70615,1.80325,2025,45,2025-11-02,2025-11-08,2025,2025-26,6,TRUE
Region 3,202546,202638,2026-10-02,45,5352,272929,456,1.84576,1.96095,2025,46,2025-11-09,2025-11-15,2025,2025-26,7,TRUE
Region 3,202547,202638,2026-10-02,44,5728,276709,453,1.96634,2.07004,2025,47,2025-11-16,2025-11-22,2025,2025-26,8,TRUE
Region 3,202548,202638,2026-10-02,43,5803,246521,446,2.20625,2.35396,2025,48,2025-11-23,2025-11-29,2025,2025-26,9,TRUE
Region 3,202549,202638,2026-10-02,42,7153,270806,452,2.49347,2.64137,2025,49,2025-11-30,2025-12-06,2025,2025-26,10,TRUE
Region 3,202550,202638,2026-10-02,41,8675,275028,456,2.99066,3.15422,2025,50,2025-12-07,2025-12-13,2025,2025-26,11,TRUE
Region 3,202551,202638,2026-10-02,40,13286,287577,453,4.36423,4.61998,2025,51,2025-12-14,2025-12-20,2025,2025-26,12,TRUE
Region 3,202552,202638,2026-10-02,39,20120,283285,454,6.44007,7.10239,2025,52,2025-12-21,2025-12-27,2025,2025-26,13,TRUE
Region 3,202553,202638,2026-10-02,38,19834,294169,457,6.22908,6.74238,2025,53,2025-12-28,2026-01-03,2025,2025-26,14,TRUE
Region 3,202601,202638,2026-10-02,37,15805,300821,456,4.9041,5.25396,2026,1,2026-01-04,2026-01-10,2025,2025-26,15,TRUE
Region 3,202602,202638,2026-10-02,36,12038,279712,458,4.06878,4.30371,2026,2,2026-01-11,2026-01-17,2025,2025-26,16,TRUE
Region 3,202603,202638,2026-10-02,35,10691,271496,459,3.62706,3.93781,2026,3,2026-01-18,2026-01-24,2025,2025-26,17,TRUE
Region 3,202604,202638,2026-10-02,34,7720,233862,457,3.01216,3.30109,2026,4,2026-01-25,2026-01-31,2025,2025-26,18,TRUE
Region 3,202605,202638,2026-10-02,33,6978,263175,460,2.46333,2.65147,2026,5,2026-02-01,2026-02-07,2025,2025-26,19,TRUE
Region 3,202606,202638,2026-10-02,32,7526,267459,459,2.68051,2.81389,2026,6,2026-02-08,2026-02-14,2025,2025-26,20,TRUE
Region 3,202607,202638,2026-10-02,31,9157,280529,460,3.09983,3.26419,2026,7,2026-02-15,2026-02-21,2025,2025-26,21,TRUE
Region 3,202608,202638,2026-10-02,30,8560,273341,456,2.91928,3.13162,2026,8,2026-02-22,2026-02-28,2025,2025-26,22,TRUE
Region 3,202609,202638,2026-10-02,29,8993,280875,455,2.9506,3.20178,2026,9,2026-03-01,2026-03-07,2025,2025-26,23,TRUE
Region 3,202610,202638,2026-10-02,28,7749,279428,446,2.59703,2.77317,2026,10,2026-03-08,2026-03-14,2025,2025-26,24,TRUE
Region 3,202611,202638,2026-10-02,27,6952,274517,457,2.39048,2.53245,2026,11,2026-03-15,2026-03-21,2025,2025-26,25,TRUE
Region 3,202612,202638,2026-10-02,26,6766,280076,451,2.29376,2.41577,2026,12,2026-03-22,2026-03-28,2025,2025-26,26,TRUE
Region 3,202613,202638,2026-10-02,25,5664,266589,447,2.02158,2.12462,2026,13,2026-03-29,2026-04-04,2025,2025-26,27,TRUE
Region 3,202614,202638,2026-10-02,24,4516,267854,442,1.63177,1.68599,2026,14,2026-04-05,2026-04-11,2025,2025-26,28,TRUE
Region 3,202615,202638,2026-10-02,23,4116,283698,451,1.37834,1.45084,2026,15,2026-04-12,2026-04-18,2025,2025-26,29,TRUE
Region 3,202616,202638,2026-10-02,22,3883,277551,450,1.32944,1.39902,2026,16,2026-04-19,2026-04-25,2025,2025-26,30,TRUE
Region 3,202617,202638,2026-10-02,21,4082,277710,450,1.40409,1.46988,2026,17,2026-04-26,2026-05-02,2025,2025-26,31,TRUE
Region 3,202618,202638,2026-10-02,20,4190,280438,442,1.42052,1.49409,2026,18,2026-05-03,2026-05-09,2025,2025-26,32,TRUE
Region 3,202619,202638,2026-10-02,19,4183,276958,444,1.4049,1.51034,2026,19,2026-05-10,2026-05-16,2025,2025-26,33,TRUE
Region 3,202620,202638,2026-10-02,18,3551,279075,440,1.17463,1.27242,2026,20,2026-05-17,2026-05-23,2025,2025-26,34,TRUE
Region 3,202621,202638,2026-10-02,17,3441,275389,443,1.17272,1.24951,2026,21,2026-05-24,2026-05-30,2025,2025-26,35,TRUE
Region 3,202622,202638,2026-10-02,16,3301,275629,440,1.1141,1.19762,2026,22,2026-05-31,2026-06-06,2025,2025-26,36,TRUE
Region 3,202623,202638,2026-10-02,15,2965,278031,440,1.00252,1.06643,2026,23,2026-06-07,2026-06-13,2025,2025-26,37,TRUE
Region 3,202624,202638,2026-10-02,14,2634,273805,441,0.903558,0.961999,2026,24,2026-06-14,2026-06-20,2025,2025-26,38,TRUE
Region 3,202625,202638,2026-10-02,13,2457,268654,438,0.87046,0.914559,2026,25,2026-06-21,2026-06-27,2025,2025-26,39,TRUE
Region 3,202626,202638,2026-10-02,12,2140,264411,441,0.766933,0.809346,2026,26,2026-06-28,2026-07-04,2025,2025-26,40,TRUE
Region 3,202627,202638,2026-10-02,11,2098,280349,441,0.713934,0.748353,2026,27,2026-07-05,2026-07-11,2025,2025-26,41,TRUE
Region 3,202628,202638,2026-10-02,10,1879,275072,438,0.637956,0.683094,2026,28,2026-07-12,2026-07-18,2025,2025-26,42,TRUE
Region 3,202629,202638,2026-10-02,9,1931,273403,433,0.667816,0.706283,2026,29,2026-07-19,2026-07-25,2025,2025-26,43,TRUE
Region 3,202630,202638,2026-10-02,8,1945,269981,433,0.662802,0.720421,2026,30,2026-07-26,2026-08-01,2025,2025-26,44,TRUE
Region 3,202631,202638,2026-10-02,7,1993,271527,434,0.695143,0.733997,2026,31,2026-08-02,2026-08-08,2025,2025-26,45,TRUE
Region 3,202632,202638,2026-10-02,6,1981,275650,435,0.666157,0.718665,2026,32,2026-08-09,2026-08-15,2025,2025-26,46,TRUE
Region 3,202633,202638,2026-10-02,5,2269,279908,437,0.742866,0.810623,2026,33,2026-08-16,2026-08-22,2025,2025-26,47,TRUE
Region 3,202634,202638,2026-10-02,4,2862,287554,431,0.918464,0.995291,2026,34,2026-08-23,2026-08-29,2025,2025-26,48,TRUE
Region 3,202635,202638,2026-10-02,3,3442,286944,434,1.11052,1.19954,2026,35,2026-08-30,2026-09-05,2025,2025-26,49,TRUE
Region 3,202636,202638,2026-10-02,2,4017,286564,436,1.32459,1.40178,2026,36,2026-09-06,2026-09-12,2025,2025-26,50,TRUE
Region 3,202637,202638,2026-10-02,1,4443,294561,445,1.42576,1.50835,2026,37,2026-09-13,2026-09-19,2025,2025-26,51,TRUE
Region 3,202638,202638,2026-10-02,0,4324,334481,431,1.34353,1.29275,2026,38,2026-09-20,2026-09-26,2025,2025-26,52,TRUE
Region 4,201940,202139,2021-10-08,104,5637,333469,561,1.67601,1.69041,2019,40,2019-09-29,2019-10-05,2019,2019-20,1,FALSE
Region 4,201941,202139,2021-10-08,103,5350,317589,557,1.63027,1.68457,2019,41,2019-10-06,2019-10-12,2019,2019-20,2,FALSE
Region 4,201942,202139,2021-10-08,102,5740,312547,571,1.81806,1.83652,2019,42,2019-10-13,2019-10-19,2019,2019-20,3,FALSE
Region 4,201943,202139,2021-10-08,101,6683,322052,574,1.96609,2.07513,2019,43,2019-10-20,2019-10-26,2019,2019-20,4,FALSE
Region 4,201944,202139,2021-10-08,100,7119,318970,580,2.29988,2.23187,2019,44,2019-10-27,2019-11-02,2019,2019-20,5,FALSE
Region 4,201945,202139,2021-10-08,99,8935,323507,584,2.87142,2.76192,2019,45,2019-11-03,2019-11-09,2019,2019-20,6,FALSE
Region 4,201946,202139,2021-10-08,98,9757,312438,579,3.13118,3.12286,2019,46,2019-11-10,2019-11-16,2019,2019-20,7,FALSE
Region 4,201947,202139,2021-10-08,97,11431,315660,566,3.34192,3.6213,2019,47,2019-11-17,2019-11-23,2019,2019-20,8,FALSE
Region 4,201948,202139,2021-10-08,96,12406,294185,572,4.19914,4.21707,2019,48,2019-11-24,2019-11-30,2019,2019-20,9,FALSE
Region 4,201949,202139,2021-10-08,95,13699,331928,578,4.02323,4.1271,2019,49,2019-12-01,2019-12-07,2019,2019-20,10,FALSE
Region 4,201950,202139,2021-10-08,94,16352,327920,576,4.98403,4.98658,2019,50,2019-12-08,2019-12-14,2019,2019-20,11,FALSE
Region 4,201951,202139,2021-10-08,93,22192,323950,554,6.39636,6.85044,2019,51,2019-12-15,2019-12-21,2019,2019-20,12,FALSE
Region 4,201952,202139,2021-10-08,92,30151,321196,559,8.76758,9.3871,2019,52,2019-12-22,2019-12-28,2019,2019-20,13,FALSE
Region 4,202001,202139,2021-10-08,91,24779,329997,567,6.82022,7.50886,2020,1,2019-12-29,2020-01-04,2019,2019-20,14,FALSE
Region 4,202002,202139,2021-10-08,90,18594,328884,568,5.20089,5.65367,2020,2,2020-01-05,2020-01-11,2019,2019-20,15,FALSE
Region 4,202003,202139,2021-10-08,89,19144,329714,572,5.42013,5.80624,2020,3,2020-01-12,2020-01-18,2019,2019-20,16,FALSE
Region 4,202004,202139,2021-10-08,88,19927,323507,578,6.44947,6.15968,2020,4,2020-01-19,2020-01-25,2019,2019-20,17,FALSE
Region 4,202005,202139,2021-10-08,87,25665,341710,567,7.46101,7.51075,2020,5,2020-01-26,2020-02-01,2019,2019-20,18,FALSE
Region 4,202006,202139,2021-10-08,86,27739,352320,571,7.30036,7.87324,2020,6,2020-02-02,2020-02-08,2019,2019-20,19,FALSE
Region 4,202007,202139,2021-10-08,85,21563,333820,566,6.32193,6.45947,2020,7,2020-02-09,2020-02-15,2019,2019-20,20,FALSE
Region 4,202008,202139,2021-10-08,84,15949,285204,575,5.35342,5.59214,2020,8,2020-02-16,2020-02-22,2019,2019-20,21,FALSE
Region 4,202009,202139,2021-10-08,83,15719,312984,569,4.80979,5.0223,2020,9,2020-02-23,2020-02-29,2019,2019-20,22,FALSE
Region 4,202010,202139,2021-10-08,82,17627,325467,561,5.39408,5.41591,2020,10,2020-03-01,2020-03-07,2019,2019-20,23,FALSE
Region 4,202011,202139,2021-10-08,81,20304,317578,541,5.81021,6.39339,2020,11,2020-03-08,2020-03-14,2019,2019-20,24,FALSE
Region 4,202012,202139,2021-10-08,80,17187,250982,540,5.93594,6.8479,2020,12,2020-03-15,2020-03-21,2019,2019-20,25,FALSE
Region 4,202013,202139,2021-10-08,79,10237,197767,536,4.26806,5.17629,2020,13,2020-03-22,2020-03-28,2019,2019-20,26,FALSE
Region 4,202014,202139,2021-10-08,78,5899,165974,520,3.05597,3.55417,2020,14,2020-03-29,2020-04-04,2019,2019-20,27,FALSE
Region 4,202015,202139,2021-10-08,77,4249,158966,517,2.04308,2.6729,2020,15,2020-04-05,2020-04-11,2019,2019-20,28,FALSE
Region 4,202016,202139,2021-10-08,76,3206,158324,511,1.65386,2.02496,2020,16,2020-04-12,2020-04-18,2019,2019-20,29,FALSE
Region 4,202017,202139,2021-10-08,75,2820,164158,498,1.25588,1.71786,2020,17,2020-04-19,2020-04-25,2019,2019-20,30,FALSE
Region 4,202018,202139,2021-10-08,74,2369,170489,500,0.999752,1.38953,2020,18,2020-04-26,2020-05-02,2019,2019-20,31,FALSE
Region 4,202019,202139,2021-10-08,73,2270,185599,502,0.863968,1.22307,2020,19,2020-05-03,2020-05-09,2019,2019-20,32,FALSE
Region 4,202020,202139,2021-10-08,72,2279,192838,500,0.846097,1.18182,2020,20,2020-05-10,2020-05-16,2019,2019-20,33,FALSE
Region 4,202021,202139,2021-10-08,71,3813,357789,834,1.0429,1.06571,2020,21,2020-05-17,2020-05-23,2019,2019-20,34,FALSE
Region 4,202022,202139,2021-10-08,70,3580,367726,830,0.961898,0.973551,2020,22,2020-05-24,2020-05-30,2019,2019-20,35,FALSE
Region 4,202023,202139,2021-10-08,69,3545,380594,824,0.922665,0.931439,2020,23,2020-05-31,2020-06-06,2019,2019-20,36,FALSE
Region 4,202024,202139,2021-10-08,68,4051,403010,828,0.945888,1.00519,2020,24,2020-06-07,2020-06-13,2019,2019-20,37,FALSE
Region 4,202025,202139,2021-10-08,67,6021,421230,827,1.33784,1.42939,2020,25,2020-06-14,2020-06-20,2019,2019-20,38,FALSE
Region 4,202026,202139,2021-10-08,66,8565,452182,825,1.6768,1.89415,2020,26,2020-06-21,2020-06-27,2019,2019-20,39,FALSE
Region 4,202027,202139,2021-10-08,65,10357,455386,820,2.03275,2.27433,2020,27,2020-06-28,2020-07-04,2019,2019-20,40,FALSE
Region 4,202028,202139,2021-10-08,64,11254,454089,816,2.28161,2.47837,2020,28,2020-07-05,2020-07-11,2019,2019-20,41,FALSE
Region 4,202029,202139,2021-10-08,63,10627,451654,815,2.17628,2.35291,2020,29,2020-07-12,2020-07-18,2019,2019-20,42,FALSE
Region 4,202030,202139,2021-10-08,62,8291,461844,873,1.79618,1.79519,2020,30,2020-07-19,2020-07-25,2019,2019-20,43,FALSE
Region 4,202031,202139,2021-10-08,61,7069,450748,883,1.5829,1.56828,2020,31,2020-07-26,2020-08-01,2019,2019-20,44,FALSE
Region 4,202032,202139,2021-10-08,60,6181,448859,882,1.41863,1.37705,2020,32,2020-08-02,2020-08-08,2019,2019-20,45,FALSE
Region 4,202033,202139,2021-10-08,59,5573,445743,873,1.29146,1.25027,2020,33,2020-08-09,2020-08-15,2019,2019-20,46,FALSE
Region 4,202034,202139,2021-10-08,58,5363,447874,877,1.2436,1.19743,2020,34,2020-08-16,2020-08-22,2019,2019-20,47,FALSE
Region 4,202035,202139,2021-10-08,57,5299,450293,868,1.22795,1.17679,2020,35,2020-08-23,2020-08-29,2019,2019-20,48,FALSE
Region 4,202036,202139,2021-10-08,56,5113,450797,869,1.17608,1.13421,2020,36,2020-08-30,2020-09-05,2019,2019-20,49,FALSE
Region 4,202037,202139,2021-10-08,55,5424,454854,875,1.21277,1.19247,2020,37,2020-09-06,2020-09-12,2019,2019-20,50,FALSE
Region 4,202038,202139,2021-10-08,54,5466,456860,880,1.22743,1.19643,2020,38,2020-09-13,2020-09-19,2019,2019-20,51,FALSE
Region 4,202039,202139,2021-10-08,53,5653,457142,876,1.25248,1.2366,2020,39,2020-09-20,2020-09-26,2019,2019-20,52,FALSE
Region 4,202040,202239,2022-10-07,104,5895,451980,908,1.32584,1.30426,2020,40,2020-09-27,2020-10-03,2020,2020-21,1,FALSE
Region 4,202041,202239,2022-10-07,103,7045,487673,918,1.4548,1.44462,2020,41,2020-10-04,2020-10-10,2020,2020-21,2,FALSE
Region 4,202042,202239,2022-10-07,102,6658,484775,918,1.4057,1.37342,2020,42,2020-10-11,2020-10-17,2020,2020-21,3,FALSE
Region 4,202043,202239,2022-10-07,101,6998,488266,956,1.46217,1.43324,2020,43,2020-10-18,2020-10-24,2020,2020-21,4,FALSE
Region 4,202044,202239,2022-10-07,100,6535,481366,951,1.36059,1.35759,2020,44,2020-10-25,2020-10-31,2020,2020-21,5,FALSE
Region 4,202045,202239,2022-10-07,99,7126,475723,947,1.53703,1.49793,2020,45,2020-11-01,2020-11-07,2020,2020-21,6,FALSE
Region 4,202046,202239,2022-10-07,98,7508,502099,950,1.53384,1.49532,2020,46,2020-11-08,2020-11-14,2020,2020-21,7,FALSE
Region 4,202047,202239,2022-10-07,97,7853,494219,942,1.66842,1.58897,2020,47,2020-11-15,2020-11-21,2020,2020-21,8,FALSE
Region 4,202048,202239,2022-10-07,96,7594,456196,940,1.71389,1.66464,2020,48,2020-11-22,2020-11-28,2020,2020-21,9,FALSE
Region 4,202049,202239,2022-10-07,95,8345,481987,947,1.7844,1.73137,2020,49,2020-11-29,2020-12-05,2020,2020-21,10,FALSE
Region 4,202050,202239,2022-10-07,94,8153,481139,941,1.76703,1.69452,2020,50,2020-12-06,2020-12-12,2020,2020-21,11,FALSE
Region 4,202051,202239,2022-10-07,93,8547,480349,931,1.8405,1.77933,2020,51,2020-12-13,2020-12-19,2020,2020-21,12,FALSE
Region 4,202052,202239,2022-10-07,92,7923,435189,932,1.89572,1.82059,2020,52,2020-12-20,2020-12-26,2020,2020-21,13,FALSE
Region 4,202053,202239,2022-10-07,91,9873,483410,923,2.10483,2.04237,2020,53,2020-12-27,2021-01-02,2020,2020-21,14,FALSE
Region 4,202101,202239,2022-10-07,90,9642,502541,928,1.96097,1.91865,2021,1,2021-01-03,2021-01-09,2020,2020-21,15,FALSE
Region 4,202102,202239,2022-10-07,89,8180,477000,926,1.75279,1.71488,2021,2,2021-01-10,2021-01-16,2020,2020-21,16,FALSE
Region 4,202103,202239,2022-10-07,88,7790,483545,929,1.60113,1.61102,2021,3,2021-01-17,2021-01-23,2020,2020-21,17,FALSE
Region 4,202104,202239,2022-10-07,87,7426,487598,931,1.52912,1.52298,2021,4,2021-01-24,2021-01-30,2020,2020-21,18,FALSE
Region 4,202105,202239,2022-10-07,86,6883,472976,926,1.45103,1.45525,2021,5,2021-01-31,2021-02-06,2020,2020-21,19,FALSE
Region 4,202106,202239,2022-10-07,85,6463,471503,911,1.33539,1.37072,2021,6,2021-02-07,2021-02-13,2020,2020-21,20,FALSE
Region 4,202107,202239,2022-10-07,84,5851,458580,920,1.21779,1.2759,2021,7,2021-02-14,2021-02-20,2020,2020-21,21,FALSE
Region 4,202108,202239,2022-10-07,83,5986,484747,919,1.204,1.23487,2021,8,2021-02-21,2021-02-27,2020,2020-21,22,FALSE
Region 4,202109,202239,2022-10-07,82,5837,487035,918,1.13724,1.19848,2021,9,2021-02-28,2021-03-06,2020,2020-21,23,FALSE
Region 4,202110,202239,2022-10-07,81,6260,489326,919,1.2152,1.27931,2021,10,2021-03-07,2021-03-13,2020,2020-21,24,FALSE
Region 4,202111,202239,2022-10-07,80,6406,489052,866,1.22765,1.30988,2021,11,2021-03-14,2021-03-20,2020,2020-21,25,FALSE
Region 4,202112,202239,2022-10-07,79,6716,507668,866,1.23574,1.32291,2021,12,2021-03-21,2021-03-27,2020,2020-21,26,FALSE
Region 4,202113,202239,2022-10-07,78,6956,504605,916,1.23258,1.3785,2021,13,2021-03-28,2021-04-03,2020,2020-21,27,FALSE
Region 4,202114,202239,2022-10-07,77,8011,526680,921,1.37601,1.52104,2021,14,2021-04-04,2021-04-10,2020,2020-21,28,FALSE
Region 4,202115,202239,2022-10-07,76,9036,546916,920,1.48665,1.65217,2021,15,2021-04-11,2021-04-17,2020,2020-21,29,FALSE
Region 4,202116,202239,2022-10-07,75,9332,534384,919,1.58289,1.74631,2021,16,2021-04-18,2021-04-24,2020,2020-21,30,FALSE
Region 4,202117,202239,2022-10-07,74,9525,534322,918,1.61119,1.78263,2021,17,2021-04-25,2021-05-01,2020,2020-21,31,FALSE
Region 4,202118,202239,2022-10-07,73,9650,501247,918,1.71324,1.9252,2021,18,2021-05-02,2021-05-08,2020,2020-21,32,FALSE
Region 4,202119,202239,2022-10-07,72,9554,484593,908,1.73934,1.97155,2021,19,2021-05-09,2021-05-15,2020,2020-21,33,FALSE
Region 4,202120,202239,2022-10-07,71,9922,522548,910,1.76078,1.89877,2021,20,2021-05-16,2021-05-22,2020,2020-21,34,FALSE
Region 4,202121,202239,2022-10-07,70,9333,521106,898,1.69585,1.791,2021,21,2021-05-23,2021-05-29,2020,2020-21,35,FALSE
Region 4,202122,202239,2022-10-07,69,9410,510431,904,1.73413,1.84354,2021,22,2021-05-30,2021-06-05,2020,2020-21,36,FALSE
Region 4,202123,202239,2022-10-07,68,8124,509214,898,1.50081,1.5954,2021,23,2021-06-06,2021-06-12,2020,2020-21,37,FALSE
Region 4,202124,202239,2022-10-07,67,7900,509180,899,1.46306,1.55151,2021,24,2021-06-13,2021-06-19,2020,2020-21,38,FALSE
Region 4,202125,202239,2022-10-07,66,7957,500539,895,1.49541,1.58969,2021,25,2021-06-20,2021-06-26,2020,2020-21,39,FALSE
Region 4,202126,202239,2022-10-07,65,8371,517118,893,1.5237,1.61878,2021,26,2021-06-27,2021-07-03,2020,2020-21,40,FALSE
Region 4,202127,202239,2022-10-07,64,9593,535696,890,1.67849,1.79075,2021,27,2021-07-04,2021-07-10,2020,2020-21,41,FALSE
Region 4,202128,202239,2022-10-07,63,11057,557178,892,1.83455,1.98446,2021,28,2021-07-11,2021-07-17,2020,2020-21,42,FALSE
Region 4,202129,202239,2022-10-07,62,14311,582098,893,2.28385,2.45852,2021,29,2021-07-18,2021-07-24,2020,2020-21,43,FALSE
Region 4,202130,202239,2022-10-07,61,17202,607277,895,2.58751,2.83264,2021,30,2021-07-25,2021-07-31,2020,2020-21,44,FALSE
Region 4,202131,202239,2022-10-07,60,18422,604295,886,2.79466,3.04851,2021,31,2021-08-01,2021-08-07,2020,2020-21,45,FALSE
Region 4,202132,202239,2022-10-07,59,19975,606930,879,3.10862,3.29115,2021,32,2021-08-08,2021-08-14,2020,2020-21,46,FALSE
Region 4,202133,202239,2022-10-07,58,21495,612343,887,3.36946,3.51029,2021,33,2021-08-15,2021-08-21,2020,2020-21,47,FALSE
Region 4,202134,202239,2022-10-07,57,20189,601755,878,3.24428,3.35502,2021,34,2021-08-22,2021-08-28,2020,2020-21,48,FALSE
Region 4,202135,202239,2022-10-07,56,17987,569762,877,3.04897,3.15693,2021,35,2021-08-29,2021-09-04,2020,2020-21,49,FALSE
Region 4,202136,202239,2022-10-07,55,16276,560124,889,2.80949,2.90579,2021,36,2021-09-05,2021-09-11,2020,2020-21,50,FALSE
Region 4,202137,202239,2022-10-07,54,12979,534324,894,2.31285,2.42905,2021,37,2021-09-12,2021-09-18,2020,2020-21,51,FALSE
Region 4,202138,202239,2022-10-07,53,11487,522801,896,2.07197,2.1972,2021,38,2021-09-19,2021-09-25,2020,2020-21,52,FALSE
Region 4,202139,202239,2022-10-07,52,11134,518569,893,2.03853,2.14706,2021,39,2021-09-26,2021-10-02,2020,2020-21,53,FALSE
Region 4,202140,202339,2023-10-06,103,11734,554760,976,2.05564,2.11515,2021,40,2021-10-03,2021-10-09,2021,2021-22,1,FALSE
Region 4,202141,202339,2023-10-06,102,11738,555690,980,2.05124,2.11233,2021,41,2021-10-10,2021-10-16,2021,2021-22,2,FALSE
Region 4,202142,202339,2023-10-06,101,11489,551158,982,2.00223,2.08452,2021,42,2021-10-17,2021-10-23,2021,2021-22,3,FALSE
Region 4,202143,202339,2023-10-06,100,11880,549119,974,2.07583,2.16347,2021,43,2021-10-24,2021-10-30,2021,2021-22,4,FALSE
Region 4,202144,202339,2023-10-06,99,13895,549812,971,2.41809,2.52723,2021,44,2021-10-31,2021-11-06,2021,2021-22,5,FALSE
Region 4,202145,202339,2023-10-06,98,15324,553967,976,2.69456,2.76623,2021,45,2021-11-07,2021-11-13,2021,2021-22,6,FALSE
Region 4,202146,202339,2023-10-06,97,16729,571095,976,2.88554,2.92928,2021,46,2021-11-14,2021-11-20,2021,2021-22,7,FALSE
Region 4,202147,202339,2023-10-06,96,15059,514820,981,2.87281,2.9251,2021,47,2021-11-21,2021-11-27,2021,2021-22,8,FALSE
Region 4,202148,202339,2023-10-06,95,17928,594596,989,3.01026,3.01516,2021,48,2021-11-28,2021-12-04,2021,2021-22,9,FALSE
Region 4,202149,202339,2023-10-06,94,18608,590591,985,3.14661,3.15074,2021,49,2021-12-05,2021-12-11,2021,2021-22,10,FALSE
Region 4,202150,202339,2023-10-06,93,22179,597546,984,3.67533,3.71168,2021,50,2021-12-12,2021-12-18,2021,2021-22,11,FALSE
Region 4,202151,202339,2023-10-06,92,28956,586103,974,4.87443,4.94043,2021,51,2021-12-19,2021-12-25,2021,2021-22,12,FALSE
Region 4,202152,202339,2023-10-06,91,43523,716776,974,6.02891,6.07205,2021,52,2021-12-26,2022-01-01,2021,2021-22,13,FALSE
Region 4,202201,202339,2023-10-06,90,35307,681387,975,5.11145,5.18164,2022,1,2022-01-02,2022-01-08,2021,2021-22,14,FALSE
Region 4,202202,202339,2023-10-06,89,26625,628208,976,4.26754,4.23825,2022,2,2022-01-09,2022-01-15,2021,2021-22,15,FALSE
Region 4,202203,202339,2023-10-06,88,18431,549690,978,3.37445,3.35298,2022,3,2022-01-16,2022-01-22,2021,2021-22,16,FALSE
Region 4,202204,202339,2023-10-06,87,13413,540596,973,2.50225,2.48115,2022,4,2022-01-23,2022-01-29,2021,2021-22,17,FALSE
Region 4,202205,202339,2023-10-06,86,10333,509597,951,2.02356,2.02768,2022,5,2022-01-30,2022-02-05,2021,2021-22,18,FALSE
Region 4,202206,202339,2023-10-06,85,9074,535905,973,1.67508,1.69321,2022,6,2022-02-06,2022-02-12,2021,2021-22,19,FALSE
Region 4,202207,202339,2023-10-06,84,9072,528592,977,1.70681,1.71626,2022,7,2022-02-13,2022-02-19,2021,2021-22,20,FALSE
Region 4,202208,202339,2023-10-06,83,9028,534850,974,1.67694,1.68795,2022,8,2022-02-20,2022-02-26,2021,2021-22,21,FALSE
Region 4,202209,202339,2023-10-06,82,8593,535770,970,1.59571,1.60386,2022,9,2022-02-27,2022-03-05,2021,2021-22,22,FALSE
Region 4,202210,202339,2023-10-06,81,8600,532771,972,1.60876,1.6142,2022,10,2022-03-06,2022-03-12,2021,2021-22,23,FALSE
Region 4,202211,202339,2023-10-06,80,9191,540775,971,1.69477,1.6996,2022,11,2022-03-13,2022-03-19,2021,2021-22,24,FALSE
Region 4,202212,202339,2023-10-06,79,9475,552316,967,1.70402,1.7155,2022,12,2022-03-20,2022-03-26,2021,2021-22,25,FALSE
Region 4,202213,202339,2023-10-06,78,10080,552808,964,1.83405,1.82342,2022,13,2022-03-27,2022-04-02,2021,2021-22,26,FALSE
Region 4,202214,202339,2023-10-06,77,10778,556729,960,1.92563,1.93595,2022,14,2022-04-03,2022-04-09,2021,2021-22,27,FALSE
Region 4,202215,202339,2023-10-06,76,12532,565466,963,2.17904,2.21623,2022,15,2022-04-10,2022-04-16,2021,2021-22,28,FALSE
Region 4,202216,202339,2023-10-06,75,13484,573281,967,2.25449,2.35208,2022,16,2022-04-17,2022-04-23,2021,2021-22,29,FALSE
Region 4,202217,202339,2023-10-06,74,14343,588000,966,2.3418,2.43929,2022,17,2022-04-24,2022-04-30,2021,2021-22,30,FALSE
Region 4,202218,202339,2023-10-06,73,15797,585295,952,2.54363,2.69898,2022,18,2022-05-01,2022-05-07,2021,2021-22,31,FALSE
Region 4,202219,202339,2023-10-06,72,18790,595301,960,2.87235,3.15639,2022,19,2022-05-08,2022-05-14,2021,2021-22,32,FALSE
Region 4,202220,202339,2023-10-06,71,21269,607341,958,3.13172,3.50199,2022,20,2022-05-15,2022-05-21,2021,2021-22,33,FALSE
Region 4,202221,202339,2023-10-06,70,23786,602822,946,3.42842,3.94578,2022,21,2022-05-22,2022-05-28,2021,2021-22,34,FALSE
Region 4,202222,202339,2023-10-06,69,23985,590991,930,3.53562,4.05844,2022,22,2022-05-29,2022-06-04,2021,2021-22,35,FALSE
Region 4,202223,202339,2023-10-06,68,19923,590696,941,2.95803,3.3728,2022,23,2022-06-05,2022-06-11,2021,2021-22,36,FALSE
Region 4,202224,202339,2023-10-06,67,17486,585489,942,2.66619,2.98656,2022,24,2022-06-12,2022-06-18,2021,2021-22,37,FALSE
Region 4,202225,202339,2023-10-06,66,15495,578301,938,2.42491,2.6794,2022,25,2022-06-19,2022-06-25,2021,2021-22,38,FALSE
Region 4,202226,202339,2023-10-06,65,14144,572466,937,2.29129,2.47071,2022,26,2022-06-26,2022-07-02,2021,2021-22,39,FALSE
Region 4,202227,202339,2023-10-06,64,14344,585568,936,2.29489,2.44959,2022,27,2022-07-03,2022-07-09,2021,2021-22,40,FALSE
Region 4,202228,202339,2023-10-06,63,13771,585454,932,2.20617,2.35219,2022,28,2022-07-10,2022-07-16,2021,2021-22,41,FALSE
Region 4,202229,202339,2023-10-06,62,13572,589234,937,2.17911,2.30333,2022,29,2022-07-17,2022-07-23,2021,2021-22,42,FALSE
Region 4,202230,202339,2023-10-06,61,13067,577420,932,2.13302,2.263,2022,30,2022-07-24,2022-07-30,2021,2021-22,43,FALSE
Region 4,202231,202339,2023-10-06,60,11626,588224,935,1.9104,1.97646,2022,31,2022-07-31,2022-08-06,2021,2021-22,44,FALSE
Region 4,202232,202339,2023-10-06,59,11716,569462,883,1.98545,2.05738,2022,32,2022-08-07,2022-08-13,2021,2021-22,45,FALSE
Region 4,202233,202339,2023-10-06,58,13526,583986,935,2.26145,2.31615,2022,33,2022-08-14,2022-08-20,2021,2021-22,46,FALSE
Region 4,202234,202339,2023-10-06,57,15614,598162,930,2.55186,2.61033,2022,34,2022-08-21,2022-08-27,2021,2021-22,47,FALSE
Region 4,202235,202339,2023-10-06,56,15856,598262,932,2.58358,2.65034,2022,35,2022-08-28,2022-09-03,2021,2021-22,48,FALSE
Region 4,202236,202339,2023-10-06,55,15839,590160,928,2.64235,2.68385,2022,36,2022-09-04,2022-09-10,2021,2021-22,49,FALSE
Region 4,202237,202339,2023-10-06,54,15054,586362,933,2.53113,2.56736,2022,37,2022-09-11,2022-09-17,2021,2021-22,50,FALSE
Region 4,202238,202339,2023-10-06,53,16932,585913,929,2.87071,2.88985,2022,38,2022-09-18,2022-09-24,2021,2021-22,51,FALSE
Region 4,202239,202339,2023-10-06,52,17337,550522,926,3.15105,3.14919,2022,39,2022-09-25,2022-10-01,2021,2021-22,52,FALSE
Region 4,202240,202439,2024-10-04,103,18479,573387,954,3.3234,3.22278,2022,40,2022-10-02,2022-10-08,2022,2022-23,1,TRUE
Region 4,202241,202439,2024-10-04,102,21222,581856,959,3.77676,3.64729,2022,41,2022-10-09,2022-10-15,2022,2022-23,2,TRUE
Region 4,202242,202439,2024-10-04,101,24994,587353,908,4.41828,4.25536,2022,42,2022-10-16,2022-10-22,2022,2022-23,3,TRUE
Region 4,202243,202439,2024-10-04,100,41196,633473,968,6.7729799999999996,6.5032,2022,43,2022-10-23,2022-10-29,2022,2022-23,4,TRUE
Region 4,202244,202439,2024-10-04,99,52015,654592,967,8.38326,7.94617,2022,44,2022-10-30,2022-11-05,2022,2022-23,5,TRUE
Region 4,202245,202439,2024-10-04,98,45495,618168,965,7.70163,7.35965,2022,45,2022-11-06,2022-11-12,2022,2022-23,6,TRUE
Region 4,202246,202439,2024-10-04,97,38190,603663,964,6.61419,6.32638,2022,46,2022-11-13,2022-11-19,2022,2022-23,7,TRUE
Region 4,202247,202439,2024-10-04,96,41473,570264,960,7.69109,7.2726,2022,47,2022-11-20,2022-11-26,2022,2022-23,8,TRUE
Region 4,202248,202439,2024-10-04,95,42407,629720,965,7.06694,6.73426,2022,48,2022-11-27,2022-12-03,2022,2022-23,9,TRUE
Region 4,202249,202439,2024-10-04,94,35237,606874,964,5.97598,5.80631,2022,49,2022-12-04,2022-12-10,2022,2022-23,10,TRUE
Region 4,202250,202439,2024-10-04,93,32948,590713,966,5.53813,5.57767,2022,50,2022-12-11,2022-12-17,2022,2022-23,11,TRUE
Region 4,202251,202439,2024-10-04,92,29606,537183,951,5.35598,5.51134,2022,51,2022-12-18,2022-12-24,2022,2022-23,12,TRUE
Region 4,202252,202439,2024-10-04,91,30801,564664,949,5.32419,5.45475,2022,52,2022-12-25,2022-12-31,2022,2022-23,13,TRUE
Region 4,202301,202439,2024-10-04,90,26789,618074,958,4.16861,4.33427,2023,1,2023-01-01,2023-01-07,2022,2022-23,14,TRUE
Region 4,202302,202439,2024-10-04,89,19430,577332,961,3.2503,3.36548,2023,2,2023-01-08,2023-01-14,2022,2022-23,15,TRUE
Region 4,202303,202439,2024-10-04,88,17826,572063,965,3.00183,3.11609,2023,3,2023-01-15,2023-01-21,2022,2022-23,16,TRUE
Region 4,202304,202439,2024-10-04,87,17854,574733,954,2.99918,3.10649,2023,4,2023-01-22,2023-01-28,2022,2022-23,17,TRUE
Region 4,202305,202439,2024-10-04,86,18190,582350,961,3.01855,3.12355,2023,5,2023-01-29,2023-02-04,2022,2022-23,18,TRUE
Region 4,202306,202439,2024-10-04,85,18554,599591,962,3.00188,3.09444,2023,6,2023-02-05,2023-02-11,2022,2022-23,19,TRUE
Region 4,202307,202439,2024-10-04,84,17310,589249,958,2.85429,2.93764,2023,7,2023-02-12,2023-02-18,2022,2022-23,20,TRUE
Region 4,202308,202439,2024-10-04,83,16585,600587,954,2.6609,2.76147,2023,8,2023-02-19,2023-02-25,2022,2022-23,21,TRUE
Region 4,202309,202439,2024-10-04,82,15411,597177,955,2.47839,2.58064,2023,9,2023-02-26,2023-03-04,2022,2022-23,22,TRUE
Region 4,202310,202439,2024-10-04,81,14829,592093,951,2.38381,2.50451,2023,10,2023-03-05,2023-03-11,2022,2022-23,23,TRUE
Region 4,202311,202439,2024-10-04,80,14594,576786,952,2.42996,2.53023,2023,11,2023-03-12,2023-03-18,2022,2022-23,24,TRUE
Region 4,202312,202439,2024-10-04,79,14942,598573,947,2.42316,2.49627,2023,12,2023-03-19,2023-03-25,2022,2022-23,25,TRUE
Region 4,202313,202439,2024-10-04,78,14370,602675,953,2.30487,2.38437,2023,13,2023-03-26,2023-04-01,2022,2022-23,26,TRUE
Region 4,202314,202439,2024-10-04,77,13379,585445,952,2.19365,2.28527,2023,14,2023-04-02,2023-04-08,2022,2022-23,27,TRUE
Region 4,202315,202439,2024-10-04,76,13307,585219,947,2.16484,2.27385,2023,15,2023-04-09,2023-04-15,2022,2022-23,28,TRUE
Region 4,202316,202439,2024-10-04,75,12757,595857,946,2.03867,2.14095,2023,16,2023-04-16,2023-04-22,2022,2022-23,29,TRUE
Region 4,202317,202439,2024-10-04,74,13026,586717,945,2.1098,2.22015,2023,17,2023-04-23,2023-04-29,2022,2022-23,30,TRUE
Region 4,202318,202439,2024-10-04,73,13095,583332,942,2.13635,2.24486,2023,18,2023-04-30,2023-05-06,2022,2022-23,31,TRUE
Region 4,202319,202439,2024-10-04,72,12870,583976,937,2.09229,2.20386,2023,19,2023-05-07,2023-05-13,2022,2022-23,32,TRUE
Region 4,202320,202439,2024-10-04,71,12523,580395,945,2.03578,2.15767,2023,20,2023-05-14,2023-05-20,2022,2022-23,33,TRUE
Region 4,202321,202439,2024-10-04,70,12011,562309,930,2.00432,2.13601,2023,21,2023-05-21,2023-05-27,2022,2022-23,34,TRUE
Region 4,202322,202439,2024-10-04,69,12674,561151,933,2.08716,2.25857,2023,22,2023-05-28,2023-06-03,2022,2022-23,35,TRUE
Region 4,202323,202439,2024-10-04,68,10638,555256,928,1.78652,1.91587,2023,23,2023-06-04,2023-06-10,2022,2022-23,36,TRUE
Region 4,202324,202439,2024-10-04,67,9416,548576,927,1.58759,1.71644,2023,24,2023-06-11,2023-06-17,2022,2022-23,37,TRUE
Region 4,202325,202439,2024-10-04,66,8606,542799,921,1.45858,1.58549,2023,25,2023-06-18,2023-06-24,2022,2022-23,38,TRUE
Region 4,202326,202439,2024-10-04,65,8099,555730,921,1.33955,1.45736,2023,26,2023-06-25,2023-07-01,2022,2022-23,39,TRUE
Region 4,202327,202439,2024-10-04,64,7930,549139,922,1.33058,1.44408,2023,27,2023-07-02,2023-07-08,2022,2022-23,40,TRUE
Region 4,202328,202439,2024-10-04,63,7983,560668,922,1.3165,1.42384,2023,28,2023-07-09,2023-07-15,2022,2022-23,41,TRUE
Region 4,202329,202439,2024-10-04,62,8125,559564,926,1.34687,1.45202,2023,29,2023-07-16,2023-07-22,2022,2022-23,42,TRUE
Region 4,202330,202439,2024-10-04,61,8705,552014,927,1.46363,1.57695,2023,30,2023-07-23,2023-07-29,2022,2022-23,43,TRUE
Region 4,202331,202439,2024-10-04,60,8887,548153,916,1.5098800000000001,1.62126,2023,31,2023-07-30,2023-08-05,2022,2022-23,44,TRUE
Region 4,202332,202439,2024-10-04,59,10038,560339,922,1.69479,1.79142,2023,32,2023-08-06,2023-08-12,2022,2022-23,45,TRUE
Region 4,202333,202439,2024-10-04,58,13107,582526,930,2.19192,2.25003,2023,33,2023-08-13,2023-08-19,2022,2022-23,46,TRUE
Region 4,202334,202439,2024-10-04,57,17363,609698,920,2.73191,2.8478,2023,34,2023-08-20,2023-08-26,2022,2022-23,47,TRUE
Region 4,202335,202439,2024-10-04,56,17147,584945,921,2.81842,2.93139,2023,35,2023-08-27,2023-09-02,2022,2022-23,48,TRUE
Region 4,202336,202439,2024-10-04,55,16455,595717,918,2.62666,2.76222,2023,36,2023-09-03,2023-09-09,2022,2022-23,49,TRUE
Region 4,202337,202439,2024-10-04,54,15359,582842,920,2.54177,2.63519,2023,37,2023-09-10,2023-09-16,2022,2022-23,50,TRUE
Region 4,202338,202439,2024-10-04,53,15677,580283,923,2.6094,2.70161,2023,38,2023-09-17,2023-09-23,2022,2022-23,51,TRUE
Region 4,202339,202439,2024-10-04,52,16160,575492,922,2.70027,2.80803,2023,39,2023-09-24,2023-09-30,2022,2022-23,52,TRUE
Region 4,202340,202538,2025-09-26,102,17810,593391,952,2.86023,3.00139,2023,40,2023-10-01,2023-10-07,2023,2023-24,1,TRUE
Region 4,202341,202538,2025-09-26,101,18374,586813,960,2.98154,3.13115,2023,41,2023-10-08,2023-10-14,2023,2023-24,2,TRUE
Region 4,202342,202538,2025-09-26,100,19368,580753,947,3.1502,3.33498,2023,42,2023-10-15,2023-10-21,2023,2023-24,3,TRUE
Region 4,202343,202538,2025-09-26,99,21976,601701,955,3.4604,3.65231,2023,43,2023-10-22,2023-10-28,2023,2023-24,4,TRUE
Region 4,202344,202538,2025-09-26,98,23637,594347,953,3.79498,3.97697,2023,44,2023-10-29,2023-11-04,2023,2023-24,5,TRUE
Region 4,202345,202538,2025-09-26,97,28831,619839,948,4.5542299999999996,4.65137,2023,45,2023-11-05,2023-11-11,2023,2023-24,6,TRUE
Region 4,202346,202538,2025-09-26,96,30047,621687,954,4.77541,4.83314,2023,46,2023-11-12,2023-11-18,2023,2023-24,7,TRUE
Region 4,202347,202538,2025-09-26,95,26403,541228,951,4.86348,4.87835,2023,47,2023-11-19,2023-11-25,2023,2023-24,8,TRUE
Region 4,202348,202538,2025-09-26,94,30217,617470,950,4.95204,4.89368,2023,48,2023-11-26,2023-12-02,2023,2023-24,9,TRUE
Region 4,202349,202538,2025-09-26,93,33977,621397,949,5.6019,5.46784,2023,49,2023-12-03,2023-12-09,2023,2023-24,10,TRUE
Region 4,202350,202538,2025-09-26,92,41553,616899,946,7.01478,6.73579,2023,50,2023-12-10,2023-12-16,2023,2023-24,11,TRUE
Region 4,202351,202538,2025-09-26,91,51792,622799,946,8.88081,8.31601,2023,51,2023-12-17,2023-12-23,2023,2023-24,12,TRUE
Region 4,202352,202538,2025-09-26,90,51492,596535,941,9.71012,8.63185,2023,52,2023-12-24,2023-12-30,2023,2023-24,13,TRUE
Region 4,202401,202538,2025-09-26,89,44135,613113,944,7.61163,7.19851,2024,1,2023-12-31,2024-01-06,2023,2023-24,14,TRUE
Region 4,202402,202538,2025-09-26,88,33618,580883,937,6.1319,5.7874,2024,2,2024-01-07,2024-01-13,2023,2023-24,15,TRUE
Region 4,202403,202538,2025-09-26,87,28446,554307,940,5.36187,5.13181,2024,3,2024-01-14,2024-01-20,2023,2023-24,16,TRUE
Region 4,202404,202538,2025-09-26,86,30486,599302,952,5.18,5.08692,2024,4,2024-01-21,2024-01-27,2023,2023-24,17,TRUE
Region 4,202405,202538,2025-09-26,85,28809,596387,944,4.83242,4.83059,2024,5,2024-01-28,2024-02-03,2023,2023-24,18,TRUE
Region 4,202406,202538,2025-09-26,84,30553,613400,947,5.01067,4.98093,2024,6,2024-02-04,2024-02-10,2023,2023-24,19,TRUE
Region 4,202407,202538,2025-09-26,83,27760,605413,943,4.63643,4.5853,2024,7,2024-02-11,2024-02-17,2023,2023-24,20,TRUE
Region 4,202408,202538,2025-09-26,82,26006,590374,938,4.48665,4.405,2024,8,2024-02-18,2024-02-24,2023,2023-24,21,TRUE
Region 4,202409,202538,2025-09-26,81,25087,602564,940,4.17916,4.16338,2024,9,2024-02-25,2024-03-02,2023,2023-24,22,TRUE
Region 4,202410,202538,2025-09-26,80,22016,602987,941,3.63364,3.65116,2024,10,2024-03-03,2024-03-09,2023,2023-24,23,TRUE
Region 4,202411,202538,2025-09-26,79,19661,589704,885,3.26975,3.33405,2024,11,2024-03-10,2024-03-16,2023,2023-24,24,TRUE
Region 4,202412,202538,2025-09-26,78,17767,574534,935,3.02241,3.09242,2024,12,2024-03-17,2024-03-23,2023,2023-24,25,TRUE
Region 4,202413,202538,2025-09-26,77,16755,565522,929,2.95008,2.96275,2024,13,2024-03-24,2024-03-30,2023,2023-24,26,TRUE
Region 4,202414,202538,2025-09-26,76,16090,581143,939,2.73598,2.76868,2024,14,2024-03-31,2024-04-06,2023,2023-24,27,TRUE
Region 4,202415,202538,2025-09-26,75,15163,579677,936,2.55504,2.61577,2024,15,2024-04-07,2024-04-13,2023,2023-24,28,TRUE
Region 4,202416,202538,2025-09-26,74,14110,593335,937,2.2955,2.37808,2024,16,2024-04-14,2024-04-20,2023,2023-24,29,TRUE
Region 4,202417,202538,2025-09-26,73,13944,580122,932,2.31086,2.40363,2024,17,2024-04-21,2024-04-27,2023,2023-24,30,TRUE
Region 4,202418,202538,2025-09-26,72,13490,583089,877,2.22728,2.31354,2024,18,2024-04-28,2024-05-04,2023,2023-24,31,TRUE
Region 4,202419,202538,2025-09-26,71,12632,574599,927,2.11026,2.1984,2024,19,2024-05-05,2024-05-11,2023,2023-24,32,TRUE
Region 4,202420,202538,2025-09-26,70,12614,566869,924,2.13388,2.22521,2024,20,2024-05-12,2024-05-18,2023,2023-24,33,TRUE
Region 4,202421,202538,2025-09-26,69,12067,560605,913,2.02754,2.1525,2024,21,2024-05-19,2024-05-25,2023,2023-24,34,TRUE
Region 4,202422,202538,2025-09-26,68,12002,562315,906,1.99547,2.13439,2024,22,2024-05-26,2024-06-01,2023,2023-24,35,TRUE
Region 4,202423,202538,2025-09-26,67,11047,555225,897,1.84101,1.98964,2024,23,2024-06-02,2024-06-08,2023,2023-24,36,TRUE
Region 4,202424,202538,2025-09-26,66,9910,547436,902,1.68818,1.81026,2024,24,2024-06-09,2024-06-15,2023,2023-24,37,TRUE
Region 4,202425,202538,2025-09-26,65,9946,546208,901,1.67544,1.82092,2024,25,2024-06-16,2024-06-22,2023,2023-24,38,TRUE
Region 4,202426,202538,2025-09-26,64,10079,543891,842,1.70831,1.85313,2024,26,2024-06-23,2024-06-29,2023,2023-24,39,TRUE
Region 4,202427,202538,2025-09-26,63,9780,531780,900,1.67654,1.83911,2024,27,2024-06-30,2024-07-06,2023,2023-24,40,TRUE
Region 4,202428,202538,2025-09-26,62,10762,562175,848,1.75569,1.91435,2024,28,2024-07-07,2024-07-13,2023,2023-24,41,TRUE
Region 4,202429,202538,2025-09-26,61,10852,547049,846,1.84355,1.98373,2024,29,2024-07-14,2024-07-20,2023,2023-24,42,TRUE
Region 4,202430,202538,2025-09-26,60,10806,543286,898,1.84643,1.98901,2024,30,2024-07-21,2024-07-27,2023,2023-24,43,TRUE
Region 4,202431,202538,2025-09-26,59,10926,547595,902,1.91666,1.99527,2024,31,2024-07-28,2024-08-03,2023,2023-24,44,TRUE
Region 4,202432,202538,2025-09-26,58,11138,547870,903,2.0038,2.03296,2024,32,2024-08-04,2024-08-10,2023,2023-24,45,TRUE
Region 4,202433,202538,2025-09-26,57,11961,563177,892,2.13019,2.12384,2024,33,2024-08-11,2024-08-17,2023,2023-24,46,TRUE
Region 4,202434,202538,2025-09-26,56,14065,565446,898,2.49169,2.48742,2024,34,2024-08-18,2024-08-24,2023,2023-24,47,TRUE
Region 4,202435,202538,2025-09-26,55,15539,584022,907,2.60207,2.6606900000000002,2024,35,2024-08-25,2024-08-31,2023,2023-24,48,TRUE
Region 4,202436,202538,2025-09-26,54,14753,579216,903,2.46664,2.54706,2024,36,2024-09-01,2024-09-07,2023,2023-24,49,TRUE
Region 4,202437,202538,2025-09-26,53,13311,562965,841,2.29739,2.36445,2024,37,2024-09-08,2024-09-14,2023,2023-24,50,TRUE
Region 4,202438,202538,2025-09-26,52,13597,581674,899,2.24425,2.33756,2024,38,2024-09-15,2024-09-21,2023,2023-24,51,TRUE
Region 4,202439,202538,2025-09-26,51,13322,555685,899,2.30903,2.3974,2024,39,2024-09-22,2024-09-28,2023,2023-24,52,TRUE
Region 4,202440,202638,2026-10-02,103,13803,683827,973,2.17845,2.01849,2024,40,2024-09-29,2024-10-05,2024,2024-25,1,TRUE
Region 4,202441,202638,2026-10-02,102,13213,644065,966,2.23404,2.0515,2024,41,2024-10-06,2024-10-12,2024,2024-25,2,TRUE
Region 4,202442,202638,2026-10-02,101,13647,662556,968,2.23408,2.05975,2024,42,2024-10-13,2024-10-19,2024,2024-25,3,TRUE
Region 4,202443,202638,2026-10-02,100,15774,683217,963,2.52103,2.30878,2024,43,2024-10-20,2024-10-26,2024,2024-25,4,TRUE
Region 4,202444,202638,2026-10-02,99,17042,687309,915,2.68906,2.47953,2024,44,2024-10-27,2024-11-02,2024,2024-25,5,TRUE
Region 4,202445,202638,2026-10-02,98,19103,697950,968,2.97558,2.73702,2024,45,2024-11-03,2024-11-09,2024,2024-25,6,TRUE
Region 4,202446,202638,2026-10-02,97,20116,688139,968,3.20796,2.92325,2024,46,2024-11-10,2024-11-16,2024,2024-25,7,TRUE
Region 4,202447,202638,2026-10-02,96,20782,681900,966,3.33504,3.04766,2024,47,2024-11-17,2024-11-23,2024,2024-25,8,TRUE
Region 4,202448,202638,2026-10-02,95,20723,602574,967,3.66844,3.43908,2024,48,2024-11-24,2024-11-30,2024,2024-25,9,TRUE
Region 4,202449,202638,2026-10-02,94,22404,678407,963,3.67177,3.30244,2024,49,2024-12-01,2024-12-07,2024,2024-25,10,TRUE
Region 4,202450,202638,2026-10-02,93,25837,692705,963,4.17954,3.72987,2024,50,2024-12-08,2024-12-14,2024,2024-25,11,TRUE
Region 4,202451,202638,2026-10-02,92,34495,698242,959,5.54815,4.94026,2024,51,2024-12-15,2024-12-21,2024,2024-25,12,TRUE
Region 4,202452,202638,2026-10-02,91,45952,640800,959,7.58592,7.17104,2024,52,2024-12-22,2024-12-28,2024,2024-25,13,TRUE
Region 4,202501,202638,2026-10-02,90,43730,687056,968,6.86933,6.36484,2025,1,2024-12-29,2025-01-04,2024,2024-25,14,TRUE
Region 4,202502,202638,2026-10-02,89,34393,625213,966,5.84796,5.50101,2025,2,2025-01-05,2025-01-11,2024,2024-25,15,TRUE
Region 4,202503,202638,2026-10-02,88,40332,699861,966,6.51391,5.76286,2025,3,2025-01-12,2025-01-18,2024,2024-25,16,TRUE
Region 4,202504,202638,2026-10-02,87,47027,660919,965,8.11325,7.1154,2025,4,2025-01-19,2025-01-25,2024,2024-25,17,TRUE
Region 4,202505,202638,2026-10-02,86,57293,740036,958,8.79,7.74192,2025,5,2025-01-26,2025-02-01,2024,2024-25,18,TRUE
Region 4,202506,202638,2026-10-02,85,57122,745687,964,8.31849,7.66032,2025,6,2025-02-02,2025-02-08,2024,2024-25,19,TRUE
Region 4,202507,202638,2026-10-02,84,43027,688136,963,6.5371,6.25269,2025,7,2025-02-09,2025-02-15,2024,2024-25,20,TRUE
Region 4,202508,202638,2026-10-02,83,33120,647505,958,5.30729,5.11502,2025,8,2025-02-16,2025-02-22,2024,2024-25,21,TRUE
Region 4,202509,202638,2026-10-02,82,29260,687698,964,4.6062,4.25477,2025,9,2025-02-23,2025-03-01,2024,2024-25,22,TRUE
Region 4,202510,202638,2026-10-02,81,26701,673412,962,4.27648,3.96503,2025,10,2025-03-02,2025-03-08,2024,2024-25,23,TRUE
Region 4,202511,202638,2026-10-02,80,24954,687202,958,3.85922,3.63125,2025,11,2025-03-09,2025-03-15,2024,2024-25,24,TRUE
Region 4,202512,202638,2026-10-02,79,20049,683179,956,3.11812,2.93466,2025,12,2025-03-16,2025-03-22,2024,2024-25,25,TRUE
Region 4,202513,202638,2026-10-02,78,17488,669509,959,2.78217,2.61206,2025,13,2025-03-23,2025-03-29,2024,2024-25,26,TRUE
Region 4,202514,202638,2026-10-02,77,14383,652732,952,2.3278,2.20351,2025,14,2025-03-30,2025-04-05,2024,2024-25,27,TRUE
Region 4,202515,202638,2026-10-02,76,12868,655018,959,2.13994,1.96453,2025,15,2025-04-06,2025-04-12,2024,2024-25,28,TRUE
Region 4,202516,202638,2026-10-02,75,12732,658641,958,2.11518,1.93307,2025,16,2025-04-13,2025-04-19,2024,2024-25,29,TRUE
Region 4,202517,202638,2026-10-02,74,12918,677813,958,2.07212,1.90584,2025,17,2025-04-20,2025-04-26,2024,2024-25,30,TRUE
Region 4,202518,202638,2026-10-02,73,12153,670671,950,1.9795,1.81207,2025,18,2025-04-27,2025-05-03,2024,2024-25,31,TRUE
Region 4,202519,202638,2026-10-02,72,11893,660840,954,1.98146,1.79968,2025,19,2025-05-04,2025-05-10,2024,2024-25,32,TRUE
Region 4,202520,202638,2026-10-02,71,11367,656824,948,1.89415,1.7306,2025,20,2025-05-11,2025-05-17,2024,2024-25,33,TRUE
Region 4,202521,202638,2026-10-02,70,11391,654261,937,1.89746,1.74105,2025,21,2025-05-18,2025-05-24,2024,2024-25,34,TRUE
Region 4,202522,202638,2026-10-02,69,10976,626965,948,1.87535,1.75066,2025,22,2025-05-25,2025-05-31,2024,2024-25,35,TRUE
Region 4,202523,202638,2026-10-02,68,9944,641554,887,1.68536,1.54999,2025,23,2025-06-01,2025-06-07,2024,2024-25,36,TRUE
Region 4,202524,202638,2026-10-02,67,8500,637136,957,1.44341,1.3341,2025,24,2025-06-08,2025-06-14,2024,2024-25,37,TRUE
Region 4,202525,202638,2026-10-02,66,7772,628667,950,1.33999,1.23627,2025,25,2025-06-15,2025-06-21,2024,2024-25,38,TRUE
Region 4,202526,202638,2026-10-02,65,7259,626963,947,1.23609,1.1578,2025,26,2025-06-22,2025-06-28,2024,2024-25,39,TRUE
Region 4,202527,202638,2026-10-02,64,6538,598364,947,1.14932,1.09265,2025,27,2025-06-29,2025-07-05,2024,2024-25,40,TRUE
Region 4,202528,202638,2026-10-02,63,7169,646044,941,1.19254,1.10968,2025,28,2025-07-06,2025-07-12,2024,2024-25,41,TRUE
Region 4,202529,202638,2026-10-02,62,6622,633064,946,1.13102,1.04602,2025,29,2025-07-13,2025-07-19,2024,2024-25,42,TRUE
Region 4,202530,202638,2026-10-02,61,6732,631665,939,1.12905,1.06575,2025,30,2025-07-20,2025-07-26,2024,2024-25,43,TRUE
Region 4,202531,202638,2026-10-02,60,7110,630764,887,1.21765,1.1272,2025,31,2025-07-27,2025-08-02,2024,2024-25,44,TRUE
Region 4,202532,202638,2026-10-02,59,7556,632291,948,1.32702,1.19502,2025,32,2025-08-03,2025-08-09,2024,2024-25,45,TRUE
Region 4,202533,202638,2026-10-02,58,8477,652032,889,1.46756,1.30009,2025,33,2025-08-10,2025-08-16,2024,2024-25,46,TRUE
Region 4,202534,202638,2026-10-02,57,12223,673580,948,2.03226,1.81463,2025,34,2025-08-17,2025-08-23,2024,2024-25,47,TRUE
Region 4,202535,202638,2026-10-02,56,15018,679981,948,2.43055,2.20859,2025,35,2025-08-24,2025-08-30,2024,2024-25,48,TRUE
Region 4,202536,202638,2026-10-02,55,14295,660899,949,2.30926,2.16296,2025,36,2025-08-31,2025-09-06,2024,2024-25,49,TRUE
Region 4,202537,202638,2026-10-02,54,12429,658882,939,2.09074,1.88638,2025,37,2025-09-07,2025-09-13,2024,2024-25,50,TRUE
Region 4,202538,202638,2026-10-02,53,11565,656522,940,1.98017,1.76156,2025,38,2025-09-14,2025-09-20,2024,2024-25,51,TRUE
Region 4,202539,202638,2026-10-02,52,11159,665938,940,1.82518,1.67568,2025,39,2025-09-21,2025-09-27,2024,2024-25,52,TRUE
Region 4,202540,202638,2026-10-02,51,11254,678252,969,1.82616,1.65927,2025,40,2025-09-28,2025-10-04,2025,2025-26,1,TRUE
Region 4,202541,202638,2026-10-02,50,11313,668112,967,1.84342,1.69328,2025,41,2025-10-05,2025-10-11,2025,2025-26,2,TRUE
Region 4,202542,202638,2026-10-02,49,11469,670532,967,1.87992,1.71043,2025,42,2025-10-12,2025-10-18,2025,2025-26,3,TRUE
Region 4,202543,202638,2026-10-02,48,11663,664466,965,1.93179,1.75524,2025,43,2025-10-19,2025-10-25,2025,2025-26,4,TRUE
Region 4,202544,202638,2026-10-02,47,11961,647874,963,2.05413,1.84619,2025,44,2025-10-26,2025-11-01,2025,2025-26,5,TRUE
Region 4,202545,202638,2026-10-02,46,14697,676592,968,2.43104,2.17221,2025,45,2025-11-02,2025-11-08,2025,2025-26,6,TRUE
Region 4,202546,202638,2026-10-02,45,15146,665735,966,2.52809,2.27508,2025,46,2025-11-09,2025-11-15,2025,2025-26,7,TRUE
Region 4,202547,202638,2026-10-02,44,17690,692559,967,2.7952,2.5543,2025,47,2025-11-16,2025-11-22,2025,2025-26,8,TRUE
Region 4,202548,202638,2026-10-02,43,17131,592181,960,3.02652,2.89287,2025,48,2025-11-23,2025-11-29,2025,2025-26,9,TRUE
Region 4,202549,202638,2026-10-02,42,19697,679104,968,3.18723,2.90044,2025,49,2025-11-30,2025-12-06,2025,2025-26,10,TRUE
Region 4,202550,202638,2026-10-02,41,23418,672795,969,3.8449,3.4807,2025,50,2025-12-07,2025-12-13,2025,2025-26,11,TRUE
Region 4,202551,202638,2026-10-02,40,38522,695990,963,6.21368,5.53485,2025,51,2025-12-14,2025-12-20,2025,2025-26,12,TRUE
Region 4,202552,202638,2026-10-02,39,58023,665448,957,9.35534,8.71939,2025,52,2025-12-21,2025-12-27,2025,2025-26,13,TRUE
Region 4,202553,202638,2026-10-02,38,48834,672157,952,7.90974,7.26527,2025,53,2025-12-28,2026-01-03,2025,2025-26,14,TRUE
Region 4,202601,202638,2026-10-02,37,37155,722771,961,5.71572,5.14063,2026,1,2026-01-04,2026-01-10,2025,2025-26,15,TRUE
Region 4,202602,202638,2026-10-02,36,28073,673722,956,4.55205,4.16685,2026,2,2026-01-11,2026-01-17,2025,2025-26,16,TRUE
Region 4,202603,202638,2026-10-02,35,30030,663342,957,4.9071,4.52708,2026,3,2026-01-18,2026-01-24,2025,2025-26,17,TRUE
Region 4,202604,202638,2026-10-02,34,27439,585913,959,5.065,4.68312,2026,4,2026-01-25,2026-01-31,2025,2025-26,18,TRUE
Region 4,202605,202638,2026-10-02,33,30029,661181,960,5.0423,4.54172,2026,5,2026-02-01,2026-02-07,2025,2025-26,19,TRUE
Region 4,202606,202638,2026-10-02,32,34478,704173,959,5.3541,4.89624,2026,6,2026-02-08,2026-02-14,2025,2025-26,20,TRUE
Region 4,202607,202638,2026-10-02,31,32640,713210,957,4.97904,4.57649,2026,7,2026-02-15,2026-02-21,2025,2025-26,21,TRUE
Region 4,202608,202638,2026-10-02,30,27151,683694,958,4.28492,3.97122,2026,8,2026-02-22,2026-02-28,2025,2025-26,22,TRUE
Region 4,202609,202638,2026-10-02,29,27570,710726,962,4.05874,3.87913,2026,9,2026-03-01,2026-03-07,2025,2025-26,23,TRUE
Region 4,202610,202638,2026-10-02,28,22234,700382,960,3.34407,3.17455,2026,10,2026-03-08,2026-03-14,2025,2025-26,24,TRUE
Region 4,202611,202638,2026-10-02,27,17815,671444,962,2.8605,2.65324,2026,11,2026-03-15,2026-03-21,2025,2025-26,25,TRUE
Region 4,202612,202638,2026-10-02,26,16864,695918,959,2.60179,2.42327,2026,12,2026-03-22,2026-03-28,2025,2025-26,26,TRUE
Region 4,202613,202638,2026-10-02,25,14752,676045,962,2.36975,2.1821,2026,13,2026-03-29,2026-04-04,2025,2025-26,27,TRUE
Region 4,202614,202638,2026-10-02,24,12915,664250,956,2.1428,1.9443,2026,14,2026-04-05,2026-04-11,2025,2025-26,28,TRUE
Region 4,202615,202638,2026-10-02,23,12075,684890,958,1.96666,1.76306,2026,15,2026-04-12,2026-04-18,2025,2025-26,29,TRUE
Region 4,202616,202638,2026-10-02,22,11386,674659,954,1.87657,1.68767,2026,16,2026-04-19,2026-04-25,2025,2025-26,30,TRUE
Region 4,202617,202638,2026-10-02,21,10732,661230,948,1.79664,1.62304,2026,17,2026-04-26,2026-05-02,2025,2025-26,31,TRUE
Region 4,202618,202638,2026-10-02,20,10460,656998,950,1.75618,1.59209,2026,18,2026-05-03,2026-05-09,2025,2025-26,32,TRUE
Region 4,202619,202638,2026-10-02,19,10674,657265,953,1.79797,1.624,2026,19,2026-05-10,2026-05-16,2025,2025-26,33,TRUE
Region 4,202620,202638,2026-10-02,18,10010,650633,946,1.70867,1.5385,2026,20,2026-05-17,2026-05-23,2025,2025-26,34,TRUE
Region 4,202621,202638,2026-10-02,17,9491,637976,943,1.60546,1.48767,2026,21,2026-05-24,2026-05-30,2025,2025-26,35,TRUE
Region 4,202622,202638,2026-10-02,16,8260,643577,951,1.42003,1.28345,2026,22,2026-05-31,2026-06-06,2025,2025-26,36,TRUE
Region 4,202623,202638,2026-10-02,15,7218,641829,945,1.23624,1.1246,2026,23,2026-06-07,2026-06-13,2025,2025-26,37,TRUE
Region 4,202624,202638,2026-10-02,14,6551,634795,951,1.14464,1.03199,2026,24,2026-06-14,2026-06-20,2025,2025-26,38,TRUE
Region 4,202625,202638,2026-10-02,13,5773,626179,948,1.009,0.921941,2026,25,2026-06-21,2026-06-27,2025,2025-26,39,TRUE
Region 4,202626,202638,2026-10-02,12,5505,584898,946,0.98747,0.94119,2026,26,2026-06-28,2026-07-04,2025,2025-26,40,TRUE
Region 4,202627,202638,2026-10-02,11,5455,616991,946,0.935306,0.88413,2026,27,2026-07-05,2026-07-11,2025,2025-26,41,TRUE
Region 4,202628,202638,2026-10-02,10,5363,612563,945,0.924201,0.875502,2026,28,2026-07-12,2026-07-18,2025,2025-26,42,TRUE
Region 4,202629,202638,2026-10-02,9,5300,609930,947,0.917673,0.868952,2026,29,2026-07-19,2026-07-25,2025,2025-26,43,TRUE
Region 4,202630,202638,2026-10-02,8,5308,604119,942,0.927729,0.878635,2026,30,2026-07-26,2026-08-01,2025,2025-26,44,TRUE
Region 4,202631,202638,2026-10-02,7,5547,606194,944,0.971369,0.915054,2026,31,2026-08-02,2026-08-08,2025,2025-26,45,TRUE
Region 4,202632,202638,2026-10-02,6,6443,617820,946,1.11189,1.04286,2026,32,2026-08-09,2026-08-15,2025,2025-26,46,TRUE
Region 4,202633,202638,2026-10-02,5,8545,656463,946,1.43502,1.30167,2026,33,2026-08-16,2026-08-22,2025,2025-26,47,TRUE
Region 4,202634,202638,2026-10-02,4,11164,676472,941,1.7954,1.65033,2026,34,2026-08-23,2026-08-29,2025,2025-26,48,TRUE
Region 4,202635,202638,2026-10-02,3,11917,674519,939,1.96592,1.76674,2026,35,2026-08-30,2026-09-05,2025,2025-26,49,TRUE
Region 4,202636,202638,2026-10-02,2,11741,656410,932,1.93076,1.78867,2026,36,2026-09-06,2026-09-12,2025,2025-26,50,TRUE
Region 4,202637,202638,2026-10-02,1,11635,669620,920,1.90918,1.73755,2026,37,2026-09-13,2026-09-19,2025,2025-26,51,TRUE
Region 4,202638,202638,2026-10-02,0,12344,664706,922,2.01082,1.85706,2026,38,2026-09-20,2026-09-26,2025,2025-26,52,TRUE
Region 5,201940,202139,2021-10-08,104,1912,161636,391,1.11084,1.1829,2019,40,2019-09-29,2019-10-05,2019,2019-20,1,FALSE
Region 5,201941,202139,2021-10-08,103,2131,154958,396,1.268,1.37521,2019,41,2019-10-06,2019-10-12,2019,2019-20,2,FALSE
Region 5,201942,202139,2021-10-08,102,2310,159316,396,1.27061,1.44995,2019,42,2019-10-13,2019-10-19,2019,2019-20,3,FALSE
Region 5,201943,202139,2021-10-08,101,2586,169950,410,1.36856,1.52162,2019,43,2019-10-20,2019-10-26,2019,2019-20,4,FALSE
Region 5,201944,202139,2021-10-08,100,2566,165714,409,1.42243,1.54845,2019,44,2019-10-27,2019-11-02,2019,2019-20,5,FALSE
Region 5,201945,202139,2021-10-08,99,2721,169681,415,1.47042,1.6036,2019,45,2019-11-03,2019-11-09,2019,2019-20,6,FALSE
Region 5,201946,202139,2021-10-08,98,2707,163563,416,1.53858,1.65502,2019,46,2019-11-10,2019-11-16,2019,2019-20,7,FALSE
Region 5,201947,202139,2021-10-08,97,3002,168826,414,1.62911,1.77816,2019,47,2019-11-17,2019-11-23,2019,2019-20,8,FALSE
Region 5,201948,202139,2021-10-08,96,3082,146108,416,1.97596,2.1094,2019,48,2019-11-24,2019-11-30,2019,2019-20,9,FALSE
Region 5,201949,202139,2021-10-08,95,3842,174791,417,2.06425,2.19805,2019,49,2019-12-01,2019-12-07,2019,2019-20,10,FALSE
Region 5,201950,202139,2021-10-08,94,4254,164593,410,2.39678,2.58456,2019,50,2019-12-08,2019-12-14,2019,2019-20,11,FALSE
Region 5,201951,202139,2021-10-08,93,5248,153355,413,3.24537,3.42213,2019,51,2019-12-15,2019-12-21,2019,2019-20,12,FALSE
Region 5,201952,202139,2021-10-08,92,6666,133022,408,4.76058,5.0112,2019,52,2019-12-22,2019-12-28,2019,2019-20,13,FALSE
Region 5,202001,202139,2021-10-08,91,6370,155375,414,3.35523,4.09976,2020,1,2019-12-29,2020-01-04,2019,2019-20,14,FALSE
Region 5,202002,202139,2021-10-08,90,5880,168702,417,2.98361,3.48544,2020,2,2020-01-05,2020-01-11,2019,2019-20,15,FALSE
Region 5,202003,202139,2021-10-08,89,6037,167746,417,3.08637,3.59889,2020,3,2020-01-12,2020-01-18,2019,2019-20,16,FALSE
Region 5,202004,202139,2021-10-08,88,7832,170810,422,4.15569,4.58521,2020,4,2020-01-19,2020-01-25,2019,2019-20,17,FALSE
Region 5,202005,202139,2021-10-08,87,10136,179503,415,5.04498,5.6467,2020,5,2020-01-26,2020-02-01,2019,2019-20,18,FALSE
Region 5,202006,202139,2021-10-08,86,11030,180071,419,5.52929,6.12536,2020,6,2020-02-02,2020-02-08,2019,2019-20,19,FALSE
Region 5,202007,202139,2021-10-08,85,9740,171069,415,5.19919,5.69361,2020,7,2020-02-09,2020-02-15,2019,2019-20,20,FALSE
Region 5,202008,202139,2021-10-08,84,9082,172047,409,4.70476,5.27879,2020,8,2020-02-16,2020-02-22,2019,2019-20,21,FALSE
Region 5,202009,202139,2021-10-08,83,8142,167693,406,4.48355,4.8553,2020,9,2020-02-23,2020-02-29,2019,2019-20,22,FALSE
Region 5,202010,202139,2021-10-08,82,8156,172503,410,4.31036,4.72803,2020,10,2020-03-01,2020-03-07,2019,2019-20,23,FALSE
Region 5,202011,202139,2021-10-08,81,8269,153231,394,4.41532,5.39643,2020,11,2020-03-08,2020-03-14,2019,2019-20,24,FALSE
Region 5,202012,202139,2021-10-08,80,6726,111660,396,4.55319,6.02364,2020,12,2020-03-15,2020-03-21,2019,2019-20,25,FALSE
Region 5,202013,202139,2021-10-08,79,3594,82297,378,3.04476,4.36711,2020,13,2020-03-22,2020-03-28,2019,2019-20,26,FALSE
Region 5,202014,202139,2021-10-08,78,2406,73515,371,2.28111,3.2728,2020,14,2020-03-29,2020-04-04,2019,2019-20,27,FALSE
Region 5,202015,202139,2021-10-08,77,1929,78860,380,1.72589,2.44611,2020,15,2020-04-05,2020-04-11,2019,2019-20,28,FALSE
Region 5,202016,202139,2021-10-08,76,1658,80783,378,1.43316,2.05241,2020,16,2020-04-12,2020-04-18,2019,2019-20,29,FALSE
Region 5,202017,202139,2021-10-08,75,1679,90504,377,1.46124,1.85517,2020,17,2020-04-19,2020-04-25,2019,2019-20,30,FALSE
Region 5,202018,202139,2021-10-08,74,1550,93792,368,1.29092,1.65259,2020,18,2020-04-26,2020-05-02,2019,2019-20,31,FALSE
Region 5,202019,202139,2021-10-08,73,1427,94206,355,1.21509,1.51477,2020,19,2020-05-03,2020-05-09,2019,2019-20,32,FALSE
Region 5,202020,202139,2021-10-08,72,1367,97413,354,1.11458,1.4033,2020,20,2020-05-10,2020-05-16,2019,2019-20,33,FALSE
Region 5,202021,202139,2021-10-08,71,1256,99623,343,0.898873,1.26075,2020,21,2020-05-17,2020-05-23,2019,2019-20,34,FALSE
Region 5,202022,202139,2021-10-08,70,728,104665,346,0.565911,0.695552,2020,22,2020-05-24,2020-05-30,2019,2019-20,35,FALSE
Region 5,202023,202139,2021-10-08,69,614,109308,346,0.505773,0.561716,2020,23,2020-05-31,2020-06-06,2019,2019-20,36,FALSE
Region 5,202024,202139,2021-10-08,68,580,111959,347,0.618143,0.518047,2020,24,2020-06-07,2020-06-13,2019,2019-20,37,FALSE
Region 5,202025,202139,2021-10-08,67,509,116612,340,0.514024,0.43649,2020,25,2020-06-14,2020-06-20,2019,2019-20,38,FALSE
Region 5,202026,202139,2021-10-08,66,659,106624,332,0.622299,0.61806,2020,26,2020-06-21,2020-06-27,2019,2019-20,39,FALSE
Region 5,202027,202139,2021-10-08,65,655,110199,339,0.563629,0.594379,2020,27,2020-06-28,2020-07-04,2019,2019-20,40,FALSE
Region 5,202028,202139,2021-10-08,64,809,118392,334,0.633573,0.683323,2020,28,2020-07-05,2020-07-11,2019,2019-20,41,FALSE
Region 5,202029,202139,2021-10-08,63,822,114925,329,0.783376,0.715249,2020,29,2020-07-12,2020-07-18,2019,2019-20,42,FALSE
Region 5,202030,202139,2021-10-08,62,844,114919,332,0.851583,0.73443,2020,30,2020-07-19,2020-07-25,2019,2019-20,43,FALSE
Region 5,202031,202139,2021-10-08,61,892,114108,326,0.83734,0.781716,2020,31,2020-07-26,2020-08-01,2019,2019-20,44,FALSE
Region 5,202032,202139,2021-10-08,60,924,112025,330,0.852889,0.824816,2020,32,2020-08-02,2020-08-08,2019,2019-20,45,FALSE
Region 5,202033,202139,2021-10-08,59,765,112199,326,0.748603,0.681824,2020,33,2020-08-09,2020-08-15,2019,2019-20,46,FALSE
Region 5,202034,202139,2021-10-08,58,874,116417,326,0.852088,0.750749,2020,34,2020-08-16,2020-08-22,2019,2019-20,47,FALSE
Region 5,202035,202139,2021-10-08,57,830,118192,324,0.778878,0.702247,2020,35,2020-08-23,2020-08-29,2019,2019-20,48,FALSE
Region 5,202036,202139,2021-10-08,56,663,110895,321,0.598536,0.597863,2020,36,2020-08-30,2020-09-05,2019,2019-20,49,FALSE
Region 5,202037,202139,2021-10-08,55,703,109480,321,0.743532,0.642126,2020,37,2020-09-06,2020-09-12,2019,2019-20,50,FALSE
Region 5,202038,202139,2021-10-08,54,788,115494,319,0.735478,0.682287,2020,38,2020-09-13,2020-09-19,2019,2019-20,51,FALSE
Region 5,202039,202139,2021-10-08,53,935,124466,323,0.860934,0.751209,2020,39,2020-09-20,2020-09-26,2019,2019-20,52,FALSE
Region 5,202040,202239,2022-10-07,104,1610,198080,483,0.751678,0.812803,2020,40,2020-09-27,2020-10-03,2020,2020-21,1,FALSE
Region 5,202041,202239,2022-10-07,103,1911,204321,490,0.830716,0.935293,2020,41,2020-10-04,2020-10-10,2020,2020-21,2,FALSE
Region 5,202042,202239,2022-10-07,102,1730,195878,471,0.776802,0.883203,2020,42,2020-10-11,2020-10-17,2020,2020-21,3,FALSE
Region 5,202043,202239,2022-10-07,101,1793,183669,447,0.855214,0.976213,2020,43,2020-10-18,2020-10-24,2020,2020-21,4,FALSE
Region 5,202044,202239,2022-10-07,100,2148,205725,526,0.982616,1.04411,2020,44,2020-10-25,2020-10-31,2020,2020-21,5,FALSE
Region 5,202045,202239,2022-10-07,99,2576,216156,530,1.06176,1.19173,2020,45,2020-11-01,2020-11-07,2020,2020-21,6,FALSE
Region 5,202046,202239,2022-10-07,98,2716,217933,526,1.17744,1.24625,2020,46,2020-11-08,2020-11-14,2020,2020-21,7,FALSE
Region 5,202047,202239,2022-10-07,97,2430,203740,521,1.13834,1.1927,2020,47,2020-11-15,2020-11-21,2020,2020-21,8,FALSE
Region 5,202048,202239,2022-10-07,96,1903,174254,513,1.01087,1.09208,2020,48,2020-11-22,2020-11-28,2020,2020-21,9,FALSE
Region 5,202049,202239,2022-10-07,95,1734,191832,512,0.912411,0.903916,2020,49,2020-11-29,2020-12-05,2020,2020-21,10,FALSE
Region 5,202050,202239,2022-10-07,94,1679,195135,522,0.866974,0.86043,2020,50,2020-12-06,2020-12-12,2020,2020-21,11,FALSE
Region 5,202051,202239,2022-10-07,93,1396,183477,506,0.818331,0.760858,2020,51,2020-12-13,2020-12-19,2020,2020-21,12,FALSE
Region 5,202052,202239,2022-10-07,92,1175,154299,508,0.828814,0.761508,2020,52,2020-12-20,2020-12-26,2020,2020-21,13,FALSE
Region 5,202053,202239,2022-10-07,91,1271,169126,513,0.718157,0.751511,2020,53,2020-12-27,2021-01-02,2020,2020-21,14,FALSE
Region 5,202101,202239,2022-10-07,90,1454,196530,509,0.813175,0.739836,2021,1,2021-01-03,2021-01-09,2020,2020-21,15,FALSE
Region 5,202102,202239,2022-10-07,89,1284,191929,515,0.722044,0.668997,2021,2,2021-01-10,2021-01-16,2020,2020-21,16,FALSE
Region 5,202103,202239,2022-10-07,88,1170,191220,512,0.645246,0.611861,2021,3,2021-01-17,2021-01-23,2020,2020-21,17,FALSE
Region 5,202104,202239,2022-10-07,87,1117,188478,512,0.599488,0.592642,2021,4,2021-01-24,2021-01-30,2020,2020-21,18,FALSE
Region 5,202105,202239,2022-10-07,86,1093,190616,514,0.552201,0.573404,2021,5,2021-01-31,2021-02-06,2020,2020-21,19,FALSE
Region 5,202106,202239,2022-10-07,85,990,193683,514,0.528289,0.511144,2021,6,2021-02-07,2021-02-13,2020,2020-21,20,FALSE
Region 5,202107,202239,2022-10-07,84,914,181601,512,0.540124,0.503301,2021,7,2021-02-14,2021-02-20,2020,2020-21,21,FALSE
Region 5,202108,202239,2022-10-07,83,1013,208061,515,0.524354,0.486876,2021,8,2021-02-21,2021-02-27,2020,2020-21,22,FALSE
Region 5,202109,202239,2022-10-07,82,975,202355,511,0.517055,0.481826,2021,9,2021-02-28,2021-03-06,2020,2020-21,23,FALSE
Region 5,202110,202239,2022-10-07,81,949,201460,516,0.50734,0.471061,2021,10,2021-03-07,2021-03-13,2020,2020-21,24,FALSE
Region 5,202111,202239,2022-10-07,80,1099,200106,506,0.55567,0.549209,2021,11,2021-03-14,2021-03-20,2020,2020-21,25,FALSE
Region 5,202112,202239,2022-10-07,79,1213,208611,502,0.61091,0.581465,2021,12,2021-03-21,2021-03-27,2020,2020-21,26,FALSE
Region 5,202113,202239,2022-10-07,78,1209,204158,508,0.628757,0.592188,2021,13,2021-03-28,2021-04-03,2020,2020-21,27,FALSE
Region 5,202114,202239,2022-10-07,77,1497,215928,511,0.708136,0.693287,2021,14,2021-04-04,2021-04-10,2020,2020-21,28,FALSE
Region 5,202115,202239,2022-10-07,76,1482,223058,513,0.706721,0.664401,2021,15,2021-04-11,2021-04-17,2020,2020-21,29,FALSE
Region 5,202116,202239,2022-10-07,75,1490,206555,499,0.718526,0.721358,2021,16,2021-04-18,2021-04-24,2020,2020-21,30,FALSE
Region 5,202117,202239,2022-10-07,74,1568,208957,495,0.765353,0.750394,2021,17,2021-04-25,2021-05-01,2020,2020-21,31,FALSE
Region 5,202118,202239,2022-10-07,73,1486,207979,490,0.721399,0.714495,2021,18,2021-05-02,2021-05-08,2020,2020-21,32,FALSE
Region 5,202119,202239,2022-10-07,72,1598,203497,481,0.79268,0.78527,2021,19,2021-05-09,2021-05-15,2020,2020-21,33,FALSE
Region 5,202120,202239,2022-10-07,71,1645,210098,485,0.839735,0.782968,2021,20,2021-05-16,2021-05-22,2020,2020-21,34,FALSE
Region 5,202121,202239,2022-10-07,70,1383,202234,477,0.671263,0.683861,2021,21,2021-05-23,2021-05-29,2020,2020-21,35,FALSE
Region 5,202122,202239,2022-10-07,69,1504,191484,472,0.751837,0.785444,2021,22,2021-05-30,2021-06-05,2020,2020-21,36,FALSE
Region 5,202123,202239,2022-10-07,68,1576,207828,472,0.754247,0.758319,2021,23,2021-06-06,2021-06-12,2020,2020-21,37,FALSE
Region 5,202124,202239,2022-10-07,67,1474,194794,432,0.772613,0.756697,2021,24,2021-06-13,2021-06-19,2020,2020-21,38,FALSE
Region 5,202125,202239,2022-10-07,66,1495,192824,429,0.7918,0.775318,2021,25,2021-06-20,2021-06-26,2020,2020-21,39,FALSE
Region 5,202126,202239,2022-10-07,65,1376,190701,425,0.725996,0.721548,2021,26,2021-06-27,2021-07-03,2020,2020-21,40,FALSE
Region 5,202127,202239,2022-10-07,64,1469,184856,423,0.791189,0.794673,2021,27,2021-07-04,2021-07-10,2020,2020-21,41,FALSE
Region 5,202128,202239,2022-10-07,63,1659,199351,428,0.803868,0.8322,2021,28,2021-07-11,2021-07-17,2020,2020-21,42,FALSE
Region 5,202129,202239,2022-10-07,62,1859,200406,431,0.903207,0.927617,2021,29,2021-07-18,2021-07-24,2020,2020-21,43,FALSE
Region 5,202130,202239,2022-10-07,61,2036,205022,427,0.91879,0.993064,2021,30,2021-07-25,2021-07-31,2020,2020-21,44,FALSE
Region 5,202131,202239,2022-10-07,60,2285,203874,426,1.02167,1.12079,2021,31,2021-08-01,2021-08-07,2020,2020-21,45,FALSE
Region 5,202132,202239,2022-10-07,59,2456,205908,424,1.1194,1.19277,2021,32,2021-08-08,2021-08-14,2020,2020-21,46,FALSE
Region 5,202133,202239,2022-10-07,58,2766,206124,422,1.28106,1.34191,2021,33,2021-08-15,2021-08-21,2020,2020-21,47,FALSE
Region 5,202134,202239,2022-10-07,57,3178,217232,427,1.27582,1.46295,2021,34,2021-08-22,2021-08-28,2020,2020-21,48,FALSE
Region 5,202135,202239,2022-10-07,56,2964,216846,425,1.24308,1.36687,2021,35,2021-08-29,2021-09-04,2020,2020-21,49,FALSE
Region 5,202136,202239,2022-10-07,55,3021,206543,426,1.39151,1.46265,2021,36,2021-09-05,2021-09-11,2020,2020-21,50,FALSE
Region 5,202137,202239,2022-10-07,54,3091,216265,423,1.50146,1.42927,2021,37,2021-09-12,2021-09-18,2020,2020-21,51,FALSE
Region 5,202138,202239,2022-10-07,53,2736,197410,412,1.29494,1.38595,2021,38,2021-09-19,2021-09-25,2020,2020-21,52,FALSE
Region 5,202139,202239,2022-10-07,52,2639,201424,407,1.29385,1.31017,2021,39,2021-09-26,2021-10-02,2020,2020-21,53,FALSE
Region 5,202140,202339,2023-10-06,103,6303,330777,637,1.97261,1.90551,2021,40,2021-10-03,2021-10-09,2021,2021-22,1,FALSE
Region 5,202141,202339,2023-10-06,102,5879,326613,641,1.84245,1.79999,2021,41,2021-10-10,2021-10-16,2021,2021-22,2,FALSE
Region 5,202142,202339,2023-10-06,101,5596,319018,645,1.80575,1.75413,2021,42,2021-10-17,2021-10-23,2021,2021-22,3,FALSE
Region 5,202143,202339,2023-10-06,100,5666,316613,644,1.80896,1.78957,2021,43,2021-10-24,2021-10-30,2021,2021-22,4,FALSE
Region 5,202144,202339,2023-10-06,99,6210,306741,641,2.01949,2.02451,2021,44,2021-10-31,2021-11-06,2021,2021-22,5,FALSE
Region 5,202145,202339,2023-10-06,98,6963,324656,648,2.15632,2.14473,2021,45,2021-11-07,2021-11-13,2021,2021-22,6,FALSE
Region 5,202146,202339,2023-10-06,97,7094,322674,646,2.21534,2.1985,2021,46,2021-11-14,2021-11-20,2021,2021-22,7,FALSE
Region 5,202147,202339,2023-10-06,96,6583,279877,643,2.50602,2.3521,2021,47,2021-11-21,2021-11-27,2021,2021-22,8,FALSE
Region 5,202148,202339,2023-10-06,95,7793,335710,650,2.37628,2.32135,2021,48,2021-11-28,2021-12-04,2021,2021-22,9,FALSE
Region 5,202149,202339,2023-10-06,94,7948,318682,648,2.56938,2.49402,2021,49,2021-12-05,2021-12-11,2021,2021-22,10,FALSE
Region 5,202150,202339,2023-10-06,93,8882,314080,640,2.93272,2.82794,2021,50,2021-12-12,2021-12-18,2021,2021-22,11,FALSE
Region 5,202151,202339,2023-10-06,92,9865,290349,642,3.60581,3.39764,2021,51,2021-12-19,2021-12-25,2021,2021-22,12,FALSE
Region 5,202152,202339,2023-10-06,91,11653,319594,631,3.96112,3.64619,2021,52,2021-12-26,2022-01-01,2021,2021-22,13,FALSE
Region 5,202201,202339,2023-10-06,90,9461,315885,637,3.16857,2.99508,2022,1,2022-01-02,2022-01-08,2021,2021-22,14,FALSE
Region 5,202202,202339,2023-10-06,89,7190,304454,637,2.45111,2.3616,2022,2,2022-01-09,2022-01-15,2021,2021-22,15,FALSE
Region 5,202203,202339,2023-10-06,88,5344,281445,641,1.97175,1.89877,2022,3,2022-01-16,2022-01-22,2021,2021-22,16,FALSE
Region 5,202204,202339,2023-10-06,87,3944,267542,641,1.52932,1.47416,2022,4,2022-01-23,2022-01-29,2021,2021-22,17,FALSE
Region 5,202205,202339,2023-10-06,86,2827,242596,615,1.22353,1.16531,2022,5,2022-01-30,2022-02-05,2021,2021-22,18,FALSE
Region 5,202206,202339,2023-10-06,85,2814,279353,639,1.0532,1.00733,2022,6,2022-02-06,2022-02-12,2021,2021-22,19,FALSE
Region 5,202207,202339,2023-10-06,84,3023,272510,636,1.16515,1.10932,2022,7,2022-02-13,2022-02-19,2021,2021-22,20,FALSE
Region 5,202208,202339,2023-10-06,83,2860,259971,636,1.18773,1.10012,2022,8,2022-02-20,2022-02-26,2021,2021-22,21,FALSE
Region 5,202209,202339,2023-10-06,82,3671,290058,640,1.32295,1.26561,2022,9,2022-02-27,2022-03-05,2021,2021-22,22,FALSE
Region 5,202210,202339,2023-10-06,81,4068,287432,641,1.48543,1.41529,2022,10,2022-03-06,2022-03-12,2021,2021-22,23,FALSE
Region 5,202211,202339,2023-10-06,80,5030,300893,641,1.77059,1.67169,2022,11,2022-03-13,2022-03-19,2021,2021-22,24,FALSE
Region 5,202212,202339,2023-10-06,79,4979,292822,640,1.77735,1.70035,2022,12,2022-03-20,2022-03-26,2021,2021-22,25,FALSE
Region 5,202213,202339,2023-10-06,78,5159,290897,639,1.88951,1.77348,2022,13,2022-03-27,2022-04-02,2021,2021-22,26,FALSE
Region 5,202214,202339,2023-10-06,77,5605,299577,637,2.01672,1.87097,2022,14,2022-04-03,2022-04-09,2021,2021-22,27,FALSE
Region 5,202215,202339,2023-10-06,76,5497,297508,635,1.97518,1.84768,2022,15,2022-04-10,2022-04-16,2021,2021-22,28,FALSE
Region 5,202216,202339,2023-10-06,75,5729,298852,638,2.04373,1.917,2022,16,2022-04-17,2022-04-23,2021,2021-22,29,FALSE
Region 5,202217,202339,2023-10-06,74,5839,307964,634,1.95208,1.896,2022,17,2022-04-24,2022-04-30,2021,2021-22,30,FALSE
Region 5,202218,202339,2023-10-06,73,5921,305165,592,2.04188,1.94026,2022,18,2022-05-01,2022-05-07,2021,2021-22,31,FALSE
Region 5,202219,202339,2023-10-06,72,6240,314590,620,2.05194,1.98353,2022,19,2022-05-08,2022-05-14,2021,2021-22,32,FALSE
Region 5,202220,202339,2023-10-06,71,5643,326452,621,1.83469,1.72858,2022,20,2022-05-15,2022-05-21,2021,2021-22,33,FALSE
Region 5,202221,202339,2023-10-06,70,4824,296708,612,1.73517,1.62584,2022,21,2022-05-22,2022-05-28,2021,2021-22,34,FALSE
Region 5,202222,202339,2023-10-06,69,4618,298204,612,1.65776,1.5486,2022,22,2022-05-29,2022-06-04,2021,2021-22,35,FALSE
Region 5,202223,202339,2023-10-06,68,4000,300556,611,1.42625,1.33087,2022,23,2022-06-05,2022-06-11,2021,2021-22,36,FALSE
Region 5,202224,202339,2023-10-06,67,3343,302095,605,1.19875,1.10661,2022,24,2022-06-12,2022-06-18,2021,2021-22,37,FALSE
Region 5,202225,202339,2023-10-06,66,3223,303660,612,1.14831,1.06138,2022,25,2022-06-19,2022-06-25,2021,2021-22,38,FALSE
Region 5,202226,202339,2023-10-06,65,3176,300270,612,1.15002,1.05771,2022,26,2022-06-26,2022-07-02,2021,2021-22,39,FALSE
Region 5,202227,202339,2023-10-06,64,3149,295651,611,1.15332,1.06511,2022,27,2022-07-03,2022-07-09,2021,2021-22,40,FALSE
Region 5,202228,202339,2023-10-06,63,3231,308460,610,1.14899,1.04746,2022,28,2022-07-10,2022-07-16,2021,2021-22,41,FALSE
Region 5,202229,202339,2023-10-06,62,3324,310199,609,1.18043,1.07157,2022,29,2022-07-17,2022-07-23,2021,2021-22,42,FALSE
Region 5,202230,202339,2023-10-06,61,3367,305002,600,1.20798,1.10393,2022,30,2022-07-24,2022-07-30,2021,2021-22,43,FALSE
Region 5,202231,202339,2023-10-06,60,3352,304009,605,1.21027,1.1026,2022,31,2022-07-31,2022-08-06,2021,2021-22,44,FALSE
Region 5,202232,202339,2023-10-06,59,3183,280954,603,1.23552,1.13293,2022,32,2022-08-07,2022-08-13,2021,2021-22,45,FALSE
Region 5,202233,202339,2023-10-06,58,3504,304038,599,1.23853,1.15249,2022,33,2022-08-14,2022-08-20,2021,2021-22,46,FALSE
Region 5,202234,202339,2023-10-06,57,3844,314643,607,1.29723,1.2217,2022,34,2022-08-21,2022-08-27,2021,2021-22,47,FALSE
Region 5,202235,202339,2023-10-06,56,4071,306666,605,1.4064,1.3275,2022,35,2022-08-28,2022-09-03,2021,2021-22,48,FALSE
Region 5,202236,202339,2023-10-06,55,4506,308796,602,1.55069,1.45922,2022,36,2022-09-04,2022-09-10,2021,2021-22,49,FALSE
Region 5,202237,202339,2023-10-06,54,4501,314509,601,1.54142,1.43112,2022,37,2022-09-11,2022-09-17,2021,2021-22,50,FALSE
Region 5,202238,202339,2023-10-06,53,5015,315798,598,1.68055,1.58804,2022,38,2022-09-18,2022-09-24,2021,2021-22,51,FALSE
Region 5,202239,202339,2023-10-06,52,5289,315731,601,1.75067,1.67516,2022,39,2022-09-25,2022-10-01,2021,2021-22,52,FALSE
Region 5,202240,202439,2024-10-04,103,5951,299102,624,2.0435,1.98962,2022,40,2022-10-02,2022-10-08,2022,2022-23,1,TRUE
Region 5,202241,202439,2024-10-04,102,7090,327249,626,2.24014,2.16655,2022,41,2022-10-09,2022-10-15,2022,2022-23,2,TRUE
Region 5,202242,202439,2024-10-04,101,7338,289494,632,2.5649,2.53477,2022,42,2022-10-16,2022-10-22,2022,2022-23,3,TRUE
Region 5,202243,202439,2024-10-04,100,9418,341903,633,2.90546,2.75458,2022,43,2022-10-23,2022-10-29,2022,2022-23,4,TRUE
Region 5,202244,202439,2024-10-04,99,11568,341518,632,3.63259,3.38723,2022,44,2022-10-30,2022-11-05,2022,2022-23,5,TRUE
Region 5,202245,202439,2024-10-04,98,12506,344046,635,3.89068,3.63498,2022,45,2022-11-06,2022-11-12,2022,2022-23,6,TRUE
Region 5,202246,202439,2024-10-04,97,13305,324198,633,4.42155,4.10397,2022,46,2022-11-13,2022-11-19,2022,2022-23,7,TRUE
Region 5,202247,202439,2024-10-04,96,17713,312736,633,6.2308,5.66388,2022,47,2022-11-20,2022-11-26,2022,2022-23,8,TRUE
Region 5,202248,202439,2024-10-04,95,20417,358194,633,6.11323,5.69998,2022,48,2022-11-27,2022-12-03,2022,2022-23,9,TRUE
Region 5,202249,202439,2024-10-04,94,19611,346342,630,6.06424,5.66232,2022,49,2022-12-04,2022-12-10,2022,2022-23,10,TRUE
Region 5,202250,202439,2024-10-04,93,18666,328635,621,6.02843,5.67986,2022,50,2022-12-11,2022-12-17,2022,2022-23,11,TRUE
Region 5,202251,202439,2024-10-04,92,13896,280516,627,5.27844,4.95373,2022,51,2022-12-18,2022-12-24,2022,2022-23,12,TRUE
Region 5,202252,202439,2024-10-04,91,11314,286088,627,4.17394,3.95473,2022,52,2022-12-25,2022-12-31,2022,2022-23,13,TRUE
Region 5,202301,202439,2024-10-04,90,7778,296793,624,2.73109,2.62068,2023,1,2023-01-01,2023-01-07,2022,2022-23,14,TRUE
Region 5,202302,202439,2024-10-04,89,5251,285057,620,1.9108,1.84209,2023,2,2023-01-08,2023-01-14,2022,2022-23,15,TRUE
Region 5,202303,202439,2024-10-04,88,4504,280635,623,1.70732,1.60493,2023,3,2023-01-15,2023-01-21,2022,2022-23,16,TRUE
Region 5,202304,202439,2024-10-04,87,4654,289137,625,1.69198,1.60962,2023,4,2023-01-22,2023-01-28,2022,2022-23,17,TRUE
Region 5,202305,202439,2024-10-04,86,4665,290760,620,1.67267,1.60442,2023,5,2023-01-29,2023-02-04,2022,2022-23,18,TRUE
Region 5,202306,202439,2024-10-04,85,5156,306579,628,1.76133,1.68179,2023,6,2023-02-05,2023-02-11,2022,2022-23,19,TRUE
Region 5,202307,202439,2024-10-04,84,5155,301896,615,1.78395,1.70754,2023,7,2023-02-12,2023-02-18,2022,2022-23,20,TRUE
Region 5,202308,202439,2024-10-04,83,5424,301282,622,1.89671,1.80031,2023,8,2023-02-19,2023-02-25,2022,2022-23,21,TRUE
Region 5,202309,202439,2024-10-04,82,5417,309420,620,1.85078,1.75069,2023,9,2023-02-26,2023-03-04,2022,2022-23,22,TRUE
Region 5,202310,202439,2024-10-04,81,5256,306941,619,1.79785,1.71238,2023,10,2023-03-05,2023-03-11,2022,2022-23,23,TRUE
Region 5,202311,202439,2024-10-04,80,5621,307636,617,1.92038,1.82716,2023,11,2023-03-12,2023-03-18,2022,2022-23,24,TRUE
Region 5,202312,202439,2024-10-04,79,5552,314279,617,1.85013,1.76658,2023,12,2023-03-19,2023-03-25,2022,2022-23,25,TRUE
Region 5,202313,202439,2024-10-04,78,4963,305196,614,1.70696,1.62617,2023,13,2023-03-26,2023-04-01,2022,2022-23,26,TRUE
Region 5,202314,202439,2024-10-04,77,4349,298703,616,1.52981,1.45596,2023,14,2023-04-02,2023-04-08,2022,2022-23,27,TRUE
Region 5,202315,202439,2024-10-04,76,4035,312573,618,1.37556,1.2909,2023,15,2023-04-09,2023-04-15,2022,2022-23,28,TRUE
Region 5,202316,202439,2024-10-04,75,3864,309230,613,1.30696,1.24956,2023,16,2023-04-16,2023-04-22,2022,2022-23,29,TRUE
Region 5,202317,202439,2024-10-04,74,3809,306571,612,1.30569,1.24245,2023,17,2023-04-23,2023-04-29,2022,2022-23,30,TRUE
Region 5,202318,202439,2024-10-04,73,3909,311745,618,1.30276,1.25391,2023,18,2023-04-30,2023-05-06,2022,2022-23,31,TRUE
Region 5,202319,202439,2024-10-04,72,3719,314215,610,1.26265,1.18358,2023,19,2023-05-07,2023-05-13,2022,2022-23,32,TRUE
Region 5,202320,202439,2024-10-04,71,2880,248201,608,1.20782,1.16035,2023,20,2023-05-14,2023-05-20,2022,2022-23,33,TRUE
Region 5,202321,202439,2024-10-04,70,3373,303790,600,1.18641,1.11031,2023,21,2023-05-21,2023-05-27,2022,2022-23,34,TRUE
Region 5,202322,202439,2024-10-04,69,3202,288075,595,1.21494,1.11152,2023,22,2023-05-28,2023-06-03,2022,2022-23,35,TRUE
Region 5,202323,202439,2024-10-04,68,2715,303404,596,0.929318,0.894846,2023,23,2023-06-04,2023-06-10,2022,2022-23,36,TRUE
Region 5,202324,202439,2024-10-04,67,2363,292687,595,0.856146,0.807347,2023,24,2023-06-11,2023-06-17,2022,2022-23,37,TRUE
Region 5,202325,202439,2024-10-04,66,2187,297290,594,0.793123,0.735645,2023,25,2023-06-18,2023-06-24,2022,2022-23,38,TRUE
Region 5,202326,202439,2024-10-04,65,1878,291714,588,0.700815,0.643781,2023,26,2023-06-25,2023-07-01,2022,2022-23,39,TRUE
Region 5,202327,202439,2024-10-04,64,1787,282850,601,0.695564,0.631784,2023,27,2023-07-02,2023-07-08,2022,2022-23,40,TRUE
Region 5,202328,202439,2024-10-04,63,1719,297078,595,0.629254,0.578636,2023,28,2023-07-09,2023-07-15,2022,2022-23,41,TRUE
Region 5,202329,202439,2024-10-04,62,1761,294412,592,0.662811,0.598141,2023,29,2023-07-16,2023-07-22,2022,2022-23,42,TRUE
Region 5,202330,202439,2024-10-04,61,1721,296779,592,0.634471,0.579893,2023,30,2023-07-23,2023-07-29,2022,2022-23,43,TRUE
Region 5,202331,202439,2024-10-04,60,1888,298714,592,0.694586,0.632043,2023,31,2023-07-30,2023-08-05,2022,2022-23,44,TRUE
Region 5,202332,202439,2024-10-04,59,1992,303387,594,0.697384,0.656587,2023,32,2023-08-06,2023-08-12,2022,2022-23,45,TRUE
Region 5,202333,202439,2024-10-04,58,2122,296498,593,0.749457,0.715688,2023,33,2023-08-13,2023-08-19,2022,2022-23,46,TRUE
Region 5,202334,202439,2024-10-04,57,2662,304015,594,0.93073,0.875615,2023,34,2023-08-20,2023-08-26,2022,2022-23,47,TRUE
Region 5,202335,202439,2024-10-04,56,3153,310471,594,1.05974,1.01555,2023,35,2023-08-27,2023-09-02,2022,2022-23,48,TRUE
Region 5,202336,202439,2024-10-04,55,3436,305936,588,1.1728,1.12311,2023,36,2023-09-03,2023-09-09,2022,2022-23,49,TRUE
Region 5,202337,202439,2024-10-04,54,3647,315078,593,1.23282,1.15749,2023,37,2023-09-10,2023-09-16,2022,2022-23,50,TRUE
Region 5,202338,202439,2024-10-04,53,4104,311337,587,1.40877,1.31819,2023,38,2023-09-17,2023-09-23,2022,2022-23,51,TRUE
Region 5,202339,202439,2024-10-04,52,4126,317007,593,1.37123,1.30155,2023,39,2023-09-24,2023-09-30,2022,2022-23,52,TRUE
Region 5,202340,202538,2025-09-26,102,5124,400404,827,1.35975,1.27971,2023,40,2023-10-01,2023-10-07,2023,2023-24,1,TRUE
Region 5,202341,202538,2025-09-26,101,5319,386140,827,1.4907300000000001,1.37748,2023,41,2023-10-08,2023-10-14,2023,2023-24,2,TRUE
Region 5,202342,202538,2025-09-26,100,5396,377360,828,1.53366,1.42993,2023,42,2023-10-15,2023-10-21,2023,2023-24,3,TRUE
Region 5,202343,202538,2025-09-26,99,5886,386246,830,1.64398,1.5239,2023,43,2023-10-22,2023-10-28,2023,2023-24,4,TRUE
Region 5,202344,202538,2025-09-26,98,6116,391121,837,1.6912,1.56371,2023,44,2023-10-29,2023-11-04,2023,2023-24,5,TRUE
Region 5,202345,202538,2025-09-26,97,7222,407328,826,1.89762,1.77302,2023,45,2023-11-05,2023-11-11,2023,2023-24,6,TRUE
Region 5,202346,202538,2025-09-26,96,8440,417922,836,2.14446,2.01952,2023,46,2023-11-12,2023-11-18,2023,2023-24,7,TRUE
Region 5,202347,202538,2025-09-26,95,8274,365015,830,2.43192,2.26676,2023,47,2023-11-19,2023-11-25,2023,2023-24,8,TRUE
Region 5,202348,202538,2025-09-26,94,10447,423973,831,2.65181,2.46407,2023,48,2023-11-26,2023-12-02,2023,2023-24,9,TRUE
Region 5,202349,202538,2025-09-26,93,10947,420722,828,2.76993,2.60196,2023,49,2023-12-03,2023-12-09,2023,2023-24,10,TRUE
Region 5,202350,202538,2025-09-26,92,12722,414492,830,3.15631,3.0693,2023,50,2023-12-10,2023-12-16,2023,2023-24,11,TRUE
Region 5,202351,202538,2025-09-26,91,14473,393512,820,3.79778,3.67791,2023,51,2023-12-17,2023-12-23,2023,2023-24,12,TRUE
Region 5,202352,202538,2025-09-26,90,16600,362073,820,4.63237,4.58471,2023,52,2023-12-24,2023-12-30,2023,2023-24,13,TRUE
Region 5,202401,202538,2025-09-26,89,14309,386516,818,3.71111,3.70205,2024,1,2023-12-31,2024-01-06,2023,2023-24,14,TRUE
Region 5,202402,202538,2025-09-26,88,11660,379884,823,3.14353,3.06936,2024,2,2024-01-07,2024-01-13,2023,2023-24,15,TRUE
Region 5,202403,202538,2025-09-26,87,9778,342174,823,2.96357,2.85761,2024,3,2024-01-14,2024-01-20,2023,2023-24,16,TRUE
Region 5,202404,202538,2025-09-26,86,11425,377510,824,3.05886,3.02641,2024,4,2024-01-21,2024-01-27,2023,2023-24,17,TRUE
Region 5,202405,202538,2025-09-26,85,13017,384781,818,3.42108,3.38296,2024,5,2024-01-28,2024-02-03,2023,2023-24,18,TRUE
Region 5,202406,202538,2025-09-26,84,16107,397421,814,4.1085,4.05288,2024,6,2024-02-04,2024-02-10,2023,2023-24,19,TRUE
Region 5,202407,202538,2025-09-26,83,16860,384942,818,4.37634,4.37988,2024,7,2024-02-11,2024-02-17,2023,2023-24,20,TRUE
Region 5,202408,202538,2025-09-26,82,18056,387448,810,4.63936,4.66024,2024,8,2024-02-18,2024-02-24,2023,2023-24,21,TRUE
Region 5,202409,202538,2025-09-26,81,18299,399010,815,4.53113,4.5861,2024,9,2024-02-25,2024-03-02,2023,2023-24,22,TRUE
Region 5,202410,202538,2025-09-26,80,16476,388643,810,4.0907,4.23937,2024,10,2024-03-03,2024-03-09,2023,2023-24,23,TRUE
Region 5,202411,202538,2025-09-26,79,14164,395315,812,3.45913,3.58297,2024,11,2024-03-10,2024-03-16,2023,2023-24,24,TRUE
Region 5,202412,202538,2025-09-26,78,12267,388161,816,3.02132,3.16029,2024,12,2024-03-17,2024-03-23,2023,2023-24,25,TRUE
Region 5,202413,202538,2025-09-26,77,11544,375974,814,2.91842,3.07043,2024,13,2024-03-24,2024-03-30,2023,2023-24,26,TRUE
Region 5,202414,202538,2025-09-26,76,9898,378914,817,2.46716,2.6122,2024,14,2024-03-31,2024-04-06,2023,2023-24,27,TRUE
Region 5,202415,202538,2025-09-26,75,8238,386291,815,2.05086,2.13259,2024,15,2024-04-07,2024-04-13,2023,2023-24,28,TRUE
Region 5,202416,202538,2025-09-26,74,6649,390838,809,1.64135,1.70122,2024,16,2024-04-14,2024-04-20,2023,2023-24,29,TRUE
Region 5,202417,202538,2025-09-26,73,6169,379676,812,1.6062,1.62481,2024,17,2024-04-21,2024-04-27,2023,2023-24,30,TRUE
Region 5,202418,202538,2025-09-26,72,5698,388715,813,1.47263,1.46586,2024,18,2024-04-28,2024-05-04,2023,2023-24,31,TRUE
Region 5,202419,202538,2025-09-26,71,4619,367185,805,1.29572,1.25795,2024,19,2024-05-05,2024-05-11,2023,2023-24,32,TRUE
Region 5,202420,202538,2025-09-26,70,4153,356462,792,1.19915,1.16506,2024,20,2024-05-12,2024-05-18,2023,2023-24,33,TRUE
Region 5,202421,202538,2025-09-26,69,3826,360124,790,1.13355,1.06241,2024,21,2024-05-19,2024-05-25,2023,2023-24,34,TRUE
Region 5,202422,202538,2025-09-26,68,3506,333489,784,1.13621,1.05131,2024,22,2024-05-26,2024-06-01,2023,2023-24,35,TRUE
Region 5,202423,202538,2025-09-26,67,3116,354102,788,0.956788,0.879972,2024,23,2024-06-02,2024-06-08,2023,2023-24,36,TRUE
Region 5,202424,202538,2025-09-26,66,2823,350085,783,0.88271,0.806376,2024,24,2024-06-09,2024-06-15,2023,2023-24,37,TRUE
Region 5,202425,202538,2025-09-26,65,2510,350729,786,0.792909,0.715652,2024,25,2024-06-16,2024-06-22,2023,2023-24,38,TRUE
Region 5,202426,202538,2025-09-26,64,2618,359518,782,0.803332,0.728197,2024,26,2024-06-23,2024-06-29,2023,2023-24,39,TRUE
Region 5,202427,202538,2025-09-26,63,2517,349760,782,0.762515,0.719636,2024,27,2024-06-30,2024-07-06,2023,2023-24,40,TRUE
Region 5,202428,202538,2025-09-26,62,2640,378443,782,0.746298,0.697595,2024,28,2024-07-07,2024-07-13,2023,2023-24,41,TRUE
Region 5,202429,202538,2025-09-26,61,2578,368064,778,0.774134,0.700422,2024,29,2024-07-14,2024-07-20,2023,2023-24,42,TRUE
Region 5,202430,202538,2025-09-26,60,2562,341255,770,0.82349000000000006,0.750758,2024,30,2024-07-21,2024-07-27,2023,2023-24,43,TRUE
Region 5,202431,202538,2025-09-26,59,2800,359237,783,0.859261,0.77943,2024,31,2024-07-28,2024-08-03,2023,2023-24,44,TRUE
Region 5,202432,202538,2025-09-26,58,2864,356281,779,0.875445,0.80386,2024,32,2024-08-04,2024-08-10,2023,2023-24,45,TRUE
Region 5,202433,202538,2025-09-26,57,3167,358789,783,0.927654,0.882691,2024,33,2024-08-11,2024-08-17,2023,2023-24,46,TRUE
Region 5,202434,202538,2025-09-26,56,3758,359030,783,1.09428,1.04671,2024,34,2024-08-18,2024-08-24,2023,2023-24,47,TRUE
Region 5,202435,202538,2025-09-26,55,4000,377658,787,1.11819,1.05916,2024,35,2024-08-25,2024-08-31,2023,2023-24,48,TRUE
Region 5,202436,202538,2025-09-26,54,4173,357400,784,1.24161,1.1676,2024,36,2024-09-01,2024-09-07,2023,2023-24,49,TRUE
Region 5,202437,202538,2025-09-26,53,4768,392286,790,1.32711,1.21544,2024,37,2024-09-08,2024-09-14,2023,2023-24,50,TRUE
Region 5,202438,202538,2025-09-26,52,5050,406480,797,1.33551,1.24237,2024,38,2024-09-15,2024-09-21,2023,2023-24,51,TRUE
Region 5,202439,202538,2025-09-26,51,4844,396192,791,1.31557,1.22264,2024,39,2024-09-22,2024-09-28,2023,2023-24,52,TRUE
Region 5,202440,202638,2026-10-02,103,5487,429432,885,1.34333,1.27773,2024,40,2024-09-29,2024-10-05,2024,2024-25,1,TRUE
Region 5,202441,202638,2026-10-02,102,6190,432013,889,1.53194,1.43283,2024,41,2024-10-06,2024-10-12,2024,2024-25,2,TRUE
Region 5,202442,202638,2026-10-02,101,6635,414382,881,1.71688,1.60118,2024,42,2024-10-13,2024-10-19,2024,2024-25,3,TRUE
Region 5,202443,202638,2026-10-02,100,7218,442144,888,1.77286,1.6325,2024,43,2024-10-20,2024-10-26,2024,2024-25,4,TRUE
Region 5,202444,202638,2026-10-02,99,7211,427934,886,1.81362,1.68507,2024,44,2024-10-27,2024-11-02,2024,2024-25,5,TRUE
Region 5,202445,202638,2026-10-02,98,7088,426386,884,1.79466,1.66234,2024,45,2024-11-03,2024-11-09,2024,2024-25,6,TRUE
Region 5,202446,202638,2026-10-02,97,7414,426363,887,1.87536,1.73889,2024,46,2024-11-10,2024-11-16,2024,2024-25,7,TRUE
Region 5,202447,202638,2026-10-02,96,8226,439717,885,2.01041,1.87075,2024,47,2024-11-17,2024-11-23,2024,2024-25,8,TRUE
Region 5,202448,202638,2026-10-02,95,7644,374574,883,2.15916,2.04072,2024,48,2024-11-24,2024-11-30,2024,2024-25,9,TRUE
Region 5,202449,202638,2026-10-02,94,9105,425147,884,2.25369,2.14161,2024,49,2024-12-01,2024-12-07,2024,2024-25,10,TRUE
Region 5,202450,202638,2026-10-02,93,10237,424697,878,2.53372,2.41042,2024,50,2024-12-08,2024-12-14,2024,2024-25,11,TRUE
Region 5,202451,202638,2026-10-02,92,13077,428530,873,3.2461,3.05159,2024,51,2024-12-15,2024-12-21,2024,2024-25,12,TRUE
Region 5,202452,202638,2026-10-02,91,19158,399629,873,4.9826,4.79395,2024,52,2024-12-22,2024-12-28,2024,2024-25,13,TRUE
Region 5,202501,202638,2026-10-02,90,19209,418813,879,4.73761,4.58653,2025,1,2024-12-29,2025-01-04,2024,2024-25,14,TRUE
Region 5,202502,202638,2026-10-02,89,16037,418500,884,3.92373,3.83202,2025,2,2025-01-05,2025-01-11,2024,2024-25,15,TRUE
Region 5,202503,202638,2026-10-02,88,19958,422163,883,4.66325,4.72756,2025,3,2025-01-12,2025-01-18,2024,2024-25,16,TRUE
Region 5,202504,202638,2026-10-02,87,25018,401895,883,6.08136,6.22501,2025,4,2025-01-19,2025-01-25,2024,2024-25,17,TRUE
Region 5,202505,202638,2026-10-02,86,30141,449256,884,6.7195,6.70909,2025,5,2025-01-26,2025-02-01,2024,2024-25,18,TRUE
Region 5,202506,202638,2026-10-02,85,36231,451959,876,8.11677,8.01644,2025,6,2025-02-02,2025-02-08,2024,2024-25,19,TRUE
Region 5,202507,202638,2026-10-02,84,35339,431335,878,8.04923,8.19294,2025,7,2025-02-09,2025-02-15,2024,2024-25,20,TRUE
Region 5,202508,202638,2026-10-02,83,28730,416109,880,6.75638,6.90444,2025,8,2025-02-16,2025-02-22,2024,2024-25,21,TRUE
Region 5,202509,202638,2026-10-02,82,22439,417823,876,5.24516,5.37046,2025,9,2025-02-23,2025-03-01,2024,2024-25,22,TRUE
Region 5,202510,202638,2026-10-02,81,18609,411689,876,4.36092,4.52016,2025,10,2025-03-02,2025-03-08,2024,2024-25,23,TRUE
Region 5,202511,202638,2026-10-02,80,15011,407216,868,3.53896,3.68625,2025,11,2025-03-09,2025-03-15,2024,2024-25,24,TRUE
Region 5,202512,202638,2026-10-02,79,11731,404892,875,2.73009,2.89732,2025,12,2025-03-16,2025-03-22,2024,2024-25,25,TRUE
Region 5,202513,202638,2026-10-02,78,9382,391618,871,2.35199,2.3957,2025,13,2025-03-23,2025-03-29,2024,2024-25,26,TRUE
Region 5,202514,202638,2026-10-02,77,7327,383987,858,1.88949,1.90814,2025,14,2025-03-30,2025-04-05,2024,2024-25,27,TRUE
Region 5,202515,202638,2026-10-02,76,6357,388066,870,1.67651,1.63812,2025,15,2025-04-06,2025-04-12,2024,2024-25,28,TRUE
Region 5,202516,202638,2026-10-02,75,6325,396049,874,1.64375,1.59702,2025,16,2025-04-13,2025-04-19,2024,2024-25,29,TRUE
Region 5,202517,202638,2026-10-02,74,6121,402399,871,1.53581,1.52113,2025,17,2025-04-20,2025-04-26,2024,2024-25,30,TRUE
Region 5,202518,202638,2026-10-02,73,5233,371140,836,1.41781,1.40998,2025,18,2025-04-27,2025-05-03,2024,2024-25,31,TRUE
Region 5,202519,202638,2026-10-02,72,4822,398882,868,1.28136,1.20888,2025,19,2025-05-04,2025-05-10,2024,2024-25,32,TRUE
Region 5,202520,202638,2026-10-02,71,4486,401592,868,1.20341,1.11705,2025,20,2025-05-11,2025-05-17,2024,2024-25,33,TRUE
Region 5,202521,202638,2026-10-02,70,4189,395852,859,1.14029,1.05822,2025,21,2025-05-18,2025-05-24,2024,2024-25,34,TRUE
Region 5,202522,202638,2026-10-02,69,4037,379644,862,1.15286,1.06336,2025,22,2025-05-25,2025-05-31,2024,2024-25,35,TRUE
Region 5,202523,202638,2026-10-02,68,3726,387369,852,1.15257,0.961874,2025,23,2025-06-01,2025-06-07,2024,2024-25,36,TRUE
Region 5,202524,202638,2026-10-02,67,2919,380579,852,0.841842,0.766989,2025,24,2025-06-08,2025-06-14,2024,2024-25,37,TRUE
Region 5,202525,202638,2026-10-02,66,2598,374045,851,0.784007,0.694569,2025,25,2025-06-15,2025-06-21,2024,2024-25,38,TRUE
Region 5,202526,202638,2026-10-02,65,2226,380608,846,0.65247,0.584854,2025,26,2025-06-22,2025-06-28,2024,2024-25,39,TRUE
Region 5,202527,202638,2026-10-02,64,2163,366951,848,0.653897,0.589452,2025,27,2025-06-29,2025-07-05,2024,2024-25,40,TRUE
Region 5,202528,202638,2026-10-02,63,2248,394635,849,0.626297,0.56964,2025,28,2025-07-06,2025-07-12,2024,2024-25,41,TRUE
Region 5,202529,202638,2026-10-02,62,2063,374834,848,0.634079,0.550377,2025,29,2025-07-13,2025-07-19,2024,2024-25,42,TRUE
Region 5,202530,202638,2026-10-02,61,2141,381726,849,0.640007,0.560874,2025,30,2025-07-20,2025-07-26,2024,2024-25,43,TRUE
Region 5,202531,202638,2026-10-02,60,2176,384466,846,0.639024,0.56598,2025,31,2025-07-27,2025-08-02,2024,2024-25,44,TRUE
Region 5,202532,202638,2026-10-02,59,2392,386672,844,0.714293,0.618612,2025,32,2025-08-03,2025-08-09,2024,2024-25,45,TRUE
Region 5,202533,202638,2026-10-02,58,2493,386272,831,0.720427,0.6454,2025,33,2025-08-10,2025-08-16,2024,2024-25,46,TRUE
Region 5,202534,202638,2026-10-02,57,2479,305343,815,0.795234,0.811874,2025,34,2025-08-17,2025-08-23,2024,2024-25,47,TRUE
Region 5,202535,202638,2026-10-02,56,3768,358474,796,1.09474,1.05112,2025,35,2025-08-24,2025-08-30,2024,2024-25,48,TRUE
Region 5,202536,202638,2026-10-02,55,4627,382124,837,1.34526,1.21086,2025,36,2025-08-31,2025-09-06,2024,2024-25,49,TRUE
Region 5,202537,202638,2026-10-02,54,4606,364451,797,1.35035,1.26382,2025,37,2025-09-07,2025-09-13,2024,2024-25,50,TRUE
Region 5,202538,202638,2026-10-02,53,4421,398748,834,1.24664,1.10872,2025,38,2025-09-14,2025-09-20,2024,2024-25,51,TRUE
Region 5,202539,202638,2026-10-02,52,3831,399653,838,1.04693,0.958582,2025,39,2025-09-21,2025-09-27,2024,2024-25,52,TRUE
Region 5,202540,202638,2026-10-02,51,4260,411394,868,1.0727,1.0355,2025,40,2025-09-28,2025-10-04,2025,2025-26,1,TRUE
Region 5,202541,202638,2026-10-02,50,4190,400857,869,1.09317,1.04526,2025,41,2025-10-05,2025-10-11,2025,2025-26,2,TRUE
Region 5,202542,202638,2026-10-02,49,4437,396390,862,1.18314,1.11935,2025,42,2025-10-12,2025-10-18,2025,2025-26,3,TRUE
Region 5,202543,202638,2026-10-02,48,4457,394423,867,1.2065,1.13001,2025,43,2025-10-19,2025-10-25,2025,2025-26,4,TRUE
Region 5,202544,202638,2026-10-02,47,4534,391140,871,1.22072,1.15918,2025,44,2025-10-26,2025-11-01,2025,2025-26,5,TRUE
Region 5,202545,202638,2026-10-02,46,5202,399637,872,1.36694,1.30168,2025,45,2025-11-02,2025-11-08,2025,2025-26,6,TRUE
Region 5,202546,202638,2026-10-02,45,5292,393143,872,1.40134,1.34608,2025,46,2025-11-09,2025-11-15,2025,2025-26,7,TRUE
Region 5,202547,202638,2026-10-02,44,6298,401326,872,1.59623,1.5693,2025,47,2025-11-16,2025-11-22,2025,2025-26,8,TRUE
Region 5,202548,202638,2026-10-02,43,6379,330252,863,1.91871,1.93156,2025,48,2025-11-23,2025-11-29,2025,2025-26,9,TRUE
Region 5,202549,202638,2026-10-02,42,8090,390929,863,2.06851,2.06943,2025,49,2025-11-30,2025-12-06,2025,2025-26,10,TRUE
Region 5,202550,202638,2026-10-02,41,11260,392472,866,2.83444,2.86899,2025,50,2025-12-07,2025-12-13,2025,2025-26,11,TRUE
Region 5,202551,202638,2026-10-02,40,19964,414890,864,4.70828,4.81188,2025,51,2025-12-14,2025-12-20,2025,2025-26,12,TRUE
Region 5,202552,202638,2026-10-02,39,30126,396894,859,7.42245,7.59044,2025,52,2025-12-21,2025-12-27,2025,2025-26,13,TRUE
Region 5,202553,202638,2026-10-02,38,26302,393353,864,6.53722,6.68661,2025,53,2025-12-28,2026-01-03,2025,2025-26,14,TRUE
Region 5,202601,202638,2026-10-02,37,19299,417429,859,4.66075,4.6233,2026,1,2026-01-04,2026-01-10,2025,2025-26,15,TRUE
Region 5,202602,202638,2026-10-02,36,15014,387751,855,3.95564,3.87207,2026,2,2026-01-11,2026-01-17,2025,2025-26,16,TRUE
Region 5,202603,202638,2026-10-02,35,13340,364455,862,3.76,3.66026,2026,3,2026-01-18,2026-01-24,2025,2025-26,17,TRUE
Region 5,202604,202638,2026-10-02,34,11673,352827,857,3.46153,3.30842,2026,4,2026-01-25,2026-01-31,2025,2025-26,18,TRUE
Region 5,202605,202638,2026-10-02,33,11937,381999,858,3.1378,3.12488,2026,5,2026-02-01,2026-02-07,2025,2025-26,19,TRUE
Region 5,202606,202638,2026-10-02,32,13907,393440,858,3.58977,3.53472,2026,6,2026-02-08,2026-02-14,2025,2025-26,20,TRUE
Region 5,202607,202638,2026-10-02,31,15035,400083,857,3.8646,3.75797,2026,7,2026-02-15,2026-02-21,2025,2025-26,21,TRUE
Region 5,202608,202638,2026-10-02,30,13119,392987,857,3.43693,3.33828,2026,8,2026-02-22,2026-02-28,2025,2025-26,22,TRUE
Region 5,202609,202638,2026-10-02,29,13241,402227,856,3.47287,3.29192,2026,9,2026-03-01,2026-03-07,2025,2025-26,23,TRUE
Region 5,202610,202638,2026-10-02,28,11540,405003,854,2.96965,2.84936,2026,10,2026-03-08,2026-03-14,2025,2025-26,24,TRUE
Region 5,202611,202638,2026-10-02,27,8890,382512,855,2.43786,2.32411,2026,11,2026-03-15,2026-03-21,2025,2025-26,25,TRUE
Region 5,202612,202638,2026-10-02,26,7932,396619,853,2.13324,1.9999,2026,12,2026-03-22,2026-03-28,2025,2025-26,26,TRUE
Region 5,202613,202638,2026-10-02,25,6590,371356,854,1.87376,1.77458,2026,13,2026-03-29,2026-04-04,2025,2025-26,27,TRUE
Region 5,202614,202638,2026-10-02,24,5152,382495,855,1.4116,1.34695,2026,14,2026-04-05,2026-04-11,2025,2025-26,28,TRUE
Region 5,202615,202638,2026-10-02,23,4494,393907,853,1.187,1.14088,2026,15,2026-04-12,2026-04-18,2025,2025-26,29,TRUE
Region 5,202616,202638,2026-10-02,22,4009,387481,849,1.08467,1.03463,2026,16,2026-04-19,2026-04-25,2025,2025-26,30,TRUE
Region 5,202617,202638,2026-10-02,21,3684,386655,850,1.00926,0.952787,2026,17,2026-04-26,2026-05-02,2025,2025-26,31,TRUE
Region 5,202618,202638,2026-10-02,20,3715,393036,848,1.01201,0.945206,2026,18,2026-05-03,2026-05-09,2025,2025-26,32,TRUE
Region 5,202619,202638,2026-10-02,19,3794,393390,850,1.06262,0.964437,2026,19,2026-05-10,2026-05-16,2025,2025-26,33,TRUE
Region 5,202620,202638,2026-10-02,18,3234,389953,846,0.90444,0.829331,2026,20,2026-05-17,2026-05-23,2025,2025-26,34,TRUE
Region 5,202621,202638,2026-10-02,17,3293,388694,844,0.908192,0.847196,2026,21,2026-05-24,2026-05-30,2025,2025-26,35,TRUE
Region 5,202622,202638,2026-10-02,16,2758,391774,837,0.78518,0.703977,2026,22,2026-05-31,2026-06-06,2025,2025-26,36,TRUE
Region 5,202623,202638,2026-10-02,15,2354,388141,840,0.663151,0.606481,2026,23,2026-06-07,2026-06-13,2025,2025-26,37,TRUE
Region 5,202624,202638,2026-10-02,14,2148,379805,839,0.610848,0.565553,2026,24,2026-06-14,2026-06-20,2025,2025-26,38,TRUE
Region 5,202625,202638,2026-10-02,13,2166,378495,841,0.625641,0.572266,2026,25,2026-06-21,2026-06-27,2025,2025-26,39,TRUE
Region 5,202626,202638,2026-10-02,12,1876,369962,832,0.544662,0.507079,2026,26,2026-06-28,2026-07-04,2025,2025-26,40,TRUE
Region 5,202627,202638,2026-10-02,11,1998,405229,838,0.546755,0.493055,2026,27,2026-07-05,2026-07-11,2025,2025-26,41,TRUE
Region 5,202628,202638,2026-10-02,10,1960,395782,834,0.544997,0.495222,2026,28,2026-07-12,2026-07-18,2025,2025-26,42,TRUE
Region 5,202629,202638,2026-10-02,9,1807,383542,825,0.51876,0.471135,2026,29,2026-07-19,2026-07-25,2025,2025-26,43,TRUE
Region 5,202630,202638,2026-10-02,8,1817,383327,828,0.514089,0.474008,2026,30,2026-07-26,2026-08-01,2025,2025-26,44,TRUE
Region 5,202631,202638,2026-10-02,7,1816,378408,830,0.522742,0.479905,2026,31,2026-08-02,2026-08-08,2025,2025-26,45,TRUE
Region 5,202632,202638,2026-10-02,6,1868,386167,828,0.53839,0.483729,2026,32,2026-08-09,2026-08-15,2025,2025-26,46,TRUE
Region 5,202633,202638,2026-10-02,5,1889,324674,694,0.57988,0.581814,2026,33,2026-08-16,2026-08-22,2025,2025-26,47,TRUE
Region 5,202634,202638,2026-10-02,4,2534,387360,821,0.688312,0.654172,2026,34,2026-08-23,2026-08-29,2025,2025-26,48,TRUE
Region 5,202635,202638,2026-10-02,3,3077,400596,827,0.848341,0.768106,2026,35,2026-08-30,2026-09-05,2025,2025-26,49,TRUE
Region 5,202636,202638,2026-10-02,2,3188,385538,816,0.894291,0.826896,2026,36,2026-09-06,2026-09-12,2025,2025-26,50,TRUE
Region 5,202637,202638,2026-10-02,1,3570,376176,830,0.995326,0.949024,2026,37,2026-09-13,2026-09-19,2025,2025-26,51,TRUE
Region 5,202638,202638,2026-10-02,0,4084,384144,811,1.13286,1.06314,2026,38,2026-09-20,2026-09-26,2025,2025-26,52,TRUE
Region 6,201940,202139,2021-10-08,104,3390,123092,310,2.1699,2.75404,2019,40,2019-09-29,2019-10-05,2019,2019-20,1,FALSE
Region 6,201941,202139,2021-10-08,103,3633,121390,307,2.54586,2.99283,2019,41,2019-10-06,2019-10-12,2019,2019-20,2,FALSE
Region 6,201942,202139,2021-10-08,102,3955,121617,311,2.65452,3.25201,2019,42,2019-10-13,2019-10-19,2019,2019-20,3,FALSE
Region 6,201943,202139,2021-10-08,101,4613,122600,313,3.18499,3.76264,2019,43,2019-10-20,2019-10-26,2019,2019-20,4,FALSE
Region 6,201944,202139,2021-10-08,100,5463,120455,315,3.72909,4.5353,2019,44,2019-10-27,2019-11-02,2019,2019-20,5,FALSE
Region 6,201945,202139,2021-10-08,99,7254,127147,316,4.6946,5.70521,2019,45,2019-11-03,2019-11-09,2019,2019-20,6,FALSE
Region 6,201946,202139,2021-10-08,98,8215,125373,306,5.0121,6.55245,2019,46,2019-11-10,2019-11-16,2019,2019-20,7,FALSE
Region 6,201947,202139,2021-10-08,97,10360,133630,309,6.33439,7.75275,2019,47,2019-11-17,2019-11-23,2019,2019-20,8,FALSE
Region 6,201948,202139,2021-10-08,96,8623,108631,309,6.9234,7.93788,2019,48,2019-11-24,2019-11-30,2019,2019-20,9,FALSE
Region 6,201949,202139,2021-10-08,95,8082,125572,305,5.82737,6.43615,2019,49,2019-12-01,2019-12-07,2019,2019-20,10,FALSE
Region 6,201950,202139,2021-10-08,94,7928,112757,283,7.71245,7.03105,2019,50,2019-12-08,2019-12-14,2019,2019-20,11,FALSE
Region 6,201951,202139,2021-10-08,93,8910,106476,276,10.1455,8.36808,2019,51,2019-12-15,2019-12-21,2019,2019-20,12,FALSE
Region 6,201952,202139,2021-10-08,92,11663,104351,274,13.4026,11.1767,2019,52,2019-12-22,2019-12-28,2019,2019-20,13,FALSE
Region 6,202001,202139,2021-10-08,91,10437,112117,297,9.9767,9.30903,2020,1,2019-12-29,2020-01-04,2019,2019-20,14,FALSE
Region 6,202002,202139,2021-10-08,90,9738,121644,308,8.8427,8.00533,2020,2,2020-01-05,2020-01-11,2019,2019-20,15,FALSE
Region 6,202003,202139,2021-10-08,89,10462,122544,305,9.68527,8.53734,2020,3,2020-01-12,2020-01-18,2019,2019-20,16,FALSE
Region 6,202004,202139,2021-10-08,88,11239,125042,309,9.90765,8.98818,2020,4,2020-01-19,2020-01-25,2019,2019-20,17,FALSE
Region 6,202005,202139,2021-10-08,87,13121,130968,310,10.7181,10.0185,2020,5,2020-01-26,2020-02-01,2019,2019-20,18,FALSE
Region 6,202006,202139,2021-10-08,86,12041,119500,309,10.3581,10.0762,2020,6,2020-02-02,2020-02-08,2019,2019-20,19,FALSE
Region 6,202007,202139,2021-10-08,85,11446,123861,304,9.43383,9.241,2020,7,2020-02-09,2020-02-15,2019,2019-20,20,FALSE
Region 6,202008,202139,2021-10-08,84,10798,124705,305,8.72394,8.65883,2020,8,2020-02-16,2020-02-22,2019,2019-20,21,FALSE
Region 6,202009,202139,2021-10-08,83,10020,120948,298,8.02554,8.28455,2020,9,2020-02-23,2020-02-29,2019,2019-20,22,FALSE
Region 6,202010,202139,2021-10-08,82,9897,124400,295,7.83313,7.95579,2020,10,2020-03-01,2020-03-07,2019,2019-20,23,FALSE
Region 6,202011,202139,2021-10-08,81,10043,117967,292,7.19349,8.5134,2020,11,2020-03-08,2020-03-14,2019,2019-20,24,FALSE
Region 6,202012,202139,2021-10-08,80,9368,96590,280,8.26102,9.69873,2020,12,2020-03-15,2020-03-21,2019,2019-20,25,FALSE
Region 6,202013,202139,2021-10-08,79,5951,72141,277,5.73706,8.24912,2020,13,2020-03-22,2020-03-28,2019,2019-20,26,FALSE
Region 6,202014,202139,2021-10-08,78,3608,59751,268,4.18184,6.03839,2020,14,2020-03-29,2020-04-04,2019,2019-20,27,FALSE
Region 6,202015,202139,2021-10-08,77,2423,57690,274,3.18427,4.20003,2020,15,2020-04-05,2020-04-11,2019,2019-20,28,FALSE
Region 6,202016,202139,2021-10-08,76,1738,55267,270,2.321,3.14473,2020,16,2020-04-12,2020-04-18,2019,2019-20,29,FALSE
Region 6,202017,202139,2021-10-08,75,1590,57523,263,2.15912,2.76411,2020,17,2020-04-19,2020-04-25,2019,2019-20,30,FALSE
Region 6,202018,202139,2021-10-08,74,1276,59918,253,1.61184,2.12958,2020,18,2020-04-26,2020-05-02,2019,2019-20,31,FALSE
Region 6,202019,202139,2021-10-08,73,1169,62628,262,1.37436,1.86658,2020,19,2020-05-03,2020-05-09,2019,2019-20,32,FALSE
Region 6,202020,202139,2021-10-08,72,1096,65970,257,1.2668,1.66136,2020,20,2020-05-10,2020-05-16,2019,2019-20,33,FALSE
Region 6,202021,202139,2021-10-08,71,1134,79402,289,1.19876,1.42818,2020,21,2020-05-17,2020-05-23,2019,2019-20,34,FALSE
Region 6,202022,202139,2021-10-08,70,1035,79386,283,1.18095,1.30376,2020,22,2020-05-24,2020-05-30,2019,2019-20,35,FALSE
Region 6,202023,202139,2021-10-08,69,1120,82978,283,1.26748,1.34976,2020,23,2020-05-31,2020-06-06,2019,2019-20,36,FALSE
Region 6,202024,202139,2021-10-08,68,1166,82124,268,1.38634,1.4198,2020,24,2020-06-07,2020-06-13,2019,2019-20,37,FALSE
Region 6,202025,202139,2021-10-08,67,1282,91985,279,1.42496,1.39371,2020,25,2020-06-14,2020-06-20,2019,2019-20,38,FALSE
Region 6,202026,202139,2021-10-08,66,1735,92220,273,1.83728,1.88137,2020,26,2020-06-21,2020-06-27,2019,2019-20,39,FALSE
Region 6,202027,202139,2021-10-08,65,1909,90005,265,2.07459,2.12099,2020,27,2020-06-28,2020-07-04,2019,2019-20,40,FALSE
Region 6,202028,202139,2021-10-08,64,2320,95064,276,2.00083,2.44046,2020,28,2020-07-05,2020-07-11,2019,2019-20,41,FALSE
Region 6,202029,202139,2021-10-08,63,2178,92843,274,1.92467,2.3459,2020,29,2020-07-12,2020-07-18,2019,2019-20,42,FALSE
Region 6,202030,202139,2021-10-08,62,1915,90000,272,1.73339,2.12778,2020,30,2020-07-19,2020-07-25,2019,2019-20,43,FALSE
Region 6,202031,202139,2021-10-08,61,1657,86796,277,1.42439,1.90907,2020,31,2020-07-26,2020-08-01,2019,2019-20,44,FALSE
Region 6,202032,202139,2021-10-08,60,1543,89751,277,1.33664,1.7192,2020,32,2020-08-02,2020-08-08,2019,2019-20,45,FALSE
Region 6,202033,202139,2021-10-08,59,1394,87611,276,1.1835,1.59112,2020,33,2020-08-09,2020-08-15,2019,2019-20,46,FALSE
Region 6,202034,202139,2021-10-08,58,1252,78826,219,1.15044,1.5883100000000001,2020,34,2020-08-16,2020-08-22,2019,2019-20,47,FALSE
Region 6,202035,202139,2021-10-08,57,1036,75861,256,0.956204,1.36566,2020,35,2020-08-23,2020-08-29,2019,2019-20,48,FALSE
Region 6,202036,202139,2021-10-08,56,996,75467,210,0.989411,1.31978,2020,36,2020-08-30,2020-09-05,2019,2019-20,49,FALSE
Region 6,202037,202139,2021-10-08,55,1304,81847,229,1.45933,1.59322,2020,37,2020-09-06,2020-09-12,2019,2019-20,50,FALSE
Region 6,202038,202139,2021-10-08,54,1152,76484,212,1.26725,1.5062,2020,38,2020-09-13,2020-09-19,2019,2019-20,51,FALSE
Region 6,202039,202139,2021-10-08,53,1541,109708,246,1.28846,1.4046400000000001,2020,39,2020-09-20,2020-09-26,2019,2019-20,52,FALSE
Region 6,202040,202239,2022-10-07,104,1835,115203,270,1.39122,1.59284,2020,40,2020-09-27,2020-10-03,2020,2020-21,1,FALSE
Region 6,202041,202239,2022-10-07,103,1573,129722,298,1.39116,1.21259,2020,41,2020-10-04,2020-10-10,2020,2020-21,2,FALSE
Region 6,202042,202239,2022-10-07,102,1554,125768,284,1.4039,1.23561,2020,42,2020-10-11,2020-10-17,2020,2020-21,3,FALSE
Region 6,202043,202239,2022-10-07,101,1544,123333,292,1.43045,1.2519,2020,43,2020-10-18,2020-10-24,2020,2020-21,4,FALSE
Region 6,202044,202239,2022-10-07,100,1705,122700,307,1.5459,1.38957,2020,44,2020-10-25,2020-10-31,2020,2020-21,5,FALSE
Region 6,202045,202239,2022-10-07,99,2092,132801,310,1.76758,1.57529,2020,45,2020-11-01,2020-11-07,2020,2020-21,6,FALSE
Region 6,202046,202239,2022-10-07,98,2180,135116,294,1.82809,1.61343,2020,46,2020-11-08,2020-11-14,2020,2020-21,7,FALSE
Region 6,202047,202239,2022-10-07,97,2157,128200,286,1.83325,1.68253,2020,47,2020-11-15,2020-11-21,2020,2020-21,8,FALSE
Region 6,202048,202239,2022-10-07,96,1770,115369,291,1.76842,1.53421,2020,48,2020-11-22,2020-11-28,2020,2020-21,9,FALSE
Region 6,202049,202239,2022-10-07,95,1822,118215,287,1.7108,1.54126,2020,49,2020-11-29,2020-12-05,2020,2020-21,10,FALSE
Region 6,202050,202239,2022-10-07,94,2337,147678,296,1.722,1.5825,2020,50,2020-12-06,2020-12-12,2020,2020-21,11,FALSE
Region 6,202051,202239,2022-10-07,93,1783,127679,278,1.58884,1.39647,2020,51,2020-12-13,2020-12-19,2020,2020-21,12,FALSE
Region 6,202052,202239,2022-10-07,92,1898,126634,288,1.68946,1.49881,2020,52,2020-12-20,2020-12-26,2020,2020-21,13,FALSE
Region 6,202053,202239,2022-10-07,91,1867,115985,275,1.87446,1.60969,2020,53,2020-12-27,2021-01-02,2020,2020-21,14,FALSE
Region 6,202101,202239,2022-10-07,90,1941,130525,291,1.66393,1.48707,2021,1,2021-01-03,2021-01-09,2020,2020-21,15,FALSE
Region 6,202102,202239,2022-10-07,89,1388,114674,273,1.33198,1.21039,2021,2,2021-01-10,2021-01-16,2020,2020-21,16,FALSE
Region 6,202103,202239,2022-10-07,88,1730,125089,292,1.61094,1.38302,2021,3,2021-01-17,2021-01-23,2020,2020-21,17,FALSE
Region 6,202104,202239,2022-10-07,87,1399,117102,287,1.37726,1.19468,2021,4,2021-01-24,2021-01-30,2020,2020-21,18,FALSE
Region 6,202105,202239,2022-10-07,86,1892,124210,288,1.99544,1.52323,2021,5,2021-01-31,2021-02-06,2020,2020-21,19,FALSE
Region 6,202106,202239,2022-10-07,85,825,80834,240,1.37693,1.02061,2021,6,2021-02-07,2021-02-13,2020,2020-21,20,FALSE
Region 6,202107,202239,2022-10-07,84,621,63997,252,1.75181,0.970358,2021,7,2021-02-14,2021-02-20,2020,2020-21,21,FALSE
Region 6,202108,202239,2022-10-07,83,1031,118752,271,0.973959,0.868196,2021,8,2021-02-21,2021-02-27,2020,2020-21,22,FALSE
Region 6,202109,202239,2022-10-07,82,862,120111,285,0.780637,0.717669,2021,9,2021-02-28,2021-03-06,2020,2020-21,23,FALSE
Region 6,202110,202239,2022-10-07,81,936,112647,269,0.897687,0.830914,2021,10,2021-03-07,2021-03-13,2020,2020-21,24,FALSE
Region 6,202111,202239,2022-10-07,80,1016,114489,279,0.940055,0.887421,2021,11,2021-03-14,2021-03-20,2020,2020-21,25,FALSE
Region 6,202112,202239,2022-10-07,79,1010,114739,277,0.958458,0.880259,2021,12,2021-03-21,2021-03-27,2020,2020-21,26,FALSE
Region 6,202113,202239,2022-10-07,78,1176,124260,280,1.01429,0.946403,2021,13,2021-03-28,2021-04-03,2020,2020-21,27,FALSE
Region 6,202114,202239,2022-10-07,77,1464,132580,277,1.22722,1.10424,2021,14,2021-04-04,2021-04-10,2020,2020-21,28,FALSE
Region 6,202115,202239,2022-10-07,76,1435,133177,277,1.19484,1.07751,2021,15,2021-04-11,2021-04-17,2020,2020-21,29,FALSE
Region 6,202116,202239,2022-10-07,75,1358,124268,264,1.26929,1.0928,2021,16,2021-04-18,2021-04-24,2020,2020-21,30,FALSE
Region 6,202117,202239,2022-10-07,74,1759,137114,276,1.32157,1.28287,2021,17,2021-04-25,2021-05-01,2020,2020-21,31,FALSE
Region 6,202118,202239,2022-10-07,73,1629,132938,266,1.2854,1.22538,2021,18,2021-05-02,2021-05-08,2020,2020-21,32,FALSE
Region 6,202119,202239,2022-10-07,72,1786,132436,275,1.40054,1.34858,2021,19,2021-05-09,2021-05-15,2020,2020-21,33,FALSE
Region 6,202120,202239,2022-10-07,71,1856,129526,260,1.54252,1.43292,2021,20,2021-05-16,2021-05-22,2020,2020-21,34,FALSE
Region 6,202121,202239,2022-10-07,70,1789,128337,255,1.41275,1.39399,2021,21,2021-05-23,2021-05-29,2020,2020-21,35,FALSE
Region 6,202122,202239,2022-10-07,69,1817,126715,263,1.45764,1.43393,2021,22,2021-05-30,2021-06-05,2020,2020-21,36,FALSE
Region 6,202123,202239,2022-10-07,68,1748,126035,244,1.44316,1.38692,2021,23,2021-06-06,2021-06-12,2020,2020-21,37,FALSE
Region 6,202124,202239,2022-10-07,67,1807,126543,240,1.51972,1.42797,2021,24,2021-06-13,2021-06-19,2020,2020-21,38,FALSE
Region 6,202125,202239,2022-10-07,66,1791,126249,241,1.54465,1.41863,2021,25,2021-06-20,2021-06-26,2020,2020-21,39,FALSE
Region 6,202126,202239,2022-10-07,65,1794,123619,240,1.48402,1.45123,2021,26,2021-06-27,2021-07-03,2020,2020-21,40,FALSE
Region 6,202127,202239,2022-10-07,64,2193,134022,254,1.71193,1.6363,2021,27,2021-07-04,2021-07-10,2020,2020-21,41,FALSE
Region 6,202128,202239,2022-10-07,63,2546,137637,251,1.88812,1.84979,2021,28,2021-07-11,2021-07-17,2020,2020-21,42,FALSE
Region 6,202129,202239,2022-10-07,62,3182,144612,256,2.25937,2.20037,2021,29,2021-07-18,2021-07-24,2020,2020-21,43,FALSE
Region 6,202130,202239,2022-10-07,61,3354,149405,250,2.35564,2.2449,2021,30,2021-07-25,2021-07-31,2020,2020-21,44,FALSE
Region 6,202131,202239,2022-10-07,60,3336,145468,253,2.42871,2.29329,2021,31,2021-08-01,2021-08-07,2020,2020-21,45,FALSE
Region 6,202132,202239,2022-10-07,59,3416,151107,256,2.33115,2.26065,2021,32,2021-08-08,2021-08-14,2020,2020-21,46,FALSE
Region 6,202133,202239,2022-10-07,58,3400,144889,249,2.52588,2.34662,2021,33,2021-08-15,2021-08-21,2020,2020-21,47,FALSE
Region 6,202134,202239,2022-10-07,57,3784,144833,248,2.88679,2.61266,2021,34,2021-08-22,2021-08-28,2020,2020-21,48,FALSE
Region 6,202135,202239,2022-10-07,56,3455,136350,250,2.89162,2.53392,2021,35,2021-08-29,2021-09-04,2020,2020-21,49,FALSE
Region 6,202136,202239,2022-10-07,55,2846,128277,236,2.67216,2.21864,2021,36,2021-09-05,2021-09-11,2020,2020-21,50,FALSE
Region 6,202137,202239,2022-10-07,54,2551,131418,247,2.29782,1.94113,2021,37,2021-09-12,2021-09-18,2020,2020-21,51,FALSE
Region 6,202138,202239,2022-10-07,53,2243,129410,248,1.939,1.73325,2021,38,2021-09-19,2021-09-25,2020,2020-21,52,FALSE
Region 6,202139,202239,2022-10-07,52,2251,130464,254,1.90128,1.72538,2021,39,2021-09-26,2021-10-02,2020,2020-21,53,FALSE
Region 6,202140,202339,2023-10-06,103,2687,140701,283,2.11625,1.90972,2021,40,2021-10-03,2021-10-09,2021,2021-22,1,FALSE
Region 6,202141,202339,2023-10-06,102,2491,138033,278,1.99984,1.80464,2021,41,2021-10-10,2021-10-16,2021,2021-22,2,FALSE
Region 6,202142,202339,2023-10-06,101,2496,139774,286,1.96955,1.78574,2021,42,2021-10-17,2021-10-23,2021,2021-22,3,FALSE
Region 6,202143,202339,2023-10-06,100,2427,133228,266,2.00623,1.82169,2021,43,2021-10-24,2021-10-30,2021,2021-22,4,FALSE
Region 6,202144,202339,2023-10-06,99,2985,140227,283,2.246,2.12869,2021,44,2021-10-31,2021-11-06,2021,2021-22,5,FALSE
Region 6,202145,202339,2023-10-06,98,3585,156521,286,2.37255,2.29043,2021,45,2021-11-07,2021-11-13,2021,2021-22,6,FALSE
Region 6,202146,202339,2023-10-06,97,3835,144467,281,2.98342,2.65459,2021,46,2021-11-14,2021-11-20,2021,2021-22,7,FALSE
Region 6,202147,202339,2023-10-06,96,3492,128903,279,2.8733,2.70901,2021,47,2021-11-21,2021-11-27,2021,2021-22,8,FALSE
Region 6,202148,202339,2023-10-06,95,4007,149517,286,2.49388,2.67996,2021,48,2021-11-28,2021-12-04,2021,2021-22,9,FALSE
Region 6,202149,202339,2023-10-06,94,4366,155166,286,2.90293,2.81376,2021,49,2021-12-05,2021-12-11,2021,2021-22,10,FALSE
Region 6,202150,202339,2023-10-06,93,4579,141632,281,3.47703,3.23303,2021,50,2021-12-12,2021-12-18,2021,2021-22,11,FALSE
Region 6,202151,202339,2023-10-06,92,5394,140046,285,3.78298,3.85159,2021,51,2021-12-19,2021-12-25,2021,2021-22,12,FALSE
Region 6,202152,202339,2023-10-06,91,9045,191653,273,4.98007,4.71947,2021,52,2021-12-26,2022-01-01,2021,2021-22,13,FALSE
Region 6,202201,202339,2023-10-06,90,8452,167314,277,5.59244,5.05158,2022,1,2022-01-02,2022-01-08,2021,2021-22,14,FALSE
Region 6,202202,202339,2023-10-06,89,7275,160922,277,5.00773,4.52082,2022,2,2022-01-09,2022-01-15,2021,2021-22,15,FALSE
Region 6,202203,202339,2023-10-06,88,5572,140008,281,4.43849,3.97977,2022,3,2022-01-16,2022-01-22,2021,2021-22,16,FALSE
Region 6,202204,202339,2023-10-06,87,3720,133261,277,3.03339,2.79151,2022,4,2022-01-23,2022-01-29,2021,2021-22,17,FALSE
Region 6,202205,202339,2023-10-06,86,2453,115392,274,2.38378,2.1258,2022,5,2022-01-30,2022-02-05,2021,2021-22,18,FALSE
Region 6,202206,202339,2023-10-06,85,2233,123966,278,2.05496,1.8013,2022,6,2022-02-06,2022-02-12,2021,2021-22,19,FALSE
Region 6,202207,202339,2023-10-06,84,2486,122461,278,2.3412,2.03003,2022,7,2022-02-13,2022-02-19,2021,2021-22,20,FALSE
Region 6,202208,202339,2023-10-06,83,2616,131807,276,2.27325,1.98472,2022,8,2022-02-20,2022-02-26,2021,2021-22,21,FALSE
Region 6,202209,202339,2023-10-06,82,3078,129079,279,2.86186,2.38459,2022,9,2022-02-27,2022-03-05,2021,2021-22,22,FALSE
Region 6,202210,202339,2023-10-06,81,3602,133549,277,3.10672,2.69714,2022,10,2022-03-06,2022-03-12,2021,2021-22,23,FALSE
Region 6,202211,202339,2023-10-06,80,3929,144099,277,3.025,2.7266,2022,11,2022-03-13,2022-03-19,2021,2021-22,24,FALSE
Region 6,202212,202339,2023-10-06,79,3530,136864,282,2.83768,2.5792,2022,12,2022-03-20,2022-03-26,2021,2021-22,25,FALSE
Region 6,202213,202339,2023-10-06,78,3523,141558,277,2.71524,2.48873,2022,13,2022-03-27,2022-04-02,2021,2021-22,26,FALSE
Region 6,202214,202339,2023-10-06,77,3644,148681,287,2.491,2.45088,2022,14,2022-04-03,2022-04-09,2021,2021-22,27,FALSE
Region 6,202215,202339,2023-10-06,76,3839,154672,282,2.42369,2.48203,2022,15,2022-04-10,2022-04-16,2021,2021-22,28,FALSE
Region 6,202216,202339,2023-10-06,75,3609,153491,282,2.28719,2.35128,2022,16,2022-04-17,2022-04-23,2021,2021-22,29,FALSE
Region 6,202217,202339,2023-10-06,74,4597,192887,285,2.29219,2.38326,2022,17,2022-04-24,2022-04-30,2021,2021-22,30,FALSE
Region 6,202218,202339,2023-10-06,73,3511,145440,280,2.26665,2.41405,2022,18,2022-05-01,2022-05-07,2021,2021-22,31,FALSE
Region 6,202219,202339,2023-10-06,72,4458,191372,276,2.27264,2.32949,2022,19,2022-05-08,2022-05-14,2021,2021-22,32,FALSE
Region 6,202220,202339,2023-10-06,71,3605,165768,266,2.14932,2.17473,2022,20,2022-05-15,2022-05-21,2021,2021-22,33,FALSE
Region 6,202221,202339,2023-10-06,70,3879,191943,261,1.95274,2.02091,2022,21,2022-05-22,2022-05-28,2021,2021-22,34,FALSE
Region 6,202222,202339,2023-10-06,69,3103,150994,259,2.19606,2.05505,2022,22,2022-05-29,2022-06-04,2021,2021-22,35,FALSE
Region 6,202223,202339,2023-10-06,68,2863,143133,257,2.11822,2.00024,2022,23,2022-06-05,2022-06-11,2021,2021-22,36,FALSE
Region 6,202224,202339,2023-10-06,67,2812,142796,257,2.13661,1.96924,2022,24,2022-06-12,2022-06-18,2021,2021-22,37,FALSE
Region 6,202225,202339,2023-10-06,66,2891,168087,272,1.91273,1.71994,2022,25,2022-06-19,2022-06-25,2021,2021-22,38,FALSE
Region 6,202226,202339,2023-10-06,65,2604,139727,250,2.08644,1.86363,2022,26,2022-06-26,2022-07-02,2021,2021-22,39,FALSE
Region 6,202227,202339,2023-10-06,64,2921,149062,266,2.28017,1.95959,2022,27,2022-07-03,2022-07-09,2021,2021-22,40,FALSE
Region 6,202228,202339,2023-10-06,63,2712,148553,251,2.0452,1.82561,2022,28,2022-07-10,2022-07-16,2021,2021-22,41,FALSE
Region 6,202229,202339,2023-10-06,62,2693,146097,250,2.1064600000000002,1.8433,2022,29,2022-07-17,2022-07-23,2021,2021-22,42,FALSE
Region 6,202230,202339,2023-10-06,61,2460,139568,247,2.07839,1.76258,2022,30,2022-07-24,2022-07-30,2021,2021-22,43,FALSE
Region 6,202231,202339,2023-10-06,60,2141,141288,253,1.68686,1.51534,2022,31,2022-07-31,2022-08-06,2021,2021-22,44,FALSE
Region 6,202232,202339,2023-10-06,59,2162,142160,251,1.62291,1.52082,2022,32,2022-08-07,2022-08-13,2021,2021-22,45,FALSE
Region 6,202233,202339,2023-10-06,58,2712,151752,245,1.95673,1.78713,2022,33,2022-08-14,2022-08-20,2021,2021-22,46,FALSE
Region 6,202234,202339,2023-10-06,57,3762,153830,248,2.81628,2.44556,2022,34,2022-08-21,2022-08-27,2021,2021-22,47,FALSE
Region 6,202235,202339,2023-10-06,56,4180,153431,245,3.30921,2.72435,2022,35,2022-08-28,2022-09-03,2021,2021-22,48,FALSE
Region 6,202236,202339,2023-10-06,55,3880,149086,252,3.21725,2.60252,2022,36,2022-09-04,2022-09-10,2021,2021-22,49,FALSE
Region 6,202237,202339,2023-10-06,54,3768,151754,251,3.07902,2.48297,2022,37,2022-09-11,2022-09-17,2021,2021-22,50,FALSE
Region 6,202238,202339,2023-10-06,53,4508,153976,248,3.7253,2.92773,2022,38,2022-09-18,2022-09-24,2021,2021-22,51,FALSE
Region 6,202239,202339,2023-10-06,52,4545,150940,253,3.64418,3.01113,2022,39,2022-09-25,2022-10-01,2021,2021-22,52,FALSE
Region 6,202240,202439,2024-10-04,103,5047,154005,263,3.92228,3.27717,2022,40,2022-10-02,2022-10-08,2022,2022-23,1,TRUE
Region 6,202241,202439,2024-10-04,102,6220,162564,270,4.52846,3.82619,2022,41,2022-10-09,2022-10-15,2022,2022-23,2,TRUE
Region 6,202242,202439,2024-10-04,101,6994,162870,266,5.04861,4.29422,2022,42,2022-10-16,2022-10-22,2022,2022-23,3,TRUE
Region 6,202243,202439,2024-10-04,100,9847,171352,268,6.57387,5.74665,2022,43,2022-10-23,2022-10-29,2022,2022-23,4,TRUE
Region 6,202244,202439,2024-10-04,99,11765,175259,267,7.46723,6.7129200000000004,2022,44,2022-10-30,2022-11-05,2022,2022-23,5,TRUE
Region 6,202245,202439,2024-10-04,98,11157,161279,269,8.3698,6.91783,2022,45,2022-11-06,2022-11-12,2022,2022-23,6,TRUE
Region 6,202246,202439,2024-10-04,97,10238,141280,258,8.65742,7.2466,2022,46,2022-11-13,2022-11-19,2022,2022-23,7,TRUE
Region 6,202247,202439,2024-10-04,96,13464,159249,268,8.72204,8.45468,2022,47,2022-11-20,2022-11-26,2022,2022-23,8,TRUE
Region 6,202248,202439,2024-10-04,95,14431,177854,264,8.03877,8.11396,2022,48,2022-11-27,2022-12-03,2022,2022-23,9,TRUE
Region 6,202249,202439,2024-10-04,94,13723,169127,259,7.90492,8.11402,2022,49,2022-12-04,2022-12-10,2022,2022-23,10,TRUE
Region 6,202250,202439,2024-10-04,93,12030,158923,260,7.16369,7.5697,2022,50,2022-12-11,2022-12-17,2022,2022-23,11,TRUE
Region 6,202251,202439,2024-10-04,92,9391,134680,256,6.67387,6.97282,2022,51,2022-12-18,2022-12-24,2022,2022-23,12,TRUE
Region 6,202252,202439,2024-10-04,91,10176,162621,252,6.33709,6.25749,2022,52,2022-12-25,2022-12-31,2022,2022-23,13,TRUE
Region 6,202301,202439,2024-10-04,90,7204,153844,264,4.96587,4.68267,2023,1,2023-01-01,2023-01-07,2022,2022-23,14,TRUE
Region 6,202302,202439,2024-10-04,89,5251,154597,264,3.75259,3.39657,2023,2,2023-01-08,2023-01-14,2022,2022-23,15,TRUE
Region 6,202303,202439,2024-10-04,88,4585,148415,248,3.42256,3.08931,2023,3,2023-01-15,2023-01-21,2022,2022-23,16,TRUE
Region 6,202304,202439,2024-10-04,87,4431,136179,246,3.70169,3.25381,2023,4,2023-01-22,2023-01-28,2022,2022-23,17,TRUE
Region 6,202305,202439,2024-10-04,86,3896,137042,243,3.16017,2.84292,2023,5,2023-01-29,2023-02-04,2022,2022-23,18,TRUE
Region 6,202306,202439,2024-10-04,85,4285,152558,249,3.04066,2.80877,2023,6,2023-02-05,2023-02-11,2022,2022-23,19,TRUE
Region 6,202307,202439,2024-10-04,84,3876,146674,247,2.92535,2.6426,2023,7,2023-02-12,2023-02-18,2022,2022-23,20,TRUE
Region 6,202308,202439,2024-10-04,83,3917,156073,252,2.71271,2.50972,2023,8,2023-02-19,2023-02-25,2022,2022-23,21,TRUE
Region 6,202309,202439,2024-10-04,82,4001,158478,265,2.75133,2.52464,2023,9,2023-02-26,2023-03-04,2022,2022-23,22,TRUE
Region 6,202310,202439,2024-10-04,81,3851,157543,267,2.68354,2.44441,2023,10,2023-03-05,2023-03-11,2022,2022-23,23,TRUE
Region 6,202311,202439,2024-10-04,80,3401,149304,266,2.3325,2.2779,2023,11,2023-03-12,2023-03-18,2022,2022-23,24,TRUE
Region 6,202312,202439,2024-10-04,79,3222,149692,248,2.21217,2.1524200000000002,2023,12,2023-03-19,2023-03-25,2022,2022-23,25,TRUE
Region 6,202313,202439,2024-10-04,78,3383,156493,249,2.27809,2.16176,2023,13,2023-03-26,2023-04-01,2022,2022-23,26,TRUE
Region 6,202314,202439,2024-10-04,77,3211,150654,250,2.33443,2.13137,2023,14,2023-04-02,2023-04-08,2022,2022-23,27,TRUE
Region 6,202315,202439,2024-10-04,76,3274,157444,250,2.28709,2.07947,2023,15,2023-04-09,2023-04-15,2022,2022-23,28,TRUE
Region 6,202316,202439,2024-10-04,75,3291,159277,263,2.34276,2.06621,2023,16,2023-04-16,2023-04-22,2022,2022-23,29,TRUE
Region 6,202317,202439,2024-10-04,74,3302,158083,263,2.28899,2.08878,2023,17,2023-04-23,2023-04-29,2022,2022-23,30,TRUE
Region 6,202318,202439,2024-10-04,73,3354,153891,261,2.49856,2.17946,2023,18,2023-04-30,2023-05-06,2022,2022-23,31,TRUE
Region 6,202319,202439,2024-10-04,72,2975,157173,260,2.19318,1.89282,2023,19,2023-05-07,2023-05-13,2022,2022-23,32,TRUE
Region 6,202320,202439,2024-10-04,71,2605,143939,261,2.22375,1.80979,2023,20,2023-05-14,2023-05-20,2022,2022-23,33,TRUE
Region 6,202321,202439,2024-10-04,70,2047,125692,240,2.14453,1.62858,2023,21,2023-05-21,2023-05-27,2022,2022-23,34,TRUE
Region 6,202322,202439,2024-10-04,69,2368,145919,254,1.90977,1.62282,2023,22,2023-05-28,2023-06-03,2022,2022-23,35,TRUE
Region 6,202323,202439,2024-10-04,68,1667,141144,250,1.28743,1.18106,2023,23,2023-06-04,2023-06-10,2022,2022-23,36,TRUE
Region 6,202324,202439,2024-10-04,67,1600,138476,251,1.34261,1.15543,2023,24,2023-06-11,2023-06-17,2022,2022-23,37,TRUE
Region 6,202325,202439,2024-10-04,66,1467,144436,249,1.15562,1.01567,2023,25,2023-06-18,2023-06-24,2022,2022-23,38,TRUE
Region 6,202326,202439,2024-10-04,65,1487,145277,249,1.26393,1.02356,2023,26,2023-06-25,2023-07-01,2022,2022-23,39,TRUE
Region 6,202327,202439,2024-10-04,64,1386,139063,249,1.19416,0.996671,2023,27,2023-07-02,2023-07-08,2022,2022-23,40,TRUE
Region 6,202328,202439,2024-10-04,63,1478,142713,250,1.23386,1.03564,2023,28,2023-07-09,2023-07-15,2022,2022-23,41,TRUE
Region 6,202329,202439,2024-10-04,62,1424,146171,249,1.09263,0.974201,2023,29,2023-07-16,2023-07-22,2022,2022-23,42,TRUE
Region 6,202330,202439,2024-10-04,61,1468,141291,245,1.19759,1.03899,2023,30,2023-07-23,2023-07-29,2022,2022-23,43,TRUE
Region 6,202331,202439,2024-10-04,60,1532,140643,247,1.35734,1.08928,2023,31,2023-07-30,2023-08-05,2022,2022-23,44,TRUE
Region 6,202332,202439,2024-10-04,59,1817,140687,232,1.46102,1.29152,2023,32,2023-08-06,2023-08-12,2022,2022-23,45,TRUE
Region 6,202333,202439,2024-10-04,58,2106,135897,228,1.7849,1.5497,2023,33,2023-08-13,2023-08-19,2022,2022-23,46,TRUE
Region 6,202334,202439,2024-10-04,57,3088,153835,232,2.26527,2.00735,2023,34,2023-08-20,2023-08-26,2022,2022-23,47,TRUE
Region 6,202335,202439,2024-10-04,56,4133,148030,244,3.26193,2.792,2023,35,2023-08-27,2023-09-02,2022,2022-23,48,TRUE
Region 6,202336,202439,2024-10-04,55,3514,134596,239,3.27047,2.61078,2023,36,2023-09-03,2023-09-09,2022,2022-23,49,TRUE
Region 6,202337,202439,2024-10-04,54,3455,147353,248,2.72582,2.34471,2023,37,2023-09-10,2023-09-16,2022,2022-23,50,TRUE
Region 6,202338,202439,2024-10-04,53,3069,150006,247,2.1524,2.04592,2023,38,2023-09-17,2023-09-23,2022,2022-23,51,TRUE
Region 6,202339,202439,2024-10-04,52,3320,149089,250,2.43043,2.22686,2023,39,2023-09-24,2023-09-30,2022,2022-23,52,TRUE
Region 6,202340,202538,2025-09-26,102,3864,149957,257,2.96845,2.57674,2023,40,2023-10-01,2023-10-07,2023,2023-24,1,TRUE
Region 6,202341,202538,2025-09-26,101,3964,151570,255,3.01509,2.61529,2023,41,2023-10-08,2023-10-14,2023,2023-24,2,TRUE
Region 6,202342,202538,2025-09-26,100,4761,153958,259,3.50292,3.0924,2023,42,2023-10-15,2023-10-21,2023,2023-24,3,TRUE
Region 6,202343,202538,2025-09-26,99,5253,158317,263,3.75354,3.31803,2023,43,2023-10-22,2023-10-28,2023,2023-24,4,TRUE
Region 6,202344,202538,2025-09-26,98,5653,144986,261,4.16146,3.899,2023,44,2023-10-29,2023-11-04,2023,2023-24,5,TRUE
Region 6,202345,202538,2025-09-26,97,7769,159985,262,5.12307,4.85608,2023,45,2023-11-05,2023-11-11,2023,2023-24,6,TRUE
Region 6,202346,202538,2025-09-26,96,8433,156433,252,5.68855,5.39081,2023,46,2023-11-12,2023-11-18,2023,2023-24,7,TRUE
Region 6,202347,202538,2025-09-26,95,7929,138198,267,5.9659,5.73742,2023,47,2023-11-19,2023-11-25,2023,2023-24,8,TRUE
Region 6,202348,202538,2025-09-26,94,8673,150500,245,5.63983,5.76279,2023,48,2023-11-26,2023-12-02,2023,2023-24,9,TRUE
Region 6,202349,202538,2025-09-26,93,9839,153651,244,6.07051,6.40347,2023,49,2023-12-03,2023-12-09,2023,2023-24,10,TRUE
Region 6,202350,202538,2025-09-26,92,12450,157466,263,7.11576,7.90647,2023,50,2023-12-10,2023-12-16,2023,2023-24,11,TRUE
Region 6,202351,202538,2025-09-26,91,15156,157276,244,8.2941,9.63656,2023,51,2023-12-17,2023-12-23,2023,2023-24,12,TRUE
Region 6,202352,202538,2025-09-26,90,14304,149840,252,7.77249,9.54618,2023,52,2023-12-24,2023-12-30,2023,2023-24,13,TRUE
Region 6,202401,202538,2025-09-26,89,12648,154565,264,7.36716,8.18297,2024,1,2023-12-31,2024-01-06,2023,2023-24,14,TRUE
Region 6,202402,202538,2025-09-26,88,9164,145223,254,5.67615,6.3103,2024,2,2024-01-07,2024-01-13,2023,2023-24,15,TRUE
Region 6,202403,202538,2025-09-26,87,8046,137053,262,5.99755,5.87072,2024,3,2024-01-14,2024-01-20,2023,2023-24,16,TRUE
Region 6,202404,202538,2025-09-26,86,10127,160054,273,6.78314,6.32724,2024,4,2024-01-21,2024-01-27,2023,2023-24,17,TRUE
Region 6,202405,202538,2025-09-26,85,11339,163522,269,7.75475,6.93424,2024,5,2024-01-28,2024-02-03,2023,2023-24,18,TRUE
Region 6,202406,202538,2025-09-26,84,10957,164977,272,7.03665,6.64153,2024,6,2024-02-04,2024-02-10,2023,2023-24,19,TRUE
Region 6,202407,202538,2025-09-26,83,9475,156109,267,6.18286,6.06948,2024,7,2024-02-11,2024-02-17,2023,2023-24,20,TRUE
Region 6,202408,202538,2025-09-26,82,8977,160785,270,5.62229,5.58323,2024,8,2024-02-18,2024-02-24,2023,2023-24,21,TRUE
Region 6,202409,202538,2025-09-26,81,8192,164086,270,4.8813,4.9925,2024,9,2024-02-25,2024-03-02,2023,2023-24,22,TRUE
Region 6,202410,202538,2025-09-26,80,7019,153476,269,4.59458,4.57335,2024,10,2024-03-03,2024-03-09,2023,2023-24,23,TRUE
Region 6,202411,202538,2025-09-26,79,5760,137356,260,4.30048,4.19348,2024,11,2024-03-10,2024-03-16,2023,2023-24,24,TRUE
Region 6,202412,202538,2025-09-26,78,5406,149657,265,3.44709,3.61226,2024,12,2024-03-17,2024-03-23,2023,2023-24,25,TRUE
Region 6,202413,202538,2025-09-26,77,4999,150943,268,3.3403,3.31185,2024,13,2024-03-24,2024-03-30,2023,2023-24,26,TRUE
Region 6,202414,202538,2025-09-26,76,4433,151296,261,2.99283,2.93002,2024,14,2024-03-31,2024-04-06,2023,2023-24,27,TRUE
Region 6,202415,202538,2025-09-26,75,4529,157140,260,3.03666,2.88214,2024,15,2024-04-07,2024-04-13,2023,2023-24,28,TRUE
Region 6,202416,202538,2025-09-26,74,4020,160834,263,2.67669,2.49947,2024,16,2024-04-14,2024-04-20,2023,2023-24,29,TRUE
Region 6,202417,202538,2025-09-26,73,3746,153976,261,2.5943,2.43285,2024,17,2024-04-21,2024-04-27,2023,2023-24,30,TRUE
Region 6,202418,202538,2025-09-26,72,3845,159457,263,2.56249,2.41131,2024,18,2024-04-28,2024-05-04,2023,2023-24,31,TRUE
Region 6,202419,202538,2025-09-26,71,3691,161236,263,2.50847,2.28919,2024,19,2024-05-05,2024-05-11,2023,2023-24,32,TRUE
Region 6,202420,202538,2025-09-26,70,3289,150687,242,2.36616,2.18267,2024,20,2024-05-12,2024-05-18,2023,2023-24,33,TRUE
Region 6,202421,202538,2025-09-26,69,3238,150593,239,2.36158,2.15017,2024,21,2024-05-19,2024-05-25,2023,2023-24,34,TRUE
Region 6,202422,202538,2025-09-26,68,2891,146992,241,2.20221,1.96677,2024,22,2024-05-26,2024-06-01,2023,2023-24,35,TRUE
Region 6,202423,202538,2025-09-26,67,2372,148718,241,1.84052,1.59496,2024,23,2024-06-02,2024-06-08,2023,2023-24,36,TRUE
Region 6,202424,202538,2025-09-26,66,2195,141497,240,1.91149,1.55127,2024,24,2024-06-09,2024-06-15,2023,2023-24,37,TRUE
Region 6,202425,202538,2025-09-26,65,2059,140007,240,1.72322,1.47064,2024,25,2024-06-16,2024-06-22,2023,2023-24,38,TRUE
Region 6,202426,202538,2025-09-26,64,2036,142103,235,1.71962,1.43276,2024,26,2024-06-23,2024-06-29,2023,2023-24,39,TRUE
Region 6,202427,202538,2025-09-26,63,1799,134413,236,1.38139,1.33841,2024,27,2024-06-30,2024-07-06,2023,2023-24,40,TRUE
Region 6,202428,202538,2025-09-26,62,2285,146050,250,1.84804,1.56453,2024,28,2024-07-07,2024-07-13,2023,2023-24,41,TRUE
Region 6,202429,202538,2025-09-26,61,2234,141419,241,1.9343,1.5797,2024,29,2024-07-14,2024-07-20,2023,2023-24,42,TRUE
Region 6,202430,202538,2025-09-26,60,2362,139166,243,2.14847,1.69725,2024,30,2024-07-21,2024-07-27,2023,2023-24,43,TRUE
Region 6,202431,202538,2025-09-26,59,2432,139033,233,2.09273,1.74923,2024,31,2024-07-28,2024-08-03,2023,2023-24,44,TRUE
Region 6,202432,202538,2025-09-26,58,2492,136065,234,2.09452,1.83148,2024,32,2024-08-04,2024-08-10,2023,2023-24,45,TRUE
Region 6,202433,202538,2025-09-26,57,2551,147711,249,1.95709,1.72702,2024,33,2024-08-11,2024-08-17,2023,2023-24,46,TRUE
Region 6,202434,202538,2025-09-26,56,3408,150183,248,2.5142,2.26923,2024,34,2024-08-18,2024-08-24,2023,2023-24,47,TRUE
Region 6,202435,202538,2025-09-26,55,3954,148176,243,3.21711,2.66845,2024,35,2024-08-25,2024-08-31,2023,2023-24,48,TRUE
Region 6,202436,202538,2025-09-26,54,3241,138605,241,2.69289,2.3383,2024,36,2024-09-01,2024-09-07,2023,2023-24,49,TRUE
Region 6,202437,202538,2025-09-26,53,3150,146733,246,2.62713,2.14676,2024,37,2024-09-08,2024-09-14,2023,2023-24,50,TRUE
Region 6,202438,202538,2025-09-26,52,3013,152219,248,2.35766,1.97938,2024,38,2024-09-15,2024-09-21,2023,2023-24,51,TRUE
Region 6,202439,202538,2025-09-26,51,2613,139180,242,2.19249,1.87742,2024,39,2024-09-22,2024-09-28,2023,2023-24,52,TRUE
Region 6,202440,202638,2026-10-02,103,2689,140572,253,2.17716,1.9129,2024,40,2024-09-29,2024-10-05,2024,2024-25,1,TRUE
Region 6,202441,202638,2026-10-02,102,2738,141165,253,2.24314,1.93957,2024,41,2024-10-06,2024-10-12,2024,2024-25,2,TRUE
Region 6,202442,202638,2026-10-02,101,2779,140948,254,2.14256,1.97165,2024,42,2024-10-13,2024-10-19,2024,2024-25,3,TRUE
Region 6,202443,202638,2026-10-02,100,3009,145671,255,2.27193,2.06561,2024,43,2024-10-20,2024-10-26,2024,2024-25,4,TRUE
Region 6,202444,202638,2026-10-02,99,3125,139159,254,2.45152,2.24563,2024,44,2024-10-27,2024-11-02,2024,2024-25,5,TRUE
Region 6,202445,202638,2026-10-02,98,3412,137729,253,2.56867,2.47733,2024,45,2024-11-03,2024-11-09,2024,2024-25,6,TRUE
Region 6,202446,202638,2026-10-02,97,4152,144406,254,3.17814,2.87523,2024,46,2024-11-10,2024-11-16,2024,2024-25,7,TRUE
Region 6,202447,202638,2026-10-02,96,4604,144085,254,3.41741,3.19534,2024,47,2024-11-17,2024-11-23,2024,2024-25,8,TRUE
Region 6,202448,202638,2026-10-02,95,4682,126850,253,3.69207,3.69097,2024,48,2024-11-24,2024-11-30,2024,2024-25,9,TRUE
Region 6,202449,202638,2026-10-02,94,5261,136513,251,3.6056,3.85385,2024,49,2024-12-01,2024-12-07,2024,2024-25,10,TRUE
Region 6,202450,202638,2026-10-02,93,6702,142213,252,4.38606,4.71265,2024,50,2024-12-08,2024-12-14,2024,2024-25,11,TRUE
Region 6,202451,202638,2026-10-02,92,9875,145832,251,5.86942,6.77149,2024,51,2024-12-15,2024-12-21,2024,2024-25,12,TRUE
Region 6,202452,202638,2026-10-02,91,12778,136949,248,7.68463,9.33048,2024,52,2024-12-22,2024-12-28,2024,2024-25,13,TRUE
Region 6,202501,202638,2026-10-02,90,10193,132976,250,6.69361,7.66529,2025,1,2024-12-29,2025-01-04,2024,2024-25,14,TRUE
Region 6,202502,202638,2026-10-02,89,6996,118239,246,5.65787,5.91683,2025,2,2025-01-05,2025-01-11,2024,2024-25,15,TRUE
Region 6,202503,202638,2026-10-02,88,8708,134982,250,6.04577,6.45123,2025,3,2025-01-12,2025-01-18,2024,2024-25,16,TRUE
Region 6,202504,202638,2026-10-02,87,10346,124477,252,8.16387,8.31158,2025,4,2025-01-19,2025-01-25,2024,2024-25,17,TRUE
Region 6,202505,202638,2026-10-02,86,13846,153315,253,10.2722,9.03108,2025,5,2025-01-26,2025-02-01,2024,2024-25,18,TRUE
Region 6,202506,202638,2026-10-02,85,12225,149645,252,8.66758,8.16933,2025,6,2025-02-02,2025-02-08,2024,2024-25,19,TRUE
Region 6,202507,202638,2026-10-02,84,8412,131824,253,6.23912,6.38124,2025,7,2025-02-09,2025-02-15,2024,2024-25,20,TRUE
Region 6,202508,202638,2026-10-02,83,7127,126951,249,5.43816,5.61398,2025,8,2025-02-16,2025-02-22,2024,2024-25,21,TRUE
Region 6,202509,202638,2026-10-02,82,7251,147542,251,4.87639,4.91453,2025,9,2025-02-23,2025-03-01,2024,2024-25,22,TRUE
Region 6,202510,202638,2026-10-02,81,6303,139108,251,4.33175,4.53101,2025,10,2025-03-02,2025-03-08,2024,2024-25,23,TRUE
Region 6,202511,202638,2026-10-02,80,5107,136278,248,3.63752,3.74749,2025,11,2025-03-09,2025-03-15,2024,2024-25,24,TRUE
Region 6,202512,202638,2026-10-02,79,4222,135334,247,3.16021,3.11969,2025,12,2025-03-16,2025-03-22,2024,2024-25,25,TRUE
Region 6,202513,202638,2026-10-02,78,3930,134098,248,2.78595,2.93069,2025,13,2025-03-23,2025-03-29,2024,2024-25,26,TRUE
Region 6,202514,202638,2026-10-02,77,3229,133253,249,2.47165,2.42321,2025,14,2025-03-30,2025-04-05,2024,2024-25,27,TRUE
Region 6,202515,202638,2026-10-02,76,3064,132523,248,2.50516,2.31205,2025,15,2025-04-06,2025-04-12,2024,2024-25,28,TRUE
Region 6,202516,202638,2026-10-02,75,2988,129065,247,2.47863,2.31511,2025,16,2025-04-13,2025-04-19,2024,2024-25,29,TRUE
Region 6,202517,202638,2026-10-02,74,2966,137531,246,2.45027,2.1566,2025,17,2025-04-20,2025-04-26,2024,2024-25,30,TRUE
Region 6,202518,202638,2026-10-02,73,2584,129333,244,2.19069,1.99794,2025,18,2025-04-27,2025-05-03,2024,2024-25,31,TRUE
Region 6,202519,202638,2026-10-02,72,2391,131872,244,2.02462,1.81312,2025,19,2025-05-04,2025-05-10,2024,2024-25,32,TRUE
Region 6,202520,202638,2026-10-02,71,2374,133690,243,2.10074,1.77575,2025,20,2025-05-11,2025-05-17,2024,2024-25,33,TRUE
Region 6,202521,202638,2026-10-02,70,2131,125501,241,1.9397,1.69799,2025,21,2025-05-18,2025-05-24,2024,2024-25,34,TRUE
Region 6,202522,202638,2026-10-02,69,2096,127707,241,1.87546,1.64126,2025,22,2025-05-25,2025-05-31,2024,2024-25,35,TRUE
Region 6,202523,202638,2026-10-02,68,1747,123732,241,1.55942,1.41192,2025,23,2025-06-01,2025-06-07,2024,2024-25,36,TRUE
Region 6,202524,202638,2026-10-02,67,1404,120480,240,1.29305,1.16534,2025,24,2025-06-08,2025-06-14,2024,2024-25,37,TRUE
Region 6,202525,202638,2026-10-02,66,1306,124163,243,1.23717,1.05184,2025,25,2025-06-15,2025-06-21,2024,2024-25,38,TRUE
Region 6,202526,202638,2026-10-02,65,1121,125703,242,1.02931,0.891785,2025,26,2025-06-22,2025-06-28,2024,2024-25,39,TRUE
Region 6,202527,202638,2026-10-02,64,1034,115277,241,1.00014,0.89697,2025,27,2025-06-29,2025-07-05,2024,2024-25,40,TRUE
Region 6,202528,202638,2026-10-02,63,646,83822,209,1.42247,0.770681,2025,28,2025-07-06,2025-07-12,2024,2024-25,41,TRUE
Region 6,202529,202638,2026-10-02,62,696,91371,212,1.07181,0.76173,2025,29,2025-07-13,2025-07-19,2024,2024-25,42,TRUE
Region 6,202530,202638,2026-10-02,61,1092,126956,242,0.941368,0.860141,2025,30,2025-07-20,2025-07-26,2024,2024-25,43,TRUE
Region 6,202531,202638,2026-10-02,60,1124,126772,245,1.03052,0.886631,2025,31,2025-07-27,2025-08-02,2024,2024-25,44,TRUE
Region 6,202532,202638,2026-10-02,59,1275,122059,242,1.13493,1.04458,2025,32,2025-08-03,2025-08-09,2024,2024-25,45,TRUE
Region 6,202533,202638,2026-10-02,58,1533,123884,242,1.32069,1.23745,2025,33,2025-08-10,2025-08-16,2024,2024-25,46,TRUE
Region 6,202534,202638,2026-10-02,57,2291,136640,245,1.83438,1.67667,2025,34,2025-08-17,2025-08-23,2024,2024-25,47,TRUE
Region 6,202535,202638,2026-10-02,56,2827,120713,243,2.79854,2.34192,2025,35,2025-08-24,2025-08-30,2024,2024-25,48,TRUE
Region 6,202536,202638,2026-10-02,55,2635,130052,222,2.32175,2.02611,2025,36,2025-08-31,2025-09-06,2024,2024-25,49,TRUE
Region 6,202537,202638,2026-10-02,54,2485,130682,226,2.15895,1.90156,2025,37,2025-09-07,2025-09-13,2024,2024-25,50,TRUE
Region 6,202538,202638,2026-10-02,53,2223,129057,224,1.93811,1.72249,2025,38,2025-09-14,2025-09-20,2024,2024-25,51,TRUE
Region 6,202539,202638,2026-10-02,52,1490,98926,207,2.24982,1.50618,2025,39,2025-09-21,2025-09-27,2024,2024-25,52,TRUE
Region 6,202540,202638,2026-10-02,51,2133,117808,213,1.91704,1.81057,2025,40,2025-09-28,2025-10-04,2025,2025-26,1,TRUE
Region 6,202541,202638,2026-10-02,50,2105,115331,211,1.8621,1.82518,2025,41,2025-10-05,2025-10-11,2025,2025-26,2,TRUE
Region 6,202542,202638,2026-10-02,49,2157,115006,212,1.90439,1.87555,2025,42,2025-10-12,2025-10-18,2025,2025-26,3,TRUE
Region 6,202543,202638,2026-10-02,48,2260,126769,232,1.73807,1.78277,2025,43,2025-10-19,2025-10-25,2025,2025-26,4,TRUE
Region 6,202544,202638,2026-10-02,47,2331,120514,232,1.77765,1.93422,2025,44,2025-10-26,2025-11-01,2025,2025-26,5,TRUE
Region 6,202545,202638,2026-10-02,46,3092,121731,233,2.22711,2.54003,2025,45,2025-11-02,2025-11-08,2025,2025-26,6,TRUE
Region 6,202546,202638,2026-10-02,45,3626,121908,224,2.78106,2.97437,2025,46,2025-11-09,2025-11-15,2025,2025-26,7,TRUE
Region 6,202547,202638,2026-10-02,44,4451,132131,232,3.05734,3.36863,2025,47,2025-11-16,2025-11-22,2025,2025-26,8,TRUE
Region 6,202548,202638,2026-10-02,43,4096,110272,234,3.17568,3.71445,2025,48,2025-11-23,2025-11-29,2025,2025-26,9,TRUE
Region 6,202549,202638,2026-10-02,42,4903,122337,236,3.72191,4.00778,2025,49,2025-11-30,2025-12-06,2025,2025-26,10,TRUE
Region 6,202550,202638,2026-10-02,41,6254,128794,237,4.24602,4.85582,2025,50,2025-12-07,2025-12-13,2025,2025-26,11,TRUE
Region 6,202551,202638,2026-10-02,40,10000,129869,233,6.39428,7.70007,2025,51,2025-12-14,2025-12-20,2025,2025-26,12,TRUE
Region 6,202552,202638,2026-10-02,39,14191,130317,227,8.87308,10.8896,2025,52,2025-12-21,2025-12-27,2025,2025-26,13,TRUE
Region 6,202553,202638,2026-10-02,38,10605,126488,226,6.94388,8.38419,2025,53,2025-12-28,2026-01-03,2025,2025-26,14,TRUE
Region 6,202601,202638,2026-10-02,37,7840,131266,231,5.17786,5.97261,2026,1,2026-01-04,2026-01-10,2025,2025-26,15,TRUE
Region 6,202602,202638,2026-10-02,36,6029,125652,235,4.2752,4.79817,2026,2,2026-01-11,2026-01-17,2025,2025-26,16,TRUE
Region 6,202603,202638,2026-10-02,35,5877,90977,216,6.66516,6.45987,2026,3,2026-01-18,2026-01-24,2025,2025-26,17,TRUE
Region 6,202604,202638,2026-10-02,34,6428,114310,231,5.20187,5.62331,2026,4,2026-01-25,2026-01-31,2025,2025-26,18,TRUE
Region 6,202605,202638,2026-10-02,33,6101,97309,220,6.74977,6.26972,2026,5,2026-02-01,2026-02-07,2025,2025-26,19,TRUE
Region 6,202606,202638,2026-10-02,32,7979,133738,233,5.23502,5.96614,2026,6,2026-02-08,2026-02-14,2025,2025-26,20,TRUE
Region 6,202607,202638,2026-10-02,31,6948,133600,231,4.44715,5.2006,2026,7,2026-02-15,2026-02-21,2025,2025-26,21,TRUE
Region 6,202608,202638,2026-10-02,30,5580,127484,233,3.89653,4.37702,2026,8,2026-02-22,2026-02-28,2025,2025-26,22,TRUE
Region 6,202609,202638,2026-10-02,29,5266,131641,232,3.7014,4.00027,2026,9,2026-03-01,2026-03-07,2025,2025-26,23,TRUE
Region 6,202610,202638,2026-10-02,28,4220,127301,233,2.95646,3.31498,2026,10,2026-03-08,2026-03-14,2025,2025-26,24,TRUE
Region 6,202611,202638,2026-10-02,27,3609,124578,231,2.62268,2.89698,2026,11,2026-03-15,2026-03-21,2025,2025-26,25,TRUE
Region 6,202612,202638,2026-10-02,26,3180,128323,232,2.27257,2.47812,2026,12,2026-03-22,2026-03-28,2025,2025-26,26,TRUE
Region 6,202613,202638,2026-10-02,25,2539,120315,225,1.92323,2.11029,2026,13,2026-03-29,2026-04-04,2025,2025-26,27,TRUE
Region 6,202614,202638,2026-10-02,24,2445,123734,227,1.92675,1.97601,2026,14,2026-04-05,2026-04-11,2025,2025-26,28,TRUE
Region 6,202615,202638,2026-10-02,23,2232,128112,231,1.80674,1.74223,2026,15,2026-04-12,2026-04-18,2025,2025-26,29,TRUE
Region 6,202616,202638,2026-10-02,22,2141,127061,228,1.86886,1.68502,2026,16,2026-04-19,2026-04-25,2025,2025-26,30,TRUE
Region 6,202617,202638,2026-10-02,21,2095,125828,229,1.79936,1.66497,2026,17,2026-04-26,2026-05-02,2025,2025-26,31,TRUE
Region 6,202618,202638,2026-10-02,20,2246,124582,228,2.0254,1.80283,2026,18,2026-05-03,2026-05-09,2025,2025-26,32,TRUE
Region 6,202619,202638,2026-10-02,19,2171,126502,225,1.84094,1.71618,2026,19,2026-05-10,2026-05-16,2025,2025-26,33,TRUE
Region 6,202620,202638,2026-10-02,18,1845,121159,220,1.71241,1.52279,2026,20,2026-05-17,2026-05-23,2025,2025-26,34,TRUE
Region 6,202621,202638,2026-10-02,17,1797,122833,226,1.71568,1.46296,2026,21,2026-05-24,2026-05-30,2025,2025-26,35,TRUE
Region 6,202622,202638,2026-10-02,16,1407,122903,225,1.38403,1.14481,2026,22,2026-05-31,2026-06-06,2025,2025-26,36,TRUE
Region 6,202623,202638,2026-10-02,15,1259,122461,222,1.23659,1.02808,2026,23,2026-06-07,2026-06-13,2025,2025-26,37,TRUE
Region 6,202624,202638,2026-10-02,14,969,111076,222,1.07434,0.872376,2026,24,2026-06-14,2026-06-20,2025,2025-26,38,TRUE
Region 6,202625,202638,2026-10-02,13,1036,120578,224,0.934103,0.859195,2026,25,2026-06-21,2026-06-27,2025,2025-26,39,TRUE
Region 6,202626,202638,2026-10-02,12,967,112012,214,0.958433,0.8633,2026,26,2026-06-28,2026-07-04,2025,2025-26,40,TRUE
Region 6,202627,202638,2026-10-02,11,886,118011,215,0.843151,0.750777,2026,27,2026-07-05,2026-07-11,2025,2025-26,41,TRUE
Region 6,202628,202638,2026-10-02,10,906,116254,214,0.885835,0.779328,2026,28,2026-07-12,2026-07-18,2025,2025-26,42,TRUE
Region 6,202629,202638,2026-10-02,9,933,117748,216,0.864707,0.79237,2026,29,2026-07-19,2026-07-25,2025,2025-26,43,TRUE
Region 6,202630,202638,2026-10-02,8,809,115215,215,0.831562,0.702166,2026,30,2026-07-26,2026-08-01,2025,2025-26,44,TRUE
Region 6,202631,202638,2026-10-02,7,846,112690,216,0.805366,0.750732,2026,31,2026-08-02,2026-08-08,2025,2025-26,45,TRUE
Region 6,202632,202638,2026-10-02,6,1095,116773,216,1.05698,0.937717,2026,32,2026-08-09,2026-08-15,2025,2025-26,46,TRUE
Region 6,202633,202638,2026-10-02,5,1627,124251,217,1.39363,1.30945,2026,33,2026-08-16,2026-08-22,2025,2025-26,47,TRUE
Region 6,202634,202638,2026-10-02,4,2174,124868,227,1.87713,1.74104,2026,34,2026-08-23,2026-08-29,2025,2025-26,48,TRUE
Region 6,202635,202638,2026-10-02,3,2208,114245,215,2.03848,1.93269,2026,35,2026-08-30,2026-09-05,2025,2025-26,49,TRUE
Region 6,202636,202638,2026-10-02,2,2226,124724,227,1.89682,1.78474,2026,36,2026-09-06,2026-09-12,2025,2025-26,50,TRUE
Region 6,202637,202638,2026-10-02,1,2233,122780,227,1.79942,1.8187,2026,37,2026-09-13,2026-09-19,2025,2025-26,51,TRUE
Region 6,202638,202638,2026-10-02,0,2367,121971,221,1.79537,1.94063,2026,38,2026-09-20,2026-09-26,2025,2025-26,52,TRUE
Region 7,201940,202139,2021-10-08,104,388,36003,130,0.795417,1.07769,2019,40,2019-09-29,2019-10-05,2019,2019-20,1,FALSE
Region 7,201941,202139,2021-10-08,103,449,35517,132,0.841062,1.26418,2019,41,2019-10-06,2019-10-12,2019,2019-20,2,FALSE
Region 7,201942,202139,2021-10-08,102,553,37930,130,1.01154,1.45795,2019,42,2019-10-13,2019-10-19,2019,2019-20,3,FALSE
Region 7,201943,202139,2021-10-08,101,570,38236,132,1.11924,1.49074,2019,43,2019-10-20,2019-10-26,2019,2019-20,4,FALSE
Region 7,201944,202139,2021-10-08,100,543,35531,132,1.22561,1.52824,2019,44,2019-10-27,2019-11-02,2019,2019-20,5,FALSE
Region 7,201945,202139,2021-10-08,99,602,37506,132,1.21619,1.60508,2019,45,2019-11-03,2019-11-09,2019,2019-20,6,FALSE
Region 7,201946,202139,2021-10-08,98,704,36610,132,1.6625,1.92297,2019,46,2019-11-10,2019-11-16,2019,2019-20,7,FALSE
Region 7,201947,202139,2021-10-08,97,784,38745,132,1.50983,2.02349,2019,47,2019-11-17,2019-11-23,2019,2019-20,8,FALSE
Region 7,201948,202139,2021-10-08,96,909,29265,130,1.72343,3.1061,2019,48,2019-11-24,2019-11-30,2019,2019-20,9,FALSE
Region 7,201949,202139,2021-10-08,95,1092,38718,133,1.84867,2.82039,2019,49,2019-12-01,2019-12-07,2019,2019-20,10,FALSE
Region 7,201950,202139,2021-10-08,94,1365,37677,133,2.18788,3.6229,2019,50,2019-12-08,2019-12-14,2019,2019-20,11,FALSE
Region 7,201951,202139,2021-10-08,93,1599,35002,132,2.84278,4.56831,2019,51,2019-12-15,2019-12-21,2019,2019-20,12,FALSE
Region 7,201952,202139,2021-10-08,92,2327,28680,129,5.61966,8.11367,2019,52,2019-12-22,2019-12-28,2019,2019-20,13,FALSE
Region 7,202001,202139,2021-10-08,91,2160,31432,130,4.81526,6.87198,2020,1,2019-12-29,2020-01-04,2019,2019-20,14,FALSE
Region 7,202002,202139,2021-10-08,90,1851,33939,129,3.57077,5.4539,2020,2,2020-01-05,2020-01-11,2019,2019-20,15,FALSE
Region 7,202003,202139,2021-10-08,89,1836,33324,129,5.2512,5.50954,2020,3,2020-01-12,2020-01-18,2019,2019-20,16,FALSE
Region 7,202004,202139,2021-10-08,88,1858,34151,129,6.07977,5.44054,2020,4,2020-01-19,2020-01-25,2019,2019-20,17,FALSE
Region 7,202005,202139,2021-10-08,87,2170,35795,128,6.87522,6.0623,2020,5,2020-01-26,2020-02-01,2019,2019-20,18,FALSE
Region 7,202006,202139,2021-10-08,86,2392,36735,129,7.25331,6.5115,2020,6,2020-02-02,2020-02-08,2019,2019-20,19,FALSE
Region 7,202007,202139,2021-10-08,85,2285,35478,128,6.36516,6.44061,2020,7,2020-02-09,2020-02-15,2019,2019-20,20,FALSE
Region 7,202008,202139,2021-10-08,84,2167,36125,129,5.90277,5.99862,2020,8,2020-02-16,2020-02-22,2019,2019-20,21,FALSE
Region 7,202009,202139,2021-10-08,83,1857,33287,127,6.73512,5.57875,2020,9,2020-02-23,2020-02-29,2019,2019-20,22,FALSE
Region 7,202010,202139,2021-10-08,82,1886,34946,126,6.99512,5.3969,2020,10,2020-03-01,2020-03-07,2019,2019-20,23,FALSE
Region 7,202011,202139,2021-10-08,81,1819,32103,123,6.46503,5.66614,2020,11,2020-03-08,2020-03-14,2019,2019-20,24,FALSE
Region 7,202012,202139,2021-10-08,80,1516,24793,120,5.8964,6.11463,2020,12,2020-03-15,2020-03-21,2019,2019-20,25,FALSE
Region 7,202013,202139,2021-10-08,79,858,19738,117,3.68978,4.34694,2020,13,2020-03-22,2020-03-28,2019,2019-20,26,FALSE
Region 7,202014,202139,2021-10-08,78,533,17322,118,1.94668,3.07701,2020,14,2020-03-29,2020-04-04,2019,2019-20,27,FALSE
Region 7,202015,202139,2021-10-08,77,345,16019,117,1.36285,2.15369,2020,15,2020-04-05,2020-04-11,2019,2019-20,28,FALSE
Region 7,202016,202139,2021-10-08,76,250,16057,115,0.968735,1.55695,2020,16,2020-04-12,2020-04-18,2019,2019-20,29,FALSE
Region 7,202017,202139,2021-10-08,75,244,17400,115,0.791039,1.4023,2020,17,2020-04-19,2020-04-25,2019,2019-20,30,FALSE
Region 7,202018,202139,2021-10-08,74,218,18687,116,0.965962,1.16659,2020,18,2020-04-26,2020-05-02,2019,2019-20,31,FALSE
Region 7,202019,202139,2021-10-08,73,172,19123,114,0.545341,0.89944,2020,19,2020-05-03,2020-05-09,2019,2019-20,32,FALSE
Region 7,202020,202139,2021-10-08,72,171,19802,113,0.502082,0.863549,2020,20,2020-05-10,2020-05-16,2019,2019-20,33,FALSE
Region 7,202021,202139,2021-10-08,71,141,20245,110,0.361431,0.696468,2020,21,2020-05-17,2020-05-23,2019,2019-20,34,FALSE
Region 7,202022,202139,2021-10-08,70,134,17947,112,0.416552,0.746643,2020,22,2020-05-24,2020-05-30,2019,2019-20,35,FALSE
Region 7,202023,202139,2021-10-08,69,140,21023,110,0.398923,0.665937,2020,23,2020-05-31,2020-06-06,2019,2019-20,36,FALSE
Region 7,202024,202139,2021-10-08,68,117,21704,107,0.34194600000000003,0.539071,2020,24,2020-06-07,2020-06-13,2019,2019-20,37,FALSE
Region 7,202025,202139,2021-10-08,67,306,47859,154,0.633427,0.639378,2020,25,2020-06-14,2020-06-20,2019,2019-20,38,FALSE
Region 7,202026,202139,2021-10-08,66,335,48475,156,0.79455,0.691078,2020,26,2020-06-21,2020-06-27,2019,2019-20,39,FALSE
Region 7,202027,202139,2021-10-08,65,405,46743,152,0.910638,0.86644,2020,27,2020-06-28,2020-07-04,2019,2019-20,40,FALSE
Region 7,202028,202139,2021-10-08,64,521,51069,154,1.0088,1.02019,2020,28,2020-07-05,2020-07-11,2019,2019-20,41,FALSE
Region 7,202029,202139,2021-10-08,63,471,46306,153,0.940556,1.01715,2020,29,2020-07-12,2020-07-18,2019,2019-20,42,FALSE
Region 7,202030,202139,2021-10-08,62,472,49521,154,0.935383,0.953131,2020,30,2020-07-19,2020-07-25,2019,2019-20,43,FALSE
Region 7,202031,202139,2021-10-08,61,456,47851,153,0.894021,0.952958,2020,31,2020-07-26,2020-08-01,2019,2019-20,44,FALSE
Region 7,202032,202139,2021-10-08,60,483,49042,153,0.92324,0.98487,2020,32,2020-08-02,2020-08-08,2019,2019-20,45,FALSE
Region 7,202033,202139,2021-10-08,59,459,49952,154,0.872167,0.918882,2020,33,2020-08-09,2020-08-15,2019,2019-20,46,FALSE
Region 7,202034,202139,2021-10-08,58,405,49645,151,0.898628,0.815792,2020,34,2020-08-16,2020-08-22,2019,2019-20,47,FALSE
Region 7,202035,202139,2021-10-08,57,1045,51955,152,3.18223,2.01136,2020,35,2020-08-23,2020-08-29,2019,2019-20,48,FALSE
Region 7,202036,202139,2021-10-08,56,746,52539,161,2.06382,1.4199,2020,36,2020-08-30,2020-09-05,2019,2019-20,49,FALSE
Region 7,202037,202139,2021-10-08,55,621,51436,161,1.51802,1.20733,2020,37,2020-09-06,2020-09-12,2019,2019-20,50,FALSE
Region 7,202038,202139,2021-10-08,54,567,52405,156,1.23131,1.08196,2020,38,2020-09-13,2020-09-19,2019,2019-20,51,FALSE
Region 7,202039,202139,2021-10-08,53,601,52334,158,1.30958,1.14839,2020,39,2020-09-20,2020-09-26,2019,2019-20,52,FALSE
Region 7,202040,202239,2022-10-07,104,621,50668,161,1.31512,1.22563,2020,40,2020-09-27,2020-10-03,2020,2020-21,1,FALSE
Region 7,202041,202239,2022-10-07,103,731,54607,161,1.46076,1.33866,2020,41,2020-10-04,2020-10-10,2020,2020-21,2,FALSE
Region 7,202042,202239,2022-10-07,102,574,49800,162,1.25785,1.15261,2020,42,2020-10-11,2020-10-17,2020,2020-21,3,FALSE
Region 7,202043,202239,2022-10-07,101,615,50462,163,1.33667,1.21874,2020,43,2020-10-18,2020-10-24,2020,2020-21,4,FALSE
Region 7,202044,202239,2022-10-07,100,686,49981,165,1.53537,1.37252,2020,44,2020-10-25,2020-10-31,2020,2020-21,5,FALSE
Region 7,202045,202239,2022-10-07,99,977,54675,164,2.3376,1.78692,2020,45,2020-11-01,2020-11-07,2020,2020-21,6,FALSE
Region 7,202046,202239,2022-10-07,98,775,54021,162,1.38065,1.43463,2020,46,2020-11-08,2020-11-14,2020,2020-21,7,FALSE
Region 7,202047,202239,2022-10-07,97,765,51630,165,1.50836,1.4817,2020,47,2020-11-15,2020-11-21,2020,2020-21,8,FALSE
Region 7,202048,202239,2022-10-07,96,640,45236,166,1.34732,1.4148,2020,48,2020-11-22,2020-11-28,2020,2020-21,9,FALSE
Region 7,202049,202239,2022-10-07,95,653,48958,167,1.32584,1.3338,2020,49,2020-11-29,2020-12-05,2020,2020-21,10,FALSE
Region 7,202050,202239,2022-10-07,94,589,49732,165,1.16939,1.18435,2020,50,2020-12-06,2020-12-12,2020,2020-21,11,FALSE
Region 7,202051,202239,2022-10-07,93,551,48001,164,1.20362,1.14789,2020,51,2020-12-13,2020-12-19,2020,2020-21,12,FALSE
Region 7,202052,202239,2022-10-07,92,528,43014,162,1.15431,1.22751,2020,52,2020-12-20,2020-12-26,2020,2020-21,13,FALSE
Region 7,202053,202239,2022-10-07,91,528,44035,159,1.10591,1.19905,2020,53,2020-12-27,2021-01-02,2020,2020-21,14,FALSE
Region 7,202101,202239,2022-10-07,90,473,50115,161,0.871118,0.943829,2021,1,2021-01-03,2021-01-09,2020,2020-21,15,FALSE
Region 7,202102,202239,2022-10-07,89,427,47027,160,0.855028,0.907989,2021,2,2021-01-10,2021-01-16,2020,2020-21,16,FALSE
Region 7,202103,202239,2022-10-07,88,442,48811,161,0.814733,0.905534,2021,3,2021-01-17,2021-01-23,2020,2020-21,17,FALSE
Region 7,202104,202239,2022-10-07,87,406,45479,158,0.82263,0.89272,2021,4,2021-01-24,2021-01-30,2020,2020-21,18,FALSE
Region 7,202105,202239,2022-10-07,86,407,50868,161,0.753854,0.80011,2021,5,2021-01-31,2021-02-06,2020,2020-21,19,FALSE
Region 7,202106,202239,2022-10-07,85,317,45956,160,0.711584,0.68979,2021,6,2021-02-07,2021-02-13,2020,2020-21,20,FALSE
Region 7,202107,202239,2022-10-07,84,293,43750,161,0.647496,0.669714,2021,7,2021-02-14,2021-02-20,2020,2020-21,21,FALSE
Region 7,202108,202239,2022-10-07,83,311,52481,161,0.572165,0.592595,2021,8,2021-02-21,2021-02-27,2020,2020-21,22,FALSE
Region 7,202109,202239,2022-10-07,82,333,52768,160,0.586642,0.631064,2021,9,2021-02-28,2021-03-06,2020,2020-21,23,FALSE
Region 7,202110,202239,2022-10-07,81,333,52992,160,0.59954,0.628397,2021,10,2021-03-07,2021-03-13,2020,2020-21,24,FALSE
Region 7,202111,202239,2022-10-07,80,329,50477,159,0.585662,0.651782,2021,11,2021-03-14,2021-03-20,2020,2020-21,25,FALSE
Region 7,202112,202239,2022-10-07,79,376,53363,156,0.649579,0.704608,2021,12,2021-03-21,2021-03-27,2020,2020-21,26,FALSE
Region 7,202113,202239,2022-10-07,78,437,54003,156,0.700575,0.809214,2021,13,2021-03-28,2021-04-03,2020,2020-21,27,FALSE
Region 7,202114,202239,2022-10-07,77,452,57126,156,0.693971,0.791233,2021,14,2021-04-04,2021-04-10,2020,2020-21,28,FALSE
Region 7,202115,202239,2022-10-07,76,425,56157,155,0.702128,0.756807,2021,15,2021-04-11,2021-04-17,2020,2020-21,29,FALSE
Region 7,202116,202239,2022-10-07,75,479,56661,158,0.749742,0.845379,2021,16,2021-04-18,2021-04-24,2020,2020-21,30,FALSE
Region 7,202117,202239,2022-10-07,74,490,58518,157,0.774519,0.837349,2021,17,2021-04-25,2021-05-01,2020,2020-21,31,FALSE
Region 7,202118,202239,2022-10-07,73,487,55129,154,0.781992,0.883383,2021,18,2021-05-02,2021-05-08,2020,2020-21,32,FALSE
Region 7,202119,202239,2022-10-07,72,524,53842,153,0.87598,0.973218,2021,19,2021-05-09,2021-05-15,2020,2020-21,33,FALSE
Region 7,202120,202239,2022-10-07,71,596,55679,153,0.912463,1.07042,2021,20,2021-05-16,2021-05-22,2020,2020-21,34,FALSE
Region 7,202121,202239,2022-10-07,70,497,49745,152,0.873351,0.999095,2021,21,2021-05-23,2021-05-29,2020,2020-21,35,FALSE
Region 7,202122,202239,2022-10-07,69,679,47080,150,1.18514,1.44223,2021,22,2021-05-30,2021-06-05,2020,2020-21,36,FALSE
Region 7,202123,202239,2022-10-07,68,674,56468,149,1.04983,1.1936,2021,23,2021-06-06,2021-06-12,2020,2020-21,37,FALSE
Region 7,202124,202239,2022-10-07,67,742,55969,148,1.17585,1.32573,2021,24,2021-06-13,2021-06-19,2020,2020-21,38,FALSE
Region 7,202125,202239,2022-10-07,66,712,55051,147,1.15989,1.29335,2021,25,2021-06-20,2021-06-26,2020,2020-21,39,FALSE
Region 7,202126,202239,2022-10-07,65,592,46921,148,1.13288,1.2617,2021,26,2021-06-27,2021-07-03,2020,2020-21,40,FALSE
Region 7,202127,202239,2022-10-07,64,788,56158,148,1.23342,1.40318,2021,27,2021-07-04,2021-07-10,2020,2020-21,41,FALSE
Region 7,202128,202239,2022-10-07,63,931,57562,148,1.35015,1.61739,2021,28,2021-07-11,2021-07-17,2020,2020-21,42,FALSE
Region 7,202129,202239,2022-10-07,62,935,56021,147,1.42786,1.66902,2021,29,2021-07-18,2021-07-24,2020,2020-21,43,FALSE
Region 7,202130,202239,2022-10-07,61,1036,57796,145,1.49314,1.79251,2021,30,2021-07-25,2021-07-31,2020,2020-21,44,FALSE
Region 7,202131,202239,2022-10-07,60,1077,58810,146,1.59291,1.83132,2021,31,2021-08-01,2021-08-07,2020,2020-21,45,FALSE
Region 7,202132,202239,2022-10-07,59,1043,59006,146,1.49741,1.76762,2021,32,2021-08-08,2021-08-14,2020,2020-21,46,FALSE
Region 7,202133,202239,2022-10-07,58,1040,58171,146,1.48662,1.78783,2021,33,2021-08-15,2021-08-21,2020,2020-21,47,FALSE
Region 7,202134,202239,2022-10-07,57,1101,58792,148,1.59246,1.8727,2021,34,2021-08-22,2021-08-28,2020,2020-21,48,FALSE
Region 7,202135,202239,2022-10-07,56,1255,60757,149,1.80412,2.06561,2021,35,2021-08-29,2021-09-04,2020,2020-21,49,FALSE
Region 7,202136,202239,2022-10-07,55,1305,59733,149,1.90087,2.18472,2021,36,2021-09-05,2021-09-11,2020,2020-21,50,FALSE
Region 7,202137,202239,2022-10-07,54,1189,62353,151,1.8432,1.90688,2021,37,2021-09-12,2021-09-18,2020,2020-21,51,FALSE
Region 7,202138,202239,2022-10-07,53,1064,58793,149,1.71403,1.80974,2021,38,2021-09-19,2021-09-25,2020,2020-21,52,FALSE
Region 7,202139,202239,2022-10-07,52,975,54582,150,1.67882,1.7863,2021,39,2021-09-26,2021-10-02,2020,2020-21,53,FALSE
Region 7,202140,202339,2023-10-06,103,1156,67805,173,1.65544,1.70489,2021,40,2021-10-03,2021-10-09,2021,2021-22,1,FALSE
Region 7,202141,202339,2023-10-06,102,1063,63869,166,1.62257,1.66434,2021,41,2021-10-10,2021-10-16,2021,2021-22,2,FALSE
Region 7,202142,202339,2023-10-06,101,969,60917,165,1.46861,1.59069,2021,42,2021-10-17,2021-10-23,2021,2021-22,3,FALSE
Region 7,202143,202339,2023-10-06,100,1008,63630,172,1.49764,1.58416,2021,43,2021-10-24,2021-10-30,2021,2021-22,4,FALSE
Region 7,202144,202339,2023-10-06,99,1084,66425,172,1.61901,1.63192,2021,44,2021-10-31,2021-11-06,2021,2021-22,5,FALSE
Region 7,202145,202339,2023-10-06,98,1189,68188,171,1.71534,1.74371,2021,45,2021-11-07,2021-11-13,2021,2021-22,6,FALSE
Region 7,202146,202339,2023-10-06,97,1240,68559,171,1.72775,1.80866,2021,46,2021-11-14,2021-11-20,2021,2021-22,7,FALSE
Region 7,202147,202339,2023-10-06,96,1216,58349,171,2.09483,2.08401,2021,47,2021-11-21,2021-11-27,2021,2021-22,8,FALSE
Region 7,202148,202339,2023-10-06,95,1752,73873,173,2.30102,2.37164,2021,48,2021-11-28,2021-12-04,2021,2021-22,9,FALSE
Region 7,202149,202339,2023-10-06,94,1772,70052,171,2.65249,2.52955,2021,49,2021-12-05,2021-12-11,2021,2021-22,10,FALSE
Region 7,202150,202339,2023-10-06,93,1874,57538,161,3.41354,3.25698,2021,50,2021-12-12,2021-12-18,2021,2021-22,11,FALSE
Region 7,202151,202339,2023-10-06,92,2104,58557,168,3.65768,3.59308,2021,51,2021-12-19,2021-12-25,2021,2021-22,12,FALSE
Region 7,202152,202339,2023-10-06,91,2919,67622,167,4.26646,4.31664,2021,52,2021-12-26,2022-01-01,2021,2021-22,13,FALSE
Region 7,202201,202339,2023-10-06,90,2544,68556,169,3.72579,3.71083,2022,1,2022-01-02,2022-01-08,2021,2021-22,14,FALSE
Region 7,202202,202339,2023-10-06,89,2536,67782,171,3.70419,3.74141,2022,2,2022-01-09,2022-01-15,2021,2021-22,15,FALSE
Region 7,202203,202339,2023-10-06,88,2084,61866,167,3.20565,3.36857,2022,3,2022-01-16,2022-01-22,2021,2021-22,16,FALSE
Region 7,202204,202339,2023-10-06,87,1484,60476,169,2.50166,2.45387,2022,4,2022-01-23,2022-01-29,2021,2021-22,17,FALSE
Region 7,202205,202339,2023-10-06,86,1114,51050,164,2.36712,2.18217,2022,5,2022-01-30,2022-02-05,2021,2021-22,18,FALSE
Region 7,202206,202339,2023-10-06,85,888,51506,158,1.81269,1.72407,2022,6,2022-02-06,2022-02-12,2021,2021-22,19,FALSE
Region 7,202207,202339,2023-10-06,84,803,49844,159,1.56419,1.61103,2022,7,2022-02-13,2022-02-19,2021,2021-22,20,FALSE
Region 7,202208,202339,2023-10-06,83,832,49341,159,1.66685,1.68622,2022,8,2022-02-20,2022-02-26,2021,2021-22,21,FALSE
Region 7,202209,202339,2023-10-06,82,999,53449,158,1.84798,1.86907,2022,9,2022-02-27,2022-03-05,2021,2021-22,22,FALSE
Region 7,202210,202339,2023-10-06,81,948,50653,159,1.78379,1.87156,2022,10,2022-03-06,2022-03-12,2021,2021-22,23,FALSE
Region 7,202211,202339,2023-10-06,80,1038,51433,155,2.18199,2.01816,2022,11,2022-03-13,2022-03-19,2021,2021-22,24,FALSE
Region 7,202212,202339,2023-10-06,79,973,53333,154,1.77092,1.82439,2022,12,2022-03-20,2022-03-26,2021,2021-22,25,FALSE
Region 7,202213,202339,2023-10-06,78,1002,53132,152,1.77036,1.88587,2022,13,2022-03-27,2022-04-02,2021,2021-22,26,FALSE
Region 7,202214,202339,2023-10-06,77,972,53730,152,1.72523,1.80905,2022,14,2022-04-03,2022-04-09,2021,2021-22,27,FALSE
Region 7,202215,202339,2023-10-06,76,918,52846,151,1.65492,1.73712,2022,15,2022-04-10,2022-04-16,2021,2021-22,28,FALSE
Region 7,202216,202339,2023-10-06,75,946,54355,150,1.62708,1.74041,2022,16,2022-04-17,2022-04-23,2021,2021-22,29,FALSE
Region 7,202217,202339,2023-10-06,74,868,55710,150,1.45036,1.55807,2022,17,2022-04-24,2022-04-30,2021,2021-22,30,FALSE
Region 7,202218,202339,2023-10-06,73,785,53041,141,1.3919,1.47999,2022,18,2022-05-01,2022-05-07,2021,2021-22,31,FALSE
Region 7,202219,202339,2023-10-06,72,758,55938,147,1.2687,1.35507,2022,19,2022-05-08,2022-05-14,2021,2021-22,32,FALSE
Region 7,202220,202339,2023-10-06,71,762,55580,149,1.29018,1.371,2022,20,2022-05-15,2022-05-21,2021,2021-22,33,FALSE
Region 7,202221,202339,2023-10-06,70,666,53254,141,1.20665,1.25061,2022,21,2022-05-22,2022-05-28,2021,2021-22,34,FALSE
Region 7,202222,202339,2023-10-06,69,705,53711,140,1.21053,1.31258,2022,22,2022-05-29,2022-06-04,2021,2021-22,35,FALSE
Region 7,202223,202339,2023-10-06,68,596,53695,141,1.05524,1.10997,2022,23,2022-06-05,2022-06-11,2021,2021-22,36,FALSE
Region 7,202224,202339,2023-10-06,67,581,54212,140,1.06367,1.07172,2022,24,2022-06-12,2022-06-18,2021,2021-22,37,FALSE
Region 7,202225,202339,2023-10-06,66,586,54246,139,1.01016,1.08026,2022,25,2022-06-19,2022-06-25,2021,2021-22,38,FALSE
Region 7,202226,202339,2023-10-06,65,561,54419,139,0.953365,1.03089,2022,26,2022-06-26,2022-07-02,2021,2021-22,39,FALSE
Region 7,202227,202339,2023-10-06,64,633,54887,139,1.10775,1.15328,2022,27,2022-07-03,2022-07-09,2021,2021-22,40,FALSE
Region 7,202228,202339,2023-10-06,63,630,54877,135,1.02939,1.14802,2022,28,2022-07-10,2022-07-16,2021,2021-22,41,FALSE
Region 7,202229,202339,2023-10-06,62,629,55854,138,1.03838,1.12615,2022,29,2022-07-17,2022-07-23,2021,2021-22,42,FALSE
Region 7,202230,202339,2023-10-06,61,654,52571,137,1.14375,1.24403,2022,30,2022-07-24,2022-07-30,2021,2021-22,43,FALSE
Region 7,202231,202339,2023-10-06,60,611,54495,138,1.03083,1.1212,2022,31,2022-07-31,2022-08-06,2021,2021-22,44,FALSE
Region 7,202232,202339,2023-10-06,59,568,55136,138,0.957645,1.03018,2022,32,2022-08-07,2022-08-13,2021,2021-22,45,FALSE
Region 7,202233,202339,2023-10-06,58,626,54937,138,0.978238,1.13949,2022,33,2022-08-14,2022-08-20,2021,2021-22,46,FALSE
Region 7,202234,202339,2023-10-06,57,677,57811,139,0.980217,1.17106,2022,34,2022-08-21,2022-08-27,2021,2021-22,47,FALSE
Region 7,202235,202339,2023-10-06,56,840,59176,138,1.24217,1.41949,2022,35,2022-08-28,2022-09-03,2021,2021-22,48,FALSE
Region 7,202236,202339,2023-10-06,55,919,59090,138,1.3377,1.55525,2022,36,2022-09-04,2022-09-10,2021,2021-22,49,FALSE
Region 7,202237,202339,2023-10-06,54,805,59671,139,1.16213,1.34906,2022,37,2022-09-11,2022-09-17,2021,2021-22,50,FALSE
Region 7,202238,202339,2023-10-06,53,758,60150,149,1.08855,1.26018,2022,38,2022-09-18,2022-09-24,2021,2021-22,51,FALSE
Region 7,202239,202339,2023-10-06,52,957,61169,151,1.31733,1.56452,2022,39,2022-09-25,2022-10-01,2021,2021-22,52,FALSE
Region 7,202240,202439,2024-10-04,103,1201,59845,166,1.78389,2.00685,2022,40,2022-10-02,2022-10-08,2022,2022-23,1,TRUE
Region 7,202241,202439,2024-10-04,102,1294,60625,163,1.89426,2.13443,2022,41,2022-10-09,2022-10-15,2022,2022-23,2,TRUE
Region 7,202242,202439,2024-10-04,101,1513,70077,176,1.93023,2.15905,2022,42,2022-10-16,2022-10-22,2022,2022-23,3,TRUE
Region 7,202243,202439,2024-10-04,100,1864,73837,177,2.26723,2.52448,2022,43,2022-10-23,2022-10-29,2022,2022-23,4,TRUE
Region 7,202244,202439,2024-10-04,99,2383,73592,177,2.90767,3.23812,2022,44,2022-10-30,2022-11-05,2022,2022-23,5,TRUE
Region 7,202245,202439,2024-10-04,98,2650,73910,178,3.22814,3.58544,2022,45,2022-11-06,2022-11-12,2022,2022-23,6,TRUE
Region 7,202246,202439,2024-10-04,97,3249,73879,177,3.91194,4.39773,2022,46,2022-11-13,2022-11-19,2022,2022-23,7,TRUE
Region 7,202247,202439,2024-10-04,96,5026,68547,177,6.76288,7.3322,2022,47,2022-11-20,2022-11-26,2022,2022-23,8,TRUE
Region 7,202248,202439,2024-10-04,95,5360,78881,174,6.27292,6.79505,2022,48,2022-11-27,2022-12-03,2022,2022-23,9,TRUE
Region 7,202249,202439,2024-10-04,94,5752,77852,175,6.53623,7.38838,2022,49,2022-12-04,2022-12-10,2022,2022-23,10,TRUE
Region 7,202250,202439,2024-10-04,93,5127,71552,175,6.63557,7.16542,2022,50,2022-12-11,2022-12-17,2022,2022-23,11,TRUE
Region 7,202251,202439,2024-10-04,92,3611,58151,177,6.23699,6.2097,2022,51,2022-12-18,2022-12-24,2022,2022-23,12,TRUE
Region 7,202252,202439,2024-10-04,91,2955,61955,175,4.61233,4.76959,2022,52,2022-12-25,2022-12-31,2022,2022-23,13,TRUE
Region 7,202301,202439,2024-10-04,90,1976,64709,177,3.07497,3.05367,2023,1,2023-01-01,2023-01-07,2022,2022-23,14,TRUE
Region 7,202302,202439,2024-10-04,89,1419,64223,176,2.2184,2.20949,2023,2,2023-01-08,2023-01-14,2022,2022-23,15,TRUE
Region 7,202303,202439,2024-10-04,88,1173,62733,175,1.83389,1.86983,2023,3,2023-01-15,2023-01-21,2022,2022-23,16,TRUE
Region 7,202304,202439,2024-10-04,87,1227,63887,175,1.83974,1.92058,2023,4,2023-01-22,2023-01-28,2022,2022-23,17,TRUE
Region 7,202305,202439,2024-10-04,86,1127,62156,174,1.72275,1.81318,2023,5,2023-01-29,2023-02-04,2022,2022-23,18,TRUE
Region 7,202306,202439,2024-10-04,85,1226,67478,176,1.71037,1.81689,2023,6,2023-02-05,2023-02-11,2022,2022-23,19,TRUE
Region 7,202307,202439,2024-10-04,84,1256,64062,175,1.89186,1.9606,2023,7,2023-02-12,2023-02-18,2022,2022-23,20,TRUE
Region 7,202308,202439,2024-10-04,83,1154,65973,174,1.59399,1.7492,2023,8,2023-02-19,2023-02-25,2022,2022-23,21,TRUE
Region 7,202309,202439,2024-10-04,82,1212,67183,175,1.70473,1.80403,2023,9,2023-02-26,2023-03-04,2022,2022-23,22,TRUE
Region 7,202310,202439,2024-10-04,81,1308,66668,174,1.81532,1.96196,2023,10,2023-03-05,2023-03-11,2022,2022-23,23,TRUE
Region 7,202311,202439,2024-10-04,80,1174,59903,175,1.81361,1.95984,2023,11,2023-03-12,2023-03-18,2022,2022-23,24,TRUE
Region 7,202312,202439,2024-10-04,79,1129,65175,176,1.5984,1.73226,2023,12,2023-03-19,2023-03-25,2022,2022-23,25,TRUE
Region 7,202313,202439,2024-10-04,78,1097,66909,173,1.49435,1.63954,2023,13,2023-03-26,2023-04-01,2022,2022-23,26,TRUE
Region 7,202314,202439,2024-10-04,77,958,65672,173,1.29918,1.45876,2023,14,2023-04-02,2023-04-08,2022,2022-23,27,TRUE
Region 7,202315,202439,2024-10-04,76,895,67336,174,1.2667,1.32916,2023,15,2023-04-09,2023-04-15,2022,2022-23,28,TRUE
Region 7,202316,202439,2024-10-04,75,807,64134,169,1.17385,1.2583,2023,16,2023-04-16,2023-04-22,2022,2022-23,29,TRUE
Region 7,202317,202439,2024-10-04,74,902,63397,170,1.26192,1.42278,2023,17,2023-04-23,2023-04-29,2022,2022-23,30,TRUE
Region 7,202318,202439,2024-10-04,73,850,64513,169,1.18359,1.31756,2023,18,2023-04-30,2023-05-06,2022,2022-23,31,TRUE
Region 7,202319,202439,2024-10-04,72,740,64437,169,1.01726,1.14841,2023,19,2023-05-07,2023-05-13,2022,2022-23,32,TRUE
Region 7,202320,202439,2024-10-04,71,636,61991,170,0.91938,1.02596,2023,20,2023-05-14,2023-05-20,2022,2022-23,33,TRUE
Region 7,202321,202439,2024-10-04,70,689,62701,170,0.991795,1.09887,2023,21,2023-05-21,2023-05-27,2022,2022-23,34,TRUE
Region 7,202322,202439,2024-10-04,69,618,60850,168,0.952696,1.01561,2023,22,2023-05-28,2023-06-03,2022,2022-23,35,TRUE
Region 7,202323,202439,2024-10-04,68,464,62494,165,0.71492,0.742471,2023,23,2023-06-04,2023-06-10,2022,2022-23,36,TRUE
Region 7,202324,202439,2024-10-04,67,489,60277,166,0.725208,0.811255,2023,24,2023-06-11,2023-06-17,2022,2022-23,37,TRUE
Region 7,202325,202439,2024-10-04,66,436,61358,166,0.628807,0.710584,2023,25,2023-06-18,2023-06-24,2022,2022-23,38,TRUE
Region 7,202326,202439,2024-10-04,65,357,61230,164,0.514689,0.583048,2023,26,2023-06-25,2023-07-01,2022,2022-23,39,TRUE
Region 7,202327,202439,2024-10-04,64,365,57368,164,0.564349,0.636243,2023,27,2023-07-02,2023-07-08,2022,2022-23,40,TRUE
Region 7,202328,202439,2024-10-04,63,402,61263,163,0.5977,0.656187,2023,28,2023-07-09,2023-07-15,2022,2022-23,41,TRUE
Region 7,202329,202439,2024-10-04,62,370,61172,166,0.563793,0.604852,2023,29,2023-07-16,2023-07-22,2022,2022-23,42,TRUE
Region 7,202330,202439,2024-10-04,61,431,61772,165,0.657104,0.697727,2023,30,2023-07-23,2023-07-29,2022,2022-23,43,TRUE
Region 7,202331,202439,2024-10-04,60,375,59990,162,0.63964,0.625104,2023,31,2023-07-30,2023-08-05,2022,2022-23,44,TRUE
Region 7,202332,202439,2024-10-04,59,396,54693,153,0.713766,0.724041,2023,32,2023-08-06,2023-08-12,2022,2022-23,45,TRUE
Region 7,202333,202439,2024-10-04,58,465,63314,164,0.714167,0.734435,2023,33,2023-08-13,2023-08-19,2022,2022-23,46,TRUE
Region 7,202334,202439,2024-10-04,57,512,65920,163,0.734138,0.776699,2023,34,2023-08-20,2023-08-26,2022,2022-23,47,TRUE
Region 7,202335,202439,2024-10-04,56,729,67987,163,0.989255,1.07226,2023,35,2023-08-27,2023-09-02,2022,2022-23,48,TRUE
Region 7,202336,202439,2024-10-04,55,923,67026,166,1.29969,1.37708,2023,36,2023-09-03,2023-09-09,2022,2022-23,49,TRUE
Region 7,202337,202439,2024-10-04,54,772,66882,165,1.04415,1.15427,2023,37,2023-09-10,2023-09-16,2022,2022-23,50,TRUE
Region 7,202338,202439,2024-10-04,53,754,67756,166,1.07422,1.11282,2023,38,2023-09-17,2023-09-23,2022,2022-23,51,TRUE
Region 7,202339,202439,2024-10-04,52,727,68112,165,0.976805,1.06736,2023,39,2023-09-24,2023-09-30,2022,2022-23,52,TRUE
Region 7,202340,202538,2025-09-26,102,811,67191,183,1.12104,1.20701,2023,40,2023-10-01,2023-10-07,2023,2023-24,1,TRUE
Region 7,202341,202538,2025-09-26,101,954,69253,183,1.33873,1.37756,2023,41,2023-10-08,2023-10-14,2023,2023-24,2,TRUE
Region 7,202342,202538,2025-09-26,100,918,68409,183,1.25563,1.34193,2023,42,2023-10-15,2023-10-21,2023,2023-24,3,TRUE
Region 7,202343,202538,2025-09-26,99,1064,69193,184,1.41302,1.53773,2023,43,2023-10-22,2023-10-28,2023,2023-24,4,TRUE
Region 7,202344,202538,2025-09-26,98,1024,66692,184,1.41715,1.53542,2023,44,2023-10-29,2023-11-04,2023,2023-24,5,TRUE
Region 7,202345,202538,2025-09-26,97,1277,71647,184,1.63729,1.78235,2023,45,2023-11-05,2023-11-11,2023,2023-24,6,TRUE
Region 7,202346,202538,2025-09-26,96,1403,73242,184,1.91697,1.91557,2023,46,2023-11-12,2023-11-18,2023,2023-24,7,TRUE
Region 7,202347,202538,2025-09-26,95,1331,60203,185,2.21,2.21085,2023,47,2023-11-19,2023-11-25,2023,2023-24,8,TRUE
Region 7,202348,202538,2025-09-26,94,1703,72523,183,2.26464,2.34822,2023,48,2023-11-26,2023-12-02,2023,2023-24,9,TRUE
Region 7,202349,202538,2025-09-26,93,1827,72308,183,2.39344,2.52669,2023,49,2023-12-03,2023-12-09,2023,2023-24,10,TRUE
Region 7,202350,202538,2025-09-26,92,2186,72462,185,2.92075,3.01675,2023,50,2023-12-10,2023-12-16,2023,2023-24,11,TRUE
Region 7,202351,202538,2025-09-26,91,2266,69816,184,3.09671,3.24567,2023,51,2023-12-17,2023-12-23,2023,2023-24,12,TRUE
Region 7,202352,202538,2025-09-26,90,2402,64033,183,3.45193,3.75119,2023,52,2023-12-24,2023-12-30,2023,2023-24,13,TRUE
Region 7,202401,202538,2025-09-26,89,2287,67472,183,3.21738,3.38955,2024,1,2023-12-31,2024-01-06,2023,2023-24,14,TRUE
Region 7,202402,202538,2025-09-26,88,1777,60316,181,2.81221,2.94615,2024,2,2024-01-07,2024-01-13,2023,2023-24,15,TRUE
Region 7,202403,202538,2025-09-26,87,1470,59674,184,2.29971,2.46338,2024,3,2024-01-14,2024-01-20,2023,2023-24,16,TRUE
Region 7,202404,202538,2025-09-26,86,1756,68222,183,2.44348,2.57395,2024,4,2024-01-21,2024-01-27,2023,2023-24,17,TRUE
Region 7,202405,202538,2025-09-26,85,2311,70797,184,3.17124,3.26426,2024,5,2024-01-28,2024-02-03,2023,2023-24,18,TRUE
Region 7,202406,202538,2025-09-26,84,2712,72837,182,3.51501,3.72338,2024,6,2024-02-04,2024-02-10,2023,2023-24,19,TRUE
Region 7,202407,202538,2025-09-26,83,2740,70089,182,3.75935,3.90932,2024,7,2024-02-11,2024-02-17,2023,2023-24,20,TRUE
Region 7,202408,202538,2025-09-26,82,3311,72751,182,4.37182,4.55114,2024,8,2024-02-18,2024-02-24,2023,2023-24,21,TRUE
Region 7,202409,202538,2025-09-26,81,3201,66033,170,4.35621,4.84758,2024,9,2024-02-25,2024-03-02,2023,2023-24,22,TRUE
Region 7,202410,202538,2025-09-26,80,2941,72275,179,3.7825,4.06918,2024,10,2024-03-03,2024-03-09,2023,2023-24,23,TRUE
Region 7,202411,202538,2025-09-26,79,2431,67108,181,3.44459,3.62252,2024,11,2024-03-10,2024-03-16,2023,2023-24,24,TRUE
Region 7,202412,202538,2025-09-26,78,1909,68680,180,2.56608,2.77956,2024,12,2024-03-17,2024-03-23,2023,2023-24,25,TRUE
Region 7,202413,202538,2025-09-26,77,1747,63425,179,2.53533,2.75443,2024,13,2024-03-24,2024-03-30,2023,2023-24,26,TRUE
Region 7,202414,202538,2025-09-26,76,1612,67171,181,2.25694,2.39985,2024,14,2024-03-31,2024-04-06,2023,2023-24,27,TRUE
Region 7,202415,202538,2025-09-26,75,1393,69725,179,1.80197,1.99785,2024,15,2024-04-07,2024-04-13,2023,2023-24,28,TRUE
Region 7,202416,202538,2025-09-26,74,1256,70026,178,1.66701,1.79362,2024,16,2024-04-14,2024-04-20,2023,2023-24,29,TRUE
Region 7,202417,202538,2025-09-26,73,1088,67763,178,1.41845,1.6056,2024,17,2024-04-21,2024-04-27,2023,2023-24,30,TRUE
Region 7,202418,202538,2025-09-26,72,795,65123,179,1.06807,1.22077,2024,18,2024-04-28,2024-05-04,2023,2023-24,31,TRUE
Region 7,202419,202538,2025-09-26,71,727,65233,176,0.951573,1.11447,2024,19,2024-05-05,2024-05-11,2023,2023-24,32,TRUE
Region 7,202420,202538,2025-09-26,70,700,60044,176,1.06621,1.16581,2024,20,2024-05-12,2024-05-18,2023,2023-24,33,TRUE
Region 7,202421,202538,2025-09-26,69,625,56153,165,0.967279,1.11303,2024,21,2024-05-19,2024-05-25,2023,2023-24,34,TRUE
Region 7,202422,202538,2025-09-26,68,549,52263,160,0.937827,1.05046,2024,22,2024-05-26,2024-06-01,2023,2023-24,35,TRUE
Region 7,202423,202538,2025-09-26,67,449,53595,159,0.814568,0.837765,2024,23,2024-06-02,2024-06-08,2023,2023-24,36,TRUE
Region 7,202424,202538,2025-09-26,66,430,54999,159,0.672049,0.781832,2024,24,2024-06-09,2024-06-15,2023,2023-24,37,TRUE
Region 7,202425,202538,2025-09-26,65,372,53471,160,0.608931,0.695704,2024,25,2024-06-16,2024-06-22,2023,2023-24,38,TRUE
Region 7,202426,202538,2025-09-26,64,330,54383,158,0.513556,0.606807,2024,26,2024-06-23,2024-06-29,2023,2023-24,39,TRUE
Region 7,202427,202538,2025-09-26,63,369,51632,158,0.659599,0.714673,2024,27,2024-06-30,2024-07-06,2023,2023-24,40,TRUE
Region 7,202428,202538,2025-09-26,62,401,56258,156,0.619087,0.712788,2024,28,2024-07-07,2024-07-13,2023,2023-24,41,TRUE
Region 7,202429,202538,2025-09-26,61,409,55189,155,0.670685,0.74109,2024,29,2024-07-14,2024-07-20,2023,2023-24,42,TRUE
Region 7,202430,202538,2025-09-26,60,435,54810,157,0.68997,0.793651,2024,30,2024-07-21,2024-07-27,2023,2023-24,43,TRUE
Region 7,202431,202538,2025-09-26,59,493,55047,154,0.810894,0.895598,2024,31,2024-07-28,2024-08-03,2023,2023-24,44,TRUE
Region 7,202432,202538,2025-09-26,58,449,54908,155,0.749983,0.817731,2024,32,2024-08-04,2024-08-10,2023,2023-24,45,TRUE
Region 7,202433,202538,2025-09-26,57,468,55729,156,0.760215,0.839778,2024,33,2024-08-11,2024-08-17,2023,2023-24,46,TRUE
Region 7,202434,202538,2025-09-26,56,530,55082,156,0.865515,0.962202,2024,34,2024-08-18,2024-08-24,2023,2023-24,47,TRUE
Region 7,202435,202538,2025-09-26,55,622,57474,156,0.976771,1.08223,2024,35,2024-08-25,2024-08-31,2023,2023-24,48,TRUE
Region 7,202436,202538,2025-09-26,54,721,55505,156,1.15192,1.29898,2024,36,2024-09-01,2024-09-07,2023,2023-24,49,TRUE
Region 7,202437,202538,2025-09-26,53,670,57126,156,1.07151,1.17285,2024,37,2024-09-08,2024-09-14,2023,2023-24,50,TRUE
Region 7,202438,202538,2025-09-26,52,683,58022,156,1.06817,1.17714,2024,38,2024-09-15,2024-09-21,2023,2023-24,51,TRUE
Region 7,202439,202538,2025-09-26,51,671,55496,150,1.06841,1.2091,2024,39,2024-09-22,2024-09-28,2023,2023-24,52,TRUE
Region 7,202440,202638,2026-10-02,103,793,59445,169,1.20242,1.33401,2024,40,2024-09-29,2024-10-05,2024,2024-25,1,TRUE
Region 7,202441,202638,2026-10-02,102,896,60223,169,1.28265,1.4878,2024,41,2024-10-06,2024-10-12,2024,2024-25,2,TRUE
Region 7,202442,202638,2026-10-02,101,843,57480,169,1.31479,1.4666,2024,42,2024-10-13,2024-10-19,2024,2024-25,3,TRUE
Region 7,202443,202638,2026-10-02,100,889,61513,170,1.32765,1.44522,2024,43,2024-10-20,2024-10-26,2024,2024-25,4,TRUE
Region 7,202444,202638,2026-10-02,99,873,60037,169,1.35334,1.4541,2024,44,2024-10-27,2024-11-02,2024,2024-25,5,TRUE
Region 7,202445,202638,2026-10-02,98,906,59329,168,1.33044,1.52708,2024,45,2024-11-03,2024-11-09,2024,2024-25,6,TRUE
Region 7,202446,202638,2026-10-02,97,958,60011,170,1.43928,1.59637,2024,46,2024-11-10,2024-11-16,2024,2024-25,7,TRUE
Region 7,202447,202638,2026-10-02,96,1020,59620,168,1.53106,1.71084,2024,47,2024-11-17,2024-11-23,2024,2024-25,8,TRUE
Region 7,202448,202638,2026-10-02,95,1020,51313,167,1.85639,1.9878,2024,48,2024-11-24,2024-11-30,2024,2024-25,9,TRUE
Region 7,202449,202638,2026-10-02,94,1350,59532,170,2.05322,2.26769,2024,49,2024-12-01,2024-12-07,2024,2024-25,10,TRUE
Region 7,202450,202638,2026-10-02,93,1532,60965,169,2.31343,2.51292,2024,50,2024-12-08,2024-12-14,2024,2024-25,11,TRUE
Region 7,202451,202638,2026-10-02,92,2234,61447,168,3.37115,3.63565,2024,51,2024-12-15,2024-12-21,2024,2024-25,12,TRUE
Region 7,202452,202638,2026-10-02,91,3186,57227,166,5.15316,5.5673,2024,52,2024-12-22,2024-12-28,2024,2024-25,13,TRUE
Region 7,202501,202638,2026-10-02,90,3116,57579,167,4.94596,5.4117,2025,1,2024-12-29,2025-01-04,2024,2024-25,14,TRUE
Region 7,202502,202638,2026-10-02,89,2185,52848,168,3.6302,4.1345,2025,2,2025-01-05,2025-01-11,2024,2024-25,15,TRUE
Region 7,202503,202638,2026-10-02,88,2153,56528,167,3.51745,3.80873,2025,3,2025-01-12,2025-01-18,2024,2024-25,16,TRUE
Region 7,202504,202638,2026-10-02,87,2663,55058,170,4.47544,4.83672,2025,4,2025-01-19,2025-01-25,2024,2024-25,17,TRUE
Region 7,202505,202638,2026-10-02,86,4092,62176,168,6.33249,6.58132,2025,5,2025-01-26,2025-02-01,2024,2024-25,18,TRUE
Region 7,202506,202638,2026-10-02,85,4456,61043,167,7.07523,7.29977,2025,6,2025-02-02,2025-02-08,2024,2024-25,19,TRUE
Region 7,202507,202638,2026-10-02,84,4003,56860,167,6.75228,7.0401,2025,7,2025-02-09,2025-02-15,2024,2024-25,20,TRUE
Region 7,202508,202638,2026-10-02,83,2743,52795,168,4.89771,5.19557,2025,8,2025-02-16,2025-02-22,2024,2024-25,21,TRUE
Region 7,202509,202638,2026-10-02,82,2229,57936,167,3.666,3.84735,2025,9,2025-02-23,2025-03-01,2024,2024-25,22,TRUE
Region 7,202510,202638,2026-10-02,81,1748,56328,168,2.92437,3.10325,2025,10,2025-03-02,2025-03-08,2024,2024-25,23,TRUE
Region 7,202511,202638,2026-10-02,80,1421,58233,167,2.34109,2.4402,2025,11,2025-03-09,2025-03-15,2024,2024-25,24,TRUE
Region 7,202512,202638,2026-10-02,79,1101,53280,168,1.96428,2.06644,2025,12,2025-03-16,2025-03-22,2024,2024-25,25,TRUE
Region 7,202513,202638,2026-10-02,78,920,56763,167,1.49213,1.62077,2025,13,2025-03-23,2025-03-29,2024,2024-25,26,TRUE
Region 7,202514,202638,2026-10-02,77,758,54913,168,1.29896,1.38037,2025,14,2025-03-30,2025-04-05,2024,2024-25,27,TRUE
Region 7,202515,202638,2026-10-02,76,709,51649,166,1.24112,1.37273,2025,15,2025-04-06,2025-04-12,2024,2024-25,28,TRUE
Region 7,202516,202638,2026-10-02,75,730,52604,166,1.22301,1.38773,2025,16,2025-04-13,2025-04-19,2024,2024-25,29,TRUE
Region 7,202517,202638,2026-10-02,74,646,52216,165,1.06948,1.23717,2025,17,2025-04-20,2025-04-26,2024,2024-25,30,TRUE
Region 7,202518,202638,2026-10-02,73,611,52534,164,1.07774,1.16306,2025,18,2025-04-27,2025-05-03,2024,2024-25,31,TRUE
Region 7,202519,202638,2026-10-02,72,599,52925,164,1.0022,1.13179,2025,19,2025-05-04,2025-05-10,2024,2024-25,32,TRUE
Region 7,202520,202638,2026-10-02,71,589,54141,164,0.961918,1.0879,2025,20,2025-05-11,2025-05-17,2024,2024-25,33,TRUE
Region 7,202521,202638,2026-10-02,70,496,50678,161,0.880358,0.978728,2025,21,2025-05-18,2025-05-24,2024,2024-25,34,TRUE
Region 7,202522,202638,2026-10-02,69,439,47638,157,0.857804,0.921533,2025,22,2025-05-25,2025-05-31,2024,2024-25,35,TRUE
Region 7,202523,202638,2026-10-02,68,360,48431,156,0.665674,0.743326,2025,23,2025-06-01,2025-06-07,2024,2024-25,36,TRUE
Region 7,202524,202638,2026-10-02,67,283,48573,155,0.493215,0.582628,2025,24,2025-06-08,2025-06-14,2024,2024-25,37,TRUE
Region 7,202525,202638,2026-10-02,66,269,47188,152,0.530248,0.57006,2025,25,2025-06-15,2025-06-21,2024,2024-25,38,TRUE
Region 7,202526,202638,2026-10-02,65,273,46933,152,0.495712,0.58168,2025,26,2025-06-22,2025-06-28,2024,2024-25,39,TRUE
Region 7,202527,202638,2026-10-02,64,236,47685,152,0.448726,0.494915,2025,27,2025-06-29,2025-07-05,2024,2024-25,40,TRUE
Region 7,202528,202638,2026-10-02,63,248,51296,150,0.458537,0.483468,2025,28,2025-07-06,2025-07-12,2024,2024-25,41,TRUE
Region 7,202529,202638,2026-10-02,62,238,49879,152,0.455638,0.477155,2025,29,2025-07-13,2025-07-19,2024,2024-25,42,TRUE
Region 7,202530,202638,2026-10-02,61,246,51517,152,0.447221,0.477512,2025,30,2025-07-20,2025-07-26,2024,2024-25,43,TRUE
Region 7,202531,202638,2026-10-02,60,252,49940,151,0.439498,0.504606,2025,31,2025-07-27,2025-08-02,2024,2024-25,44,TRUE
Region 7,202532,202638,2026-10-02,59,271,51747,152,0.434736,0.523702,2025,32,2025-08-03,2025-08-09,2024,2024-25,45,TRUE
Region 7,202533,202638,2026-10-02,58,339,52603,152,0.577566,0.64445,2025,33,2025-08-10,2025-08-16,2024,2024-25,46,TRUE
Region 7,202534,202638,2026-10-02,57,407,53610,152,0.63079,0.759187,2025,34,2025-08-17,2025-08-23,2024,2024-25,47,TRUE
Region 7,202535,202638,2026-10-02,56,543,54195,153,0.869332,1.00194,2025,35,2025-08-24,2025-08-30,2024,2024-25,48,TRUE
Region 7,202536,202638,2026-10-02,55,597,52853,153,0.987483,1.12955,2025,36,2025-08-31,2025-09-06,2024,2024-25,49,TRUE
Region 7,202537,202638,2026-10-02,54,652,55694,152,1.01819,1.17068,2025,37,2025-09-07,2025-09-13,2024,2024-25,50,TRUE
Region 7,202538,202638,2026-10-02,53,566,54518,153,0.941303,1.03819,2025,38,2025-09-14,2025-09-20,2024,2024-25,51,TRUE
Region 7,202539,202638,2026-10-02,52,530,53918,154,0.868059,0.982974,2025,39,2025-09-21,2025-09-27,2024,2024-25,52,TRUE
Region 7,202540,202638,2026-10-02,51,572,57767,170,0.880772,0.990185,2025,40,2025-09-28,2025-10-04,2025,2025-26,1,TRUE
Region 7,202541,202638,2026-10-02,50,607,55196,170,0.99384,1.09972,2025,41,2025-10-05,2025-10-11,2025,2025-26,2,TRUE
Region 7,202542,202638,2026-10-02,49,633,57038,171,0.989396,1.10979,2025,42,2025-10-12,2025-10-18,2025,2025-26,3,TRUE
Region 7,202543,202638,2026-10-02,48,670,55468,169,1.07075,1.2079,2025,43,2025-10-19,2025-10-25,2025,2025-26,4,TRUE
Region 7,202544,202638,2026-10-02,47,627,53917,168,1.03324,1.1629,2025,44,2025-10-26,2025-11-01,2025,2025-26,5,TRUE
Region 7,202545,202638,2026-10-02,46,740,55462,170,1.20937,1.33425,2025,45,2025-11-02,2025-11-08,2025,2025-26,6,TRUE
Region 7,202546,202638,2026-10-02,45,783,56723,170,1.24902,1.38039,2025,46,2025-11-09,2025-11-15,2025,2025-26,7,TRUE
Region 7,202547,202638,2026-10-02,44,828,59548,173,1.32004,1.39047,2025,47,2025-11-16,2025-11-22,2025,2025-26,8,TRUE
Region 7,202548,202638,2026-10-02,43,813,49200,173,1.52999,1.65244,2025,48,2025-11-23,2025-11-29,2025,2025-26,9,TRUE
Region 7,202549,202638,2026-10-02,42,981,54574,171,1.69078,1.79756,2025,49,2025-11-30,2025-12-06,2025,2025-26,10,TRUE
Region 7,202550,202638,2026-10-02,41,1257,56499,172,2.17487,2.22482,2025,50,2025-12-07,2025-12-13,2025,2025-26,11,TRUE
Region 7,202551,202638,2026-10-02,40,2374,57288,168,4.07296,4.14397,2025,51,2025-12-14,2025-12-20,2025,2025-26,12,TRUE
Region 7,202552,202638,2026-10-02,39,4292,53233,169,7.74151,8.06267,2025,52,2025-12-21,2025-12-27,2025,2025-26,13,TRUE
Region 7,202553,202638,2026-10-02,38,3889,55961,168,6.75804,6.94948,2025,53,2025-12-28,2026-01-03,2025,2025-26,14,TRUE
Region 7,202601,202638,2026-10-02,37,3240,60020,169,5.30135,5.3982,2026,1,2026-01-04,2026-01-10,2025,2025-26,15,TRUE
Region 7,202602,202638,2026-10-02,36,2803,56032,168,4.9694,5.0025,2026,2,2026-01-11,2026-01-17,2025,2025-26,16,TRUE
Region 7,202603,202638,2026-10-02,35,2995,51859,168,5.72602,5.77528,2026,3,2026-01-18,2026-01-24,2025,2025-26,17,TRUE
Region 7,202604,202638,2026-10-02,34,2942,53891,167,5.50977,5.45917,2026,4,2026-01-25,2026-01-31,2025,2025-26,18,TRUE
Region 7,202605,202638,2026-10-02,33,3221,58779,168,5.39123,5.47985,2026,5,2026-02-01,2026-02-07,2025,2025-26,19,TRUE
Region 7,202606,202638,2026-10-02,32,3876,60775,173,6.23608,6.37762,2026,6,2026-02-08,2026-02-14,2025,2025-26,20,TRUE
Region 7,202607,202638,2026-10-02,31,2998,50303,172,5.96449,5.95988,2026,7,2026-02-15,2026-02-21,2025,2025-26,21,TRUE
Region 7,202608,202638,2026-10-02,30,2789,58301,172,4.76129,4.78379,2026,8,2026-02-22,2026-02-28,2025,2025-26,22,TRUE
Region 7,202609,202638,2026-10-02,29,2696,57119,172,4.84372,4.71997,2026,9,2026-03-01,2026-03-07,2025,2025-26,23,TRUE
Region 7,202610,202638,2026-10-02,28,2189,57210,172,3.88369,3.82625,2026,10,2026-03-08,2026-03-14,2025,2025-26,24,TRUE
Region 7,202611,202638,2026-10-02,27,1381,52011,172,2.59518,2.65521,2026,11,2026-03-15,2026-03-21,2025,2025-26,25,TRUE
Region 7,202612,202638,2026-10-02,26,1076,54442,173,1.92613,1.97642,2026,12,2026-03-22,2026-03-28,2025,2025-26,26,TRUE
Region 7,202613,202638,2026-10-02,25,937,57384,173,1.5839,1.63286,2026,13,2026-03-29,2026-04-04,2025,2025-26,27,TRUE
Region 7,202614,202638,2026-10-02,24,852,58636,171,1.40067,1.45303,2026,14,2026-04-05,2026-04-11,2025,2025-26,28,TRUE
Region 7,202615,202638,2026-10-02,23,733,60805,172,1.12647,1.20549,2026,15,2026-04-12,2026-04-18,2025,2025-26,29,TRUE
Region 7,202616,202638,2026-10-02,22,618,59932,170,0.971349,1.03117,2026,16,2026-04-19,2026-04-25,2025,2025-26,30,TRUE
Region 7,202617,202638,2026-10-02,21,562,58405,169,0.887626,0.962246,2026,17,2026-04-26,2026-05-02,2025,2025-26,31,TRUE
Region 7,202618,202638,2026-10-02,20,503,58284,168,0.775827,0.863016,2026,18,2026-05-03,2026-05-09,2025,2025-26,32,TRUE
Region 7,202619,202638,2026-10-02,19,500,57687,167,0.831862,0.866746,2026,19,2026-05-10,2026-05-16,2025,2025-26,33,TRUE
Region 7,202620,202638,2026-10-02,18,373,53151,154,0.694617,0.701774,2026,20,2026-05-17,2026-05-23,2025,2025-26,34,TRUE
Region 7,202621,202638,2026-10-02,17,420,53623,152,0.705272,0.783246,2026,21,2026-05-24,2026-05-30,2025,2025-26,35,TRUE
Region 7,202622,202638,2026-10-02,16,353,52564,147,0.593537,0.671562,2026,22,2026-05-31,2026-06-06,2025,2025-26,36,TRUE
Region 7,202623,202638,2026-10-02,15,283,52733,148,0.516698,0.536666,2026,23,2026-06-07,2026-06-13,2025,2025-26,37,TRUE
Region 7,202624,202638,2026-10-02,14,259,51919,148,0.44401,0.498854,2026,24,2026-06-14,2026-06-20,2025,2025-26,38,TRUE
Region 7,202625,202638,2026-10-02,13,312,51949,146,0.547867,0.600589,2026,25,2026-06-21,2026-06-27,2025,2025-26,39,TRUE
Region 7,202626,202638,2026-10-02,12,238,51753,147,0.423277,0.459877,2026,26,2026-06-28,2026-07-04,2025,2025-26,40,TRUE
Region 7,202627,202638,2026-10-02,11,247,54878,147,0.382243,0.450089,2026,27,2026-07-05,2026-07-11,2025,2025-26,41,TRUE
Region 7,202628,202638,2026-10-02,10,238,54683,147,0.381053,0.435236,2026,28,2026-07-12,2026-07-18,2025,2025-26,42,TRUE
Region 7,202629,202638,2026-10-02,9,244,53200,145,0.391462,0.458647,2026,29,2026-07-19,2026-07-25,2025,2025-26,43,TRUE
Region 7,202630,202638,2026-10-02,8,234,53177,147,0.407676,0.44004,2026,30,2026-07-26,2026-08-01,2025,2025-26,44,TRUE
Region 7,202631,202638,2026-10-02,7,230,52502,146,0.406013,0.438079,2026,31,2026-08-02,2026-08-08,2025,2025-26,45,TRUE
Region 7,202632,202638,2026-10-02,6,307,54282,146,0.520549,0.565565,2026,32,2026-08-09,2026-08-15,2025,2025-26,46,TRUE
Region 7,202633,202638,2026-10-02,5,252,54035,145,0.436211,0.466364,2026,33,2026-08-16,2026-08-22,2025,2025-26,47,TRUE
Region 7,202634,202638,2026-10-02,4,349,54985,146,0.559213,0.634719,2026,34,2026-08-23,2026-08-29,2025,2025-26,48,TRUE
Region 7,202635,202638,2026-10-02,3,436,56733,146,0.731622,0.768512,2026,35,2026-08-30,2026-09-05,2025,2025-26,49,TRUE
Region 7,202636,202638,2026-10-02,2,488,55044,145,0.814724,0.886563,2026,36,2026-09-06,2026-09-12,2025,2025-26,50,TRUE
Region 7,202637,202638,2026-10-02,1,494,53117,146,0.799706,0.930022,2026,37,2026-09-13,2026-09-19,2025,2025-26,51,TRUE
Region 7,202638,202638,2026-10-02,0,466,54021,145,0.790156,0.862627,2026,38,2026-09-20,2026-09-26,2025,2025-26,52,TRUE
Region 8,201940,202139,2021-10-08,104,1464,89062,223,1.80463,1.6438,2019,40,2019-09-29,2019-10-05,2019,2019-20,1,FALSE
Region 8,201941,202139,2021-10-08,103,1505,94226,229,1.76108,1.59722,2019,41,2019-10-06,2019-10-12,2019,2019-20,2,FALSE
Region 8,201942,202139,2021-10-08,102,1655,98201,232,1.88607,1.68532,2019,42,2019-10-13,2019-10-19,2019,2019-20,3,FALSE
Region 8,201943,202139,2021-10-08,101,1716,96380,231,1.97889,1.78045,2019,43,2019-10-20,2019-10-26,2019,2019-20,4,FALSE
Region 8,201944,202139,2021-10-08,100,1565,86690,232,2.03455,1.80528,2019,44,2019-10-27,2019-11-02,2019,2019-20,5,FALSE
Region 8,201945,202139,2021-10-08,99,1774,93003,227,2.1253,1.90747,2019,45,2019-11-03,2019-11-09,2019,2019-20,6,FALSE
Region 8,201946,202139,2021-10-08,98,1891,85472,229,2.35069,2.21242,2019,46,2019-11-10,2019-11-16,2019,2019-20,7,FALSE
Region 8,201947,202139,2021-10-08,97,2169,89312,229,2.56644,2.42857,2019,47,2019-11-17,2019-11-23,2019,2019-20,8,FALSE
Region 8,201948,202139,2021-10-08,96,2123,70708,228,3.19706,3.00249,2019,48,2019-11-24,2019-11-30,2019,2019-20,9,FALSE
Region 8,201949,202139,2021-10-08,95,2402,86046,230,2.97176,2.79153,2019,49,2019-12-01,2019-12-07,2019,2019-20,10,FALSE
Region 8,201950,202139,2021-10-08,94,2793,83098,224,3.61906,3.36109,2019,50,2019-12-08,2019-12-14,2019,2019-20,11,FALSE
Region 8,201951,202139,2021-10-08,93,3534,86211,223,4.42455,4.09924,2019,51,2019-12-15,2019-12-21,2019,2019-20,12,FALSE
Region 8,201952,202139,2021-10-08,92,4681,78163,229,6.28773,5.98877,2019,52,2019-12-22,2019-12-28,2019,2019-20,13,FALSE
Region 8,202001,202139,2021-10-08,91,4231,77108,227,5.83864,5.48711,2020,1,2019-12-29,2020-01-04,2019,2019-20,14,FALSE
Region 8,202002,202139,2021-10-08,90,4336,87007,229,5.23596,4.98351,2020,2,2020-01-05,2020-01-11,2019,2019-20,15,FALSE
Region 8,202003,202139,2021-10-08,89,4652,86863,224,5.60527,5.35556,2020,3,2020-01-12,2020-01-18,2019,2019-20,16,FALSE
Region 8,202004,202139,2021-10-08,88,5579,89011,223,6.54822,6.26776,2020,4,2020-01-19,2020-01-25,2019,2019-20,17,FALSE
Region 8,202005,202139,2021-10-08,87,6116,92633,225,6.83833,6.6024,2020,5,2020-01-26,2020-02-01,2019,2019-20,18,FALSE
Region 8,202006,202139,2021-10-08,86,5735,89480,226,6.70421,6.40925,2020,6,2020-02-02,2020-02-08,2019,2019-20,19,FALSE
Region 8,202007,202139,2021-10-08,85,4832,86449,222,5.8663,5.58942,2020,7,2020-02-09,2020-02-15,2019,2019-20,20,FALSE
Region 8,202008,202139,2021-10-08,84,4490,84702,226,5.46079,5.30094,2020,8,2020-02-16,2020-02-22,2019,2019-20,21,FALSE
Region 8,202009,202139,2021-10-08,83,4323,89245,225,5.00611,4.84397,2020,9,2020-02-23,2020-02-29,2019,2019-20,22,FALSE
Region 8,202010,202139,2021-10-08,82,4503,87391,212,5.24926,5.1527,2020,10,2020-03-01,2020-03-07,2019,2019-20,23,FALSE
Region 8,202011,202139,2021-10-08,81,5184,84942,216,6.31744,6.10299,2020,11,2020-03-08,2020-03-14,2019,2019-20,24,FALSE
Region 8,202012,202139,2021-10-08,80,3469,58716,216,6.24082,5.9081,2020,12,2020-03-15,2020-03-21,2019,2019-20,25,FALSE
Region 8,202013,202139,2021-10-08,79,1811,48222,209,4.00125,3.75555,2020,13,2020-03-22,2020-03-28,2019,2019-20,26,FALSE
Region 8,202014,202139,2021-10-08,78,1211,44258,211,2.94861,2.73623,2020,14,2020-03-29,2020-04-04,2019,2019-20,27,FALSE
Region 8,202015,202139,2021-10-08,77,834,41885,210,2.07065,1.99117,2020,15,2020-04-05,2020-04-11,2019,2019-20,28,FALSE
Region 8,202016,202139,2021-10-08,76,564,43658,202,1.38097,1.29186,2020,16,2020-04-12,2020-04-18,2019,2019-20,29,FALSE
Region 8,202017,202139,2021-10-08,75,542,45440,202,1.2289,1.19278,2020,17,2020-04-19,2020-04-25,2019,2019-20,30,FALSE
Region 8,202018,202139,2021-10-08,74,405,47656,206,0.874218,0.849841,2020,18,2020-04-26,2020-05-02,2019,2019-20,31,FALSE
Region 8,202019,202139,2021-10-08,73,381,48734,204,0.779768,0.781795,2020,19,2020-05-03,2020-05-09,2019,2019-20,32,FALSE
Region 8,202020,202139,2021-10-08,72,353,50368,205,0.717194,0.700842,2020,20,2020-05-10,2020-05-16,2019,2019-20,33,FALSE
Region 8,202021,202139,2021-10-08,71,341,53452,203,0.616911,0.637956,2020,21,2020-05-17,2020-05-23,2019,2019-20,34,FALSE
Region 8,202022,202139,2021-10-08,70,345,52489,202,0.631438,0.657281,2020,22,2020-05-24,2020-05-30,2019,2019-20,35,FALSE
Region 8,202023,202139,2021-10-08,69,308,58032,200,0.495492,0.530742,2020,23,2020-05-31,2020-06-06,2019,2019-20,36,FALSE
Region 8,202024,202139,2021-10-08,68,309,59148,200,0.487957,0.522418,2020,24,2020-06-07,2020-06-13,2019,2019-20,37,FALSE
Region 8,202025,202139,2021-10-08,67,329,60445,201,0.508205,0.544296,2020,25,2020-06-14,2020-06-20,2019,2019-20,38,FALSE
Region 8,202026,202139,2021-10-08,66,371,62298,200,0.553101,0.595525,2020,26,2020-06-21,2020-06-27,2019,2019-20,39,FALSE
Region 8,202027,202139,2021-10-08,65,395,58821,196,0.634462,0.671529,2020,27,2020-06-28,2020-07-04,2019,2019-20,40,FALSE
Region 8,202028,202139,2021-10-08,64,476,66595,196,0.673645,0.714768,2020,28,2020-07-05,2020-07-11,2019,2019-20,41,FALSE
Region 8,202029,202139,2021-10-08,63,426,68509,195,0.59127,0.621816,2020,29,2020-07-12,2020-07-18,2019,2019-20,42,FALSE
Region 8,202030,202139,2021-10-08,62,428,66210,195,0.606051,0.646428,2020,30,2020-07-19,2020-07-25,2019,2019-20,43,FALSE
Region 8,202031,202139,2021-10-08,61,407,67537,195,0.582996,0.602633,2020,31,2020-07-26,2020-08-01,2019,2019-20,44,FALSE
Region 8,202032,202139,2021-10-08,60,390,68069,196,0.553467,0.572948,2020,32,2020-08-02,2020-08-08,2019,2019-20,45,FALSE
Region 8,202033,202139,2021-10-08,59,342,55170,177,0.675481,0.619902,2020,33,2020-08-09,2020-08-15,2019,2019-20,46,FALSE
Region 8,202034,202139,2021-10-08,58,352,63318,196,0.569747,0.555924,2020,34,2020-08-16,2020-08-22,2019,2019-20,47,FALSE
Region 8,202035,202139,2021-10-08,57,354,65562,197,0.544509,0.539947,2020,35,2020-08-23,2020-08-29,2019,2019-20,48,FALSE
Region 8,202036,202139,2021-10-08,56,440,65881,194,0.655732,0.667871,2020,36,2020-08-30,2020-09-05,2019,2019-20,49,FALSE
Region 8,202037,202139,2021-10-08,55,462,60603,195,0.758378,0.762338,2020,37,2020-09-06,2020-09-12,2019,2019-20,50,FALSE
Region 8,202038,202139,2021-10-08,54,573,74212,194,0.786434,0.772112,2020,38,2020-09-13,2020-09-19,2019,2019-20,51,FALSE
Region 8,202039,202139,2021-10-08,53,688,76003,192,0.939166,0.905227,2020,39,2020-09-20,2020-09-26,2019,2019-20,52,FALSE
Region 8,202040,202239,2022-10-07,104,649,75649,207,0.916333,0.85791,2020,40,2020-09-27,2020-10-03,2020,2020-21,1,FALSE
Region 8,202041,202239,2022-10-07,103,834,78647,207,1.1112,1.06043,2020,41,2020-10-04,2020-10-10,2020,2020-21,2,FALSE
Region 8,202042,202239,2022-10-07,102,708,74635,207,1.00682,0.948617,2020,42,2020-10-11,2020-10-17,2020,2020-21,3,FALSE
Region 8,202043,202239,2022-10-07,101,779,73704,206,1.11741,1.05693,2020,43,2020-10-18,2020-10-24,2020,2020-21,4,FALSE
Region 8,202044,202239,2022-10-07,100,898,72882,205,1.3096,1.23213,2020,44,2020-10-25,2020-10-31,2020,2020-21,5,FALSE
Region 8,202045,202239,2022-10-07,99,892,74573,208,1.31036,1.19614,2020,45,2020-11-01,2020-11-07,2020,2020-21,6,FALSE
Region 8,202046,202239,2022-10-07,98,877,71636,207,1.2671,1.22424,2020,46,2020-11-08,2020-11-14,2020,2020-21,7,FALSE
Region 8,202047,202239,2022-10-07,97,774,68663,203,1.18217,1.12724,2020,47,2020-11-15,2020-11-21,2020,2020-21,8,FALSE
Region 8,202048,202239,2022-10-07,96,555,55152,206,1.0338,1.00631,2020,48,2020-11-22,2020-11-28,2020,2020-21,9,FALSE
Region 8,202049,202239,2022-10-07,95,606,65154,205,0.967478,0.930104,2020,49,2020-11-29,2020-12-05,2020,2020-21,10,FALSE
Region 8,202050,202239,2022-10-07,94,580,65020,210,0.900589,0.892033,2020,50,2020-12-06,2020-12-12,2020,2020-21,11,FALSE
Region 8,202051,202239,2022-10-07,93,513,63274,208,0.832191,0.81076,2020,51,2020-12-13,2020-12-19,2020,2020-21,12,FALSE
Region 8,202052,202239,2022-10-07,92,443,52078,206,0.839125,0.850647,2020,52,2020-12-20,2020-12-26,2020,2020-21,13,FALSE
Region 8,202053,202239,2022-10-07,91,450,54525,205,0.818356,0.825309,2020,53,2020-12-27,2021-01-02,2020,2020-21,14,FALSE
Region 8,202101,202239,2022-10-07,90,490,66269,203,0.754408,0.739411,2021,1,2021-01-03,2021-01-09,2020,2020-21,15,FALSE
Region 8,202102,202239,2022-10-07,89,463,64260,203,0.737846,0.72051,2021,2,2021-01-10,2021-01-16,2020,2020-21,16,FALSE
Region 8,202103,202239,2022-10-07,88,500,62336,201,0.841715,0.802105,2021,3,2021-01-17,2021-01-23,2020,2020-21,17,FALSE
Region 8,202104,202239,2022-10-07,87,498,71050,220,0.719553,0.700915,2021,4,2021-01-24,2021-01-30,2020,2020-21,18,FALSE
Region 8,202105,202239,2022-10-07,86,473,70542,219,0.704848,0.670523,2021,5,2021-01-31,2021-02-06,2020,2020-21,19,FALSE
Region 8,202106,202239,2022-10-07,85,545,71285,220,0.793464,0.764537,2021,6,2021-02-07,2021-02-13,2020,2020-21,20,FALSE
Region 8,202107,202239,2022-10-07,84,511,67755,219,0.765921,0.754188,2021,7,2021-02-14,2021-02-20,2020,2020-21,21,FALSE
Region 8,202108,202239,2022-10-07,83,466,70065,218,0.684421,0.665097,2021,8,2021-02-21,2021-02-27,2020,2020-21,22,FALSE
Region 8,202109,202239,2022-10-07,82,452,74456,221,0.632967,0.60707,2021,9,2021-02-28,2021-03-06,2020,2020-21,23,FALSE
Region 8,202110,202239,2022-10-07,81,550,74042,218,0.781284,0.742822,2021,10,2021-03-07,2021-03-13,2020,2020-21,24,FALSE
Region 8,202111,202239,2022-10-07,80,452,68871,218,0.67929,0.656299,2021,11,2021-03-14,2021-03-20,2020,2020-21,25,FALSE
Region 8,202112,202239,2022-10-07,79,448,71936,218,0.640571,0.622776,2021,12,2021-03-21,2021-03-27,2020,2020-21,26,FALSE
Region 8,202113,202239,2022-10-07,78,534,74462,221,0.754523,0.717144,2021,13,2021-03-28,2021-04-03,2020,2020-21,27,FALSE
Region 8,202114,202239,2022-10-07,77,569,74945,217,0.786861,0.759223,2021,14,2021-04-04,2021-04-10,2020,2020-21,28,FALSE
Region 8,202115,202239,2022-10-07,76,566,77535,216,0.761533,0.729993,2021,15,2021-04-11,2021-04-17,2020,2020-21,29,FALSE
Region 8,202116,202239,2022-10-07,75,612,76821,214,0.81154,0.796657,2021,16,2021-04-18,2021-04-24,2020,2020-21,30,FALSE
Region 8,202117,202239,2022-10-07,74,716,79052,215,0.906463,0.905733,2021,17,2021-04-25,2021-05-01,2020,2020-21,31,FALSE
Region 8,202118,202239,2022-10-07,73,692,77029,213,0.900041,0.898363,2021,18,2021-05-02,2021-05-08,2020,2020-21,32,FALSE
Region 8,202119,202239,2022-10-07,72,738,75200,212,0.975321,0.981383,2021,19,2021-05-09,2021-05-15,2020,2020-21,33,FALSE
Region 8,202120,202239,2022-10-07,71,761,76916,212,0.9988,0.989391,2021,20,2021-05-16,2021-05-22,2020,2020-21,34,FALSE
Region 8,202121,202239,2022-10-07,70,739,77393,211,0.970701,0.954867,2021,21,2021-05-23,2021-05-29,2020,2020-21,35,FALSE
Region 8,202122,202239,2022-10-07,69,806,72942,212,1.12843,1.10499,2021,22,2021-05-30,2021-06-05,2020,2020-21,36,FALSE
Region 8,202123,202239,2022-10-07,68,813,78256,212,1.11446,1.0389,2021,23,2021-06-06,2021-06-12,2020,2020-21,37,FALSE
Region 8,202124,202239,2022-10-07,67,792,80591,213,1.00629,0.98274,2021,24,2021-06-13,2021-06-19,2020,2020-21,38,FALSE
Region 8,202125,202239,2022-10-07,66,839,78266,211,1.09249,1.07199,2021,25,2021-06-20,2021-06-26,2020,2020-21,39,FALSE
Region 8,202126,202239,2022-10-07,65,853,78857,212,1.09506,1.0817,2021,26,2021-06-27,2021-07-03,2020,2020-21,40,FALSE
Region 8,202127,202239,2022-10-07,64,806,76166,209,1.08439,1.05821,2021,27,2021-07-04,2021-07-10,2020,2020-21,41,FALSE
Region 8,202128,202239,2022-10-07,63,902,81420,211,1.12505,1.10784,2021,28,2021-07-11,2021-07-17,2020,2020-21,42,FALSE
Region 8,202129,202239,2022-10-07,62,996,81492,210,1.26972,1.22221,2021,29,2021-07-18,2021-07-24,2020,2020-21,43,FALSE
Region 8,202130,202239,2022-10-07,61,989,83496,209,1.2057,1.18449,2021,30,2021-07-25,2021-07-31,2020,2020-21,44,FALSE
Region 8,202131,202239,2022-10-07,60,926,83136,210,1.15133,1.11384,2021,31,2021-08-01,2021-08-07,2020,2020-21,45,FALSE
Region 8,202132,202239,2022-10-07,59,1022,84610,208,1.24175,1.2079,2021,32,2021-08-08,2021-08-14,2020,2020-21,46,FALSE
Region 8,202133,202239,2022-10-07,58,1222,86565,208,1.4382,1.41166,2021,33,2021-08-15,2021-08-21,2020,2020-21,47,FALSE
Region 8,202134,202239,2022-10-07,57,1601,88940,209,1.84405,1.80009,2021,34,2021-08-22,2021-08-28,2020,2020-21,48,FALSE
Region 8,202135,202239,2022-10-07,56,1783,87756,208,2.11115,2.03177,2021,35,2021-08-29,2021-09-04,2020,2020-21,49,FALSE
Region 8,202136,202239,2022-10-07,55,1687,81498,208,2.11461,2.06999,2021,36,2021-09-05,2021-09-11,2020,2020-21,50,FALSE
Region 8,202137,202239,2022-10-07,54,1639,87213,209,1.92391,1.87931,2021,37,2021-09-12,2021-09-18,2020,2020-21,51,FALSE
Region 8,202138,202239,2022-10-07,53,1540,83617,207,1.93435,1.84173,2021,38,2021-09-19,2021-09-25,2020,2020-21,52,FALSE
Region 8,202139,202239,2022-10-07,52,1679,86331,207,1.97578,1.94484,2021,39,2021-09-26,2021-10-02,2020,2020-21,53,FALSE
Region 8,202140,202339,2023-10-06,103,1725,89106,212,1.95754,1.9359,2021,40,2021-10-03,2021-10-09,2021,2021-22,1,FALSE
Region 8,202141,202339,2023-10-06,102,1816,86163,213,2.16223,2.10763,2021,41,2021-10-10,2021-10-16,2021,2021-22,2,FALSE
Region 8,202142,202339,2023-10-06,101,1752,84787,211,2.14467,2.06635,2021,42,2021-10-17,2021-10-23,2021,2021-22,3,FALSE
Region 8,202143,202339,2023-10-06,100,1806,85560,210,2.1568,2.1108,2021,43,2021-10-24,2021-10-30,2021,2021-22,4,FALSE
Region 8,202144,202339,2023-10-06,99,2063,86570,212,2.43099,2.38304,2021,44,2021-10-31,2021-11-06,2021,2021-22,5,FALSE
Region 8,202145,202339,2023-10-06,98,2070,87576,209,2.40949,2.36366,2021,45,2021-11-07,2021-11-13,2021,2021-22,6,FALSE
Region 8,202146,202339,2023-10-06,97,2161,86330,212,2.54251,2.50319,2021,46,2021-11-14,2021-11-20,2021,2021-22,7,FALSE
Region 8,202147,202339,2023-10-06,96,1823,73410,212,2.53689,2.48331,2021,47,2021-11-21,2021-11-27,2021,2021-22,8,FALSE
Region 8,202148,202339,2023-10-06,95,2024,87809,211,2.32351,2.305,2021,48,2021-11-28,2021-12-04,2021,2021-22,9,FALSE
Region 8,202149,202339,2023-10-06,94,2065,84460,212,2.46571,2.44494,2021,49,2021-12-05,2021-12-11,2021,2021-22,10,FALSE
Region 8,202150,202339,2023-10-06,93,2306,84059,212,2.78382,2.74331,2021,50,2021-12-12,2021-12-18,2021,2021-22,11,FALSE
Region 8,202151,202339,2023-10-06,92,2509,74134,210,3.4663,3.38441,2021,51,2021-12-19,2021-12-25,2021,2021-22,12,FALSE
Region 8,202152,202339,2023-10-06,91,3217,78061,210,4.21511,4.12114,2021,52,2021-12-26,2022-01-01,2021,2021-22,13,FALSE
Region 8,202201,202339,2023-10-06,90,3159,91759,212,3.57716,3.44271,2022,1,2022-01-02,2022-01-08,2021,2021-22,14,FALSE
Region 8,202202,202339,2023-10-06,89,2582,88072,211,3.09312,2.93169,2022,2,2022-01-09,2022-01-15,2021,2021-22,15,FALSE
Region 8,202203,202339,2023-10-06,88,2021,82470,211,2.59801,2.45059,2022,3,2022-01-16,2022-01-22,2021,2021-22,16,FALSE
Region 8,202204,202339,2023-10-06,87,1447,78335,211,1.99113,1.84719,2022,4,2022-01-23,2022-01-29,2021,2021-22,17,FALSE
Region 8,202205,202339,2023-10-06,86,1088,74711,207,1.51658,1.45628,2022,5,2022-01-30,2022-02-05,2021,2021-22,18,FALSE
Region 8,202206,202339,2023-10-06,85,1095,78471,212,1.4928,1.39542,2022,6,2022-02-06,2022-02-12,2021,2021-22,19,FALSE
Region 8,202207,202339,2023-10-06,84,1166,77992,212,1.56523,1.49503,2022,7,2022-02-13,2022-02-19,2021,2021-22,20,FALSE
Region 8,202208,202339,2023-10-06,83,1264,76964,213,1.73715,1.64233,2022,8,2022-02-20,2022-02-26,2021,2021-22,21,FALSE
Region 8,202209,202339,2023-10-06,82,1500,81335,211,1.93322,1.84422,2022,9,2022-02-27,2022-03-05,2021,2021-22,22,FALSE
Region 8,202210,202339,2023-10-06,81,1688,77922,211,2.21881,2.16627,2022,10,2022-03-06,2022-03-12,2021,2021-22,23,FALSE
Region 8,202211,202339,2023-10-06,80,1923,80961,212,2.38663,2.37522,2022,11,2022-03-13,2022-03-19,2021,2021-22,24,FALSE
Region 8,202212,202339,2023-10-06,79,2015,78409,211,2.57856,2.56986,2022,12,2022-03-20,2022-03-26,2021,2021-22,25,FALSE
Region 8,202213,202339,2023-10-06,78,2009,81538,208,2.46263,2.46388,2022,13,2022-03-27,2022-04-02,2021,2021-22,26,FALSE
Region 8,202214,202339,2023-10-06,77,2080,82287,210,2.50894,2.52774,2022,14,2022-04-03,2022-04-09,2021,2021-22,27,FALSE
Region 8,202215,202339,2023-10-06,76,2168,82203,210,2.5552,2.63737,2022,15,2022-04-10,2022-04-16,2021,2021-22,28,FALSE
Region 8,202216,202339,2023-10-06,75,2517,82724,211,2.89139,3.04265,2022,16,2022-04-17,2022-04-23,2021,2021-22,29,FALSE
Region 8,202217,202339,2023-10-06,74,2430,84266,209,2.74645,2.88373,2022,17,2022-04-24,2022-04-30,2021,2021-22,30,FALSE
Region 8,202218,202339,2023-10-06,73,2515,82631,204,2.88032,3.04365,2022,18,2022-05-01,2022-05-07,2021,2021-22,31,FALSE
Region 8,202219,202339,2023-10-06,72,2346,83333,208,2.63419,2.81521,2022,19,2022-05-08,2022-05-14,2021,2021-22,32,FALSE
Region 8,202220,202339,2023-10-06,71,2192,83621,210,2.52712,2.62135,2022,20,2022-05-15,2022-05-21,2021,2021-22,33,FALSE
Region 8,202221,202339,2023-10-06,70,1983,81386,209,2.39443,2.43654,2022,21,2022-05-22,2022-05-28,2021,2021-22,34,FALSE
Region 8,202222,202339,2023-10-06,69,1695,75810,207,2.2185,2.23585,2022,22,2022-05-29,2022-06-04,2021,2021-22,35,FALSE
Region 8,202223,202339,2023-10-06,68,1454,81058,206,1.828,1.79378,2022,23,2022-06-05,2022-06-11,2021,2021-22,36,FALSE
Region 8,202224,202339,2023-10-06,67,1180,81736,205,1.45874,1.44367,2022,24,2022-06-12,2022-06-18,2021,2021-22,37,FALSE
Region 8,202225,202339,2023-10-06,66,1024,81948,206,1.26475,1.24957,2022,25,2022-06-19,2022-06-25,2021,2021-22,38,FALSE
Region 8,202226,202339,2023-10-06,65,711,64859,159,1.09205,1.09622,2022,26,2022-06-26,2022-07-02,2021,2021-22,39,FALSE
Region 8,202227,202339,2023-10-06,64,900,77873,208,1.20403,1.15573,2022,27,2022-07-03,2022-07-09,2021,2021-22,40,FALSE
Region 8,202228,202339,2023-10-06,63,853,85103,208,1.03493,1.00231,2022,28,2022-07-10,2022-07-16,2021,2021-22,41,FALSE
Region 8,202229,202339,2023-10-06,62,846,84821,207,1.04053,0.997395,2022,29,2022-07-17,2022-07-23,2021,2021-22,42,FALSE
Region 8,202230,202339,2023-10-06,61,835,83737,207,1.06355,0.99717,2022,30,2022-07-24,2022-07-30,2021,2021-22,43,FALSE
Region 8,202231,202339,2023-10-06,60,769,82810,205,0.969521,0.928632,2022,31,2022-07-31,2022-08-06,2021,2021-22,44,FALSE
Region 8,202232,202339,2023-10-06,59,784,84897,206,0.975325,0.923472,2022,32,2022-08-07,2022-08-13,2021,2021-22,45,FALSE
Region 8,202233,202339,2023-10-06,58,845,85759,209,1.02872,0.985319,2022,33,2022-08-14,2022-08-20,2021,2021-22,46,FALSE
Region 8,202234,202339,2023-10-06,57,1300,86668,206,1.52774,1.49998,2022,34,2022-08-21,2022-08-27,2021,2021-22,47,FALSE
Region 8,202235,202339,2023-10-06,56,1522,88786,205,1.70705,1.71423,2022,35,2022-08-28,2022-09-03,2021,2021-22,48,FALSE
Region 8,202236,202339,2023-10-06,55,1296,80564,205,1.63798,1.60866,2022,36,2022-09-04,2022-09-10,2021,2021-22,49,FALSE
Region 8,202237,202339,2023-10-06,54,1377,85583,207,1.6157,1.60896,2022,37,2022-09-11,2022-09-17,2021,2021-22,50,FALSE
Region 8,202238,202339,2023-10-06,53,1371,84265,207,1.64924,1.62701,2022,38,2022-09-18,2022-09-24,2021,2021-22,51,FALSE
Region 8,202239,202339,2023-10-06,52,1496,84873,205,1.75232,1.76263,2022,39,2022-09-25,2022-10-01,2021,2021-22,52,FALSE
Region 8,202240,202439,2024-10-04,103,1255,73159,196,1.84773,1.71544,2022,40,2022-10-02,2022-10-08,2022,2022-23,1,TRUE
Region 8,202241,202439,2024-10-04,102,1292,70510,201,1.93483,1.83236,2022,41,2022-10-09,2022-10-15,2022,2022-23,2,TRUE
Region 8,202242,202439,2024-10-04,101,2190,93250,237,2.28449,2.34853,2022,42,2022-10-16,2022-10-22,2022,2022-23,3,TRUE
Region 8,202243,202439,2024-10-04,100,2736,94761,237,2.78287,2.88726,2022,43,2022-10-23,2022-10-29,2022,2022-23,4,TRUE
Region 8,202244,202439,2024-10-04,99,3625,96156,234,3.61069,3.76992,2022,44,2022-10-30,2022-11-05,2022,2022-23,5,TRUE
Region 8,202245,202439,2024-10-04,98,4828,97612,236,4.74801,4.94611,2022,45,2022-11-06,2022-11-12,2022,2022-23,6,TRUE
Region 8,202246,202439,2024-10-04,97,6133,99886,237,5.82993,6.14,2022,46,2022-11-13,2022-11-19,2022,2022-23,7,TRUE
Region 8,202247,202439,2024-10-04,96,6666,89671,237,7.19358,7.43384,2022,47,2022-11-20,2022-11-26,2022,2022-23,8,TRUE
Region 8,202248,202439,2024-10-04,95,7402,103487,234,6.89375,7.15259,2022,48,2022-11-27,2022-12-03,2022,2022-23,9,TRUE
Region 8,202249,202439,2024-10-04,94,7199,99462,233,7.3092,7.23794,2022,49,2022-12-04,2022-12-10,2022,2022-23,10,TRUE
Region 8,202250,202439,2024-10-04,93,7603,97042,235,7.75034,7.83475,2022,50,2022-12-11,2022-12-17,2022,2022-23,11,TRUE
Region 8,202251,202439,2024-10-04,92,6379,87728,233,7.23879,7.27134,2022,51,2022-12-18,2022-12-24,2022,2022-23,12,TRUE
Region 8,202252,202439,2024-10-04,91,4877,82976,234,5.8642,5.8776,2022,52,2022-12-25,2022-12-31,2022,2022-23,13,TRUE
Region 8,202301,202439,2024-10-04,90,3503,86370,235,4.03598,4.05581,2023,1,2023-01-01,2023-01-07,2022,2022-23,14,TRUE
Region 8,202302,202439,2024-10-04,89,2455,90174,235,2.76904,2.72251,2023,2,2023-01-08,2023-01-14,2022,2022-23,15,TRUE
Region 8,202303,202439,2024-10-04,88,1950,78269,225,2.97693,2.49141,2023,3,2023-01-15,2023-01-21,2022,2022-23,16,TRUE
Region 8,202304,202439,2024-10-04,87,1898,75363,234,2.58228,2.51848,2023,4,2023-01-22,2023-01-28,2022,2022-23,17,TRUE
Region 8,202305,202439,2024-10-04,86,2397,88053,235,2.7317,2.72222,2023,5,2023-01-29,2023-02-04,2022,2022-23,18,TRUE
Region 8,202306,202439,2024-10-04,85,2479,91563,231,2.65803,2.70743,2023,6,2023-02-05,2023-02-11,2022,2022-23,19,TRUE
Region 8,202307,202439,2024-10-04,84,2455,88089,231,2.82233,2.78695,2023,7,2023-02-12,2023-02-18,2022,2022-23,20,TRUE
Region 8,202308,202439,2024-10-04,83,2347,85224,231,2.73292,2.75392,2023,8,2023-02-19,2023-02-25,2022,2022-23,21,TRUE
Region 8,202309,202439,2024-10-04,82,2325,92617,230,2.4561,2.51034,2023,9,2023-02-26,2023-03-04,2022,2022-23,22,TRUE
Region 8,202310,202439,2024-10-04,81,2358,92360,230,2.51152,2.55305,2023,10,2023-03-05,2023-03-11,2022,2022-23,23,TRUE
Region 8,202311,202439,2024-10-04,80,2309,90518,228,2.4812,2.55087,2023,11,2023-03-12,2023-03-18,2022,2022-23,24,TRUE
Region 8,202312,202439,2024-10-04,79,2296,90666,227,2.47451,2.53237,2023,12,2023-03-19,2023-03-25,2022,2022-23,25,TRUE
Region 8,202313,202439,2024-10-04,78,2001,87779,226,2.25381,2.27959,2023,13,2023-03-26,2023-04-01,2022,2022-23,26,TRUE
Region 8,202314,202439,2024-10-04,77,1960,88469,228,2.16514,2.21547,2023,14,2023-04-02,2023-04-08,2022,2022-23,27,TRUE
Region 8,202315,202439,2024-10-04,76,1988,90942,227,2.13737,2.18601,2023,15,2023-04-09,2023-04-15,2022,2022-23,28,TRUE
Region 8,202316,202439,2024-10-04,75,1883,90529,226,2.04067,2.08,2023,16,2023-04-16,2023-04-22,2022,2022-23,29,TRUE
Region 8,202317,202439,2024-10-04,74,1866,89720,225,2.04424,2.0798,2023,17,2023-04-23,2023-04-29,2022,2022-23,30,TRUE
Region 8,202318,202439,2024-10-04,73,1829,92153,226,1.93414,1.98474,2023,18,2023-04-30,2023-05-06,2022,2022-23,31,TRUE
Region 8,202319,202439,2024-10-04,72,1734,90745,225,1.85786,1.91085,2023,19,2023-05-07,2023-05-13,2022,2022-23,32,TRUE
Region 8,202320,202439,2024-10-04,71,1617,89954,224,1.74355,1.79759,2023,20,2023-05-14,2023-05-20,2022,2022-23,33,TRUE
Region 8,202321,202439,2024-10-04,70,1448,90638,225,1.57259,1.59756,2023,21,2023-05-21,2023-05-27,2022,2022-23,34,TRUE
Region 8,202322,202439,2024-10-04,69,1246,81873,216,1.4803,1.52187,2023,22,2023-05-28,2023-06-03,2022,2022-23,35,TRUE
Region 8,202323,202439,2024-10-04,68,1098,85118,222,1.26557,1.28997,2023,23,2023-06-04,2023-06-10,2022,2022-23,36,TRUE
Region 8,202324,202439,2024-10-04,67,1017,85376,225,1.16612,1.1912,2023,24,2023-06-11,2023-06-17,2022,2022-23,37,TRUE
Region 8,202325,202439,2024-10-04,66,889,85317,224,1.01281,1.042,2023,25,2023-06-18,2023-06-24,2022,2022-23,38,TRUE
Region 8,202326,202439,2024-10-04,65,748,84187,215,0.868994,0.888498,2023,26,2023-06-25,2023-07-01,2022,2022-23,39,TRUE
Region 8,202327,202439,2024-10-04,64,722,77306,222,0.918319,0.933951,2023,27,2023-07-02,2023-07-08,2022,2022-23,40,TRUE
Region 8,202328,202439,2024-10-04,63,698,86556,222,0.789019,0.806414,2023,28,2023-07-09,2023-07-15,2022,2022-23,41,TRUE
Region 8,202329,202439,2024-10-04,62,662,88071,223,0.755943,0.751666,2023,29,2023-07-16,2023-07-22,2022,2022-23,42,TRUE
Region 8,202330,202439,2024-10-04,61,666,87900,222,0.784244,0.757679,2023,30,2023-07-23,2023-07-29,2022,2022-23,43,TRUE
Region 8,202331,202439,2024-10-04,60,619,86973,221,0.720703,0.711715,2023,31,2023-07-30,2023-08-05,2022,2022-23,44,TRUE
Region 8,202332,202439,2024-10-04,59,719,87148,221,0.819308,0.825033,2023,32,2023-08-06,2023-08-12,2022,2022-23,45,TRUE
Region 8,202333,202439,2024-10-04,58,800,89160,220,0.889906,0.897263,2023,33,2023-08-13,2023-08-19,2022,2022-23,46,TRUE
Region 8,202334,202439,2024-10-04,57,1064,90057,222,1.15319,1.18147,2023,34,2023-08-20,2023-08-26,2022,2022-23,47,TRUE
Region 8,202335,202439,2024-10-04,56,1228,92308,222,1.29375,1.33033,2023,35,2023-08-27,2023-09-02,2022,2022-23,48,TRUE
Region 8,202336,202439,2024-10-04,55,1300,85023,216,1.51832,1.529,2023,36,2023-09-03,2023-09-09,2022,2022-23,49,TRUE
Region 8,202337,202439,2024-10-04,54,1301,88802,217,1.49665,1.46506,2023,37,2023-09-10,2023-09-16,2022,2022-23,50,TRUE
Region 8,202338,202439,2024-10-04,53,1524,91235,223,1.77565,1.67041,2023,38,2023-09-17,2023-09-23,2022,2022-23,51,TRUE
Region 8,202339,202439,2024-10-04,52,1503,90545,226,1.61546,1.65995,2023,39,2023-09-24,2023-09-30,2022,2022-23,52,TRUE
Region 8,202340,202538,2025-09-26,102,1464,86137,231,1.65418,1.69962,2023,40,2023-10-01,2023-10-07,2023,2023-24,1,TRUE
Region 8,202341,202538,2025-09-26,101,1635,88118,231,1.81837,1.85547,2023,41,2023-10-08,2023-10-14,2023,2023-24,2,TRUE
Region 8,202342,202538,2025-09-26,100,1897,89975,234,2.07912,2.10836,2023,42,2023-10-15,2023-10-21,2023,2023-24,3,TRUE
Region 8,202343,202538,2025-09-26,99,1895,89710,234,2.06137,2.11236,2023,43,2023-10-22,2023-10-28,2023,2023-24,4,TRUE
Region 8,202344,202538,2025-09-26,98,2172,88291,232,2.39167,2.46005,2023,44,2023-10-29,2023-11-04,2023,2023-24,5,TRUE
Region 8,202345,202538,2025-09-26,97,2707,92026,233,2.86871,2.94156,2023,45,2023-11-05,2023-11-11,2023,2023-24,6,TRUE
Region 8,202346,202538,2025-09-26,96,3350,95225,233,3.40594,3.51798,2023,46,2023-11-12,2023-11-18,2023,2023-24,7,TRUE
Region 8,202347,202538,2025-09-26,95,3100,78501,235,3.85687,3.9489899999999998,2023,47,2023-11-19,2023-11-25,2023,2023-24,8,TRUE
Region 8,202348,202538,2025-09-26,94,3701,96290,233,3.7156,3.8436,2023,48,2023-11-26,2023-12-02,2023,2023-24,9,TRUE
Region 8,202349,202538,2025-09-26,93,4188,94704,233,4.27063,4.4222,2023,49,2023-12-03,2023-12-09,2023,2023-24,10,TRUE
Region 8,202350,202538,2025-09-26,92,4965,95584,234,5.04373,5.19438,2023,50,2023-12-10,2023-12-16,2023,2023-24,11,TRUE
Region 8,202351,202538,2025-09-26,91,5807,95706,230,5.92434,6.06754,2023,51,2023-12-17,2023-12-23,2023,2023-24,12,TRUE
Region 8,202352,202538,2025-09-26,90,5760,83452,227,6.7767,6.90217,2023,52,2023-12-24,2023-12-30,2023,2023-24,13,TRUE
Region 8,202401,202538,2025-09-26,89,5101,90198,235,5.57955,5.65534,2024,1,2023-12-31,2024-01-06,2023,2023-24,14,TRUE
Region 8,202402,202538,2025-09-26,88,4251,91103,233,4.59337,4.66615,2024,2,2024-01-07,2024-01-13,2023,2023-24,15,TRUE
Region 8,202403,202538,2025-09-26,87,3479,81892,230,4.13968,4.24828,2024,3,2024-01-14,2024-01-20,2023,2023-24,16,TRUE
Region 8,202404,202538,2025-09-26,86,3978,94297,235,4.14292,4.21859,2024,4,2024-01-21,2024-01-27,2023,2023-24,17,TRUE
Region 8,202405,202538,2025-09-26,85,3975,95116,236,4.12676,4.17911,2024,5,2024-01-28,2024-02-03,2023,2023-24,18,TRUE
Region 8,202406,202538,2025-09-26,84,3929,94938,237,4.10223,4.13849,2024,6,2024-02-04,2024-02-10,2023,2023-24,19,TRUE
Region 8,202407,202538,2025-09-26,83,3661,93155,237,3.87231,3.93001,2024,7,2024-02-11,2024-02-17,2023,2023-24,20,TRUE
Region 8,202408,202538,2025-09-26,82,3428,92738,237,3.63492,3.69644,2024,8,2024-02-18,2024-02-24,2023,2023-24,21,TRUE
Region 8,202409,202538,2025-09-26,81,3117,93735,235,3.26407,3.32533,2024,9,2024-02-25,2024-03-02,2023,2023-24,22,TRUE
Region 8,202410,202538,2025-09-26,80,3146,93397,234,3.34414,3.36842,2024,10,2024-03-03,2024-03-09,2023,2023-24,23,TRUE
Region 8,202411,202538,2025-09-26,79,2823,87956,236,3.23733,3.20956,2024,11,2024-03-10,2024-03-16,2023,2023-24,24,TRUE
Region 8,202412,202538,2025-09-26,78,2454,90372,234,2.72778,2.71544,2024,12,2024-03-17,2024-03-23,2023,2023-24,25,TRUE
Region 8,202413,202538,2025-09-26,77,2176,87715,234,2.5403,2.48076,2024,13,2024-03-24,2024-03-30,2023,2023-24,26,TRUE
Region 8,202414,202538,2025-09-26,76,2082,87491,234,2.36238,2.37967,2024,14,2024-03-31,2024-04-06,2023,2023-24,27,TRUE
Region 8,202415,202538,2025-09-26,75,2095,90668,232,2.38727,2.31063,2024,15,2024-04-07,2024-04-13,2023,2023-24,28,TRUE
Region 8,202416,202538,2025-09-26,74,1972,90191,232,2.17507,2.18647,2024,16,2024-04-14,2024-04-20,2023,2023-24,29,TRUE
Region 8,202417,202538,2025-09-26,73,1831,88561,230,2.01891,2.0675,2024,17,2024-04-21,2024-04-27,2023,2023-24,30,TRUE
Region 8,202418,202538,2025-09-26,72,1887,90402,231,2.01831,2.08734,2024,18,2024-04-28,2024-05-04,2023,2023-24,31,TRUE
Region 8,202419,202538,2025-09-26,71,1769,91076,230,1.86799,1.94233,2024,19,2024-05-05,2024-05-11,2023,2023-24,32,TRUE
Region 8,202420,202538,2025-09-26,70,1635,91569,230,1.7329,1.78554,2024,20,2024-05-12,2024-05-18,2023,2023-24,33,TRUE
Region 8,202421,202538,2025-09-26,69,1492,90358,231,1.62499,1.65121,2024,21,2024-05-19,2024-05-25,2023,2023-24,34,TRUE
Region 8,202422,202538,2025-09-26,68,1367,84550,224,1.62056,1.61679,2024,22,2024-05-26,2024-06-01,2023,2023-24,35,TRUE
Region 8,202423,202538,2025-09-26,67,1119,80466,212,1.40552,1.39065,2024,23,2024-06-02,2024-06-08,2023,2023-24,36,TRUE
Region 8,202424,202538,2025-09-26,66,924,87501,225,1.03517,1.05599,2024,24,2024-06-09,2024-06-15,2023,2023-24,37,TRUE
Region 8,202425,202538,2025-09-26,65,879,83840,224,1.0063,1.04843,2024,25,2024-06-16,2024-06-22,2023,2023-24,38,TRUE
Region 8,202426,202538,2025-09-26,64,835,86527,221,0.944071,0.965017,2024,26,2024-06-23,2024-06-29,2023,2023-24,39,TRUE
Region 8,202427,202538,2025-09-26,63,727,79229,226,0.910949,0.917593,2024,27,2024-06-30,2024-07-06,2023,2023-24,40,TRUE
Region 8,202428,202538,2025-09-26,62,841,87568,223,0.939221,0.960396,2024,28,2024-07-07,2024-07-13,2023,2023-24,41,TRUE
Region 8,202429,202538,2025-09-26,61,769,88549,224,0.835106,0.868446,2024,29,2024-07-14,2024-07-20,2023,2023-24,42,TRUE
Region 8,202430,202538,2025-09-26,60,778,85508,219,0.880572,0.909856,2024,30,2024-07-21,2024-07-27,2023,2023-24,43,TRUE
Region 8,202431,202538,2025-09-26,59,795,87685,224,0.888841,0.906655,2024,31,2024-07-28,2024-08-03,2023,2023-24,44,TRUE
Region 8,202432,202538,2025-09-26,58,774,88256,224,0.852218,0.876994,2024,32,2024-08-04,2024-08-10,2023,2023-24,45,TRUE
Region 8,202433,202538,2025-09-26,57,838,87822,223,0.912895,0.954203,2024,33,2024-08-11,2024-08-17,2023,2023-24,46,TRUE
Region 8,202434,202538,2025-09-26,56,1047,90717,224,1.10077,1.15414,2024,34,2024-08-18,2024-08-24,2023,2023-24,47,TRUE
Region 8,202435,202538,2025-09-26,55,1328,89865,223,1.39734,1.47777,2024,35,2024-08-25,2024-08-31,2023,2023-24,48,TRUE
Region 8,202436,202538,2025-09-26,54,1257,84717,223,1.43163,1.48376,2024,36,2024-09-01,2024-09-07,2023,2023-24,49,TRUE
Region 8,202437,202538,2025-09-26,53,1291,91714,224,1.33564,1.40764,2024,37,2024-09-08,2024-09-14,2023,2023-24,50,TRUE
Region 8,202438,202538,2025-09-26,52,1219,90305,222,1.31131,1.34987,2024,38,2024-09-15,2024-09-21,2023,2023-24,51,TRUE
Region 8,202439,202538,2025-09-26,51,1188,90455,222,1.24877,1.31336,2024,39,2024-09-22,2024-09-28,2023,2023-24,52,TRUE
Region 8,202440,202638,2026-10-02,103,1252,101564,241,1.22001,1.23272,2024,40,2024-09-29,2024-10-05,2024,2024-25,1,TRUE
Region 8,202441,202638,2026-10-02,102,1377,101441,242,1.36685,1.35744,2024,41,2024-10-06,2024-10-12,2024,2024-25,2,TRUE
Region 8,202442,202638,2026-10-02,101,1230,96087,242,1.1952,1.28009,2024,42,2024-10-13,2024-10-19,2024,2024-25,3,TRUE
Region 8,202443,202638,2026-10-02,100,1441,102373,242,1.39968,1.4076,2024,43,2024-10-20,2024-10-26,2024,2024-25,4,TRUE
Region 8,202444,202638,2026-10-02,99,1482,98435,241,1.49618,1.50556,2024,44,2024-10-27,2024-11-02,2024,2024-25,5,TRUE
Region 8,202445,202638,2026-10-02,98,1637,98346,237,1.678,1.66453,2024,45,2024-11-03,2024-11-09,2024,2024-25,6,TRUE
Region 8,202446,202638,2026-10-02,97,1751,103140,242,1.70465,1.69769,2024,46,2024-11-10,2024-11-16,2024,2024-25,7,TRUE
Region 8,202447,202638,2026-10-02,96,2007,103030,237,1.95904,1.94798,2024,47,2024-11-17,2024-11-23,2024,2024-25,8,TRUE
Region 8,202448,202638,2026-10-02,95,1786,85728,241,2.04351,2.08333,2024,48,2024-11-24,2024-11-30,2024,2024-25,9,TRUE
Region 8,202449,202638,2026-10-02,94,2323,103259,241,2.21475,2.24968,2024,49,2024-12-01,2024-12-07,2024,2024-25,10,TRUE
Region 8,202450,202638,2026-10-02,93,2615,103138,240,2.53545,2.53544,2024,50,2024-12-08,2024-12-14,2024,2024-25,11,TRUE
Region 8,202451,202638,2026-10-02,92,3842,107012,241,3.56044,3.59025,2024,51,2024-12-15,2024-12-21,2024,2024-25,12,TRUE
Region 8,202452,202638,2026-10-02,91,5164,90677,240,5.56439,5.69494,2024,52,2024-12-22,2024-12-28,2024,2024-25,13,TRUE
Region 8,202501,202638,2026-10-02,90,5130,96913,242,5.1495,5.29341,2025,1,2024-12-29,2025-01-04,2024,2024-25,14,TRUE
Region 8,202502,202638,2026-10-02,89,4576,105132,240,4.24371,4.35262,2025,2,2025-01-05,2025-01-11,2024,2024-25,15,TRUE
Region 8,202503,202638,2026-10-02,88,4671,105258,240,4.27358,4.43767,2025,3,2025-01-12,2025-01-18,2024,2024-25,16,TRUE
Region 8,202504,202638,2026-10-02,87,4997,98151,240,4.9277,5.09114,2025,4,2025-01-19,2025-01-25,2024,2024-25,17,TRUE
Region 8,202505,202638,2026-10-02,86,5569,108132,240,4.96306,5.15019,2025,5,2025-01-26,2025-02-01,2024,2024-25,18,TRUE
Region 8,202506,202638,2026-10-02,85,5893,108501,240,5.29713,5.43129,2025,6,2025-02-02,2025-02-08,2024,2024-25,19,TRUE
Region 8,202507,202638,2026-10-02,84,5239,103787,241,4.96396,5.04784,2025,7,2025-02-09,2025-02-15,2024,2024-25,20,TRUE
Region 8,202508,202638,2026-10-02,83,4510,101766,240,4.41206,4.43174,2025,8,2025-02-16,2025-02-22,2024,2024-25,21,TRUE
Region 8,202509,202638,2026-10-02,82,4115,107946,240,3.80216,3.81209,2025,9,2025-02-23,2025-03-01,2024,2024-25,22,TRUE
Region 8,202510,202638,2026-10-02,81,3518,104916,240,3.32588,3.35316,2025,10,2025-03-02,2025-03-08,2024,2024-25,23,TRUE
Region 8,202511,202638,2026-10-02,80,3118,104912,240,2.94459,2.97201,2025,11,2025-03-09,2025-03-15,2024,2024-25,24,TRUE
Region 8,202512,202638,2026-10-02,79,2429,100312,238,2.41562,2.42145,2025,12,2025-03-16,2025-03-22,2024,2024-25,25,TRUE
Region 8,202513,202638,2026-10-02,78,2247,101719,239,2.23077,2.20903,2025,13,2025-03-23,2025-03-29,2024,2024-25,26,TRUE
Region 8,202514,202638,2026-10-02,77,1982,98515,239,2.04784,2.01188,2025,14,2025-03-30,2025-04-05,2024,2024-25,27,TRUE
Region 8,202515,202638,2026-10-02,76,1981,101841,235,1.93728,1.94519,2025,15,2025-04-06,2025-04-12,2024,2024-25,28,TRUE
Region 8,202516,202638,2026-10-02,75,1862,100881,236,1.84989,1.84574,2025,16,2025-04-13,2025-04-19,2024,2024-25,29,TRUE
Region 8,202517,202638,2026-10-02,74,1795,100374,235,1.80257,1.78831,2025,17,2025-04-20,2025-04-26,2024,2024-25,30,TRUE
Region 8,202518,202638,2026-10-02,73,1766,99366,236,1.85477,1.77727,2025,18,2025-04-27,2025-05-03,2024,2024-25,31,TRUE
Region 8,202519,202638,2026-10-02,72,1727,99919,237,1.78392,1.7284,2025,19,2025-05-04,2025-05-10,2024,2024-25,32,TRUE
Region 8,202520,202638,2026-10-02,71,1669,100269,237,1.67868,1.66452,2025,20,2025-05-11,2025-05-17,2024,2024-25,33,TRUE
Region 8,202521,202638,2026-10-02,70,1461,97658,236,1.53175,1.49604,2025,21,2025-05-18,2025-05-24,2024,2024-25,34,TRUE
Region 8,202522,202638,2026-10-02,69,1223,90318,235,1.3752,1.3541,2025,22,2025-05-25,2025-05-31,2024,2024-25,35,TRUE
Region 8,202523,202638,2026-10-02,68,959,79691,193,1.15508,1.2034,2025,23,2025-06-01,2025-06-07,2024,2024-25,36,TRUE
Region 8,202524,202638,2026-10-02,67,978,95881,234,1.05543,1.02001,2025,24,2025-06-08,2025-06-14,2024,2024-25,37,TRUE
Region 8,202525,202638,2026-10-02,66,866,95172,232,0.973123,0.909931,2025,25,2025-06-15,2025-06-21,2024,2024-25,38,TRUE
Region 8,202526,202638,2026-10-02,65,724,94974,233,0.798973,0.762314,2025,26,2025-06-22,2025-06-28,2024,2024-25,39,TRUE
Region 8,202527,202638,2026-10-02,64,628,88736,233,0.782134,0.707717,2025,27,2025-06-29,2025-07-05,2024,2024-25,40,TRUE
Region 8,202528,202638,2026-10-02,63,709,99452,233,0.761365,0.712907,2025,28,2025-07-06,2025-07-12,2024,2024-25,41,TRUE
Region 8,202529,202638,2026-10-02,62,600,97736,232,0.671287,0.613899,2025,29,2025-07-13,2025-07-19,2024,2024-25,42,TRUE
Region 8,202530,202638,2026-10-02,61,662,95457,233,0.749612,0.693506,2025,30,2025-07-20,2025-07-26,2024,2024-25,43,TRUE
Region 8,202531,202638,2026-10-02,60,566,96788,231,0.622902,0.584783,2025,31,2025-07-27,2025-08-02,2024,2024-25,44,TRUE
Region 8,202532,202638,2026-10-02,59,661,97879,232,0.706961,0.675324,2025,32,2025-08-03,2025-08-09,2024,2024-25,45,TRUE
Region 8,202533,202638,2026-10-02,58,711,99195,232,0.712732,0.71677,2025,33,2025-08-10,2025-08-16,2024,2024-25,46,TRUE
Region 8,202534,202638,2026-10-02,57,931,100562,231,0.952473,0.925797,2025,34,2025-08-17,2025-08-23,2024,2024-25,47,TRUE
Region 8,202535,202638,2026-10-02,56,976,83029,185,1.06075,1.17549,2025,35,2025-08-24,2025-08-30,2024,2024-25,48,TRUE
Region 8,202536,202638,2026-10-02,55,1178,92524,228,1.25991,1.27318,2025,36,2025-08-31,2025-09-06,2024,2024-25,49,TRUE
Region 8,202537,202638,2026-10-02,54,1195,94842,231,1.10743,1.25999,2025,37,2025-09-07,2025-09-13,2024,2024-25,50,TRUE
Region 8,202538,202638,2026-10-02,53,1037,92845,229,1.013,1.11692,2025,38,2025-09-14,2025-09-20,2024,2024-25,51,TRUE
Region 8,202539,202638,2026-10-02,52,980,93909,229,0.922304,1.04356,2025,39,2025-09-21,2025-09-27,2024,2024-25,52,TRUE
Region 8,202540,202638,2026-10-02,51,1091,94041,237,1.04245,1.16013,2025,40,2025-09-28,2025-10-04,2025,2025-26,1,TRUE
Region 8,202541,202638,2026-10-02,50,1133,94555,237,1.09076,1.19824,2025,41,2025-10-05,2025-10-11,2025,2025-26,2,TRUE
Region 8,202542,202638,2026-10-02,49,1063,93848,236,1.03787,1.13268,2025,42,2025-10-12,2025-10-18,2025,2025-26,3,TRUE
Region 8,202543,202638,2026-10-02,48,1249,93941,236,1.23999,1.32956,2025,43,2025-10-19,2025-10-25,2025,2025-26,4,TRUE
Region 8,202544,202638,2026-10-02,47,1247,93350,238,1.27576,1.33583,2025,44,2025-10-26,2025-11-01,2025,2025-26,5,TRUE
Region 8,202545,202638,2026-10-02,46,1531,94455,238,1.52329,1.62088,2025,45,2025-11-02,2025-11-08,2025,2025-26,6,TRUE
Region 8,202546,202638,2026-10-02,45,1808,96079,238,1.73329,1.88178,2025,46,2025-11-09,2025-11-15,2025,2025-26,7,TRUE
Region 8,202547,202638,2026-10-02,44,2402,97144,235,2.29266,2.47262,2025,47,2025-11-16,2025-11-22,2025,2025-26,8,TRUE
Region 8,202548,202638,2026-10-02,43,2491,84333,236,2.90809,2.95377,2025,48,2025-11-23,2025-11-29,2025,2025-26,9,TRUE
Region 8,202549,202638,2026-10-02,42,3289,102090,233,3.17598,3.22167,2025,49,2025-11-30,2025-12-06,2025,2025-26,10,TRUE
Region 8,202550,202638,2026-10-02,41,3668,97312,235,3.75879,3.76932,2025,50,2025-12-07,2025-12-13,2025,2025-26,11,TRUE
Region 8,202551,202638,2026-10-02,40,6066,106426,234,5.4897,5.69974,2025,51,2025-12-14,2025-12-20,2025,2025-26,12,TRUE
Region 8,202552,202638,2026-10-02,39,7132,90624,234,7.4467,7.86988,2025,52,2025-12-21,2025-12-27,2025,2025-26,13,TRUE
Region 8,202553,202638,2026-10-02,38,6003,92937,233,6.08626,6.45921,2025,53,2025-12-28,2026-01-03,2025,2025-26,14,TRUE
Region 8,202601,202638,2026-10-02,37,4260,105385,232,3.87622,4.04232,2026,1,2026-01-04,2026-01-10,2025,2025-26,15,TRUE
Region 8,202602,202638,2026-10-02,36,3279,102695,232,3.12241,3.19295,2026,2,2026-01-11,2026-01-17,2025,2025-26,16,TRUE
Region 8,202603,202638,2026-10-02,35,2897,94567,231,3.00123,3.06344,2026,3,2026-01-18,2026-01-24,2025,2025-26,17,TRUE
Region 8,202604,202638,2026-10-02,34,3052,101209,232,3.04486,3.01554,2026,4,2026-01-25,2026-01-31,2025,2025-26,18,TRUE
Region 8,202605,202638,2026-10-02,33,3345,104534,231,3.26974,3.19992,2026,5,2026-02-01,2026-02-07,2025,2025-26,19,TRUE
Region 8,202606,202638,2026-10-02,32,3400,103201,229,3.31303,3.29454,2026,6,2026-02-08,2026-02-14,2025,2025-26,20,TRUE
Region 8,202607,202638,2026-10-02,31,3601,101477,233,3.50969,3.54859,2026,7,2026-02-15,2026-02-21,2025,2025-26,21,TRUE
Region 8,202608,202638,2026-10-02,30,3467,106381,232,3.22751,3.25904,2026,8,2026-02-22,2026-02-28,2025,2025-26,22,TRUE
Region 8,202609,202638,2026-10-02,29,3642,104927,230,3.34476,3.47098,2026,9,2026-03-01,2026-03-07,2025,2025-26,23,TRUE
Region 8,202610,202638,2026-10-02,28,3640,106972,234,3.23633,3.40276,2026,10,2026-03-08,2026-03-14,2025,2025-26,24,TRUE
Region 8,202611,202638,2026-10-02,27,3237,102283,234,3.02364,3.16475,2026,11,2026-03-15,2026-03-21,2025,2025-26,25,TRUE
Region 8,202612,202638,2026-10-02,26,2644,104343,232,2.45267,2.53395,2026,12,2026-03-22,2026-03-28,2025,2025-26,26,TRUE
Region 8,202613,202638,2026-10-02,25,2311,101269,232,2.2081,2.28204,2026,13,2026-03-29,2026-04-04,2025,2025-26,27,TRUE
Region 8,202614,202638,2026-10-02,24,1981,103412,232,1.80413,1.91564,2026,14,2026-04-05,2026-04-11,2025,2025-26,28,TRUE
Region 8,202615,202638,2026-10-02,23,1864,104666,233,1.7349,1.7809,2026,15,2026-04-12,2026-04-18,2025,2025-26,29,TRUE
Region 8,202616,202638,2026-10-02,22,1829,103407,232,1.73913,1.76874,2026,16,2026-04-19,2026-04-25,2025,2025-26,30,TRUE
Region 8,202617,202638,2026-10-02,21,1524,101619,230,1.48777,1.49972,2026,17,2026-04-26,2026-05-02,2025,2025-26,31,TRUE
Region 8,202618,202638,2026-10-02,20,1448,101593,232,1.42648,1.4253,2026,18,2026-05-03,2026-05-09,2025,2025-26,32,TRUE
Region 8,202619,202638,2026-10-02,19,1492,103463,231,1.47152,1.44206,2026,19,2026-05-10,2026-05-16,2025,2025-26,33,TRUE
Region 8,202620,202638,2026-10-02,18,1247,100774,231,1.22873,1.23742,2026,20,2026-05-17,2026-05-23,2025,2025-26,34,TRUE
Region 8,202621,202638,2026-10-02,17,1018,93697,230,1.10067,1.08648,2026,21,2026-05-24,2026-05-30,2025,2025-26,35,TRUE
Region 8,202622,202638,2026-10-02,16,1062,102035,232,1.10163,1.04082,2026,22,2026-05-31,2026-06-06,2025,2025-26,36,TRUE
Region 8,202623,202638,2026-10-02,15,762,100946,228,0.797465,0.754859,2026,23,2026-06-07,2026-06-13,2025,2025-26,37,TRUE
Region 8,202624,202638,2026-10-02,14,674,99042,231,0.730342,0.680519,2026,24,2026-06-14,2026-06-20,2025,2025-26,38,TRUE
Region 8,202625,202638,2026-10-02,13,574,99646,229,0.58643,0.576039,2026,25,2026-06-21,2026-06-27,2025,2025-26,39,TRUE
Region 8,202626,202638,2026-10-02,12,489,90378,230,0.521401,0.541061,2026,26,2026-06-28,2026-07-04,2025,2025-26,40,TRUE
Region 8,202627,202638,2026-10-02,11,502,86285,186,0.642929,0.581793,2026,27,2026-07-05,2026-07-11,2025,2025-26,41,TRUE
Region 8,202628,202638,2026-10-02,10,442,88047,187,0.551715,0.502005,2026,28,2026-07-12,2026-07-18,2025,2025-26,42,TRUE
Region 8,202629,202638,2026-10-02,9,433,86319,188,0.561075,0.501628,2026,29,2026-07-19,2026-07-25,2025,2025-26,43,TRUE
Region 8,202630,202638,2026-10-02,8,413,86698,183,0.543304,0.476366,2026,30,2026-07-26,2026-08-01,2025,2025-26,44,TRUE
Region 8,202631,202638,2026-10-02,7,471,86709,188,0.60184,0.543196,2026,31,2026-08-02,2026-08-08,2025,2025-26,45,TRUE
Region 8,202632,202638,2026-10-02,6,476,85595,185,0.64438,0.556107,2026,32,2026-08-09,2026-08-15,2025,2025-26,46,TRUE
Region 8,202633,202638,2026-10-02,5,642,91481,185,0.774009,0.701785,2026,33,2026-08-16,2026-08-22,2025,2025-26,47,TRUE
Region 8,202634,202638,2026-10-02,4,958,107584,224,0.863436,0.890467,2026,34,2026-08-23,2026-08-29,2025,2025-26,48,TRUE
Region 8,202635,202638,2026-10-02,3,1323,108609,225,1.20034,1.21813,2026,35,2026-08-30,2026-09-05,2025,2025-26,49,TRUE
Region 8,202636,202638,2026-10-02,2,1106,100108,225,1.11569,1.10481,2026,36,2026-09-06,2026-09-12,2025,2025-26,50,TRUE
Region 8,202637,202638,2026-10-02,1,1003,94961,225,1.10556,1.05622,2026,37,2026-09-13,2026-09-19,2025,2025-26,51,TRUE
Region 8,202638,202638,2026-10-02,0,1198,106049,225,1.1891,1.12967,2026,38,2026-09-20,2026-09-26,2025,2025-26,52,TRUE
Region 9,201940,202139,2021-10-08,104,1077,83710,197,1.30845,1.28658,2019,40,2019-09-29,2019-10-05,2019,2019-20,1,FALSE
Region 9,201941,202139,2021-10-08,103,1160,82450,196,1.44476,1.40691,2019,41,2019-10-06,2019-10-12,2019,2019-20,2,FALSE
Region 9,201942,202139,2021-10-08,102,1275,81744,201,1.5789,1.55975,2019,42,2019-10-13,2019-10-19,2019,2019-20,3,FALSE
Region 9,201943,202139,2021-10-08,101,1392,84982,201,1.66955,1.63799,2019,43,2019-10-20,2019-10-26,2019,2019-20,4,FALSE
Region 9,201944,202139,2021-10-08,100,1480,82283,201,1.81318,1.79867,2019,44,2019-10-27,2019-11-02,2019,2019-20,5,FALSE
Region 9,201945,202139,2021-10-08,99,2030,88528,208,2.24992,2.29306,2019,45,2019-11-03,2019-11-09,2019,2019-20,6,FALSE
Region 9,201946,202139,2021-10-08,98,2413,91034,210,2.55298,2.65066,2019,46,2019-11-10,2019-11-16,2019,2019-20,7,FALSE
Region 9,201947,202139,2021-10-08,97,2460,95638,209,2.49031,2.5722,2019,47,2019-11-17,2019-11-23,2019,2019-20,8,FALSE
Region 9,201948,202139,2021-10-08,96,2036,67381,206,2.84557,3.02162,2019,48,2019-11-24,2019-11-30,2019,2019-20,9,FALSE
Region 9,201949,202139,2021-10-08,95,2592,92809,210,2.77241,2.79283,2019,49,2019-12-01,2019-12-07,2019,2019-20,10,FALSE
Region 9,201950,202139,2021-10-08,94,2504,90642,208,2.77256,2.76252,2019,50,2019-12-08,2019-12-14,2019,2019-20,11,FALSE
Region 9,201951,202139,2021-10-08,93,2634,85274,204,3.16129,3.08887,2019,51,2019-12-15,2019-12-21,2019,2019-20,12,FALSE
Region 9,201952,202139,2021-10-08,92,2816,65521,206,4.55167,4.29786,2019,52,2019-12-22,2019-12-28,2019,2019-20,13,FALSE
Region 9,202001,202139,2021-10-08,91,3109,77419,216,4.57652,4.01581,2020,1,2019-12-29,2020-01-04,2019,2019-20,14,FALSE
Region 9,202002,202139,2021-10-08,90,3510,102161,216,3.81505,3.43575,2020,2,2020-01-05,2020-01-11,2019,2019-20,15,FALSE
Region 9,202003,202139,2021-10-08,89,3767,102226,211,4.10778,3.68497,2020,3,2020-01-12,2020-01-18,2019,2019-20,16,FALSE
Region 9,202004,202139,2021-10-08,88,4344,101413,214,4.66256,4.28347,2020,4,2020-01-19,2020-01-25,2019,2019-20,17,FALSE
Region 9,202005,202139,2021-10-08,87,4605,108246,216,4.69342,4.2542,2020,5,2020-01-26,2020-02-01,2019,2019-20,18,FALSE
Region 9,202006,202139,2021-10-08,86,4692,108780,212,4.74509,4.31329,2020,6,2020-02-02,2020-02-08,2019,2019-20,19,FALSE
Region 9,202007,202139,2021-10-08,85,4030,101200,212,4.41607,3.98221,2020,7,2020-02-09,2020-02-15,2019,2019-20,20,FALSE
Region 9,202008,202139,2021-10-08,84,3899,100086,214,4.29059,3.89565,2020,8,2020-02-16,2020-02-22,2019,2019-20,21,FALSE
Region 9,202009,202139,2021-10-08,83,3726,103642,209,3.90995,3.59507,2020,9,2020-02-23,2020-02-29,2019,2019-20,22,FALSE
Region 9,202010,202139,2021-10-08,82,3216,97539,191,3.63065,3.29714,2020,10,2020-03-01,2020-03-07,2019,2019-20,23,FALSE
Region 9,202011,202139,2021-10-08,81,3208,89494,188,3.92543,3.5846,2020,11,2020-03-08,2020-03-14,2019,2019-20,24,FALSE
Region 9,202012,202139,2021-10-08,80,2180,57272,182,4.48954,3.8064,2020,12,2020-03-15,2020-03-21,2019,2019-20,25,FALSE
Region 9,202013,202139,2021-10-08,79,1558,51211,180,3.41735,3.04232,2020,13,2020-03-22,2020-03-28,2019,2019-20,26,FALSE
Region 9,202014,202139,2021-10-08,78,1129,48100,176,2.52985,2.34719,2020,14,2020-03-29,2020-04-04,2019,2019-20,27,FALSE
Region 9,202015,202139,2021-10-08,77,828,46385,176,1.95384,1.78506,2020,15,2020-04-05,2020-04-11,2019,2019-20,28,FALSE
Region 9,202016,202139,2021-10-08,76,718,48611,180,1.5733,1.47703,2020,16,2020-04-12,2020-04-18,2019,2019-20,29,FALSE
Region 9,202017,202139,2021-10-08,75,617,50578,174,1.308,1.2199,2020,17,2020-04-19,2020-04-25,2019,2019-20,30,FALSE
Region 9,202018,202139,2021-10-08,74,580,49911,174,1.20968,1.16207,2020,18,2020-04-26,2020-05-02,2019,2019-20,31,FALSE
Region 9,202019,202139,2021-10-08,73,553,58699,176,1.07033,0.942094,2020,19,2020-05-03,2020-05-09,2019,2019-20,32,FALSE
Region 9,202020,202139,2021-10-08,72,531,51378,171,1.09102,1.03352,2020,20,2020-05-10,2020-05-16,2019,2019-20,33,FALSE
Region 9,202021,202139,2021-10-08,71,573,55945,170,1.04992,1.02422,2020,21,2020-05-17,2020-05-23,2019,2019-20,34,FALSE
Region 9,202022,202139,2021-10-08,70,528,53406,167,1.02077,0.988653,2020,22,2020-05-24,2020-05-30,2019,2019-20,35,FALSE
Region 9,202023,202139,2021-10-08,69,505,59326,169,0.864326,0.851229,2020,23,2020-05-31,2020-06-06,2019,2019-20,36,FALSE
Region 9,202024,202139,2021-10-08,68,567,59705,163,0.935881,0.949669,2020,24,2020-06-07,2020-06-13,2019,2019-20,37,FALSE
Region 9,202025,202139,2021-10-08,67,658,61660,157,1.05822,1.06714,2020,25,2020-06-14,2020-06-20,2019,2019-20,38,FALSE
Region 9,202026,202139,2021-10-08,66,807,61793,159,1.32949,1.30597,2020,26,2020-06-21,2020-06-27,2019,2019-20,39,FALSE
Region 9,202027,202139,2021-10-08,65,848,57585,155,1.51706,1.47261,2020,27,2020-06-28,2020-07-04,2019,2019-20,40,FALSE
Region 9,202028,202139,2021-10-08,64,899,63866,159,1.49775,1.40763,2020,28,2020-07-05,2020-07-11,2019,2019-20,41,FALSE
Region 9,202029,202139,2021-10-08,63,840,62830,158,1.42017,1.33694,2020,29,2020-07-12,2020-07-18,2019,2019-20,42,FALSE
Region 9,202030,202139,2021-10-08,62,890,72940,175,1.26308,1.22018,2020,30,2020-07-19,2020-07-25,2019,2019-20,43,FALSE
Region 9,202031,202139,2021-10-08,61,843,66760,158,1.27861,1.26273,2020,31,2020-07-26,2020-08-01,2019,2019-20,44,FALSE
Region 9,202032,202139,2021-10-08,60,715,66658,156,1.08147,1.07264,2020,32,2020-08-02,2020-08-08,2019,2019-20,45,FALSE
Region 9,202033,202139,2021-10-08,59,631,72973,168,0.885993,0.864703,2020,33,2020-08-09,2020-08-15,2019,2019-20,46,FALSE
Region 9,202034,202139,2021-10-08,58,525,74189,170,0.718788,0.707652,2020,34,2020-08-16,2020-08-22,2019,2019-20,47,FALSE
Region 9,202035,202139,2021-10-08,57,534,73480,167,0.727366,0.726728,2020,35,2020-08-23,2020-08-29,2019,2019-20,48,FALSE
Region 9,202036,202139,2021-10-08,56,499,69297,161,0.724591,0.720089,2020,36,2020-08-30,2020-09-05,2019,2019-20,49,FALSE
Region 9,202037,202139,2021-10-08,55,514,68620,160,0.762396,0.749053,2020,37,2020-09-06,2020-09-12,2019,2019-20,50,FALSE
Region 9,202038,202139,2021-10-08,54,544,72888,165,0.76231,0.746351,2020,38,2020-09-13,2020-09-19,2019,2019-20,51,FALSE
Region 9,202039,202139,2021-10-08,53,574,72781,159,0.814393,0.788667,2020,39,2020-09-20,2020-09-26,2019,2019-20,52,FALSE
Region 9,202040,202239,2022-10-07,104,681,80818,190,0.857704,0.842634,2020,40,2020-09-27,2020-10-03,2020,2020-21,1,FALSE
Region 9,202041,202239,2022-10-07,103,899,89434,201,1.0076,1.00521,2020,41,2020-10-04,2020-10-10,2020,2020-21,2,FALSE
Region 9,202042,202239,2022-10-07,102,856,92572,211,0.940977,0.924686,2020,42,2020-10-11,2020-10-17,2020,2020-21,3,FALSE
Region 9,202043,202239,2022-10-07,101,887,93050,211,0.967741,0.953251,2020,43,2020-10-18,2020-10-24,2020,2020-21,4,FALSE
Region 9,202044,202239,2022-10-07,100,951,91814,206,1.05508,1.03579,2020,44,2020-10-25,2020-10-31,2020,2020-21,5,FALSE
Region 9,202045,202239,2022-10-07,99,1218,96497,205,1.24925,1.26222,2020,45,2020-11-01,2020-11-07,2020,2020-21,6,FALSE
Region 9,202046,202239,2022-10-07,98,1209,82658,194,1.46208,1.46265,2020,46,2020-11-08,2020-11-14,2020,2020-21,7,FALSE
Region 9,202047,202239,2022-10-07,97,1473,100649,201,1.45981,1.4635,2020,47,2020-11-15,2020-11-21,2020,2020-21,8,FALSE
Region 9,202048,202239,2022-10-07,96,1475,82034,200,1.80415,1.79803,2020,48,2020-11-22,2020-11-28,2020,2020-21,9,FALSE
Region 9,202049,202239,2022-10-07,95,1710,101677,199,1.66901,1.6818,2020,49,2020-11-29,2020-12-05,2020,2020-21,10,FALSE
Region 9,202050,202239,2022-10-07,94,1676,95774,197,1.78295,1.74995,2020,50,2020-12-06,2020-12-12,2020,2020-21,11,FALSE
Region 9,202051,202239,2022-10-07,93,1632,89387,199,1.86113,1.82577,2020,51,2020-12-13,2020-12-19,2020,2020-21,12,FALSE
Region 9,202052,202239,2022-10-07,92,1417,69095,197,2.08478,2.0508,2020,52,2020-12-20,2020-12-26,2020,2020-21,13,FALSE
Region 9,202053,202239,2022-10-07,91,1463,73793,198,1.99666,1.98257,2020,53,2020-12-27,2021-01-02,2020,2020-21,14,FALSE
Region 9,202101,202239,2022-10-07,90,1484,87178,203,1.7246,1.70226,2021,1,2021-01-03,2021-01-09,2020,2020-21,15,FALSE
Region 9,202102,202239,2022-10-07,89,1273,84450,192,1.53234,1.5074,2021,2,2021-01-10,2021-01-16,2020,2020-21,16,FALSE
Region 9,202103,202239,2022-10-07,88,1045,83314,202,1.26584,1.25429,2021,3,2021-01-17,2021-01-23,2020,2020-21,17,FALSE
Region 9,202104,202239,2022-10-07,87,897,81996,200,1.10195,1.09396,2021,4,2021-01-24,2021-01-30,2020,2020-21,18,FALSE
Region 9,202105,202239,2022-10-07,86,815,79110,188,1.04357,1.03021,2021,5,2021-01-31,2021-02-06,2020,2020-21,19,FALSE
Region 9,202106,202239,2022-10-07,85,694,83585,200,0.847479,0.830293,2021,6,2021-02-07,2021-02-13,2020,2020-21,20,FALSE
Region 9,202107,202239,2022-10-07,84,567,78118,198,0.744968,0.725825,2021,7,2021-02-14,2021-02-20,2020,2020-21,21,FALSE
Region 9,202108,202239,2022-10-07,83,644,82823,193,0.79401,0.777562,2021,8,2021-02-21,2021-02-27,2020,2020-21,22,FALSE
Region 9,202109,202239,2022-10-07,82,644,85102,196,0.779476,0.756739,2021,9,2021-02-28,2021-03-06,2020,2020-21,23,FALSE
Region 9,202110,202239,2022-10-07,81,611,86431,197,0.714642,0.706922,2021,10,2021-03-07,2021-03-13,2020,2020-21,24,FALSE
Region 9,202111,202239,2022-10-07,80,613,84756,194,0.726729,0.723253,2021,11,2021-03-14,2021-03-20,2020,2020-21,25,FALSE
Region 9,202112,202239,2022-10-07,79,669,82361,186,0.821019,0.81227799999999994,2021,12,2021-03-21,2021-03-27,2020,2020-21,26,FALSE
Region 9,202113,202239,2022-10-07,78,647,80627,183,0.835056,0.802461,2021,13,2021-03-28,2021-04-03,2020,2020-21,27,FALSE
Region 9,202114,202239,2022-10-07,77,711,85983,186,0.836666,0.826908,2021,14,2021-04-04,2021-04-10,2020,2020-21,28,FALSE
Region 9,202115,202239,2022-10-07,76,762,91302,187,0.843582,0.834593,2021,15,2021-04-11,2021-04-17,2020,2020-21,29,FALSE
Region 9,202116,202239,2022-10-07,75,738,89475,183,0.842527,0.824811,2021,16,2021-04-18,2021-04-24,2020,2020-21,30,FALSE
Region 9,202117,202239,2022-10-07,74,795,88778,187,0.918646,0.895492,2021,17,2021-04-25,2021-05-01,2020,2020-21,31,FALSE
Region 9,202118,202239,2022-10-07,73,811,83989,174,0.976221,0.965603,2021,18,2021-05-02,2021-05-08,2020,2020-21,32,FALSE
Region 9,202119,202239,2022-10-07,72,914,83221,175,1.10913,1.09828,2021,19,2021-05-09,2021-05-15,2020,2020-21,33,FALSE
Region 9,202120,202239,2022-10-07,71,852,80517,170,1.06429,1.05816,2021,20,2021-05-16,2021-05-22,2020,2020-21,34,FALSE
Region 9,202121,202239,2022-10-07,70,860,80601,164,1.09357,1.06698,2021,21,2021-05-23,2021-05-29,2020,2020-21,35,FALSE
Region 9,202122,202239,2022-10-07,69,778,78465,173,1.01576,0.991525,2021,22,2021-05-30,2021-06-05,2020,2020-21,36,FALSE
Region 9,202123,202239,2022-10-07,68,886,84841,173,1.03761,1.04431,2021,23,2021-06-06,2021-06-12,2020,2020-21,37,FALSE
Region 9,202124,202239,2022-10-07,67,953,85086,169,1.07083,1.12004,2021,24,2021-06-13,2021-06-19,2020,2020-21,38,FALSE
Region 9,202125,202239,2022-10-07,66,928,86235,169,1.06801,1.07613,2021,25,2021-06-20,2021-06-26,2020,2020-21,39,FALSE
Region 9,202126,202239,2022-10-07,65,1056,87482,175,1.1925,1.20711,2021,26,2021-06-27,2021-07-03,2020,2020-21,40,FALSE
Region 9,202127,202239,2022-10-07,64,1080,86682,174,1.23823,1.24593,2021,27,2021-07-04,2021-07-10,2020,2020-21,41,FALSE
Region 9,202128,202239,2022-10-07,63,1333,89874,175,1.47595,1.48319,2021,28,2021-07-11,2021-07-17,2020,2020-21,42,FALSE
Region 9,202129,202239,2022-10-07,62,1378,90727,173,1.50914,1.51884,2021,29,2021-07-18,2021-07-24,2020,2020-21,43,FALSE
Region 9,202130,202239,2022-10-07,61,1633,92138,171,1.76106,1.77234,2021,30,2021-07-25,2021-07-31,2020,2020-21,44,FALSE
Region 9,202131,202239,2022-10-07,60,1916,92633,173,2.05527,2.06838,2021,31,2021-08-01,2021-08-07,2020,2020-21,45,FALSE
Region 9,202132,202239,2022-10-07,59,1938,93340,172,2.05847,2.07628,2021,32,2021-08-08,2021-08-14,2020,2020-21,46,FALSE
Region 9,202133,202239,2022-10-07,58,2171,91473,168,2.35525,2.37338,2021,33,2021-08-15,2021-08-21,2020,2020-21,47,FALSE
Region 9,202134,202239,2022-10-07,57,2135,92560,169,2.29195,2.30661,2021,34,2021-08-22,2021-08-28,2020,2020-21,48,FALSE
Region 9,202135,202239,2022-10-07,56,2398,92821,167,2.55035,2.58347,2021,35,2021-08-29,2021-09-04,2020,2020-21,49,FALSE
Region 9,202136,202239,2022-10-07,55,1982,88690,166,2.22677,2.23475,2021,36,2021-09-05,2021-09-11,2020,2020-21,50,FALSE
Region 9,202137,202239,2022-10-07,54,1880,92072,171,2.02219,2.04188,2021,37,2021-09-12,2021-09-18,2020,2020-21,51,FALSE
Region 9,202138,202239,2022-10-07,53,1671,90945,167,1.8221,1.83737,2021,38,2021-09-19,2021-09-25,2020,2020-21,52,FALSE
Region 9,202139,202239,2022-10-07,52,1597,95374,173,1.65536,1.67446,2021,39,2021-09-26,2021-10-02,2020,2020-21,53,FALSE
Region 9,202140,202339,2023-10-06,103,2453,150436,241,1.63127,1.63059,2021,40,2021-10-03,2021-10-09,2021,2021-22,1,FALSE
Region 9,202141,202339,2023-10-06,102,2230,138640,237,1.61269,1.60848,2021,41,2021-10-10,2021-10-16,2021,2021-22,2,FALSE
Region 9,202142,202339,2023-10-06,101,2476,145374,239,1.68193,1.70319,2021,42,2021-10-17,2021-10-23,2021,2021-22,3,FALSE
Region 9,202143,202339,2023-10-06,100,2531,146244,238,1.73031,1.73067,2021,43,2021-10-24,2021-10-30,2021,2021-22,4,FALSE
Region 9,202144,202339,2023-10-06,99,2525,145773,236,1.76528,1.73215,2021,44,2021-10-31,2021-11-06,2021,2021-22,5,FALSE
Region 9,202145,202339,2023-10-06,98,2672,146656,236,1.84548,1.82195,2021,45,2021-11-07,2021-11-13,2021,2021-22,6,FALSE
Region 9,202146,202339,2023-10-06,97,2626,149400,239,1.77459,1.7577,2021,46,2021-11-14,2021-11-20,2021,2021-22,7,FALSE
Region 9,202147,202339,2023-10-06,96,2652,125476,238,2.17179,2.11355,2021,47,2021-11-21,2021-11-27,2021,2021-22,8,FALSE
Region 9,202148,202339,2023-10-06,95,2971,149284,231,2.02042,1.99017,2021,48,2021-11-28,2021-12-04,2021,2021-22,9,FALSE
Region 9,202149,202339,2023-10-06,94,2863,141681,232,2.02569,2.02074,2021,49,2021-12-05,2021-12-11,2021,2021-22,10,FALSE
Region 9,202150,202339,2023-10-06,93,2932,137893,234,2.14886,2.12629,2021,50,2021-12-12,2021-12-18,2021,2021-22,11,FALSE
Region 9,202151,202339,2023-10-06,92,3890,128588,231,2.98521,3.02517,2021,51,2021-12-19,2021-12-25,2021,2021-22,12,FALSE
Region 9,202152,202339,2023-10-06,91,5915,140973,222,4.11992,4.19584,2021,52,2021-12-26,2022-01-01,2021,2021-22,13,FALSE
Region 9,202201,202339,2023-10-06,90,6552,160138,233,3.9962,4.09147,2022,1,2022-01-02,2022-01-08,2021,2021-22,14,FALSE
Region 9,202202,202339,2023-10-06,89,5174,153471,231,3.37349,3.37132,2022,2,2022-01-09,2022-01-15,2021,2021-22,15,FALSE
Region 9,202203,202339,2023-10-06,88,3325,136162,235,2.51907,2.4419400000000002,2022,3,2022-01-16,2022-01-22,2021,2021-22,16,FALSE
Region 9,202204,202339,2023-10-06,87,2465,138683,232,1.81418,1.77743,2022,4,2022-01-23,2022-01-29,2021,2021-22,17,FALSE
Region 9,202205,202339,2023-10-06,86,1903,133132,231,1.45452,1.42941,2022,5,2022-01-30,2022-02-05,2021,2021-22,18,FALSE
Region 9,202206,202339,2023-10-06,85,1644,136709,228,1.23474,1.20255,2022,6,2022-02-06,2022-02-12,2021,2021-22,19,FALSE
Region 9,202207,202339,2023-10-06,84,1493,135007,225,1.13656,1.10587,2022,7,2022-02-13,2022-02-19,2021,2021-22,20,FALSE
Region 9,202208,202339,2023-10-06,83,1401,130871,228,1.1151,1.07052,2022,8,2022-02-20,2022-02-26,2021,2021-22,21,FALSE
Region 9,202209,202339,2023-10-06,82,1559,139777,226,1.11933,1.11535,2022,9,2022-02-27,2022-03-05,2021,2021-22,22,FALSE
Region 9,202210,202339,2023-10-06,81,1593,141852,231,1.14111,1.123,2022,10,2022-03-06,2022-03-12,2021,2021-22,23,FALSE
Region 9,202211,202339,2023-10-06,80,1729,145200,229,1.19563,1.19077,2022,11,2022-03-13,2022-03-19,2021,2021-22,24,FALSE
Region 9,202212,202339,2023-10-06,79,1931,146452,233,1.31867,1.31852,2022,12,2022-03-20,2022-03-26,2021,2021-22,25,FALSE
Region 9,202213,202339,2023-10-06,78,1902,145059,232,1.29724,1.31119,2022,13,2022-03-27,2022-04-02,2021,2021-22,26,FALSE
Region 9,202214,202339,2023-10-06,77,1977,145715,229,1.36093,1.35676,2022,14,2022-04-03,2022-04-09,2021,2021-22,27,FALSE
Region 9,202215,202339,2023-10-06,76,2104,144504,232,1.43653,1.45602,2022,15,2022-04-10,2022-04-16,2021,2021-22,28,FALSE
Region 9,202216,202339,2023-10-06,75,2309,146305,233,1.54918,1.57821,2022,16,2022-04-17,2022-04-23,2021,2021-22,29,FALSE
Region 9,202217,202339,2023-10-06,74,2654,151920,229,1.72395,1.74697,2022,17,2022-04-24,2022-04-30,2021,2021-22,30,FALSE
Region 9,202218,202339,2023-10-06,73,2895,147897,221,1.92065,1.95744,2022,18,2022-05-01,2022-05-07,2021,2021-22,31,FALSE
Region 9,202219,202339,2023-10-06,72,3134,146853,217,2.117,2.13411,2022,19,2022-05-08,2022-05-14,2021,2021-22,32,FALSE
Region 9,202220,202339,2023-10-06,71,3625,149879,216,2.35247,2.41862,2022,20,2022-05-15,2022-05-21,2021,2021-22,33,FALSE
Region 9,202221,202339,2023-10-06,70,3593,149707,222,2.33207,2.40002,2022,21,2022-05-22,2022-05-28,2021,2021-22,34,FALSE
Region 9,202222,202339,2023-10-06,69,3629,142068,221,2.45295,2.55441,2022,22,2022-05-29,2022-06-04,2021,2021-22,35,FALSE
Region 9,202223,202339,2023-10-06,68,3158,141202,212,2.15372,2.23651,2022,23,2022-06-05,2022-06-11,2021,2021-22,36,FALSE
Region 9,202224,202339,2023-10-06,67,2906,138846,214,2.02826,2.09297,2022,24,2022-06-12,2022-06-18,2021,2021-22,37,FALSE
Region 9,202225,202339,2023-10-06,66,2824,142063,221,1.92974,1.98785,2022,25,2022-06-19,2022-06-25,2021,2021-22,38,FALSE
Region 9,202226,202339,2023-10-06,65,2658,144425,222,1.77844,1.8404,2022,26,2022-06-26,2022-07-02,2021,2021-22,39,FALSE
Region 9,202227,202339,2023-10-06,64,2589,138464,221,1.81232,1.8698,2022,27,2022-07-03,2022-07-09,2021,2021-22,40,FALSE
Region 9,202228,202339,2023-10-06,63,2480,143079,219,1.68272,1.73331,2022,28,2022-07-10,2022-07-16,2021,2021-22,41,FALSE
Region 9,202229,202339,2023-10-06,62,2340,142458,220,1.60213,1.64259,2022,29,2022-07-17,2022-07-23,2021,2021-22,42,FALSE
Region 9,202230,202339,2023-10-06,61,2108,138847,220,1.46219,1.51822,2022,30,2022-07-24,2022-07-30,2021,2021-22,43,FALSE
Region 9,202231,202339,2023-10-06,60,1923,139113,222,1.35676,1.38233,2022,31,2022-07-31,2022-08-06,2021,2021-22,44,FALSE
Region 9,202232,202339,2023-10-06,59,1801,139387,220,1.25313,1.29209,2022,32,2022-08-07,2022-08-13,2021,2021-22,45,FALSE
Region 9,202233,202339,2023-10-06,58,1928,141548,215,1.34992,1.36208,2022,33,2022-08-14,2022-08-20,2021,2021-22,46,FALSE
Region 9,202234,202339,2023-10-06,57,2265,146059,218,1.50029,1.55074,2022,34,2022-08-21,2022-08-27,2021,2021-22,47,FALSE
Region 9,202235,202339,2023-10-06,56,2606,148332,219,1.6653,1.75687,2022,35,2022-08-28,2022-09-03,2021,2021-22,48,FALSE
Region 9,202236,202339,2023-10-06,55,2548,145271,214,1.64541,1.75396,2022,36,2022-09-04,2022-09-10,2021,2021-22,49,FALSE
Region 9,202237,202339,2023-10-06,54,2560,150905,225,1.57743,1.69643,2022,37,2022-09-11,2022-09-17,2021,2021-22,50,FALSE
Region 9,202238,202339,2023-10-06,53,2763,150917,224,1.70376,1.83081,2022,38,2022-09-18,2022-09-24,2021,2021-22,51,FALSE
Region 9,202239,202339,2023-10-06,52,2939,157171,239,1.78759,1.86994,2022,39,2022-09-25,2022-10-01,2021,2021-22,52,FALSE
Region 9,202240,202439,2024-10-04,103,8852,363230,346,2.23194,2.43702,2022,40,2022-10-02,2022-10-08,2022,2022-23,1,TRUE
Region 9,202241,202439,2024-10-04,102,9510,366598,349,2.40634,2.59412,2022,41,2022-10-09,2022-10-15,2022,2022-23,2,TRUE
Region 9,202242,202439,2024-10-04,101,10655,371855,346,2.68133,2.86536,2022,42,2022-10-16,2022-10-22,2022,2022-23,3,TRUE
Region 9,202243,202439,2024-10-04,100,13181,373003,346,3.29105,3.53375,2022,43,2022-10-23,2022-10-29,2022,2022-23,4,TRUE
Region 9,202244,202439,2024-10-04,99,15729,373778,349,4.05298,4.20811,2022,44,2022-10-30,2022-11-05,2022,2022-23,5,TRUE
Region 9,202245,202439,2024-10-04,98,18899,373620,350,4.94527,5.05835,2022,45,2022-11-06,2022-11-12,2022,2022-23,6,TRUE
Region 9,202246,202439,2024-10-04,97,23084,391498,347,5.86756,5.89633,2022,46,2022-11-13,2022-11-19,2022,2022-23,7,TRUE
Region 9,202247,202439,2024-10-04,96,25524,320284,344,7.88031,7.96918,2022,47,2022-11-20,2022-11-26,2022,2022-23,8,TRUE
Region 9,202248,202439,2024-10-04,95,29605,402392,342,7.3893,7.35725,2022,48,2022-11-27,2022-12-03,2022,2022-23,9,TRUE
Region 9,202249,202439,2024-10-04,94,24768,378832,333,6.59329,6.53799,2022,49,2022-12-04,2022-12-10,2022,2022-23,10,TRUE
Region 9,202250,202439,2024-10-04,93,21572,366664,340,5.86015,5.88332,2022,50,2022-12-11,2022-12-17,2022,2022-23,11,TRUE
Region 9,202251,202439,2024-10-04,92,19913,334311,329,5.87892,5.95643,2022,51,2022-12-18,2022-12-24,2022,2022-23,12,TRUE
Region 9,202252,202439,2024-10-04,91,17765,299237,338,5.83493,5.93677,2022,52,2022-12-25,2022-12-31,2022,2022-23,13,TRUE
Region 9,202301,202439,2024-10-04,90,15152,315472,340,4.6917,4.80296,2023,1,2023-01-01,2023-01-07,2022,2022-23,14,TRUE
Region 9,202302,202439,2024-10-04,89,12649,359541,342,3.36091,3.5181,2023,2,2023-01-08,2023-01-14,2022,2022-23,15,TRUE
Region 9,202303,202439,2024-10-04,88,10089,332518,342,2.87076,3.03412,2023,3,2023-01-15,2023-01-21,2022,2022-23,16,TRUE
Region 9,202304,202439,2024-10-04,87,10901,366540,340,2.82572,2.97403,2023,4,2023-01-22,2023-01-28,2022,2022-23,17,TRUE
Region 9,202305,202439,2024-10-04,86,11685,373110,344,3.01083,3.13178,2023,5,2023-01-29,2023-02-04,2022,2022-23,18,TRUE
Region 9,202306,202439,2024-10-04,85,12200,374588,342,3.11992,3.25691,2023,6,2023-02-05,2023-02-11,2022,2022-23,19,TRUE
Region 9,202307,202439,2024-10-04,84,11935,367302,333,3.14064,3.24937,2023,7,2023-02-12,2023-02-18,2022,2022-23,20,TRUE
Region 9,202308,202439,2024-10-04,83,11485,329211,340,3.39043,3.48864,2023,8,2023-02-19,2023-02-25,2022,2022-23,21,TRUE
Region 9,202309,202439,2024-10-04,82,11581,365657,329,3.07104,3.16718,2023,9,2023-02-26,2023-03-04,2022,2022-23,22,TRUE
Region 9,202310,202439,2024-10-04,81,11262,364245,331,2.97748,3.09187,2023,10,2023-03-05,2023-03-11,2022,2022-23,23,TRUE
Region 9,202311,202439,2024-10-04,80,10723,357032,324,2.90336,3.00337,2023,11,2023-03-12,2023-03-18,2022,2022-23,24,TRUE
Region 9,202312,202439,2024-10-04,79,10765,368317,329,2.812,2.92275,2023,12,2023-03-19,2023-03-25,2022,2022-23,25,TRUE
Region 9,202313,202439,2024-10-04,78,10580,348578,329,2.90984,3.03519,2023,13,2023-03-26,2023-04-01,2022,2022-23,26,TRUE
Region 9,202314,202439,2024-10-04,77,9823,341975,326,2.73891,2.87243,2023,14,2023-04-02,2023-04-08,2022,2022-23,27,TRUE
Region 9,202315,202439,2024-10-04,76,9675,351078,326,2.64486,2.7558,2023,15,2023-04-09,2023-04-15,2022,2022-23,28,TRUE
Region 9,202316,202439,2024-10-04,75,9263,353181,327,2.51097,2.62273,2023,16,2023-04-16,2023-04-22,2022,2022-23,29,TRUE
Region 9,202317,202439,2024-10-04,74,8843,360790,325,2.34873,2.45101,2023,17,2023-04-23,2023-04-29,2022,2022-23,30,TRUE
Region 9,202318,202439,2024-10-04,73,9208,355988,323,2.47768,2.5866,2023,18,2023-04-30,2023-05-06,2022,2022-23,31,TRUE
Region 9,202319,202439,2024-10-04,72,9362,359957,320,2.48833,2.60087,2023,19,2023-05-07,2023-05-13,2022,2022-23,32,TRUE
Region 9,202320,202439,2024-10-04,71,9285,360074,321,2.45791,2.57864,2023,20,2023-05-14,2023-05-20,2022,2022-23,33,TRUE
Region 9,202321,202439,2024-10-04,70,9247,354032,317,2.50694,2.61191,2023,21,2023-05-21,2023-05-27,2022,2022-23,34,TRUE
Region 9,202322,202439,2024-10-04,69,8655,313286,317,2.62778,2.76265,2023,22,2023-05-28,2023-06-03,2022,2022-23,35,TRUE
Region 9,202323,202439,2024-10-04,68,8665,334767,308,2.46332,2.58837,2023,23,2023-06-04,2023-06-10,2022,2022-23,36,TRUE
Region 9,202324,202439,2024-10-04,67,8022,323660,312,2.33125,2.47853,2023,24,2023-06-11,2023-06-17,2022,2022-23,37,TRUE
Region 9,202325,202439,2024-10-04,66,7532,331920,314,2.16856,2.26922,2023,25,2023-06-18,2023-06-24,2022,2022-23,38,TRUE
Region 9,202326,202439,2024-10-04,65,7083,327419,306,2.05263,2.16328,2023,26,2023-06-25,2023-07-01,2022,2022-23,39,TRUE
Region 9,202327,202439,2024-10-04,64,6262,292299,313,2.00877,2.14233,2023,27,2023-07-02,2023-07-08,2022,2022-23,40,TRUE
Region 9,202328,202439,2024-10-04,63,5730,309908,287,1.67544,1.84894,2023,28,2023-07-09,2023-07-15,2022,2022-23,41,TRUE
Region 9,202329,202439,2024-10-04,62,5555,318962,301,1.57741,1.74159,2023,29,2023-07-16,2023-07-22,2022,2022-23,42,TRUE
Region 9,202330,202439,2024-10-04,61,5444,317469,301,1.56236,1.71481,2023,30,2023-07-23,2023-07-29,2022,2022-23,43,TRUE
Region 9,202331,202439,2024-10-04,60,5453,313762,301,1.58377,1.73794,2023,31,2023-07-30,2023-08-05,2022,2022-23,44,TRUE
Region 9,202332,202439,2024-10-04,59,5706,317319,303,1.6486,1.79819,2023,32,2023-08-06,2023-08-12,2022,2022-23,45,TRUE
Region 9,202333,202439,2024-10-04,58,6044,325578,301,1.70803,1.85639,2023,33,2023-08-13,2023-08-19,2022,2022-23,46,TRUE
Region 9,202334,202439,2024-10-04,57,6733,329150,294,1.84477,2.04557,2023,34,2023-08-20,2023-08-26,2022,2022-23,47,TRUE
Region 9,202335,202439,2024-10-04,56,7596,345805,291,1.98059,2.19661,2023,35,2023-08-27,2023-09-02,2022,2022-23,48,TRUE
Region 9,202336,202439,2024-10-04,55,7412,315300,300,2.15095,2.35078,2023,36,2023-09-03,2023-09-09,2022,2022-23,49,TRUE
Region 9,202337,202439,2024-10-04,54,7899,351292,304,2.05566,2.24856,2023,37,2023-09-10,2023-09-16,2022,2022-23,50,TRUE
Region 9,202338,202439,2024-10-04,53,7838,343604,301,2.09099,2.28111,2023,38,2023-09-17,2023-09-23,2022,2022-23,51,TRUE
Region 9,202339,202439,2024-10-04,52,7937,349693,297,2.12001,2.26971,2023,39,2023-09-24,2023-09-30,2022,2022-23,52,TRUE
Region 9,202340,202538,2025-09-26,102,10136,397478,442,2.62172,2.55008,2023,40,2023-10-01,2023-10-07,2023,2023-24,1,TRUE
Region 9,202341,202538,2025-09-26,101,10629,427805,447,2.52341,2.48454,2023,41,2023-10-08,2023-10-14,2023,2023-24,2,TRUE
Region 9,202342,202538,2025-09-26,100,12389,435581,445,2.93461,2.84425,2023,42,2023-10-15,2023-10-21,2023,2023-24,3,TRUE
Region 9,202343,202538,2025-09-26,99,13096,435336,446,3.09656,3.00825,2023,43,2023-10-22,2023-10-28,2023,2023-24,4,TRUE
Region 9,202344,202538,2025-09-26,98,14457,428208,444,3.51746,3.37616,2023,44,2023-10-29,2023-11-04,2023,2023-24,5,TRUE
Region 9,202345,202538,2025-09-26,97,16408,436335,445,3.89738,3.76041,2023,45,2023-11-05,2023-11-11,2023,2023-24,6,TRUE
Region 9,202346,202538,2025-09-26,96,18067,444777,443,4.25427,4.06204,2023,46,2023-11-12,2023-11-18,2023,2023-24,7,TRUE
Region 9,202347,202538,2025-09-26,95,15980,363450,444,4.69938,4.39675,2023,47,2023-11-19,2023-11-25,2023,2023-24,8,TRUE
Region 9,202348,202538,2025-09-26,94,21189,448519,441,5.01149,4.72421,2023,48,2023-11-26,2023-12-02,2023,2023-24,9,TRUE
Region 9,202349,202538,2025-09-26,93,22735,450639,440,5.31193,5.04506,2023,49,2023-12-03,2023-12-09,2023,2023-24,10,TRUE
Region 9,202350,202538,2025-09-26,92,25895,454643,440,5.9419,5.69568,2023,50,2023-12-10,2023-12-16,2023,2023-24,11,TRUE
Region 9,202351,202538,2025-09-26,91,29922,451771,439,6.91469,6.62327,2023,51,2023-12-17,2023-12-23,2023,2023-24,12,TRUE
Region 9,202352,202538,2025-09-26,90,26712,383288,438,7.2942,6.96917,2023,52,2023-12-24,2023-12-30,2023,2023-24,13,TRUE
Region 9,202401,202538,2025-09-26,89,24647,403035,441,6.45933,6.11535,2024,1,2023-12-31,2024-01-06,2023,2023-24,14,TRUE
Region 9,202402,202538,2025-09-26,88,22349,457063,442,5.11634,4.8897,2024,2,2024-01-07,2024-01-13,2023,2023-24,15,TRUE
Region 9,202403,202538,2025-09-26,87,19663,424740,443,4.79002,4.62942,2024,3,2024-01-14,2024-01-20,2023,2023-24,16,TRUE
Region 9,202404,202538,2025-09-26,86,18657,459005,441,4.18361,4.06466,2024,4,2024-01-21,2024-01-27,2023,2023-24,17,TRUE
Region 9,202405,202538,2025-09-26,85,17687,455701,443,4.01485,3.88127,2024,5,2024-01-28,2024-02-03,2023,2023-24,18,TRUE
Region 9,202406,202538,2025-09-26,84,16168,440151,445,3.79577,3.67328,2024,6,2024-02-04,2024-02-10,2023,2023-24,19,TRUE
Region 9,202407,202538,2025-09-26,83,16987,442945,441,3.98225,3.83501,2024,7,2024-02-11,2024-02-17,2023,2023-24,20,TRUE
Region 9,202408,202538,2025-09-26,82,16544,409905,440,4.17673,4.03606,2024,8,2024-02-18,2024-02-24,2023,2023-24,21,TRUE
Region 9,202409,202538,2025-09-26,81,16509,455309,443,3.79371,3.62589,2024,9,2024-02-25,2024-03-02,2023,2023-24,22,TRUE
Region 9,202410,202538,2025-09-26,80,15338,448845,443,3.60364,3.41722,2024,10,2024-03-03,2024-03-09,2023,2023-24,23,TRUE
Region 9,202411,202538,2025-09-26,79,15334,447254,444,3.59826,3.42848,2024,11,2024-03-10,2024-03-16,2023,2023-24,24,TRUE
Region 9,202412,202538,2025-09-26,78,14964,449714,442,3.51308,3.32745,2024,12,2024-03-17,2024-03-23,2023,2023-24,25,TRUE
Region 9,202413,202538,2025-09-26,77,13834,430191,442,3.38846,3.21578,2024,13,2024-03-24,2024-03-30,2023,2023-24,26,TRUE
Region 9,202414,202538,2025-09-26,76,13338,418064,436,3.38556,3.19042,2024,14,2024-03-31,2024-04-06,2023,2023-24,27,TRUE
Region 9,202415,202538,2025-09-26,75,13604,434414,438,3.28387,3.13157,2024,15,2024-04-07,2024-04-13,2023,2023-24,28,TRUE
Region 9,202416,202538,2025-09-26,74,12541,440076,427,2.98916,2.84974,2024,16,2024-04-14,2024-04-20,2023,2023-24,29,TRUE
Region 9,202417,202538,2025-09-26,73,13257,440076,429,3.1129,3.01243,2024,17,2024-04-21,2024-04-27,2023,2023-24,30,TRUE
Region 9,202418,202538,2025-09-26,72,12849,441478,424,3.01636,2.91045,2024,18,2024-04-28,2024-05-04,2023,2023-24,31,TRUE
Region 9,202419,202538,2025-09-26,71,12862,442560,421,3.00604,2.90627,2024,19,2024-05-05,2024-05-11,2023,2023-24,32,TRUE
Region 9,202420,202538,2025-09-26,70,13038,444572,420,3.03782,2.93271,2024,20,2024-05-12,2024-05-18,2023,2023-24,33,TRUE
Region 9,202421,202538,2025-09-26,69,12688,439010,413,2.99616,2.89014,2024,21,2024-05-19,2024-05-25,2023,2023-24,34,TRUE
Region 9,202422,202538,2025-09-26,68,11996,398986,413,3.12571,3.00662,2024,22,2024-05-26,2024-06-01,2023,2023-24,35,TRUE
Region 9,202423,202538,2025-09-26,67,11270,429885,411,2.69765,2.62163,2024,23,2024-06-02,2024-06-08,2023,2023-24,36,TRUE
Region 9,202424,202538,2025-09-26,66,10231,414896,411,2.53316,2.46592,2024,24,2024-06-09,2024-06-15,2023,2023-24,37,TRUE
Region 9,202425,202538,2025-09-26,65,9807,413302,409,2.42099,2.37284,2024,25,2024-06-16,2024-06-22,2023,2023-24,38,TRUE
Region 9,202426,202538,2025-09-26,64,9192,419439,413,2.24094,2.1915,2024,26,2024-06-23,2024-06-29,2023,2023-24,39,TRUE
Region 9,202427,202538,2025-09-26,63,7806,376163,412,2.15596,2.07516,2024,27,2024-06-30,2024-07-06,2023,2023-24,40,TRUE
Region 9,202428,202538,2025-09-26,62,8129,423177,412,1.96208,1.92095,2024,28,2024-07-07,2024-07-13,2023,2023-24,41,TRUE
Region 9,202429,202538,2025-09-26,61,7586,413996,410,1.87254,1.83238,2024,29,2024-07-14,2024-07-20,2023,2023-24,42,TRUE
Region 9,202430,202538,2025-09-26,60,7285,398335,407,1.85609,1.82886,2024,30,2024-07-21,2024-07-27,2023,2023-24,43,TRUE
Region 9,202431,202538,2025-09-26,59,7139,407534,406,1.80758,1.75176,2024,31,2024-07-28,2024-08-03,2023,2023-24,44,TRUE
Region 9,202432,202538,2025-09-26,58,7091,408606,409,1.78876,1.73541,2024,32,2024-08-04,2024-08-10,2023,2023-24,45,TRUE
Region 9,202433,202538,2025-09-26,57,7319,406186,407,1.81129,1.80188,2024,33,2024-08-11,2024-08-17,2023,2023-24,46,TRUE
Region 9,202434,202538,2025-09-26,56,8047,412296,406,1.95407,1.95175,2024,34,2024-08-18,2024-08-24,2023,2023-24,47,TRUE
Region 9,202435,202538,2025-09-26,55,8572,412424,406,2.08305,2.07844,2024,35,2024-08-25,2024-08-31,2023,2023-24,48,TRUE
Region 9,202436,202538,2025-09-26,54,8353,391094,407,2.16103,2.1358,2024,36,2024-09-01,2024-09-07,2023,2023-24,49,TRUE
Region 9,202437,202538,2025-09-26,53,8632,429589,407,2.03096,2.00936,2024,37,2024-09-08,2024-09-14,2023,2023-24,50,TRUE
Region 9,202438,202538,2025-09-26,52,8151,419706,410,1.96498,1.94207,2024,38,2024-09-15,2024-09-21,2023,2023-24,51,TRUE
Region 9,202439,202538,2025-09-26,51,8381,420410,407,2.0406,1.99353,2024,39,2024-09-22,2024-09-28,2023,2023-24,52,TRUE
Region 9,202440,202638,2026-10-02,103,8832,452794,437,1.99442,1.95056,2024,40,2024-09-29,2024-10-05,2024,2024-25,1,TRUE
Region 9,202441,202638,2026-10-02,102,8970,444881,436,2.06282,2.01627,2024,41,2024-10-06,2024-10-12,2024,2024-25,2,TRUE
Region 9,202442,202638,2026-10-02,101,9101,444648,436,2.0996,2.04679,2024,42,2024-10-13,2024-10-19,2024,2024-25,3,TRUE
Region 9,202443,202638,2026-10-02,100,10059,446813,436,2.32012,2.25128,2024,43,2024-10-20,2024-10-26,2024,2024-25,4,TRUE
Region 9,202444,202638,2026-10-02,99,10864,442525,434,2.52491,2.455,2024,44,2024-10-27,2024-11-02,2024,2024-25,5,TRUE
Region 9,202445,202638,2026-10-02,98,12550,441429,431,2.91652,2.84304,2024,45,2024-11-03,2024-11-09,2024,2024-25,6,TRUE
Region 9,202446,202638,2026-10-02,97,13827,439612,432,3.20617,3.14527,2024,46,2024-11-10,2024-11-16,2024,2024-25,7,TRUE
Region 9,202447,202638,2026-10-02,96,15741,455955,431,3.55377,3.45231,2024,47,2024-11-17,2024-11-23,2024,2024-25,8,TRUE
Region 9,202448,202638,2026-10-02,95,15621,373745,431,4.27233,4.17959,2024,48,2024-11-24,2024-11-30,2024,2024-25,9,TRUE
Region 9,202449,202638,2026-10-02,94,20061,459580,431,4.5385,4.36507,2024,49,2024-12-01,2024-12-07,2024,2024-25,10,TRUE
Region 9,202450,202638,2026-10-02,93,21738,450299,430,5.01736,4.82746,2024,50,2024-12-08,2024-12-14,2024,2024-25,11,TRUE
Region 9,202451,202638,2026-10-02,92,27974,461113,428,6.33928,6.06663,2024,51,2024-12-15,2024-12-21,2024,2024-25,12,TRUE
Region 9,202452,202638,2026-10-02,91,32019,386267,428,8.64684,8.28934,2024,52,2024-12-22,2024-12-28,2024,2024-25,13,TRUE
Region 9,202501,202638,2026-10-02,90,31604,410533,430,8.043,7.69828,2025,1,2024-12-29,2025-01-04,2024,2024-25,14,TRUE
Region 9,202502,202638,2026-10-02,89,29592,478249,432,6.44263,6.18757,2025,2,2025-01-05,2025-01-11,2024,2024-25,15,TRUE
Region 9,202503,202638,2026-10-02,88,26940,474510,429,5.90631,5.67744,2025,3,2025-01-12,2025-01-18,2024,2024-25,16,TRUE
Region 9,202504,202638,2026-10-02,87,27981,442287,430,6.62999,6.32644,2025,4,2025-01-19,2025-01-25,2024,2024-25,17,TRUE
Region 9,202505,202638,2026-10-02,86,29770,476208,430,6.58255,6.25147,2025,5,2025-01-26,2025-02-01,2024,2024-25,18,TRUE
Region 9,202506,202638,2026-10-02,85,29218,480228,432,6.39601,6.08419,2025,6,2025-02-02,2025-02-08,2024,2024-25,19,TRUE
Region 9,202507,202638,2026-10-02,84,24664,463837,432,5.54873,5.31739,2025,7,2025-02-09,2025-02-15,2024,2024-25,20,TRUE
Region 9,202508,202638,2026-10-02,83,22397,435314,429,5.3519,5.14502,2025,8,2025-02-16,2025-02-22,2024,2024-25,21,TRUE
Region 9,202509,202638,2026-10-02,82,20628,475679,429,4.4461,4.33654,2025,9,2025-02-23,2025-03-01,2024,2024-25,22,TRUE
Region 9,202510,202638,2026-10-02,81,17692,459686,432,3.92856,3.84871,2025,10,2025-03-02,2025-03-08,2024,2024-25,23,TRUE
Region 9,202511,202638,2026-10-02,80,16808,443648,427,3.85616,3.78859,2025,11,2025-03-09,2025-03-15,2024,2024-25,24,TRUE
Region 9,202512,202638,2026-10-02,79,15751,444232,426,3.62764,3.54567,2025,12,2025-03-16,2025-03-22,2024,2024-25,25,TRUE
Region 9,202513,202638,2026-10-02,78,14714,441009,426,3.4065,3.33644,2025,13,2025-03-23,2025-03-29,2024,2024-25,26,TRUE
Region 9,202514,202638,2026-10-02,77,13324,426594,426,3.21328,3.12334,2025,14,2025-03-30,2025-04-05,2024,2024-25,27,TRUE
Region 9,202515,202638,2026-10-02,76,13462,440370,426,3.13949,3.05697,2025,15,2025-04-06,2025-04-12,2024,2024-25,28,TRUE
Region 9,202516,202638,2026-10-02,75,12185,432352,422,2.87819,2.81831,2025,16,2025-04-13,2025-04-19,2024,2024-25,29,TRUE
Region 9,202517,202638,2026-10-02,74,12182,431816,420,2.88462,2.82111,2025,17,2025-04-20,2025-04-26,2024,2024-25,30,TRUE
Region 9,202518,202638,2026-10-02,73,11890,434788,413,2.77383,2.73467,2025,18,2025-04-27,2025-05-03,2024,2024-25,31,TRUE
Region 9,202519,202638,2026-10-02,72,11782,433790,411,2.76179,2.71606,2025,19,2025-05-04,2025-05-10,2024,2024-25,32,TRUE
Region 9,202520,202638,2026-10-02,71,11336,431199,412,2.64597,2.62895,2025,20,2025-05-11,2025-05-17,2024,2024-25,33,TRUE
Region 9,202521,202638,2026-10-02,70,10934,427422,409,2.57537,2.55813,2025,21,2025-05-18,2025-05-24,2024,2024-25,34,TRUE
Region 9,202522,202638,2026-10-02,69,10049,387280,410,2.62896,2.59476,2025,22,2025-05-25,2025-05-31,2024,2024-25,35,TRUE
Region 9,202523,202638,2026-10-02,68,9667,414601,409,2.33399,2.33164,2025,23,2025-06-01,2025-06-07,2024,2024-25,36,TRUE
Region 9,202524,202638,2026-10-02,67,8560,395600,409,2.16926,2.1638,2025,24,2025-06-08,2025-06-14,2024,2024-25,37,TRUE
Region 9,202525,202638,2026-10-02,66,7948,395593,411,2.03626,2.00914,2025,25,2025-06-15,2025-06-21,2024,2024-25,38,TRUE
Region 9,202526,202638,2026-10-02,65,7456,398251,408,1.86955,1.87219,2025,26,2025-06-22,2025-06-28,2024,2024-25,39,TRUE
Region 9,202527,202638,2026-10-02,64,6488,366932,411,1.7696,1.76818,2025,27,2025-06-29,2025-07-05,2024,2024-25,40,TRUE
Region 9,202528,202638,2026-10-02,63,6760,406031,409,1.65744,1.6649,2025,28,2025-07-06,2025-07-12,2024,2024-25,41,TRUE
Region 9,202529,202638,2026-10-02,62,6602,403448,408,1.62221,1.63639,2025,29,2025-07-13,2025-07-19,2024,2024-25,42,TRUE
Region 9,202530,202638,2026-10-02,61,6090,394318,405,1.52101,1.54444,2025,30,2025-07-20,2025-07-26,2024,2024-25,43,TRUE
Region 9,202531,202638,2026-10-02,60,6354,391896,405,1.59834,1.62135,2025,31,2025-07-27,2025-08-02,2024,2024-25,44,TRUE
Region 9,202532,202638,2026-10-02,59,6808,389760,403,1.7263,1.74672,2025,32,2025-08-03,2025-08-09,2024,2024-25,45,TRUE
Region 9,202533,202638,2026-10-02,58,7399,403938,405,1.79353,1.83172,2025,33,2025-08-10,2025-08-16,2024,2024-25,46,TRUE
Region 9,202534,202638,2026-10-02,57,7918,406793,405,1.89804,1.94644,2025,34,2025-08-17,2025-08-23,2024,2024-25,47,TRUE
Region 9,202535,202638,2026-10-02,56,8643,409159,405,2.07792,2.11238,2025,35,2025-08-24,2025-08-30,2024,2024-25,48,TRUE
Region 9,202536,202638,2026-10-02,55,8286,371227,401,2.21147,2.23206,2025,36,2025-08-31,2025-09-06,2024,2024-25,49,TRUE
Region 9,202537,202638,2026-10-02,54,8530,408760,401,2.08559,2.0868,2025,37,2025-09-07,2025-09-13,2024,2024-25,50,TRUE
Region 9,202538,202638,2026-10-02,53,8226,409936,403,2.00848,2.00665,2025,38,2025-09-14,2025-09-20,2024,2024-25,51,TRUE
Region 9,202539,202638,2026-10-02,52,8193,409146,405,2.02152,2.00246,2025,39,2025-09-21,2025-09-27,2024,2024-25,52,TRUE
Region 9,202540,202638,2026-10-02,51,8249,427246,419,1.9602,1.93074,2025,40,2025-09-28,2025-10-04,2025,2025-26,1,TRUE
Region 9,202541,202638,2026-10-02,50,8604,414158,421,2.12483,2.07747,2025,41,2025-10-05,2025-10-11,2025,2025-26,2,TRUE
Region 9,202542,202638,2026-10-02,49,8437,401763,420,2.18882,2.09999,2025,42,2025-10-12,2025-10-18,2025,2025-26,3,TRUE
Region 9,202543,202638,2026-10-02,48,9343,411571,420,2.35545,2.27008,2025,43,2025-10-19,2025-10-25,2025,2025-26,4,TRUE
Region 9,202544,202638,2026-10-02,47,9912,408618,417,2.50528,2.42574,2025,44,2025-10-26,2025-11-01,2025,2025-26,5,TRUE
Region 9,202545,202638,2026-10-02,46,11078,417097,418,2.73988,2.65598,2025,45,2025-11-02,2025-11-08,2025,2025-26,6,TRUE
Region 9,202546,202638,2026-10-02,45,11031,407442,416,2.79704,2.70738,2025,46,2025-11-09,2025-11-15,2025,2025-26,7,TRUE
Region 9,202547,202638,2026-10-02,44,11320,406012,415,2.88469,2.78809,2025,47,2025-11-16,2025-11-22,2025,2025-26,8,TRUE
Region 9,202548,202638,2026-10-02,43,10877,340322,414,3.35255,3.19609,2025,48,2025-11-23,2025-11-29,2025,2025-26,9,TRUE
Region 9,202549,202638,2026-10-02,42,14453,416007,417,3.62252,3.47422,2025,49,2025-11-30,2025-12-06,2025,2025-26,10,TRUE
Region 9,202550,202638,2026-10-02,41,15462,416366,416,3.85452,3.71356,2025,50,2025-12-07,2025-12-13,2025,2025-26,11,TRUE
Region 9,202551,202638,2026-10-02,40,18353,416183,417,4.55021,4.40984,2025,51,2025-12-14,2025-12-20,2025,2025-26,12,TRUE
Region 9,202552,202638,2026-10-02,39,18831,337740,417,5.69449,5.57559,2025,52,2025-12-21,2025-12-27,2025,2025-26,13,TRUE
Region 9,202553,202638,2026-10-02,38,20015,357089,420,5.81486,5.60505,2025,53,2025-12-28,2026-01-03,2025,2025-26,14,TRUE
Region 9,202601,202638,2026-10-02,37,20218,436441,419,4.82107,4.63247,2026,1,2026-01-04,2026-01-10,2025,2025-26,15,TRUE
Region 9,202602,202638,2026-10-02,36,18132,428494,415,4.35642,4.23156,2026,2,2026-01-11,2026-01-17,2025,2025-26,16,TRUE
Region 9,202603,202638,2026-10-02,35,18746,401663,415,4.90693,4.6671,2026,3,2026-01-18,2026-01-24,2025,2025-26,17,TRUE
Region 9,202604,202638,2026-10-02,34,20044,429726,417,4.87129,4.66437,2026,4,2026-01-25,2026-01-31,2025,2025-26,18,TRUE
Region 9,202605,202638,2026-10-02,33,22819,436996,416,5.43333,5.22179,2026,5,2026-02-01,2026-02-07,2025,2025-26,19,TRUE
Region 9,202606,202638,2026-10-02,32,21689,428021,416,5.25498,5.06727,2026,6,2026-02-08,2026-02-14,2025,2025-26,20,TRUE
Region 9,202607,202638,2026-10-02,31,18607,378998,415,5.09177,4.90952,2026,7,2026-02-15,2026-02-21,2025,2025-26,21,TRUE
Region 9,202608,202638,2026-10-02,30,19137,435457,415,4.57611,4.39469,2026,8,2026-02-22,2026-02-28,2025,2025-26,22,TRUE
Region 9,202609,202638,2026-10-02,29,17070,430803,417,4.0883,3.96237,2026,9,2026-03-01,2026-03-07,2025,2025-26,23,TRUE
Region 9,202610,202638,2026-10-02,28,15534,422642,415,3.78986,3.67545,2026,10,2026-03-08,2026-03-14,2025,2025-26,24,TRUE
Region 9,202611,202638,2026-10-02,27,14190,416054,415,3.50892,3.41061,2026,11,2026-03-15,2026-03-21,2025,2025-26,25,TRUE
Region 9,202612,202638,2026-10-02,26,13078,413480,412,3.23509,3.16291,2026,12,2026-03-22,2026-03-28,2025,2025-26,26,TRUE
Region 9,202613,202638,2026-10-02,25,11726,402758,413,2.98388,2.91143,2026,13,2026-03-29,2026-04-04,2025,2025-26,27,TRUE
Region 9,202614,202638,2026-10-02,24,11388,400619,415,2.89142,2.8426,2026,14,2026-04-05,2026-04-11,2025,2025-26,28,TRUE
Region 9,202615,202638,2026-10-02,23,11189,409261,415,2.73705,2.73395,2026,15,2026-04-12,2026-04-18,2025,2025-26,29,TRUE
Region 9,202616,202638,2026-10-02,22,11319,412803,413,2.745,2.74199,2026,16,2026-04-19,2026-04-25,2025,2025-26,30,TRUE
Region 9,202617,202638,2026-10-02,21,11064,410339,414,2.70698,2.69631,2026,17,2026-04-26,2026-05-02,2025,2025-26,31,TRUE
Region 9,202618,202638,2026-10-02,20,10863,409542,414,2.67844,2.65248,2026,18,2026-05-03,2026-05-09,2025,2025-26,32,TRUE
Region 9,202619,202638,2026-10-02,19,10796,409492,412,2.65975,2.63644,2026,19,2026-05-10,2026-05-16,2025,2025-26,33,TRUE
Region 9,202620,202638,2026-10-02,18,9888,404278,409,2.48556,2.44584,2026,20,2026-05-17,2026-05-23,2025,2025-26,34,TRUE
Region 9,202621,202638,2026-10-02,17,9316,364756,398,2.61848,2.55404,2026,21,2026-05-24,2026-05-30,2025,2025-26,35,TRUE
Region 9,202622,202638,2026-10-02,16,8960,393261,399,2.32607,2.27839,2026,22,2026-05-31,2026-06-06,2025,2025-26,36,TRUE
Region 9,202623,202638,2026-10-02,15,7876,380807,396,2.12983,2.06824,2026,23,2026-06-07,2026-06-13,2025,2025-26,37,TRUE
Region 9,202624,202638,2026-10-02,14,6964,382668,399,1.86724,1.81985,2026,24,2026-06-14,2026-06-20,2025,2025-26,38,TRUE
Region 9,202625,202638,2026-10-02,13,6475,380739,396,1.74888,1.70064,2026,25,2026-06-21,2026-06-27,2025,2025-26,39,TRUE
Region 9,202626,202638,2026-10-02,12,5939,350827,389,1.74792,1.69286,2026,26,2026-06-28,2026-07-04,2025,2025-26,40,TRUE
Region 9,202627,202638,2026-10-02,11,6218,387136,398,1.63435,1.60615,2026,27,2026-07-05,2026-07-11,2025,2025-26,41,TRUE
Region 9,202628,202638,2026-10-02,10,5560,384774,397,1.47029,1.445,2026,28,2026-07-12,2026-07-18,2025,2025-26,42,TRUE
Region 9,202629,202638,2026-10-02,9,5396,385710,397,1.42303,1.39898,2026,29,2026-07-19,2026-07-25,2025,2025-26,43,TRUE
Region 9,202630,202638,2026-10-02,8,5503,383143,395,1.45298,1.43628,2026,30,2026-07-26,2026-08-01,2025,2025-26,44,TRUE
Region 9,202631,202638,2026-10-02,7,5505,383824,398,1.45772,1.43425,2026,31,2026-08-02,2026-08-08,2025,2025-26,45,TRUE
Region 9,202632,202638,2026-10-02,6,5872,393237,398,1.4927,1.49325,2026,32,2026-08-09,2026-08-15,2025,2025-26,46,TRUE
Region 9,202633,202638,2026-10-02,5,7012,399626,396,1.76037,1.75464,2026,33,2026-08-16,2026-08-22,2025,2025-26,47,TRUE
Region 9,202634,202638,2026-10-02,4,8115,408442,394,1.988,1.98682,2026,34,2026-08-23,2026-08-29,2025,2025-26,48,TRUE
Region 9,202635,202638,2026-10-02,3,8775,396434,390,2.22467,2.21348,2026,35,2026-08-30,2026-09-05,2025,2025-26,49,TRUE
Region 9,202636,202638,2026-10-02,2,8400,366532,391,2.33952,2.29175,2026,36,2026-09-06,2026-09-12,2025,2025-26,50,TRUE
Region 9,202637,202638,2026-10-02,1,9205,391706,391,2.36219,2.34998,2026,37,2026-09-13,2026-09-19,2025,2025-26,51,TRUE
Region 9,202638,202638,2026-10-02,0,9625,393945,386,2.43233,2.44323,2026,38,2026-09-20,2026-09-26,2025,2025-26,52,TRUE
