region,epiweek,total_specimens,a_h1n1pdm09,a_h3,a_not_subtyped,a_h3n2v,a_h5,b_lineage_nd,b_victoria,b_yamagata,year,week,week_start,week_end,season_start_year,season,season_week,comparable_baseline
National,201940,987,25,57,21,0,0,7,56,1,2019,40,2019-09-29,2019-10-05,2019,2019-20,1,FALSE
National,201941,1101,33,64,22,0,0,7,70,2,2019,41,2019-10-06,2019-10-12,2019,2019-20,2,FALSE
National,201942,1256,36,82,24,0,0,13,77,3,2019,42,2019-10-13,2019-10-19,2019,2019-20,3,FALSE
National,201943,1494,53,78,48,0,0,20,96,5,2019,43,2019-10-20,2019-10-26,2019,2019-20,4,FALSE
National,201944,1597,52,61,83,0,0,39,120,5,2019,44,2019-10-27,2019-11-02,2019,2019-20,5,FALSE
National,201945,2347,122,74,205,0,0,74,234,10,2019,45,2019-11-03,2019-11-09,2019,2019-20,6,FALSE
National,201946,2208,149,58,146,0,0,89,330,10,2019,46,2019-11-10,2019-11-16,2019,2019-20,7,FALSE
National,201947,2808,258,78,173,0,0,173,423,10,2019,47,2019-11-17,2019-11-23,2019,2019-20,8,FALSE
National,201948,2359,369,83,92,0,0,141,500,10,2019,48,2019-11-24,2019-11-30,2019,2019-20,9,FALSE
National,201949,3259,513,83,86,0,0,195,657,14,2019,49,2019-12-01,2019-12-07,2019,2019-20,10,FALSE
National,201950,3504,620,78,41,0,0,311,807,15,2019,50,2019-12-08,2019-12-14,2019,2019-20,11,FALSE
National,201951,4014,915,52,52,0,0,276,1110,16,2019,51,2019-12-15,2019-12-21,2019,2019-20,12,FALSE
National,201952,4214,1210,88,27,0,0,348,1326,24,2019,52,2019-12-22,2019-12-28,2019,2019-20,13,FALSE
National,202001,4240,1262,101,45,0,0,189,1275,23,2020,1,2019-12-29,2020-01-04,2019,2019-20,14,FALSE
National,202002,4531,1338,86,34,0,0,223,1145,20,2020,2,2020-01-05,2020-01-11,2019,2019-20,15,FALSE
National,202003,4932,1598,73,56,0,0,252,1244,12,2020,3,2020-01-12,2020-01-18,2019,2019-20,16,FALSE
National,202004,5000,1769,79,37,0,0,256,1137,8,2020,4,2020-01-19,2020-01-25,2019,2019-20,17,FALSE
National,202005,6124,2366,92,50,0,0,309,1073,8,2020,5,2020-01-26,2020-02-01,2019,2019-20,18,FALSE
National,202006,5665,2355,91,64,0,0,288,875,5,2020,6,2020-02-02,2020-02-08,2019,2019-20,19,FALSE
National,202007,5035,2052,65,129,0,0,280,744,10,2020,7,2020-02-09,2020-02-15,2019,2019-20,20,FALSE
National,202008,4344,1752,76,119,0,0,169,564,9,2020,8,2020-02-16,2020-02-22,2019,2019-20,21,FALSE
National,202009,3972,1667,63,50,0,0,141,454,8,2020,9,2020-02-23,2020-02-29,2019,2019-20,22,FALSE
National,202010,4156,1612,73,65,0,0,132,352,8,2020,10,2020-03-01,2020-03-07,2019,2019-20,23,FALSE
National,202011,3615,1138,74,52,0,0,93,197,3,2020,11,2020-03-08,2020-03-14,2019,2019-20,24,FALSE
National,202012,2865,444,30,23,0,0,50,77,1,2020,12,2020-03-15,2020-03-21,2019,2019-20,25,FALSE
National,202013,2150,100,7,8,0,0,34,20,2,2020,13,2020-03-22,2020-03-28,2019,2019-20,26,FALSE
National,202014,1479,37,1,4,0,0,7,5,0,2020,14,2020-03-29,2020-04-04,2019,2019-20,27,FALSE
National,202015,1024,28,0,3,0,0,4,0,0,2020,15,2020-04-05,2020-04-11,2019,2019-20,28,FALSE
National,202016,887,19,0,0,0,0,3,2,0,2020,16,2020-04-12,2020-04-18,2019,2019-20,29,FALSE
National,202017,826,26,0,0,0,0,4,0,0,2020,17,2020-04-19,2020-04-25,2019,2019-20,30,FALSE
National,202018,750,23,0,1,0,0,2,1,0,2020,18,2020-04-26,2020-05-02,2019,2019-20,31,FALSE
National,202019,661,26,1,0,0,0,2,0,0,2020,19,2020-05-03,2020-05-09,2019,2019-20,32,FALSE
National,202020,688,24,0,0,0,0,3,0,0,2020,20,2020-05-10,2020-05-16,2019,2019-20,33,FALSE
National,202021,555,0,0,1,0,0,0,0,0,2020,21,2020-05-17,2020-05-23,2019,2019-20,34,FALSE
National,202022,533,2,0,1,0,0,1,0,0,2020,22,2020-05-24,2020-05-30,2019,2019-20,35,FALSE
National,202023,362,0,0,0,0,0,2,0,0,2020,23,2020-05-31,2020-06-06,2019,2019-20,36,FALSE
National,202024,351,1,0,1,0,0,3,1,0,2020,24,2020-06-07,2020-06-13,2019,2019-20,37,FALSE
National,202025,401,0,0,0,0,0,0,0,0,2020,25,2020-06-14,2020-06-20,2019,2019-20,38,FALSE
National,202026,215,0,0,3,0,0,0,0,0,2020,26,2020-06-21,2020-06-27,2019,2019-20,39,FALSE
National,202027,201,0,0,0,1,0,0,0,0,2020,27,2020-06-28,2020-07-04,2019,2019-20,40,FALSE
National,202028,265,0,0,1,0,0,1,0,0,2020,28,2020-07-05,2020-07-11,2019,2019-20,41,FALSE
National,202029,258,0,0,0,0,0,0,0,0,2020,29,2020-07-12,2020-07-18,2019,2019-20,42,FALSE
National,202030,260,0,0,2,0,0,0,0,0,2020,30,2020-07-19,2020-07-25,2019,2019-20,43,FALSE
National,202031,209,0,0,0,0,0,0,0,0,2020,31,2020-07-26,2020-08-01,2019,2019-20,44,FALSE
National,202032,186,0,0,0,0,0,0,0,0,2020,32,2020-08-02,2020-08-08,2019,2019-20,45,FALSE
National,202033,133,0,0,0,0,0,1,0,0,2020,33,2020-08-09,2020-08-15,2019,2019-20,46,FALSE
National,202034,221,0,0,0,0,0,0,0,0,2020,34,2020-08-16,2020-08-22,2019,2019-20,47,FALSE
National,202035,2357,0,0,0,0,0,0,0,0,2020,35,2020-08-23,2020-08-29,2019,2019-20,48,FALSE
National,202036,2577,0,0,2,0,0,1,0,0,2020,36,2020-08-30,2020-09-05,2019,2019-20,49,FALSE
National,202037,159,0,1,0,0,0,0,0,0,2020,37,2020-09-06,2020-09-12,2019,2019-20,50,FALSE
National,202038,217,0,0,1,0,0,0,0,0,2020,38,2020-09-13,2020-09-19,2019,2019-20,51,FALSE
National,202039,2801,0,0,1,0,0,0,0,0,2020,39,2020-09-20,2020-09-26,2019,2019-20,52,FALSE
National,202040,11625,0,0,3,0,0,2,0,0,2020,40,2020-09-27,2020-10-03,2020,2020-21,1,FALSE
National,202041,12238,3,2,3,0,0,5,1,0,2020,41,2020-10-04,2020-10-10,2020,2020-21,2,FALSE
National,202042,11400,0,1,4,0,0,5,0,0,2020,42,2020-10-11,2020-10-17,2020,2020-21,3,FALSE
National,202043,15744,1,1,11,0,0,4,0,0,2020,43,2020-10-18,2020-10-24,2020,2020-21,4,FALSE
National,202044,20424,0,1,7,0,0,13,1,2,2020,44,2020-10-25,2020-10-31,2020,2020-21,5,FALSE
National,202045,26500,0,1,6,0,0,9,0,0,2020,45,2020-11-01,2020-11-07,2020,2020-21,6,FALSE
National,202046,25765,3,4,6,0,0,5,0,1,2020,46,2020-11-08,2020-11-14,2020,2020-21,7,FALSE
National,202047,19256,0,3,0,0,0,2,0,2,2020,47,2020-11-15,2020-11-21,2020,2020-21,8,FALSE
National,202048,11230,2,0,6,0,0,2,1,0,2020,48,2020-11-22,2020-11-28,2020,2020-21,9,FALSE
National,202049,17684,0,0,5,0,0,4,2,3,2020,49,2020-11-29,2020-12-05,2020,2020-21,10,FALSE
National,202050,16500,3,3,8,0,0,1,2,0,2020,50,2020-12-06,2020-12-12,2020,2020-21,11,FALSE
National,202051,15179,0,0,5,0,0,4,0,0,2020,51,2020-12-13,2020-12-19,2020,2020-21,12,FALSE
National,202052,12475,0,0,2,0,0,2,0,0,2020,52,2020-12-20,2020-12-26,2020,2020-21,13,FALSE
National,202053,11282,1,2,6,0,0,3,0,0,2020,53,2020-12-27,2021-01-02,2020,2020-21,14,FALSE
National,202101,17564,0,2,6,0,0,3,1,0,2021,1,2021-01-03,2021-01-09,2020,2020-21,15,FALSE
National,202102,15700,0,1,4,1,0,3,1,0,2021,2,2021-01-10,2021-01-16,2020,2020-21,16,FALSE
National,202103,13900,0,1,2,0,0,1,0,0,2021,3,2021-01-17,2021-01-23,2020,2020-21,17,FALSE
National,202104,13218,1,0,2,0,0,1,0,0,2021,4,2021-01-24,2021-01-30,2020,2020-21,18,FALSE
National,202105,16294,0,0,4,0,0,3,0,0,2021,5,2021-01-31,2021-02-06,2020,2020-21,19,FALSE
National,202106,17146,0,0,2,0,0,1,1,0,2021,6,2021-02-07,2021-02-13,2020,2020-21,20,FALSE
National,202107,13415,0,0,3,0,0,1,0,1,2021,7,2021-02-14,2021-02-20,2020,2020-21,21,FALSE
National,202108,16609,1,1,1,0,0,5,0,0,2021,8,2021-02-21,2021-02-27,2020,2020-21,22,FALSE
National,202109,14811,0,0,2,0,0,0,0,0,2021,9,2021-02-28,2021-03-06,2020,2020-21,23,FALSE
National,202110,16938,1,0,1,0,0,1,1,0,2021,10,2021-03-07,2021-03-13,2020,2020-21,24,FALSE
National,202111,14622,0,1,4,0,0,2,0,0,2021,11,2021-03-14,2021-03-20,2020,2020-21,25,FALSE
National,202112,14940,0,0,1,0,0,0,0,0,2021,12,2021-03-21,2021-03-27,2020,2020-21,26,FALSE
National,202113,13875,0,0,5,0,0,1,0,0,2021,13,2021-03-28,2021-04-03,2020,2020-21,27,FALSE
National,202114,14151,1,0,0,0,0,0,0,0,2021,14,2021-04-04,2021-04-10,2020,2020-21,28,FALSE
National,202115,15543,1,1,3,0,0,2,0,0,2021,15,2021-04-11,2021-04-17,2020,2020-21,29,FALSE
National,202116,12397,0,0,0,0,0,1,0,0,2021,16,2021-04-18,2021-04-24,2020,2020-21,30,FALSE
National,202117,12801,0,0,1,0,0,0,0,0,2021,17,2021-04-25,2021-05-01,2020,2020-21,31,FALSE
National,202118,10803,0,0,0,0,0,0,1,0,2021,18,2021-05-02,2021-05-08,2020,2020-21,32,FALSE
National,202119,9396,0,0,0,0,0,0,0,0,2021,19,2021-05-09,2021-05-15,2020,2020-21,33,FALSE
National,202120,10065,0,0,1,0,0,0,5,0,2021,20,2021-05-16,2021-05-22,2020,2020-21,34,FALSE
National,202121,8870,0,0,0,0,0,0,0,0,2021,21,2021-05-23,2021-05-29,2020,2020-21,35,FALSE
National,202122,6798,1,0,2,0,0,1,0,0,2021,22,2021-05-30,2021-06-05,2020,2020-21,36,FALSE
National,202123,5627,0,0,2,0,0,0,0,0,2021,23,2021-06-06,2021-06-12,2020,2020-21,37,FALSE
National,202124,5571,0,1,0,0,0,0,0,0,2021,24,2021-06-13,2021-06-19,2020,2020-21,38,FALSE
National,202125,6290,1,0,0,0,0,0,1,0,2021,25,2021-06-20,2021-06-26,2020,2020-21,39,FALSE
National,202126,7281,0,0,1,0,0,0,0,0,2021,26,2021-06-27,2021-07-03,2020,2020-21,40,FALSE
National,202127,6687,1,1,2,0,0,1,0,0,2021,27,2021-07-04,2021-07-10,2020,2020-21,41,FALSE
National,202128,8934,0,3,3,0,0,1,1,0,2021,28,2021-07-11,2021-07-17,2020,2020-21,42,FALSE
National,202129,8550,0,2,0,0,0,0,0,0,2021,29,2021-07-18,2021-07-24,2020,2020-21,43,FALSE
National,202130,9265,1,1,1,0,0,0,0,0,2021,30,2021-07-25,2021-07-31,2020,2020-21,44,FALSE
National,202131,13519,0,2,3,0,0,0,0,0,2021,31,2021-08-01,2021-08-07,2020,2020-21,45,FALSE
National,202132,16102,0,1,2,1,0,0,0,0,2021,32,2021-08-08,2021-08-14,2020,2020-21,46,FALSE
National,202133,21728,0,3,2,0,0,1,0,0,2021,33,2021-08-15,2021-08-21,2020,2020-21,47,FALSE
National,202134,24120,1,0,5,0,0,3,0,0,2021,34,2021-08-22,2021-08-28,2020,2020-21,48,FALSE
National,202135,24979,1,0,2,0,0,1,1,0,2021,35,2021-08-29,2021-09-04,2020,2020-21,49,FALSE
National,202136,20964,0,0,6,0,0,1,0,0,2021,36,2021-09-05,2021-09-11,2020,2020-21,50,FALSE
National,202137,21209,1,6,3,0,0,0,4,0,2021,37,2021-09-12,2021-09-18,2020,2020-21,51,FALSE
National,202138,19881,3,22,6,0,0,0,0,0,2021,38,2021-09-19,2021-09-25,2020,2020-21,52,FALSE
National,202139,18072,0,38,2,0,0,1,1,1,2021,39,2021-09-26,2021-10-02,2020,2020-21,53,FALSE
National,202140,19717,1,86,5,0,0,4,3,0,2021,40,2021-10-03,2021-10-09,2021,2021-22,1,FALSE
National,202141,19250,0,93,2,1,0,8,2,0,2021,41,2021-10-10,2021-10-16,2021,2021-22,2,FALSE
National,202142,24794,0,52,3,0,0,4,3,0,2021,42,2021-10-17,2021-10-23,2021,2021-22,3,FALSE
National,202143,24959,0,50,7,0,0,3,8,0,2021,43,2021-10-24,2021-10-30,2021,2021-22,4,FALSE
National,202144,24215,0,183,11,0,0,1,4,0,2021,44,2021-10-31,2021-11-06,2021,2021-22,5,FALSE
National,202145,23094,0,213,48,0,0,3,1,0,2021,45,2021-11-07,2021-11-13,2021,2021-22,6,FALSE
National,202146,23971,2,452,77,0,0,5,4,1,2021,46,2021-11-14,2021-11-20,2021,2021-22,7,FALSE
National,202147,16622,1,526,60,0,0,4,2,0,2021,47,2021-11-21,2021-11-27,2021,2021-22,8,FALSE
National,202148,25542,1,836,136,0,0,4,3,0,2021,48,2021-11-28,2021-12-04,2021,2021-22,9,FALSE
National,202149,29962,0,952,241,0,0,1,2,0,2021,49,2021-12-05,2021-12-11,2021,2021-22,10,FALSE
National,202150,32805,0,1097,316,0,0,4,0,0,2021,50,2021-12-12,2021-12-18,2021,2021-22,11,FALSE
National,202151,33188,0,1022,287,0,0,3,0,0,2021,51,2021-12-19,2021-12-25,2021,2021-22,12,FALSE
National,202152,43706,0,1016,506,0,0,6,0,0,2021,52,2021-12-26,2022-01-01,2021,2021-22,13,FALSE
National,202201,66341,0,814,344,0,0,8,0,0,2022,1,2022-01-02,2022-01-08,2021,2021-22,14,FALSE
National,202202,66684,0,635,393,0,0,2,0,0,2022,2,2022-01-09,2022-01-15,2021,2021-22,15,FALSE
National,202203,49917,0,529,202,0,0,1,0,0,2022,3,2022-01-16,2022-01-22,2021,2021-22,16,FALSE
National,202204,40883,0,403,189,0,0,5,2,0,2022,4,2022-01-23,2022-01-29,2021,2021-22,17,FALSE
National,202205,27696,0,387,121,0,0,3,1,0,2022,5,2022-01-30,2022-02-05,2021,2021-22,18,FALSE
National,202206,26692,0,488,147,0,0,2,0,0,2022,6,2022-02-06,2022-02-12,2021,2021-22,19,FALSE
National,202207,22867,1,408,162,0,0,1,1,0,2022,7,2022-02-13,2022-02-19,2021,2021-22,20,FALSE
National,202208,18155,0,371,128,0,0,2,0,0,2022,8,2022-02-20,2022-02-26,2021,2021-22,21,FALSE
National,202209,17681,1,476,135,0,0,2,1,0,2022,9,2022-02-27,2022-03-05,2021,2021-22,22,FALSE
National,202210,15973,0,489,109,0,0,0,1,0,2022,10,2022-03-06,2022-03-12,2021,2021-22,23,FALSE
National,202211,13891,3,474,131,0,0,0,0,0,2022,11,2022-03-13,2022-03-19,2021,2021-22,24,FALSE
National,202212,14380,0,603,98,0,0,1,0,0,2022,12,2022-03-20,2022-03-26,2021,2021-22,25,FALSE
National,202213,13833,0,666,114,0,0,1,1,0,2022,13,2022-03-27,2022-04-02,2021,2021-22,26,FALSE
National,202214,13517,0,615,96,0,0,1,1,0,2022,14,2022-04-03,2022-04-09,2021,2021-22,27,FALSE
National,202215,13937,0,689,119,0,0,4,0,0,2022,15,2022-04-10,2022-04-16,2021,2021-22,28,FALSE
National,202216,14154,3,703,125,0,0,3,0,0,2022,16,2022-04-17,2022-04-23,2021,2021-22,29,FALSE
National,202217,14784,3,696,99,0,0,1,0,0,2022,17,2022-04-24,2022-04-30,2021,2021-22,30,FALSE
National,202218,15465,3,741,92,0,0,1,0,0,2022,18,2022-05-01,2022-05-07,2021,2021-22,31,FALSE
National,202219,15407,1,647,170,0,0,3,0,0,2022,19,2022-05-08,2022-05-14,2021,2021-22,32,FALSE
National,202220,15694,4,623,149,0,0,1,0,0,2022,20,2022-05-15,2022-05-21,2021,2021-22,33,FALSE
National,202221,15103,1,512,114,0,0,1,0,0,2022,21,2022-05-22,2022-05-28,2021,2021-22,34,FALSE
National,202222,14157,1,472,101,0,0,1,0,0,2022,22,2022-05-29,2022-06-04,2021,2021-22,35,FALSE
National,202223,15100,0,349,75,0,0,2,0,0,2022,23,2022-06-05,2022-06-11,2021,2021-22,36,FALSE
National,202224,15901,0,307,46,0,0,3,0,0,2022,24,2022-06-12,2022-06-18,2021,2021-22,37,FALSE
National,202225,17089,0,168,29,0,0,1,0,0,2022,25,2022-06-19,2022-06-25,2021,2021-22,38,FALSE
National,202226,19211,1,76,25,0,0,1,0,0,2022,26,2022-06-26,2022-07-02,2021,2021-22,39,FALSE
National,202227,18863,0,85,12,0,0,1,0,0,2022,27,2022-07-03,2022-07-09,2021,2021-22,40,FALSE
National,202228,20102,0,115,11,0,0,1,0,0,2022,28,2022-07-10,2022-07-16,2021,2021-22,41,FALSE
National,202229,21097,1,42,9,0,0,4,0,0,2022,29,2022-07-17,2022-07-23,2021,2021-22,42,FALSE
National,202230,21459,0,31,15,0,0,3,0,0,2022,30,2022-07-24,2022-07-30,2021,2021-22,43,FALSE
National,202231,18775,2,40,16,3,0,2,0,0,2022,31,2022-07-31,2022-08-06,2021,2021-22,44,FALSE
National,202232,15390,1,84,7,0,0,2,0,0,2022,32,2022-08-07,2022-08-13,2021,2021-22,45,FALSE
National,202233,20736,6,67,7,0,0,1,1,0,2022,33,2022-08-14,2022-08-20,2021,2021-22,46,FALSE
National,202234,18609,11,77,7,0,0,0,2,0,2022,34,2022-08-21,2022-08-27,2021,2021-22,47,FALSE
National,202235,16469,8,71,8,0,0,3,1,0,2022,35,2022-08-28,2022-09-03,2021,2021-22,48,FALSE
National,202236,11581,8,72,11,1,0,0,0,0,2022,36,2022-09-04,2022-09-10,2021,2021-22,49,FALSE
National,202237,11629,5,68,8,0,0,5,0,0,2022,37,2022-09-11,2022-09-17,2021,2021-22,50,FALSE
National,202238,11300,17,110,10,0,0,7,3,0,2022,38,2022-09-18,2022-09-24,2021,2021-22,51,FALSE
National,202239,9961,25,112,18,0,0,3,1,0,2022,39,2022-09-25,2022-10-01,2021,2021-22,52,FALSE
National,202240,9129,39,239,19,0,0,3,5,0,2022,40,2022-10-02,2022-10-08,2022,2022-23,1,TRUE
National,202241,8523,66,364,23,0,0,3,5,0,2022,41,2022-10-09,2022-10-15,2022,2022-23,2,TRUE
National,202242,9405,114,449,33,1,0,4,6,0,2022,42,2022-10-16,2022-10-22,2022,2022-23,3,TRUE
National,202243,9449,230,706,51,0,0,2,3,0,2022,43,2022-10-23,2022-10-29,2022,2022-23,4,TRUE
National,202244,10311,316,917,175,0,0,4,5,0,2022,44,2022-10-30,2022-11-05,2022,2022-23,5,TRUE
National,202245,9508,323,1195,192,0,0,1,2,0,2022,45,2022-11-06,2022-11-12,2022,2022-23,6,TRUE
National,202246,11458,443,1557,339,0,0,4,2,0,2022,46,2022-11-13,2022-11-19,2022,2022-23,7,TRUE
National,202247,9795,461,1844,365,0,0,1,2,0,2022,47,2022-11-20,2022-11-26,2022,2022-23,8,TRUE
National,202248,12408,646,2086,661,0,0,1,3,0,2022,48,2022-11-27,2022-12-03,2022,2022-23,9,TRUE
National,202249,11813,548,2013,585,0,0,2,4,0,2022,49,2022-12-04,2022-12-10,2022,2022-23,10,TRUE
National,202250,11451,535,1729,549,0,0,1,4,0,2022,50,2022-12-11,2022-12-17,2022,2022-23,11,TRUE
National,202251,9465,456,1199,480,0,0,3,6,0,2022,51,2022-12-18,2022-12-24,2022,2022-23,12,TRUE
National,202252,8105,443,850,263,0,0,0,7,0,2022,52,2022-12-25,2022-12-31,2022,2022-23,13,TRUE
National,202301,8704,398,822,227,0,0,2,12,0,2023,1,2023-01-01,2023-01-07,2022,2022-23,14,TRUE
National,202302,8314,223,527,96,0,0,1,13,0,2023,2,2023-01-08,2023-01-14,2022,2022-23,15,TRUE
National,202303,7494,210,324,66,0,0,4,12,0,2023,3,2023-01-15,2023-01-21,2022,2022-23,16,TRUE
National,202304,6773,123,165,40,0,0,0,10,0,2023,4,2023-01-22,2023-01-28,2022,2022-23,17,TRUE
National,202305,6156,121,118,24,0,0,2,18,0,2023,5,2023-01-29,2023-02-04,2022,2022-23,18,TRUE
National,202306,7288,131,115,26,0,0,6,21,0,2023,6,2023-02-05,2023-02-11,2022,2022-23,19,TRUE
National,202307,7334,85,69,18,0,0,3,26,0,2023,7,2023-02-12,2023-02-18,2022,2022-23,20,TRUE
National,202308,6673,61,60,17,0,0,4,14,0,2023,8,2023-02-19,2023-02-25,2022,2022-23,21,TRUE
National,202309,7123,75,53,13,0,0,8,28,0,2023,9,2023-02-26,2023-03-04,2022,2022-23,22,TRUE
National,202310,6906,75,44,15,0,0,10,21,0,2023,10,2023-03-05,2023-03-11,2022,2022-23,23,TRUE
National,202311,6185,59,28,8,0,0,9,25,0,2023,11,2023-03-12,2023-03-18,2022,2022-23,24,TRUE
National,202312,6178,60,38,11,0,0,15,34,0,2023,12,2023-03-19,2023-03-25,2022,2022-23,25,TRUE
National,202313,5096,57,17,16,0,0,10,41,0,2023,13,2023-03-26,2023-04-01,2022,2022-23,26,TRUE
National,202314,5036,65,19,11,0,0,14,37,0,2023,14,2023-04-02,2023-04-08,2022,2022-23,27,TRUE
National,202315,4982,47,6,9,0,0,11,38,0,2023,15,2023-04-09,2023-04-15,2022,2022-23,28,TRUE
National,202316,4133,33,12,2,0,0,17,46,0,2023,16,2023-04-16,2023-04-22,2022,2022-23,29,TRUE
National,202317,4106,43,18,2,0,0,12,50,0,2023,17,2023-04-23,2023-04-29,2022,2022-23,30,TRUE
National,202318,3965,41,9,2,0,0,11,54,0,2023,18,2023-04-30,2023-05-06,2022,2022-23,31,TRUE
National,202319,3630,50,4,2,0,0,9,68,0,2023,19,2023-05-07,2023-05-13,2022,2022-23,32,TRUE
National,202320,3252,46,10,3,0,0,10,61,0,2023,20,2023-05-14,2023-05-20,2022,2022-23,33,TRUE
National,202321,2971,43,3,5,0,0,15,44,0,2023,21,2023-05-21,2023-05-27,2022,2022-23,34,TRUE
National,202322,2480,57,1,5,0,0,11,39,0,2023,22,2023-05-28,2023-06-03,2022,2022-23,35,TRUE
National,202323,2696,67,5,3,0,0,13,58,0,2023,23,2023-06-04,2023-06-10,2022,2022-23,36,TRUE
National,202324,2280,62,3,7,0,0,8,42,0,2023,24,2023-06-11,2023-06-17,2022,2022-23,37,TRUE
National,202325,2351,68,5,4,0,0,6,36,0,2023,25,2023-06-18,2023-06-24,2022,2022-23,38,TRUE
National,202326,2417,64,17,5,0,0,3,54,0,2023,26,2023-06-25,2023-07-01,2022,2022-23,39,TRUE
National,202327,1828,61,1,4,0,0,4,33,0,2023,27,2023-07-02,2023-07-08,2022,2022-23,40,TRUE
National,202328,2174,59,4,6,0,0,1,27,0,2023,28,2023-07-09,2023-07-15,2022,2022-23,41,TRUE
National,202329,2112,67,7,1,1,0,2,16,0,2023,29,2023-07-16,2023-07-22,2022,2022-23,42,TRUE
National,202330,1672,48,5,1,0,0,1,29,0,2023,30,2023-07-23,2023-07-29,2022,2022-23,43,TRUE
National,202331,1476,74,6,6,0,0,1,25,0,2023,31,2023-07-30,2023-08-05,2022,2022-23,44,TRUE
National,202332,1963,45,5,8,0,0,3,32,0,2023,32,2023-08-06,2023-08-12,2022,2022-23,45,TRUE
National,202333,1878,54,13,6,0,0,1,21,0,2023,33,2023-08-13,2023-08-19,2022,2022-23,46,TRUE
National,202334,1946,59,11,4,0,0,9,24,0,2023,34,2023-08-20,2023-08-26,2022,2022-23,47,TRUE
National,202335,2046,58,10,9,0,0,3,12,0,2023,35,2023-08-27,2023-09-02,2022,2022-23,48,TRUE
National,202336,2401,65,8,19,0,0,6,22,0,2023,36,2023-09-03,2023-09-09,2022,2022-23,49,TRUE
National,202337,3316,59,15,8,0,0,1,22,0,2023,37,2023-09-10,2023-09-16,2022,2022-23,50,TRUE
National,202338,3221,91,10,6,0,0,1,35,0,2023,38,2023-09-17,2023-09-23,2022,2022-23,51,TRUE
National,202339,3115,122,10,7,0,0,6,24,0,2023,39,2023-09-24,2023-09-30,2022,2022-23,52,TRUE
National,202340,3064,176,16,10,0,0,3,48,0,2023,40,2023-10-01,2023-10-07,2023,2023-24,1,TRUE
National,202341,3067,213,22,12,0,0,5,68,0,2023,41,2023-10-08,2023-10-14,2023,2023-24,2,TRUE
National,202342,3416,276,26,34,0,0,12,73,0,2023,42,2023-10-15,2023-10-21,2023,2023-24,3,TRUE
National,202343,2934,240,36,48,0,0,14,68,0,2023,43,2023-10-22,2023-10-28,2023,2023-24,4,TRUE
National,202344,3172,292,41,63,0,0,13,90,0,2023,44,2023-10-29,2023-11-04,2023,2023-24,5,TRUE
National,202345,3303,483,62,111,0,0,29,135,0,2023,45,2023-11-05,2023-11-11,2023,2023-24,6,TRUE
National,202346,3897,489,103,149,0,0,43,143,0,2023,46,2023-11-12,2023-11-18,2023,2023-24,7,TRUE
National,202347,3032,583,124,141,0,0,27,141,0,2023,47,2023-11-19,2023-11-25,2023,2023-24,8,TRUE
National,202348,4221,711,176,174,0,0,24,219,0,2023,48,2023-11-26,2023-12-02,2023,2023-24,9,TRUE
National,202349,4519,972,272,245,0,0,52,262,0,2023,49,2023-12-03,2023-12-09,2023,2023-24,10,TRUE
National,202350,5001,1017,288,400,0,0,82,303,0,2023,50,2023-12-10,2023-12-16,2023,2023-24,11,TRUE
National,202351,5079,1242,330,277,0,0,39,286,0,2023,51,2023-12-17,2023-12-23,2023,2023-24,12,TRUE
National,202352,4499,1229,303,249,0,0,21,245,0,2023,52,2023-12-24,2023-12-30,2023,2023-24,13,TRUE
National,202401,4878,1134,338,231,0,0,59,317,0,2024,1,2023-12-31,2024-01-06,2023,2023-24,14,TRUE
National,202402,5104,945,346,242,0,0,60,258,0,2024,2,2024-01-07,2024-01-13,2023,2023-24,15,TRUE
National,202403,3798,794,302,163,0,0,46,209,0,2024,3,2024-01-14,2024-01-20,2023,2023-24,16,TRUE
National,202404,4305,765,393,190,0,0,57,290,0,2024,4,2024-01-21,2024-01-27,2023,2023-24,17,TRUE
National,202405,4136,692,394,138,0,0,58,387,0,2024,5,2024-01-28,2024-02-03,2023,2023-24,18,TRUE
National,202406,4024,607,434,172,0,0,61,433,0,2024,6,2024-02-04,2024-02-10,2023,2023-24,19,TRUE
National,202407,4208,518,438,150,0,0,57,441,0,2024,7,2024-02-11,2024-02-17,2023,2023-24,20,TRUE
National,202408,4023,488,442,172,0,0,63,483,0,2024,8,2024-02-18,2024-02-24,2023,2023-24,21,TRUE
National,202409,4066,475,397,139,0,0,49,447,0,2024,9,2024-02-25,2024-03-02,2023,2023-24,22,TRUE
National,202410,3764,371,419,122,0,0,39,472,0,2024,10,2024-03-03,2024-03-09,2023,2023-24,23,TRUE
National,202411,3192,287,351,95,0,0,33,397,0,2024,11,2024-03-10,2024-03-16,2023,2023-24,24,TRUE
National,202412,2888,249,322,82,0,0,34,316,0,2024,12,2024-03-17,2024-03-23,2023,2023-24,25,TRUE
National,202413,2808,220,284,65,0,0,30,266,0,2024,13,2024-03-24,2024-03-30,2023,2023-24,26,TRUE
National,202414,2082,180,295,43,0,0,31,253,0,2024,14,2024-03-31,2024-04-06,2023,2023-24,27,TRUE
National,202415,1895,181,271,37,0,0,15,252,0,2024,15,2024-04-07,2024-04-13,2023,2023-24,28,TRUE
National,202416,1663,132,219,36,0,0,19,177,0,2024,16,2024-04-14,2024-04-20,2023,2023-24,29,TRUE
National,202417,1484,100,150,27,0,0,18,134,0,2024,17,2024-04-21,2024-04-27,2023,2023-24,30,TRUE
National,202418,1271,104,139,19,0,0,15,97,0,2024,18,2024-04-28,2024-05-04,2023,2023-24,31,TRUE
National,202419,1272,64,104,16,0,0,15,84,0,2024,19,2024-05-05,2024-05-11,2023,2023-24,32,TRUE
National,202420,1034,54,88,15,0,0,2,47,0,2024,20,2024-05-12,2024-05-18,2023,2023-24,33,TRUE
National,202421,1096,53,118,13,0,1,2,36,0,2024,21,2024-05-19,2024-05-25,2023,2023-24,34,TRUE
National,202422,1137,59,104,11,0,0,6,57,0,2024,22,2024-05-26,2024-06-01,2023,2023-24,35,TRUE
National,202423,1125,63,128,7,0,0,3,48,0,2024,23,2024-06-02,2024-06-08,2023,2023-24,36,TRUE
National,202424,1287,84,128,11,0,0,2,46,0,2024,24,2024-06-09,2024-06-15,2023,2023-24,37,TRUE
National,202425,1175,76,125,16,0,0,5,29,0,2024,25,2024-06-16,2024-06-22,2023,2023-24,38,TRUE
National,202426,1622,90,162,14,0,0,1,30,0,2024,26,2024-06-23,2024-06-29,2023,2023-24,39,TRUE
National,202427,1280,72,149,22,0,0,1,12,0,2024,27,2024-06-30,2024-07-06,2023,2023-24,40,TRUE
National,202428,1639,88,137,17,1,8,1,10,0,2024,28,2024-07-07,2024-07-13,2023,2023-24,41,TRUE
National,202429,1454,61,97,13,0,2,1,9,0,2024,29,2024-07-14,2024-07-20,2023,2023-24,42,TRUE
National,202430,1446,53,111,6,0,1,0,12,0,2024,30,2024-07-21,2024-07-27,2023,2023-24,43,TRUE
National,202431,1400,75,93,8,0,0,1,3,0,2024,31,2024-07-28,2024-08-03,2023,2023-24,44,TRUE
National,202432,1486,89,103,9,0,0,0,5,0,2024,32,2024-08-04,2024-08-10,2023,2023-24,45,TRUE
National,202433,1510,80,81,3,0,0,0,2,0,2024,33,2024-08-11,2024-08-17,2023,2023-24,46,TRUE
National,202434,1460,64,73,7,0,1,0,5,0,2024,34,2024-08-18,2024-08-24,2023,2023-24,47,TRUE
National,202435,1328,70,110,4,0,0,0,4,0,2024,35,2024-08-25,2024-08-31,2023,2023-24,48,TRUE
National,202436,1378,72,72,6,2,0,0,4,0,2024,36,2024-09-01,2024-09-07,2023,2023-24,49,TRUE
National,202437,1489,85,75,6,0,0,1,5,0,2024,37,2024-09-08,2024-09-14,2023,2023-24,50,TRUE
National,202438,1513,109,94,16,0,0,0,3,0,2024,38,2024-09-15,2024-09-21,2023,2023-24,51,TRUE
National,202439,1345,104,96,14,0,0,1,7,0,2024,39,2024-09-22,2024-09-28,2023,2023-24,52,TRUE
National,202440,1495,104,95,27,0,4,0,5,0,2024,40,2024-09-29,2024-10-05,2024,2024-25,1,TRUE
National,202441,1455,77,92,32,0,16,0,5,0,2024,41,2024-10-06,2024-10-12,2024,2024-25,2,TRUE
National,202442,1404,106,95,20,0,13,0,18,0,2024,42,2024-10-13,2024-10-19,2024,2024-25,3,TRUE
National,202443,1984,166,140,21,0,10,4,12,0,2024,43,2024-10-20,2024-10-26,2024,2024-25,4,TRUE
National,202444,1745,174,204,32,0,4,6,19,0,2024,44,2024-10-27,2024-11-02,2024,2024-25,5,TRUE
National,202445,1835,208,259,40,0,4,8,18,0,2024,45,2024-11-03,2024-11-09,2024,2024-25,6,TRUE
National,202446,1896,217,350,52,0,5,14,21,0,2024,46,2024-11-10,2024-11-16,2024,2024-25,7,TRUE
National,202447,2354,335,423,57,0,4,24,38,0,2024,47,2024-11-17,2024-11-23,2024,2024-25,8,TRUE
National,202448,2009,377,508,38,0,7,17,19,0,2024,48,2024-11-24,2024-11-30,2024,2024-25,9,TRUE
National,202449,3013,599,887,80,0,3,26,38,0,2024,49,2024-12-01,2024-12-07,2024,2024-25,10,TRUE
National,202450,4063,1013,1339,156,0,5,34,55,0,2024,50,2024-12-08,2024-12-14,2024,2024-25,11,TRUE
National,202451,5517,1459,2154,280,0,1,29,38,0,2024,51,2024-12-15,2024-12-21,2024,2024-25,12,TRUE
National,202452,6246,1872,2524,494,0,0,43,33,0,2024,52,2024-12-22,2024-12-28,2024,2024-25,13,TRUE
National,202501,7593,2249,2830,777,0,0,56,42,0,2025,1,2024-12-29,2025-01-04,2024,2024-25,14,TRUE
National,202502,7030,1915,2497,622,0,1,43,45,0,2025,2,2025-01-05,2025-01-11,2024,2024-25,15,TRUE
National,202503,8329,2455,2681,972,0,0,59,67,0,2025,3,2025-01-12,2025-01-18,2024,2024-25,16,TRUE
National,202504,9567,3257,3151,1183,0,0,84,48,0,2025,4,2025-01-19,2025-01-25,2024,2024-25,17,TRUE
National,202505,13017,4425,3877,1999,0,0,123,112,0,2025,5,2025-01-26,2025-02-01,2024,2024-25,18,TRUE
National,202506,12111,4250,3320,1810,0,1,160,80,0,2025,6,2025-02-02,2025-02-08,2024,2024-25,19,TRUE
National,202507,10274,3855,2949,925,0,1,157,87,0,2025,7,2025-02-09,2025-02-15,2024,2024-25,20,TRUE
National,202508,7720,3105,1963,480,0,0,120,125,0,2025,8,2025-02-16,2025-02-22,2024,2024-25,21,TRUE
National,202509,7328,2690,1871,529,0,0,128,105,0,2025,9,2025-02-23,2025-03-01,2024,2024-25,22,TRUE
National,202510,6056,2212,1373,512,0,0,133,156,0,2025,10,2025-03-02,2025-03-08,2024,2024-25,23,TRUE
National,202511,5402,1912,1174,541,0,0,177,168,0,2025,11,2025-03-09,2025-03-15,2024,2024-25,24,TRUE
National,202512,4711,1588,1090,327,0,0,153,163,0,2025,12,2025-03-16,2025-03-22,2024,2024-25,25,TRUE
National,202513,3132,926,527,142,0,0,137,155,0,2025,13,2025-03-23,2025-03-29,2024,2024-25,26,TRUE
National,202514,2854,837,492,81,0,0,167,194,0,2025,14,2025-03-30,2025-04-05,2024,2024-25,27,TRUE
National,202515,2221,506,236,56,0,0,163,231,0,2025,15,2025-04-06,2025-04-12,2024,2024-25,28,TRUE
National,202516,1791,366,158,45,0,0,162,195,0,2025,16,2025-04-13,2025-04-19,2024,2024-25,29,TRUE
National,202517,2098,490,313,45,0,0,142,206,0,2025,17,2025-04-20,2025-04-26,2024,2024-25,30,TRUE
National,202518,1668,274,198,27,0,0,120,210,0,2025,18,2025-04-27,2025-05-03,2024,2024-25,31,TRUE
National,202519,1513,329,159,11,0,0,87,205,0,2025,19,2025-05-04,2025-05-10,2024,2024-25,32,TRUE
National,202520,1032,160,38,11,0,0,53,109,0,2025,20,2025-05-11,2025-05-17,2024,2024-25,33,TRUE
National,202521,853,92,36,14,0,0,27,68,0,2025,21,2025-05-18,2025-05-24,2024,2024-25,34,TRUE
National,202522,846,115,25,14,0,0,33,67,0,2025,22,2025-05-25,2025-05-31,2024,2024-25,35,TRUE
National,202523,897,122,15,13,0,0,33,53,0,2025,23,2025-06-01,2025-06-07,2024,2024-25,36,TRUE
National,202524,750,91,13,9,0,0,15,37,0,2025,24,2025-06-08,2025-06-14,2024,2024-25,37,TRUE
National,202525,690,62,11,5,0,0,11,31,0,2025,25,2025-06-15,2025-06-21,2024,2024-25,38,TRUE
National,202526,670,96,5,2,0,0,14,21,0,2025,26,2025-06-22,2025-06-28,2024,2024-25,39,TRUE
National,202527,619,58,12,1,0,0,5,12,0,2025,27,2025-06-29,2025-07-05,2024,2024-25,40,TRUE
National,202528,804,54,12,2,0,0,1,11,0,2025,28,2025-07-06,2025-07-12,2024,2024-25,41,TRUE
National,202529,655,61,3,1,0,0,3,11,0,2025,29,2025-07-13,2025-07-19,2024,2024-25,42,TRUE
National,202530,582,52,26,4,0,0,1,14,0,2025,30,2025-07-20,2025-07-26,2024,2024-25,43,TRUE
National,202531,663,54,14,1,0,0,2,7,0,2025,31,2025-07-27,2025-08-02,2024,2024-25,44,TRUE
National,202532,664,39,15,1,0,0,2,2,0,2025,32,2025-08-03,2025-08-09,2024,2024-25,45,TRUE
National,202533,856,41,10,3,0,0,1,4,0,2025,33,2025-08-10,2025-08-16,2024,2024-25,46,TRUE
National,202534,839,71,13,3,0,0,1,3,0,2025,34,2025-08-17,2025-08-23,2024,2024-25,47,TRUE
National,202535,866,57,22,5,0,0,1,2,0,2025,35,2025-08-24,2025-08-30,2024,2024-25,48,TRUE
National,202536,990,48,28,2,0,0,2,1,0,2025,36,2025-08-31,2025-09-06,2024,2024-25,49,TRUE
National,202537,940,52,29,4,0,0,1,2,0,2025,37,2025-09-07,2025-09-13,2024,2024-25,50,TRUE
National,202538,847,45,29,7,0,0,2,1,0,2025,38,2025-09-14,2025-09-20,2024,2024-25,51,TRUE
National,202539,910,43,28,8,0,0,6,3,0,2025,39,2025-09-21,2025-09-27,2024,2024-25,52,TRUE
National,202540,986,62,43,5,0,0,5,5,0,2025,40,2025-09-28,2025-10-04,2025,2025-26,1,TRUE
National,202541,956,52,65,7,0,0,5,1,0,2025,41,2025-10-05,2025-10-11,2025,2025-26,2,TRUE
National,202542,1059,68,108,9,0,0,7,2,0,2025,42,2025-10-12,2025-10-18,2025,2025-26,3,TRUE
National,202543,1186,114,139,9,0,0,5,7,0,2025,43,2025-10-19,2025-10-25,2025,2025-26,4,TRUE
National,202544,1270,77,187,15,0,0,10,3,0,2025,44,2025-10-26,2025-11-01,2025,2025-26,5,TRUE
National,202545,1559,143,431,20,0,0,15,6,0,2025,45,2025-11-02,2025-11-08,2025,2025-26,6,TRUE
National,202546,1768,175,673,32,0,2,25,11,0,2025,46,2025-11-09,2025-11-15,2025,2025-26,7,TRUE
National,202547,2406,209,1054,72,0,0,61,13,0,2025,47,2025-11-16,2025-11-22,2025,2025-26,8,TRUE
National,202548,2513,210,1317,157,0,0,33,18,0,2025,48,2025-11-23,2025-11-29,2025,2025-26,9,TRUE
National,202549,3499,206,1739,250,0,0,51,25,0,2025,49,2025-11-30,2025-12-06,2025,2025-26,10,TRUE
National,202550,4806,250,2522,764,0,0,43,25,0,2025,50,2025-12-07,2025-12-13,2025,2025-26,11,TRUE
National,202551,7051,302,3735,1617,0,0,79,33,0,2025,51,2025-12-14,2025-12-20,2025,2025-26,12,TRUE
National,202552,7814,333,4303,1879,0,0,91,55,0,2025,52,2025-12-21,2025-12-27,2025,2025-26,13,TRUE
National,202553,7744,381,4121,1777,0,0,104,53,0,2025,53,2025-12-28,2026-01-03,2025,2025-26,14,TRUE
National,202601,6744,326,3335,1200,0,0,119,52,0,2026,1,2026-01-04,2026-01-10,2025,2025-26,15,TRUE
National,202602,5045,301,2457,632,0,0,113,86,0,2026,2,2026-01-11,2026-01-17,2025,2025-26,16,TRUE
National,202603,4617,335,2465,317,0,0,146,92,0,2026,3,2026-01-18,2026-01-24,2025,2025-26,17,TRUE
National,202604,4020,278,2015,249,0,0,200,161,0,2026,4,2026-01-25,2026-01-31,2025,2025-26,18,TRUE
National,202605,4546,355,2105,223,0,0,288,191,0,2026,5,2026-02-01,2026-02-07,2025,2025-26,19,TRUE
National,202606,4181,309,1655,214,0,0,352,254,0,2026,6,2026-02-08,2026-02-14,2025,2025-26,20,TRUE
National,202607,3654,281,1229,169,0,0,516,321,0,2026,7,2026-02-15,2026-02-21,2025,2025-26,21,TRUE
National,202608,3186,238,988,106,0,0,416,336,0,2026,8,2026-02-22,2026-02-28,2025,2025-26,22,TRUE
National,202609,3156,222,825,76,0,0,528,403,0,2026,9,2026-03-01,2026-03-07,2025,2025-26,23,TRUE
National,202610,2658,169,510,48,0,0,467,389,0,2026,10,2026-03-08,2026-03-14,2025,2025-26,24,TRUE
National,202611,2368,131,343,34,0,0,471,364,0,2026,11,2026-03-15,2026-03-21,2025,2025-26,25,TRUE
National,202612,2137,150,266,28,0,0,425,375,0,2026,12,2026-03-22,2026-03-28,2025,2025-26,26,TRUE
National,202613,1860,113,237,11,0,0,379,306,0,2026,13,2026-03-29,2026-04-04,2025,2025-26,27,TRUE
National,202614,1506,112,142,13,0,0,299,212,0,2026,14,2026-04-05,2026-04-11,2025,2025-26,28,TRUE
National,202615,1397,93,164,16,0,0,236,154,0,2026,15,2026-04-12,2026-04-18,2025,2025-26,29,TRUE
National,202616,1139,52,102,3,0,0,205,104,0,2026,16,2026-04-19,2026-04-25,2025,2025-26,30,TRUE
National,202617,1036,52,128,5,0,0,130,90,0,2026,17,2026-04-26,2026-05-02,2025,2025-26,31,TRUE
National,202618,1028,43,107,1,0,0,127,110,0,2026,18,2026-05-03,2026-05-09,2025,2025-26,32,TRUE
National,202619,872,33,21,4,0,0,127,82,0,2026,19,2026-05-10,2026-05-16,2025,2025-26,33,TRUE
National,202620,884,42,48,2,0,0,87,58,0,2026,20,2026-05-17,2026-05-23,2025,2025-26,34,TRUE
National,202621,668,18,17,1,0,0,80,34,0,2026,21,2026-05-24,2026-05-30,2025,2025-26,35,TRUE
National,202622,644,25,34,4,0,0,57,31,0,2026,22,2026-05-31,2026-06-06,2025,2025-26,36,TRUE
National,202623,602,33,23,8,0,0,52,18,0,2026,23,2026-06-07,2026-06-13,2025,2025-26,37,TRUE
National,202624,574,11,109,1,0,0,33,16,0,2026,24,2026-06-14,2026-06-20,2025,2025-26,38,TRUE
National,202625,541,26,21,4,0,0,28,12,0,2026,25,2026-06-21,2026-06-27,2025,2025-26,39,TRUE
National,202626,495,45,17,4,0,0,21,11,0,2026,26,2026-06-28,2026-07-04,2025,2025-26,40,TRUE
National,202627,626,33,7,4,0,0,13,15,0,2026,27,2026-07-05,2026-07-11,2025,2025-26,41,TRUE
National,202628,531,32,8,2,0,0,7,15,0,2026,28,2026-07-12,2026-07-18,2025,2025-26,42,TRUE
National,202629,531,28,9,0,0,0,15,12,0,2026,29,2026-07-19,2026-07-25,2025,2025-26,43,TRUE
National,202630,569,38,18,1,0,0,9,6,0,2026,30,2026-07-26,2026-08-01,2025,2025-26,44,TRUE
National,202631,515,38,23,3,0,0,7,2,0,2026,31,2026-08-02,2026-08-08,2025,2025-26,45,TRUE
National,202632,564,47,15,5,0,0,5,4,0,2026,32,2026-08-09,2026-08-15,2025,2025-26,46,TRUE
National,202633,614,74,24,3,0,0,7,3,0,2026,33,2026-08-16,2026-08-22,2025,2025-26,47,TRUE
National,202634,750,129,22,6,0,0,5,2,0,2026,34,2026-08-23,2026-08-29,2025,2025-26,48,TRUE
National,202635,848,191,27,6,0,0,4,2,0,2026,35,2026-08-30,2026-09-05,2025,2025-26,49,TRUE
National,202636,825,269,16,12,0,0,6,0,0,2026,36,2026-09-06,2026-09-12,2025,2025-26,50,TRUE
National,202637,965,241,11,34,0,0,8,1,0,2026,37,2026-09-13,2026-09-19,2025,2025-26,51,TRUE
National,202638,547,53,2,24,0,0,0,0,0,2026,38,2026-09-20,2026-09-26,2025,2025-26,52,TRUE
Region 1,201940,26,0,6,0,0,0,0,0,0,2019,40,2019-09-29,2019-10-05,2019,2019-20,1,FALSE
Region 1,201941,19,1,0,0,0,0,0,0,0,2019,41,2019-10-06,2019-10-12,2019,2019-20,2,FALSE
Region 1,201942,33,1,2,0,0,0,0,0,0,2019,42,2019-10-13,2019-10-19,2019,2019-20,3,FALSE
Region 1,201943,30,0,1,0,0,0,0,2,0,2019,43,2019-10-20,2019-10-26,2019,2019-20,4,FALSE
Region 1,201944,52,1,5,0,0,0,0,0,0,2019,44,2019-10-27,2019-11-02,2019,2019-20,5,FALSE
Region 1,201945,62,1,0,0,0,0,0,4,0,2019,45,2019-11-03,2019-11-09,2019,2019-20,6,FALSE
Region 1,201946,39,1,0,0,0,0,0,1,0,2019,46,2019-11-10,2019-11-16,2019,2019-20,7,FALSE
Region 1,201947,64,10,3,0,0,0,1,5,0,2019,47,2019-11-17,2019-11-23,2019,2019-20,8,FALSE
Region 1,201948,65,18,5,0,0,0,0,6,0,2019,48,2019-11-24,2019-11-30,2019,2019-20,9,FALSE
Region 1,201949,105,33,8,0,0,0,0,11,0,2019,49,2019-12-01,2019-12-07,2019,2019-20,10,FALSE
Region 1,201950,126,44,10,0,0,0,1,24,2,2019,50,2019-12-08,2019-12-14,2019,2019-20,11,FALSE
Region 1,201951,151,59,5,0,0,0,2,34,2,2019,51,2019-12-15,2019-12-21,2019,2019-20,12,FALSE
Region 1,201952,160,61,5,0,0,0,0,53,0,2019,52,2019-12-22,2019-12-28,2019,2019-20,13,FALSE
Region 1,202001,195,74,11,3,0,0,0,51,2,2020,1,2019-12-29,2020-01-04,2019,2019-20,14,FALSE
Region 1,202002,221,71,12,1,0,0,0,63,2,2020,2,2020-01-05,2020-01-11,2019,2019-20,15,FALSE
Region 1,202003,237,80,7,0,0,0,4,61,2,2020,3,2020-01-12,2020-01-18,2019,2019-20,16,FALSE
Region 1,202004,278,89,11,0,0,0,3,106,2,2020,4,2020-01-19,2020-01-25,2019,2019-20,17,FALSE
Region 1,202005,282,85,10,0,0,0,3,102,3,2020,5,2020-01-26,2020-02-01,2019,2019-20,18,FALSE
Region 1,202006,234,90,11,0,0,0,5,56,1,2020,6,2020-02-02,2020-02-08,2019,2019-20,19,FALSE
Region 1,202007,226,96,8,1,0,0,3,56,1,2020,7,2020-02-09,2020-02-15,2019,2019-20,20,FALSE
Region 1,202008,231,97,20,0,0,0,4,53,0,2020,8,2020-02-16,2020-02-22,2019,2019-20,21,FALSE
Region 1,202009,222,78,17,0,0,0,1,36,1,2020,9,2020-02-23,2020-02-29,2019,2019-20,22,FALSE
Region 1,202010,182,33,16,2,0,0,2,20,0,2020,10,2020-03-01,2020-03-07,2019,2019-20,23,FALSE
Region 1,202011,158,26,7,0,0,0,0,14,2,2020,11,2020-03-08,2020-03-14,2019,2019-20,24,FALSE
Region 1,202012,95,10,5,1,0,0,0,6,0,2020,12,2020-03-15,2020-03-21,2019,2019-20,25,FALSE
Region 1,202013,48,1,0,0,0,0,0,0,0,2020,13,2020-03-22,2020-03-28,2019,2019-20,26,FALSE
Region 1,202014,21,0,0,0,0,0,1,0,0,2020,14,2020-03-29,2020-04-04,2019,2019-20,27,FALSE
Region 1,202015,21,0,0,0,0,0,0,0,0,2020,15,2020-04-05,2020-04-11,2019,2019-20,28,FALSE
Region 1,202016,16,0,0,0,0,0,0,0,0,2020,16,2020-04-12,2020-04-18,2019,2019-20,29,FALSE
Region 1,202017,7,0,0,0,0,0,0,0,0,2020,17,2020-04-19,2020-04-25,2019,2019-20,30,FALSE
Region 1,202018,6,0,0,0,0,0,0,0,0,2020,18,2020-04-26,2020-05-02,2019,2019-20,31,FALSE
Region 1,202019,8,0,0,0,0,0,0,0,0,2020,19,2020-05-03,2020-05-09,2019,2019-20,32,FALSE
Region 1,202020,5,0,0,0,0,0,0,0,0,2020,20,2020-05-10,2020-05-16,2019,2019-20,33,FALSE
Region 1,202021,8,0,0,0,0,0,0,0,0,2020,21,2020-05-17,2020-05-23,2019,2019-20,34,FALSE
Region 1,202022,9,0,0,0,0,0,0,0,0,2020,22,2020-05-24,2020-05-30,2019,2019-20,35,FALSE
Region 1,202023,8,0,0,0,0,0,0,0,0,2020,23,2020-05-31,2020-06-06,2019,2019-20,36,FALSE
Region 1,202024,4,0,0,0,0,0,0,0,0,2020,24,2020-06-07,2020-06-13,2019,2019-20,37,FALSE
Region 1,202025,6,0,0,0,0,0,0,0,0,2020,25,2020-06-14,2020-06-20,2019,2019-20,38,FALSE
Region 1,202026,6,0,0,0,0,0,0,0,0,2020,26,2020-06-21,2020-06-27,2019,2019-20,39,FALSE
Region 1,202027,5,0,0,0,0,0,0,0,0,2020,27,2020-06-28,2020-07-04,2019,2019-20,40,FALSE
Region 1,202028,4,0,0,0,0,0,0,0,0,2020,28,2020-07-05,2020-07-11,2019,2019-20,41,FALSE
Region 1,202029,7,0,0,0,0,0,0,0,0,2020,29,2020-07-12,2020-07-18,2019,2019-20,42,FALSE
Region 1,202030,4,0,0,0,0,0,0,0,0,2020,30,2020-07-19,2020-07-25,2019,2019-20,43,FALSE
Region 1,202031,10,0,0,0,0,0,0,0,0,2020,31,2020-07-26,2020-08-01,2019,2019-20,44,FALSE
Region 1,202032,3,0,0,0,0,0,0,0,0,2020,32,2020-08-02,2020-08-08,2019,2019-20,45,FALSE
Region 1,202033,4,0,0,0,0,0,0,0,0,2020,33,2020-08-09,2020-08-15,2019,2019-20,46,FALSE
Region 1,202034,3,0,0,0,0,0,0,0,0,2020,34,2020-08-16,2020-08-22,2019,2019-20,47,FALSE
Region 1,202035,14,0,0,0,0,0,0,0,0,2020,35,2020-08-23,2020-08-29,2019,2019-20,48,FALSE
Region 1,202036,16,0,0,1,0,0,1,0,0,2020,36,2020-08-30,2020-09-05,2019,2019-20,49,FALSE
Region 1,202037,9,0,0,0,0,0,0,0,0,2020,37,2020-09-06,2020-09-12,2019,2019-20,50,FALSE
Region 1,202038,31,0,0,0,0,0,0,0,0,2020,38,2020-09-13,2020-09-19,2019,2019-20,51,FALSE
Region 1,202039,23,0,0,0,0,0,0,0,0,2020,39,2020-09-20,2020-09-26,2019,2019-20,52,FALSE
Region 1,202040,22,0,0,0,0,0,0,0,0,2020,40,2020-09-27,2020-10-03,2020,2020-21,1,FALSE
Region 1,202041,43,0,0,0,0,0,0,0,0,2020,41,2020-10-04,2020-10-10,2020,2020-21,2,FALSE
Region 1,202042,39,0,0,0,0,0,0,0,0,2020,42,2020-10-11,2020-10-17,2020,2020-21,3,FALSE
Region 1,202043,26,0,0,0,0,0,0,0,0,2020,43,2020-10-18,2020-10-24,2020,2020-21,4,FALSE
Region 1,202044,31,0,0,0,0,0,0,0,0,2020,44,2020-10-25,2020-10-31,2020,2020-21,5,FALSE
Region 1,202045,18,0,0,0,0,0,0,0,0,2020,45,2020-11-01,2020-11-07,2020,2020-21,6,FALSE
Region 1,202046,71,0,0,0,0,0,0,0,0,2020,46,2020-11-08,2020-11-14,2020,2020-21,7,FALSE
Region 1,202047,134,0,0,0,0,0,0,0,0,2020,47,2020-11-15,2020-11-21,2020,2020-21,8,FALSE
Region 1,202048,106,0,0,0,0,0,0,0,0,2020,48,2020-11-22,2020-11-28,2020,2020-21,9,FALSE
Region 1,202049,86,0,0,0,0,0,0,0,0,2020,49,2020-11-29,2020-12-05,2020,2020-21,10,FALSE
Region 1,202050,59,0,0,0,0,0,0,0,0,2020,50,2020-12-06,2020-12-12,2020,2020-21,11,FALSE
Region 1,202051,60,0,0,0,0,0,0,0,0,2020,51,2020-12-13,2020-12-19,2020,2020-21,12,FALSE
Region 1,202052,48,0,0,0,0,0,0,0,0,2020,52,2020-12-20,2020-12-26,2020,2020-21,13,FALSE
Region 1,202053,63,0,0,0,0,0,0,0,0,2020,53,2020-12-27,2021-01-02,2020,2020-21,14,FALSE
Region 1,202101,79,0,0,0,0,0,0,0,0,2021,1,2021-01-03,2021-01-09,2020,2020-21,15,FALSE
Region 1,202102,62,0,0,0,0,0,0,0,0,2021,2,2021-01-10,2021-01-16,2020,2020-21,16,FALSE
Region 1,202103,74,0,0,0,0,0,1,0,0,2021,3,2021-01-17,2021-01-23,2020,2020-21,17,FALSE
Region 1,202104,81,0,0,0,0,0,0,0,0,2021,4,2021-01-24,2021-01-30,2020,2020-21,18,FALSE
Region 1,202105,3706,0,0,0,0,0,0,0,0,2021,5,2021-01-31,2021-02-06,2020,2020-21,19,FALSE
Region 1,202106,2905,0,0,0,0,0,0,0,0,2021,6,2021-02-07,2021-02-13,2020,2020-21,20,FALSE
Region 1,202107,2856,0,0,0,0,0,0,0,0,2021,7,2021-02-14,2021-02-20,2020,2020-21,21,FALSE
Region 1,202108,2624,0,0,0,0,0,0,0,0,2021,8,2021-02-21,2021-02-27,2020,2020-21,22,FALSE
Region 1,202109,2324,0,0,0,0,0,0,0,0,2021,9,2021-02-28,2021-03-06,2020,2020-21,23,FALSE
Region 1,202110,1886,0,0,0,0,0,0,1,0,2021,10,2021-03-07,2021-03-13,2020,2020-21,24,FALSE
Region 1,202111,2528,0,0,0,0,0,0,0,0,2021,11,2021-03-14,2021-03-20,2020,2020-21,25,FALSE
Region 1,202112,2236,0,0,0,0,0,0,0,0,2021,12,2021-03-21,2021-03-27,2020,2020-21,26,FALSE
Region 1,202113,1869,0,0,0,0,0,0,0,0,2021,13,2021-03-28,2021-04-03,2020,2020-21,27,FALSE
Region 1,202114,2508,0,0,0,0,0,0,0,0,2021,14,2021-04-04,2021-04-10,2020,2020-21,28,FALSE
Region 1,202115,2819,0,0,0,0,0,0,0,0,2021,15,2021-04-11,2021-04-17,2020,2020-21,29,FALSE
Region 1,202116,99,0,0,0,0,0,0,0,0,2021,16,2021-04-18,2021-04-24,2020,2020-21,30,FALSE
Region 1,202117,117,0,0,0,0,0,0,0,0,2021,17,2021-04-25,2021-05-01,2020,2020-21,31,FALSE
Region 1,202118,25,0,0,0,0,0,0,0,0,2021,18,2021-05-02,2021-05-08,2020,2020-21,32,FALSE
Region 1,202119,41,0,0,0,0,0,0,0,0,2021,19,2021-05-09,2021-05-15,2020,2020-21,33,FALSE
Region 1,202120,28,0,0,0,0,0,0,0,0,2021,20,2021-05-16,2021-05-22,2020,2020-21,34,FALSE
Region 1,202121,45,0,0,0,0,0,0,0,0,2021,21,2021-05-23,2021-05-29,2020,2020-21,35,FALSE
Region 1,202122,18,0,0,0,0,0,0,0,0,2021,22,2021-05-30,2021-06-05,2020,2020-21,36,FALSE
Region 1,202123,10,0,0,0,0,0,0,0,0,2021,23,2021-06-06,2021-06-12,2020,2020-21,37,FALSE
Region 1,202124,16,0,0,0,0,0,0,0,0,2021,24,2021-06-13,2021-06-19,2020,2020-21,38,FALSE
Region 1,202125,13,1,0,0,0,0,0,0,0,2021,25,2021-06-20,2021-06-26,2020,2020-21,39,FALSE
Region 1,202126,25,0,0,0,0,0,0,0,0,2021,26,2021-06-27,2021-07-03,2020,2020-21,40,FALSE
Region 1,202127,21,1,0,0,0,0,0,0,0,2021,27,2021-07-04,2021-07-10,2020,2020-21,41,FALSE
Region 1,202128,28,0,0,0,0,0,0,1,0,2021,28,2021-07-11,2021-07-17,2020,2020-21,42,FALSE
Region 1,202129,8,0,0,0,0,0,0,0,0,2021,29,2021-07-18,2021-07-24,2020,2020-21,43,FALSE
Region 1,202130,15,0,0,0,0,0,0,0,0,2021,30,2021-07-25,2021-07-31,2020,2020-21,44,FALSE
Region 1,202131,14,0,0,0,0,0,0,0,0,2021,31,2021-08-01,2021-08-07,2020,2020-21,45,FALSE
Region 1,202132,15,0,0,0,0,0,0,0,0,2021,32,2021-08-08,2021-08-14,2020,2020-21,46,FALSE
Region 1,202133,14,0,0,0,0,0,0,0,0,2021,33,2021-08-15,2021-08-21,2020,2020-21,47,FALSE
Region 1,202134,10,0,0,0,0,0,0,0,0,2021,34,2021-08-22,2021-08-28,2020,2020-21,48,FALSE
Region 1,202135,7,0,0,0,0,0,0,0,0,2021,35,2021-08-29,2021-09-04,2020,2020-21,49,FALSE
Region 1,202136,3,0,0,0,0,0,0,0,0,2021,36,2021-09-05,2021-09-11,2020,2020-21,50,FALSE
Region 1,202137,11,0,0,0,0,0,0,0,0,2021,37,2021-09-12,2021-09-18,2020,2020-21,51,FALSE
Region 1,202138,16,0,0,0,0,0,0,0,0,2021,38,2021-09-19,2021-09-25,2020,2020-21,52,FALSE
Region 1,202139,10,0,0,0,0,0,0,0,0,2021,39,2021-09-26,2021-10-02,2020,2020-21,53,FALSE
Region 1,202140,13,0,1,0,0,0,0,0,0,2021,40,2021-10-03,2021-10-09,2021,2021-22,1,FALSE
Region 1,202141,395,0,0,0,0,0,0,0,0,2021,41,2021-10-10,2021-10-16,2021,2021-22,2,FALSE
Region 1,202142,1963,0,1,0,0,0,0,0,0,2021,42,2021-10-17,2021-10-23,2021,2021-22,3,FALSE
Region 1,202143,1670,0,3,0,0,0,0,0,0,2021,43,2021-10-24,2021-10-30,2021,2021-22,4,FALSE
Region 1,202144,1957,0,23,0,0,0,0,1,0,2021,44,2021-10-31,2021-11-06,2021,2021-22,5,FALSE
Region 1,202145,2128,0,30,0,0,0,0,0,0,2021,45,2021-11-07,2021-11-13,2021,2021-22,6,FALSE
Region 1,202146,2378,0,30,0,0,0,0,3,0,2021,46,2021-11-14,2021-11-20,2021,2021-22,7,FALSE
Region 1,202147,1983,0,28,1,0,0,0,0,0,2021,47,2021-11-21,2021-11-27,2021,2021-22,8,FALSE
Region 1,202148,2701,0,50,2,0,0,0,3,0,2021,48,2021-11-28,2021-12-04,2021,2021-22,9,FALSE
Region 1,202149,3174,0,67,0,0,0,0,0,0,2021,49,2021-12-05,2021-12-11,2021,2021-22,10,FALSE
Region 1,202150,2615,0,55,2,0,0,0,0,0,2021,50,2021-12-12,2021-12-18,2021,2021-22,11,FALSE
Region 1,202151,2513,0,49,0,0,0,0,0,0,2021,51,2021-12-19,2021-12-25,2021,2021-22,12,FALSE
Region 1,202152,2626,0,40,0,0,0,0,0,0,2021,52,2021-12-26,2022-01-01,2021,2021-22,13,FALSE
Region 1,202201,3408,0,41,0,0,0,0,0,0,2022,1,2022-01-02,2022-01-08,2021,2021-22,14,FALSE
Region 1,202202,3856,0,34,0,0,0,0,0,0,2022,2,2022-01-09,2022-01-15,2021,2021-22,15,FALSE
Region 1,202203,3637,0,16,1,0,0,0,0,0,2022,3,2022-01-16,2022-01-22,2021,2021-22,16,FALSE
Region 1,202204,3399,0,14,2,0,0,0,1,0,2022,4,2022-01-23,2022-01-29,2021,2021-22,17,FALSE
Region 1,202205,3033,0,18,1,0,0,0,0,0,2022,5,2022-01-30,2022-02-05,2021,2021-22,18,FALSE
Region 1,202206,2868,0,13,0,0,0,0,0,0,2022,6,2022-02-06,2022-02-12,2021,2021-22,19,FALSE
Region 1,202207,2458,0,18,0,0,0,0,0,0,2022,7,2022-02-13,2022-02-19,2021,2021-22,20,FALSE
Region 1,202208,1863,0,5,1,0,0,0,0,0,2022,8,2022-02-20,2022-02-26,2021,2021-22,21,FALSE
Region 1,202209,1442,0,14,1,0,0,0,0,0,2022,9,2022-02-27,2022-03-05,2021,2021-22,22,FALSE
Region 1,202210,1087,0,30,0,0,0,0,0,0,2022,10,2022-03-06,2022-03-12,2021,2021-22,23,FALSE
Region 1,202211,1057,0,27,1,0,0,0,0,0,2022,11,2022-03-13,2022-03-19,2021,2021-22,24,FALSE
Region 1,202212,1225,0,35,2,0,0,0,0,0,2022,12,2022-03-20,2022-03-26,2021,2021-22,25,FALSE
Region 1,202213,1039,0,65,0,0,0,0,0,0,2022,13,2022-03-27,2022-04-02,2021,2021-22,26,FALSE
Region 1,202214,1261,0,88,1,0,0,0,0,0,2022,14,2022-04-03,2022-04-09,2021,2021-22,27,FALSE
Region 1,202215,1310,0,105,1,0,0,0,0,0,2022,15,2022-04-10,2022-04-16,2021,2021-22,28,FALSE
Region 1,202216,1621,0,94,2,0,0,0,0,0,2022,16,2022-04-17,2022-04-23,2021,2021-22,29,FALSE
Region 1,202217,1441,0,67,1,0,0,0,0,0,2022,17,2022-04-24,2022-04-30,2021,2021-22,30,FALSE
Region 1,202218,1575,0,99,1,0,0,0,0,0,2022,18,2022-05-01,2022-05-07,2021,2021-22,31,FALSE
Region 1,202219,539,0,59,65,0,0,0,0,0,2022,19,2022-05-08,2022-05-14,2021,2021-22,32,FALSE
Region 1,202220,518,0,51,59,0,0,0,0,0,2022,20,2022-05-15,2022-05-21,2021,2021-22,33,FALSE
Region 1,202221,499,0,21,52,0,0,0,0,0,2022,21,2022-05-22,2022-05-28,2021,2021-22,34,FALSE
Region 1,202222,374,0,18,23,0,0,0,0,0,2022,22,2022-05-29,2022-06-04,2021,2021-22,35,FALSE
Region 1,202223,424,0,9,21,0,0,0,0,0,2022,23,2022-06-05,2022-06-11,2021,2021-22,36,FALSE
Region 1,202224,343,0,5,9,0,0,0,0,0,2022,24,2022-06-12,2022-06-18,2021,2021-22,37,FALSE
Region 1,202225,282,0,11,0,0,0,0,0,0,2022,25,2022-06-19,2022-06-25,2021,2021-22,38,FALSE
Region 1,202226,846,0,1,6,0,0,0,0,0,2022,26,2022-06-26,2022-07-02,2021,2021-22,39,FALSE
Region 1,202227,976,0,2,1,0,0,0,0,0,2022,27,2022-07-03,2022-07-09,2021,2021-22,40,FALSE
Region 1,202228,903,0,1,0,0,0,0,0,0,2022,28,2022-07-10,2022-07-16,2021,2021-22,41,FALSE
Region 1,202229,907,0,0,0,0,0,0,0,0,2022,29,2022-07-17,2022-07-23,2021,2021-22,42,FALSE
Region 1,202230,722,0,0,1,0,0,0,0,0,2022,30,2022-07-24,2022-07-30,2021,2021-22,43,FALSE
Region 1,202231,959,0,0,0,0,0,0,0,0,2022,31,2022-07-31,2022-08-06,2021,2021-22,44,FALSE
Region 1,202232,829,0,1,0,0,0,0,0,0,2022,32,2022-08-07,2022-08-13,2021,2021-22,45,FALSE
Region 1,202233,975,0,0,0,0,0,0,0,0,2022,33,2022-08-14,2022-08-20,2021,2021-22,46,FALSE
Region 1,202234,1029,0,2,0,0,0,0,0,0,2022,34,2022-08-21,2022-08-27,2021,2021-22,47,FALSE
Region 1,202235,952,0,0,0,0,0,0,0,0,2022,35,2022-08-28,2022-09-03,2021,2021-22,48,FALSE
Region 1,202236,1106,0,8,0,0,0,0,0,0,2022,36,2022-09-04,2022-09-10,2021,2021-22,49,FALSE
Region 1,202237,961,0,0,0,0,0,0,0,0,2022,37,2022-09-11,2022-09-17,2021,2021-22,50,FALSE
Region 1,202238,905,1,1,0,0,0,0,0,0,2022,38,2022-09-18,2022-09-24,2021,2021-22,51,FALSE
Region 1,202239,1074,1,3,0,0,0,0,0,0,2022,39,2022-09-25,2022-10-01,2021,2021-22,52,FALSE
Region 1,202240,1144,3,4,0,0,0,0,0,0,2022,40,2022-10-02,2022-10-08,2022,2022-23,1,TRUE
Region 1,202241,703,3,6,2,0,0,0,0,0,2022,41,2022-10-09,2022-10-15,2022,2022-23,2,TRUE
Region 1,202242,910,5,9,1,0,0,0,0,0,2022,42,2022-10-16,2022-10-22,2022,2022-23,3,TRUE
Region 1,202243,800,2,33,6,0,0,1,1,0,2022,43,2022-10-23,2022-10-29,2022,2022-23,4,TRUE
Region 1,202244,1012,23,43,60,0,0,0,1,0,2022,44,2022-10-30,2022-11-05,2022,2022-23,5,TRUE
Region 1,202245,889,20,67,79,0,0,0,0,0,2022,45,2022-11-06,2022-11-12,2022,2022-23,6,TRUE
Region 1,202246,914,22,93,80,0,0,0,0,0,2022,46,2022-11-13,2022-11-19,2022,2022-23,7,TRUE
Region 1,202247,888,60,182,112,0,0,0,0,0,2022,47,2022-11-20,2022-11-26,2022,2022-23,8,TRUE
Region 1,202248,815,19,122,231,0,0,0,0,0,2022,48,2022-11-27,2022-12-03,2022,2022-23,9,TRUE
Region 1,202249,825,23,119,222,0,0,0,0,0,2022,49,2022-12-04,2022-12-10,2022,2022-23,10,TRUE
Region 1,202250,911,30,115,231,0,0,1,0,0,2022,50,2022-12-11,2022-12-17,2022,2022-23,11,TRUE
Region 1,202251,765,27,87,195,0,0,0,0,0,2022,51,2022-12-18,2022-12-24,2022,2022-23,12,TRUE
Region 1,202252,508,23,75,95,0,0,0,0,0,2022,52,2022-12-25,2022-12-31,2022,2022-23,13,TRUE
Region 1,202301,551,12,42,61,0,0,0,0,0,2023,1,2023-01-01,2023-01-07,2022,2022-23,14,TRUE
Region 1,202302,627,9,23,25,0,0,0,5,0,2023,2,2023-01-08,2023-01-14,2022,2022-23,15,TRUE
Region 1,202303,500,6,19,6,0,0,1,2,0,2023,3,2023-01-15,2023-01-21,2022,2022-23,16,TRUE
Region 1,202304,702,10,14,3,0,0,0,0,0,2023,4,2023-01-22,2023-01-28,2022,2022-23,17,TRUE
Region 1,202305,565,3,6,0,0,0,0,3,0,2023,5,2023-01-29,2023-02-04,2022,2022-23,18,TRUE
Region 1,202306,602,6,4,0,0,0,0,0,0,2023,6,2023-02-05,2023-02-11,2022,2022-23,19,TRUE
Region 1,202307,648,2,6,0,0,0,0,1,0,2023,7,2023-02-12,2023-02-18,2022,2022-23,20,TRUE
Region 1,202308,572,0,3,1,0,0,0,0,0,2023,8,2023-02-19,2023-02-25,2022,2022-23,21,TRUE
Region 1,202309,641,0,7,1,0,0,0,0,0,2023,9,2023-02-26,2023-03-04,2022,2022-23,22,TRUE
Region 1,202310,682,2,1,1,0,0,0,1,0,2023,10,2023-03-05,2023-03-11,2022,2022-23,23,TRUE
Region 1,202311,633,3,5,0,0,0,0,0,0,2023,11,2023-03-12,2023-03-18,2022,2022-23,24,TRUE
Region 1,202312,464,1,3,0,0,0,0,1,0,2023,12,2023-03-19,2023-03-25,2022,2022-23,25,TRUE
Region 1,202313,107,0,1,1,0,0,0,3,0,2023,13,2023-03-26,2023-04-01,2022,2022-23,26,TRUE
Region 1,202314,150,3,0,2,0,0,0,4,0,2023,14,2023-04-02,2023-04-08,2022,2022-23,27,TRUE
Region 1,202315,191,2,1,0,0,0,1,1,0,2023,15,2023-04-09,2023-04-15,2022,2022-23,28,TRUE
Region 1,202316,128,0,0,0,0,0,2,4,0,2023,16,2023-04-16,2023-04-22,2022,2022-23,29,TRUE
Region 1,202317,147,1,0,0,0,0,0,2,0,2023,17,2023-04-23,2023-04-29,2022,2022-23,30,TRUE
Region 1,202318,105,2,0,0,0,0,0,1,0,2023,18,2023-04-30,2023-05-06,2022,2022-23,31,TRUE
Region 1,202319,106,1,0,0,0,0,0,1,0,2023,19,2023-05-07,2023-05-13,2022,2022-23,32,TRUE
Region 1,202320,113,4,0,0,0,0,0,1,0,2023,20,2023-05-14,2023-05-20,2022,2022-23,33,TRUE
Region 1,202321,102,1,0,0,0,0,0,2,0,2023,21,2023-05-21,2023-05-27,2022,2022-23,34,TRUE
Region 1,202322,79,1,0,1,0,0,0,0,0,2023,22,2023-05-28,2023-06-03,2022,2022-23,35,TRUE
Region 1,202323,82,1,0,0,0,0,0,1,0,2023,23,2023-06-04,2023-06-10,2022,2022-23,36,TRUE
Region 1,202324,102,4,0,0,0,0,0,1,0,2023,24,2023-06-11,2023-06-17,2022,2022-23,37,TRUE
Region 1,202325,76,1,1,0,0,0,1,0,0,2023,25,2023-06-18,2023-06-24,2022,2022-23,38,TRUE
Region 1,202326,75,3,0,0,0,0,0,1,0,2023,26,2023-06-25,2023-07-01,2022,2022-23,39,TRUE
Region 1,202327,47,0,0,0,0,0,0,1,0,2023,27,2023-07-02,2023-07-08,2022,2022-23,40,TRUE
Region 1,202328,48,2,0,0,0,0,0,0,0,2023,28,2023-07-09,2023-07-15,2022,2022-23,41,TRUE
Region 1,202329,82,5,0,0,0,0,0,1,0,2023,29,2023-07-16,2023-07-22,2022,2022-23,42,TRUE
Region 1,202330,73,4,0,0,0,0,0,0,0,2023,30,2023-07-23,2023-07-29,2022,2022-23,43,TRUE
Region 1,202331,68,5,2,1,0,0,0,0,0,2023,31,2023-07-30,2023-08-05,2022,2022-23,44,TRUE
Region 1,202332,85,0,0,0,0,0,0,0,0,2023,32,2023-08-06,2023-08-12,2022,2022-23,45,TRUE
Region 1,202333,74,6,0,0,0,0,0,0,0,2023,33,2023-08-13,2023-08-19,2022,2022-23,46,TRUE
Region 1,202334,85,3,0,0,0,0,0,0,0,2023,34,2023-08-20,2023-08-26,2022,2022-23,47,TRUE
Region 1,202335,81,6,2,0,0,0,0,0,0,2023,35,2023-08-27,2023-09-02,2022,2022-23,48,TRUE
Region 1,202336,93,9,0,0,0,0,1,0,0,2023,36,2023-09-03,2023-09-09,2022,2022-23,49,TRUE
Region 1,202337,135,2,0,0,0,0,0,3,0,2023,37,2023-09-10,2023-09-16,2022,2022-23,50,TRUE
Region 1,202338,124,8,2,0,0,0,0,0,0,2023,38,2023-09-17,2023-09-23,2022,2022-23,51,TRUE
Region 1,202339,125,10,0,1,0,0,0,1,0,2023,39,2023-09-24,2023-09-30,2022,2022-23,52,TRUE
Region 1,202340,147,15,1,0,0,0,0,2,0,2023,40,2023-10-01,2023-10-07,2023,2023-24,1,TRUE
Region 1,202341,118,6,0,1,0,0,0,1,0,2023,41,2023-10-08,2023-10-14,2023,2023-24,2,TRUE
Region 1,202342,200,11,0,0,0,0,1,2,0,2023,42,2023-10-15,2023-10-21,2023,2023-24,3,TRUE
Region 1,202343,222,17,2,0,0,0,1,4,0,2023,43,2023-10-22,2023-10-28,2023,2023-24,4,TRUE
Region 1,202344,456,30,2,2,0,0,0,8,0,2023,44,2023-10-29,2023-11-04,2023,2023-24,5,TRUE
Region 1,202345,323,40,6,0,0,0,1,5,0,2023,45,2023-11-05,2023-11-11,2023,2023-24,6,TRUE
Region 1,202346,330,60,17,1,0,0,1,5,0,2023,46,2023-11-12,2023-11-18,2023,2023-24,7,TRUE
Region 1,202347,303,71,10,5,0,0,0,5,0,2023,47,2023-11-19,2023-11-25,2023,2023-24,8,TRUE
Region 1,202348,447,104,16,11,0,0,2,17,0,2023,48,2023-11-26,2023-12-02,2023,2023-24,9,TRUE
Region 1,202349,498,134,33,23,0,0,4,13,0,2023,49,2023-12-03,2023-12-09,2023,2023-24,10,TRUE
Region 1,202350,565,150,27,68,0,0,10,13,0,2023,50,2023-12-10,2023-12-16,2023,2023-24,11,TRUE
Region 1,202351,640,175,39,82,0,0,10,11,0,2023,51,2023-12-17,2023-12-23,2023,2023-24,12,TRUE
Region 1,202352,581,221,23,58,0,0,3,7,0,2023,52,2023-12-24,2023-12-30,2023,2023-24,13,TRUE
Region 1,202401,486,155,29,29,0,0,1,7,0,2024,1,2023-12-31,2024-01-06,2023,2023-24,14,TRUE
Region 1,202402,476,135,33,35,0,0,0,7,0,2024,2,2024-01-07,2024-01-13,2023,2023-24,15,TRUE
Region 1,202403,407,152,40,13,0,0,4,11,0,2024,3,2024-01-14,2024-01-20,2023,2023-24,16,TRUE
Region 1,202404,358,99,36,23,0,0,1,8,0,2024,4,2024-01-21,2024-01-27,2023,2023-24,17,TRUE
Region 1,202405,358,102,36,26,0,0,1,7,0,2024,5,2024-01-28,2024-02-03,2023,2023-24,18,TRUE
Region 1,202406,382,110,64,21,0,0,2,11,0,2024,6,2024-02-04,2024-02-10,2023,2023-24,19,TRUE
Region 1,202407,372,109,75,15,0,0,2,13,0,2024,7,2024-02-11,2024-02-17,2023,2023-24,20,TRUE
Region 1,202408,348,73,71,20,0,0,1,18,0,2024,8,2024-02-18,2024-02-24,2023,2023-24,21,TRUE
Region 1,202409,330,80,70,30,0,0,3,16,0,2024,9,2024-02-25,2024-03-02,2023,2023-24,22,TRUE
Region 1,202410,312,57,77,19,0,0,3,28,0,2024,10,2024-03-03,2024-03-09,2023,2023-24,23,TRUE
Region 1,202411,245,48,39,10,0,0,0,21,0,2024,11,2024-03-10,2024-03-16,2023,2023-24,24,TRUE
Region 1,202412,229,47,48,10,0,0,5,30,0,2024,12,2024-03-17,2024-03-23,2023,2023-24,25,TRUE
Region 1,202413,226,38,51,7,0,0,0,30,0,2024,13,2024-03-24,2024-03-30,2023,2023-24,26,TRUE
Region 1,202414,160,19,36,8,0,0,1,23,0,2024,14,2024-03-31,2024-04-06,2023,2023-24,27,TRUE
Region 1,202415,143,13,37,0,0,0,1,34,0,2024,15,2024-04-07,2024-04-13,2023,2023-24,28,TRUE
Region 1,202416,125,8,24,4,0,0,0,33,0,2024,16,2024-04-14,2024-04-20,2023,2023-24,29,TRUE
Region 1,202417,116,4,27,2,0,0,0,24,0,2024,17,2024-04-21,2024-04-27,2023,2023-24,30,TRUE
Region 1,202418,110,17,18,3,0,0,1,21,0,2024,18,2024-04-28,2024-05-04,2023,2023-24,31,TRUE
Region 1,202419,73,4,4,1,0,0,0,16,0,2024,19,2024-05-05,2024-05-11,2023,2023-24,32,TRUE
Region 1,202420,60,6,5,1,0,0,0,5,0,2024,20,2024-05-12,2024-05-18,2023,2023-24,33,TRUE
Region 1,202421,43,1,4,0,0,0,0,6,0,2024,21,2024-05-19,2024-05-25,2023,2023-24,34,TRUE
Region 1,202422,41,1,1,0,0,0,0,0,0,2024,22,2024-05-26,2024-06-01,2023,2023-24,35,TRUE
Region 1,202423,53,1,1,0,0,0,0,2,0,2024,23,2024-06-02,2024-06-08,2023,2023-24,36,TRUE
Region 1,202424,71,5,2,0,0,0,0,3,0,2024,24,2024-06-09,2024-06-15,2023,2023-24,37,TRUE
Region 1,202425,55,7,6,0,0,0,0,2,0,2024,25,2024-06-16,2024-06-22,2023,2023-24,38,TRUE
Region 1,202426,67,5,6,0,0,0,0,1,0,2024,26,2024-06-23,2024-06-29,2023,2023-24,39,TRUE
Region 1,202427,55,7,6,0,0,0,0,0,0,2024,27,2024-06-30,2024-07-06,2023,2023-24,40,TRUE
Region 1,202428,64,5,9,1,0,0,0,0,0,2024,28,2024-07-07,2024-07-13,2023,2023-24,41,TRUE
Region 1,202429,113,1,4,0,0,0,0,0,0,2024,29,2024-07-14,2024-07-20,2023,2023-24,42,TRUE
Region 1,202430,136,3,8,1,0,0,0,2,0,2024,30,2024-07-21,2024-07-27,2023,2023-24,43,TRUE
Region 1,202431,116,6,3,1,0,0,0,0,0,2024,31,2024-07-28,2024-08-03,2023,2023-24,44,TRUE
Region 1,202432,158,3,4,0,0,0,0,0,0,2024,32,2024-08-04,2024-08-10,2023,2023-24,45,TRUE
Region 1,202433,189,4,5,0,0,0,0,0,0,2024,33,2024-08-11,2024-08-17,2023,2023-24,46,TRUE
Region 1,202434,220,6,3,0,0,0,0,0,0,2024,34,2024-08-18,2024-08-24,2023,2023-24,47,TRUE
Region 1,202435,134,2,3,1,0,0,0,1,0,2024,35,2024-08-25,2024-08-31,2023,2023-24,48,TRUE
Region 1,202436,161,5,5,0,0,0,0,1,0,2024,36,2024-09-01,2024-09-07,2023,2023-24,49,TRUE
Region 1,202437,184,5,1,0,0,0,0,1,0,2024,37,2024-09-08,2024-09-14,2023,2023-24,50,TRUE
Region 1,202438,182,2,6,1,0,0,0,0,0,2024,38,2024-09-15,2024-09-21,2023,2023-24,51,TRUE
Region 1,202439,169,6,1,1,0,0,0,1,0,2024,39,2024-09-22,2024-09-28,2023,2023-24,52,TRUE
Region 1,202440,254,2,4,0,0,0,0,0,0,2024,40,2024-09-29,2024-10-05,2024,2024-25,1,TRUE
Region 1,202441,210,1,3,0,0,0,0,0,0,2024,41,2024-10-06,2024-10-12,2024,2024-25,2,TRUE
Region 1,202442,207,3,10,1,0,0,0,4,0,2024,42,2024-10-13,2024-10-19,2024,2024-25,3,TRUE
Region 1,202443,254,11,8,0,0,0,2,2,0,2024,43,2024-10-20,2024-10-26,2024,2024-25,4,TRUE
Region 1,202444,216,8,6,0,0,0,1,0,0,2024,44,2024-10-27,2024-11-02,2024,2024-25,5,TRUE
Region 1,202445,225,12,12,1,0,0,1,0,0,2024,45,2024-11-03,2024-11-09,2024,2024-25,6,TRUE
Region 1,202446,232,14,12,0,0,0,2,0,0,2024,46,2024-11-10,2024-11-16,2024,2024-25,7,TRUE
Region 1,202447,270,25,24,2,0,0,3,0,0,2024,47,2024-11-17,2024-11-23,2024,2024-25,8,TRUE
Region 1,202448,211,16,30,6,0,0,2,2,0,2024,48,2024-11-24,2024-11-30,2024,2024-25,9,TRUE
Region 1,202449,283,31,38,2,0,0,8,0,0,2024,49,2024-12-01,2024-12-07,2024,2024-25,10,TRUE
Region 1,202450,367,60,88,2,0,0,14,0,0,2024,50,2024-12-08,2024-12-14,2024,2024-25,11,TRUE
Region 1,202451,621,146,186,14,0,0,14,4,0,2024,51,2024-12-15,2024-12-21,2024,2024-25,12,TRUE
Region 1,202452,778,203,297,29,0,0,26,2,0,2024,52,2024-12-22,2024-12-28,2024,2024-25,13,TRUE
Region 1,202501,910,264,352,44,0,0,32,2,0,2025,1,2024-12-29,2025-01-04,2024,2024-25,14,TRUE
Region 1,202502,897,248,320,39,0,0,23,4,0,2025,2,2025-01-05,2025-01-11,2024,2024-25,15,TRUE
Region 1,202503,1035,317,362,78,0,0,30,10,0,2025,3,2025-01-12,2025-01-18,2024,2024-25,16,TRUE
Region 1,202504,1362,417,465,163,0,0,43,11,0,2025,4,2025-01-19,2025-01-25,2024,2024-25,17,TRUE
Region 1,202505,1311,370,368,198,0,0,83,18,0,2025,5,2025-01-26,2025-02-01,2024,2024-25,18,TRUE
Region 1,202506,1413,442,388,187,0,0,102,17,0,2025,6,2025-02-02,2025-02-08,2024,2024-25,19,TRUE
Region 1,202507,1267,459,290,152,0,0,91,10,0,2025,7,2025-02-09,2025-02-15,2024,2024-25,20,TRUE
Region 1,202508,924,354,225,75,0,0,55,15,0,2025,8,2025-02-16,2025-02-22,2024,2024-25,21,TRUE
Region 1,202509,767,297,179,24,0,0,63,11,0,2025,9,2025-02-23,2025-03-01,2024,2024-25,22,TRUE
Region 1,202510,659,253,132,21,0,0,65,11,0,2025,10,2025-03-02,2025-03-08,2024,2024-25,23,TRUE
Region 1,202511,529,190,89,16,0,0,80,10,0,2025,11,2025-03-09,2025-03-15,2024,2024-25,24,TRUE
Region 1,202512,456,147,41,15,0,0,100,6,0,2025,12,2025-03-16,2025-03-22,2024,2024-25,25,TRUE
Region 1,202513,357,79,30,4,0,0,87,2,0,2025,13,2025-03-23,2025-03-29,2024,2024-25,26,TRUE
Region 1,202514,312,67,12,4,0,0,97,9,0,2025,14,2025-03-30,2025-04-05,2024,2024-25,27,TRUE
Region 1,202515,295,44,24,1,0,0,116,3,0,2025,15,2025-04-06,2025-04-12,2024,2024-25,28,TRUE
Region 1,202516,290,35,22,2,0,0,99,6,0,2025,16,2025-04-13,2025-04-19,2024,2024-25,29,TRUE
Region 1,202517,199,33,9,0,0,0,69,1,0,2025,17,2025-04-20,2025-04-26,2024,2024-25,30,TRUE
Region 1,202518,167,11,2,0,0,0,49,0,0,2025,18,2025-04-27,2025-05-03,2024,2024-25,31,TRUE
Region 1,202519,126,11,0,0,0,0,41,0,0,2025,19,2025-05-04,2025-05-10,2024,2024-25,32,TRUE
Region 1,202520,109,12,0,0,0,0,23,0,0,2025,20,2025-05-11,2025-05-17,2024,2024-25,33,TRUE
Region 1,202521,73,2,1,0,0,0,12,0,0,2025,21,2025-05-18,2025-05-24,2024,2024-25,34,TRUE
Region 1,202522,86,13,0,0,0,0,6,0,0,2025,22,2025-05-25,2025-05-31,2024,2024-25,35,TRUE
Region 1,202523,59,4,0,0,0,0,5,0,0,2025,23,2025-06-01,2025-06-07,2024,2024-25,36,TRUE
Region 1,202524,61,2,0,0,0,0,0,0,0,2025,24,2025-06-08,2025-06-14,2024,2024-25,37,TRUE
Region 1,202525,66,5,1,0,0,0,2,0,0,2025,25,2025-06-15,2025-06-21,2024,2024-25,38,TRUE
Region 1,202526,50,0,0,0,0,0,0,0,0,2025,26,2025-06-22,2025-06-28,2024,2024-25,39,TRUE
Region 1,202527,50,5,0,0,0,0,0,0,0,2025,27,2025-06-29,2025-07-05,2024,2024-25,40,TRUE
Region 1,202528,71,4,1,0,0,0,0,0,0,2025,28,2025-07-06,2025-07-12,2024,2024-25,41,TRUE
Region 1,202529,65,7,0,0,0,0,0,0,0,2025,29,2025-07-13,2025-07-19,2024,2024-25,42,TRUE
Region 1,202530,57,4,4,0,0,0,0,0,0,2025,30,2025-07-20,2025-07-26,2024,2024-25,43,TRUE
Region 1,202531,64,2,3,0,0,0,2,0,0,2025,31,2025-07-27,2025-08-02,2024,2024-25,44,TRUE
Region 1,202532,56,0,2,1,0,0,0,0,0,2025,32,2025-08-03,2025-08-09,2024,2024-25,45,TRUE
Region 1,202533,42,2,0,0,0,0,0,0,0,2025,33,2025-08-10,2025-08-16,2024,2024-25,46,TRUE
Region 1,202534,55,1,0,1,0,0,0,0,0,2025,34,2025-08-17,2025-08-23,2024,2024-25,47,TRUE
Region 1,202535,67,1,1,0,0,0,0,0,0,2025,35,2025-08-24,2025-08-30,2024,2024-25,48,TRUE
Region 1,202536,73,2,0,1,0,0,1,0,0,2025,36,2025-08-31,2025-09-06,2024,2024-25,49,TRUE
Region 1,202537,83,3,1,0,0,0,0,0,0,2025,37,2025-09-07,2025-09-13,2024,2024-25,50,TRUE
Region 1,202538,67,1,0,0,0,0,0,0,0,2025,38,2025-09-14,2025-09-20,2024,2024-25,51,TRUE
Region 1,202539,62,2,1,0,0,0,0,0,0,2025,39,2025-09-21,2025-09-27,2024,2024-25,52,TRUE
Region 1,202540,86,4,0,0,0,0,1,0,0,2025,40,2025-09-28,2025-10-04,2025,2025-26,1,TRUE
Region 1,202541,89,4,6,1,0,0,0,0,0,2025,41,2025-10-05,2025-10-11,2025,2025-26,2,TRUE
Region 1,202542,69,1,4,1,0,0,0,0,0,2025,42,2025-10-12,2025-10-18,2025,2025-26,3,TRUE
Region 1,202543,104,10,6,0,0,0,0,1,0,2025,43,2025-10-19,2025-10-25,2025,2025-26,4,TRUE
Region 1,202544,98,5,16,0,0,0,0,0,0,2025,44,2025-10-26,2025-11-01,2025,2025-26,5,TRUE
Region 1,202545,104,10,25,0,0,0,0,0,0,2025,45,2025-11-02,2025-11-08,2025,2025-26,6,TRUE
Region 1,202546,129,9,44,0,0,0,0,2,0,2025,46,2025-11-09,2025-11-15,2025,2025-26,7,TRUE
Region 1,202547,209,26,74,4,0,0,1,0,0,2025,47,2025-11-16,2025-11-22,2025,2025-26,8,TRUE
Region 1,202548,283,25,132,8,0,0,2,0,0,2025,48,2025-11-23,2025-11-29,2025,2025-26,9,TRUE
Region 1,202549,452,21,230,27,0,0,3,0,0,2025,49,2025-11-30,2025-12-06,2025,2025-26,10,TRUE
Region 1,202550,670,21,385,87,0,0,4,0,0,2025,50,2025-12-07,2025-12-13,2025,2025-26,11,TRUE
Region 1,202551,853,21,513,167,0,0,2,1,0,2025,51,2025-12-14,2025-12-20,2025,2025-26,12,TRUE
Region 1,202552,691,25,399,139,0,0,2,1,0,2025,52,2025-12-21,2025-12-27,2025,2025-26,13,TRUE
Region 1,202553,749,29,402,150,0,0,9,3,0,2025,53,2025-12-28,2026-01-03,2025,2025-26,14,TRUE
Region 1,202601,721,36,361,99,0,0,10,0,0,2026,1,2026-01-04,2026-01-10,2025,2025-26,15,TRUE
Region 1,202602,575,36,309,51,0,0,19,2,0,2026,2,2026-01-11,2026-01-17,2025,2025-26,16,TRUE
Region 1,202603,487,38,227,30,0,0,25,0,0,2026,3,2026-01-18,2026-01-24,2025,2025-26,17,TRUE
Region 1,202604,347,18,144,10,0,0,33,10,0,2026,4,2026-01-25,2026-01-31,2025,2025-26,18,TRUE
Region 1,202605,412,21,161,15,0,0,53,2,0,2026,5,2026-02-01,2026-02-07,2025,2025-26,19,TRUE
Region 1,202606,282,18,88,10,0,0,51,5,0,2026,6,2026-02-08,2026-02-14,2025,2025-26,20,TRUE
Region 1,202607,271,18,55,8,0,0,107,8,0,2026,7,2026-02-15,2026-02-21,2025,2025-26,21,TRUE
Region 1,202608,145,7,44,4,0,0,34,4,0,2026,8,2026-02-22,2026-02-28,2025,2025-26,22,TRUE
Region 1,202609,138,8,21,1,0,0,50,7,0,2026,9,2026-03-01,2026-03-07,2025,2025-26,23,TRUE
Region 1,202610,172,7,36,2,0,0,54,3,0,2026,10,2026-03-08,2026-03-14,2025,2025-26,24,TRUE
Region 1,202611,184,2,19,1,0,0,81,3,0,2026,11,2026-03-15,2026-03-21,2025,2025-26,25,TRUE
Region 1,202612,144,11,16,1,0,0,63,5,0,2026,12,2026-03-22,2026-03-28,2025,2025-26,26,TRUE
Region 1,202613,169,7,10,0,0,0,79,1,0,2026,13,2026-03-29,2026-04-04,2025,2025-26,27,TRUE
Region 1,202614,115,3,4,1,0,0,59,3,0,2026,14,2026-04-05,2026-04-11,2025,2025-26,28,TRUE
Region 1,202615,116,2,5,0,0,0,59,1,0,2026,15,2026-04-12,2026-04-18,2025,2025-26,29,TRUE
Region 1,202616,83,2,3,0,0,0,36,1,0,2026,16,2026-04-19,2026-04-25,2025,2025-26,30,TRUE
Region 1,202617,62,0,3,0,0,0,13,0,0,2026,17,2026-04-26,2026-05-02,2025,2025-26,31,TRUE
Region 1,202618,62,1,4,0,0,0,14,1,0,2026,18,2026-05-03,2026-05-09,2025,2025-26,32,TRUE
Region 1,202619,69,1,5,0,0,0,12,1,0,2026,19,2026-05-10,2026-05-16,2025,2025-26,33,TRUE
Region 1,202620,37,0,0,0,0,0,5,0,0,2026,20,2026-05-17,2026-05-23,2025,2025-26,34,TRUE
Region 1,202621,31,0,0,0,0,0,6,0,0,2026,21,2026-05-24,2026-05-30,2025,2025-26,35,TRUE
Region 1,202622,20,0,0,0,0,0,2,0,0,2026,22,2026-05-31,2026-06-06,2025,2025-26,36,TRUE
Region 1,202623,31,2,0,0,0,0,1,0,0,2026,23,2026-06-07,2026-06-13,2025,2025-26,37,TRUE
Region 1,202624,14,0,0,0,0,0,1,0,0,2026,24,2026-06-14,2026-06-20,2025,2025-26,38,TRUE
Region 1,202625,23,0,2,0,0,0,0,0,0,2026,25,2026-06-21,2026-06-27,2025,2025-26,39,TRUE
Region 1,202626,20,0,0,0,0,0,1,0,0,2026,26,2026-06-28,2026-07-04,2025,2025-26,40,TRUE
Region 1,202627,30,0,0,0,0,0,0,0,0,2026,27,2026-07-05,2026-07-11,2025,2025-26,41,TRUE
Region 1,202628,28,1,0,0,0,0,1,0,0,2026,28,2026-07-12,2026-07-18,2025,2025-26,42,TRUE
Region 1,202629,21,2,0,0,0,0,1,0,0,2026,29,2026-07-19,2026-07-25,2025,2025-26,43,TRUE
Region 1,202630,23,4,0,1,0,0,0,0,0,2026,30,2026-07-26,2026-08-01,2025,2025-26,44,TRUE
Region 1,202631,27,3,1,0,0,0,0,0,0,2026,31,2026-08-02,2026-08-08,2025,2025-26,45,TRUE
Region 1,202632,23,0,0,0,0,0,0,0,0,2026,32,2026-08-09,2026-08-15,2025,2025-26,46,TRUE
Region 1,202633,26,3,1,0,0,0,0,0,0,2026,33,2026-08-16,2026-08-22,2025,2025-26,47,TRUE
Region 1,202634,29,2,4,0,0,0,1,0,0,2026,34,2026-08-23,2026-08-29,2025,2025-26,48,TRUE
Region 1,202635,26,8,1,0,0,0,0,0,0,2026,35,2026-08-30,2026-09-05,2025,2025-26,49,TRUE
Region 1,202636,28,3,3,1,0,0,0,0,0,2026,36,2026-09-06,2026-09-12,2025,2025-26,50,TRUE
Region 1,202637,41,4,0,1,0,0,0,0,0,2026,37,2026-09-13,2026-09-19,2025,2025-26,51,TRUE
Region 1,202638,33,4,1,2,0,0,0,0,0,2026,38,2026-09-20,2026-09-26,2025,2025-26,52,TRUE
Region 10,201940,81,0,9,0,0,0,0,0,0,2019,40,2019-09-29,2019-10-05,2019,2019-20,1,FALSE
Region 10,201941,100,1,11,0,0,0,1,2,0,2019,41,2019-10-06,2019-10-12,2019,2019-20,2,FALSE
Region 10,201942,107,3,12,1,0,0,2,0,0,2019,42,2019-10-13,2019-10-19,2019,2019-20,3,FALSE
Region 10,201943,134,10,9,0,0,0,2,3,0,2019,43,2019-10-20,2019-10-26,2019,2019-20,4,FALSE
Region 10,201944,118,3,9,0,0,0,0,7,0,2019,44,2019-10-27,2019-11-02,2019,2019-20,5,FALSE
Region 10,201945,138,7,7,0,0,0,6,5,1,2019,45,2019-11-03,2019-11-09,2019,2019-20,6,FALSE
Region 10,201946,169,6,11,2,0,0,18,20,0,2019,46,2019-11-10,2019-11-16,2019,2019-20,7,FALSE
Region 10,201947,211,19,5,1,0,0,47,20,1,2019,47,2019-11-17,2019-11-23,2019,2019-20,8,FALSE
Region 10,201948,216,12,12,0,0,0,51,41,5,2019,48,2019-11-24,2019-11-30,2019,2019-20,9,FALSE
Region 10,201949,237,16,12,1,0,0,80,35,1,2019,49,2019-12-01,2019-12-07,2019,2019-20,10,FALSE
Region 10,201950,330,18,7,0,0,0,121,72,0,2019,50,2019-12-08,2019-12-14,2019,2019-20,11,FALSE
Region 10,201951,402,33,9,3,0,0,119,120,0,2019,51,2019-12-15,2019-12-21,2019,2019-20,12,FALSE
Region 10,201952,503,65,7,1,0,0,129,199,0,2019,52,2019-12-22,2019-12-28,2019,2019-20,13,FALSE
Region 10,202001,374,53,4,5,0,0,78,152,5,2020,1,2019-12-29,2020-01-04,2019,2019-20,14,FALSE
Region 10,202002,293,56,4,0,0,0,59,84,2,2020,2,2020-01-05,2020-01-11,2019,2019-20,15,FALSE
Region 10,202003,260,46,4,3,0,0,58,82,0,2020,3,2020-01-12,2020-01-18,2019,2019-20,16,FALSE
Region 10,202004,257,79,2,0,0,0,47,68,0,2020,4,2020-01-19,2020-01-25,2019,2019-20,17,FALSE
Region 10,202005,268,82,4,3,0,0,50,64,0,2020,5,2020-01-26,2020-02-01,2019,2019-20,18,FALSE
Region 10,202006,218,80,2,3,0,0,13,59,0,2020,6,2020-02-02,2020-02-08,2019,2019-20,19,FALSE
Region 10,202007,196,80,2,4,0,0,9,40,0,2020,7,2020-02-09,2020-02-15,2019,2019-20,20,FALSE
Region 10,202008,195,85,2,4,0,0,11,39,1,2020,8,2020-02-16,2020-02-22,2019,2019-20,21,FALSE
Region 10,202009,175,85,1,2,0,0,4,30,0,2020,9,2020-02-23,2020-02-29,2019,2019-20,22,FALSE
Region 10,202010,262,117,1,4,0,0,10,31,0,2020,10,2020-03-01,2020-03-07,2019,2019-20,23,FALSE
Region 10,202011,132,60,0,5,0,0,1,3,0,2020,11,2020-03-08,2020-03-14,2019,2019-20,24,FALSE
Region 10,202012,98,31,1,1,0,0,3,4,0,2020,12,2020-03-15,2020-03-21,2019,2019-20,25,FALSE
Region 10,202013,33,4,0,0,0,0,0,0,0,2020,13,2020-03-22,2020-03-28,2019,2019-20,26,FALSE
Region 10,202014,28,0,0,0,0,0,0,0,0,2020,14,2020-03-29,2020-04-04,2019,2019-20,27,FALSE
Region 10,202015,16,0,0,0,0,0,0,0,0,2020,15,2020-04-05,2020-04-11,2019,2019-20,28,FALSE
Region 10,202016,8,0,0,0,0,0,0,0,0,2020,16,2020-04-12,2020-04-18,2019,2019-20,29,FALSE
Region 10,202017,15,0,0,0,0,0,0,0,0,2020,17,2020-04-19,2020-04-25,2019,2019-20,30,FALSE
Region 10,202018,0,0,0,0,0,0,0,0,0,2020,18,2020-04-26,2020-05-02,2019,2019-20,31,FALSE
Region 10,202019,0,0,0,0,0,0,0,0,0,2020,19,2020-05-03,2020-05-09,2019,2019-20,32,FALSE
Region 10,202020,6,0,0,0,0,0,0,0,0,2020,20,2020-05-10,2020-05-16,2019,2019-20,33,FALSE
Region 10,202021,9,0,0,0,0,0,0,0,0,2020,21,2020-05-17,2020-05-23,2019,2019-20,34,FALSE
Region 10,202022,1,0,0,0,0,0,0,0,0,2020,22,2020-05-24,2020-05-30,2019,2019-20,35,FALSE
Region 10,202023,2,0,0,0,0,0,0,0,0,2020,23,2020-05-31,2020-06-06,2019,2019-20,36,FALSE
Region 10,202024,3,0,0,0,0,0,0,0,0,2020,24,2020-06-07,2020-06-13,2019,2019-20,37,FALSE
Region 10,202025,4,0,0,0,0,0,0,0,0,2020,25,2020-06-14,2020-06-20,2019,2019-20,38,FALSE
Region 10,202026,2,0,0,0,0,0,0,0,0,2020,26,2020-06-21,2020-06-27,2019,2019-20,39,FALSE
Region 10,202027,2,0,0,0,0,0,0,0,0,2020,27,2020-06-28,2020-07-04,2019,2019-20,40,FALSE
Region 10,202028,0,0,0,0,0,0,0,0,0,2020,28,2020-07-05,2020-07-11,2019,2019-20,41,FALSE
Region 10,202029,1,0,0,0,0,0,0,0,0,2020,29,2020-07-12,2020-07-18,2019,2019-20,42,FALSE
Region 10,202030,0,0,0,0,0,0,0,0,0,2020,30,2020-07-19,2020-07-25,2019,2019-20,43,FALSE
Region 10,202031,2,0,0,0,0,0,0,0,0,2020,31,2020-07-26,2020-08-01,2019,2019-20,44,FALSE
Region 10,202032,0,0,0,0,0,0,0,0,0,2020,32,2020-08-02,2020-08-08,2019,2019-20,45,FALSE
Region 10,202033,2,0,0,0,0,0,0,0,0,2020,33,2020-08-09,2020-08-15,2019,2019-20,46,FALSE
Region 10,202034,1,0,0,0,0,0,0,0,0,2020,34,2020-08-16,2020-08-22,2019,2019-20,47,FALSE
Region 10,202035,8,0,0,0,0,0,0,0,0,2020,35,2020-08-23,2020-08-29,2019,2019-20,48,FALSE
Region 10,202036,12,0,0,0,0,0,0,0,0,2020,36,2020-08-30,2020-09-05,2019,2019-20,49,FALSE
Region 10,202037,4,0,0,0,0,0,0,0,0,2020,37,2020-09-06,2020-09-12,2019,2019-20,50,FALSE
Region 10,202038,4,0,0,0,0,0,0,0,0,2020,38,2020-09-13,2020-09-19,2019,2019-20,51,FALSE
Region 10,202039,13,0,0,0,0,0,0,0,0,2020,39,2020-09-20,2020-09-26,2019,2019-20,52,FALSE
Region 10,202040,25,0,0,0,0,0,0,0,0,2020,40,2020-09-27,2020-10-03,2020,2020-21,1,FALSE
Region 10,202041,68,0,0,0,0,0,0,0,0,2020,41,2020-10-04,2020-10-10,2020,2020-21,2,FALSE
Region 10,202042,43,0,0,0,0,0,0,0,0,2020,42,2020-10-11,2020-10-17,2020,2020-21,3,FALSE
Region 10,202043,201,0,0,0,0,0,0,0,0,2020,43,2020-10-18,2020-10-24,2020,2020-21,4,FALSE
Region 10,202044,300,0,0,0,0,0,0,0,1,2020,44,2020-10-25,2020-10-31,2020,2020-21,5,FALSE
Region 10,202045,540,0,0,0,0,0,0,0,0,2020,45,2020-11-01,2020-11-07,2020,2020-21,6,FALSE
Region 10,202046,427,0,0,0,0,0,0,0,0,2020,46,2020-11-08,2020-11-14,2020,2020-21,7,FALSE
Region 10,202047,494,0,0,0,0,0,0,0,0,2020,47,2020-11-15,2020-11-21,2020,2020-21,8,FALSE
Region 10,202048,354,0,0,0,0,0,0,0,0,2020,48,2020-11-22,2020-11-28,2020,2020-21,9,FALSE
Region 10,202049,385,0,0,0,0,0,0,1,0,2020,49,2020-11-29,2020-12-05,2020,2020-21,10,FALSE
Region 10,202050,836,0,0,0,0,0,0,0,0,2020,50,2020-12-06,2020-12-12,2020,2020-21,11,FALSE
Region 10,202051,1075,0,0,0,0,0,0,0,0,2020,51,2020-12-13,2020-12-19,2020,2020-21,12,FALSE
Region 10,202052,477,0,0,0,0,0,0,0,0,2020,52,2020-12-20,2020-12-26,2020,2020-21,13,FALSE
Region 10,202053,612,1,1,0,0,0,2,0,0,2020,53,2020-12-27,2021-01-02,2020,2020-21,14,FALSE
Region 10,202101,494,0,0,0,0,0,0,0,0,2021,1,2021-01-03,2021-01-09,2020,2020-21,15,FALSE
Region 10,202102,526,0,0,0,0,0,0,0,0,2021,2,2021-01-10,2021-01-16,2020,2020-21,16,FALSE
Region 10,202103,476,0,0,1,0,0,0,0,0,2021,3,2021-01-17,2021-01-23,2020,2020-21,17,FALSE
Region 10,202104,648,0,0,0,0,0,0,0,0,2021,4,2021-01-24,2021-01-30,2020,2020-21,18,FALSE
Region 10,202105,678,0,0,0,0,0,0,0,0,2021,5,2021-01-31,2021-02-06,2020,2020-21,19,FALSE
Region 10,202106,564,0,0,0,0,0,0,0,0,2021,6,2021-02-07,2021-02-13,2020,2020-21,20,FALSE
Region 10,202107,731,0,0,0,0,0,0,0,0,2021,7,2021-02-14,2021-02-20,2020,2020-21,21,FALSE
Region 10,202108,835,0,0,0,0,0,0,0,0,2021,8,2021-02-21,2021-02-27,2020,2020-21,22,FALSE
Region 10,202109,1824,0,0,0,0,0,0,0,0,2021,9,2021-02-28,2021-03-06,2020,2020-21,23,FALSE
Region 10,202110,1494,0,0,0,0,0,0,0,0,2021,10,2021-03-07,2021-03-13,2020,2020-21,24,FALSE
Region 10,202111,1328,0,0,2,0,0,0,0,0,2021,11,2021-03-14,2021-03-20,2020,2020-21,25,FALSE
Region 10,202112,802,0,0,0,0,0,0,0,0,2021,12,2021-03-21,2021-03-27,2020,2020-21,26,FALSE
Region 10,202113,435,0,0,0,0,0,0,0,0,2021,13,2021-03-28,2021-04-03,2020,2020-21,27,FALSE
Region 10,202114,378,0,0,0,0,0,0,0,0,2021,14,2021-04-04,2021-04-10,2020,2020-21,28,FALSE
Region 10,202115,414,0,0,1,0,0,0,0,0,2021,15,2021-04-11,2021-04-17,2020,2020-21,29,FALSE
Region 10,202116,252,0,0,0,0,0,0,0,0,2021,16,2021-04-18,2021-04-24,2020,2020-21,30,FALSE
Region 10,202117,505,0,0,0,0,0,0,0,0,2021,17,2021-04-25,2021-05-01,2020,2020-21,31,FALSE
Region 10,202118,524,0,0,0,0,0,0,0,0,2021,18,2021-05-02,2021-05-08,2020,2020-21,32,FALSE
Region 10,202119,320,0,0,0,0,0,0,0,0,2021,19,2021-05-09,2021-05-15,2020,2020-21,33,FALSE
Region 10,202120,166,0,0,0,0,0,0,0,0,2021,20,2021-05-16,2021-05-22,2020,2020-21,34,FALSE
Region 10,202121,167,0,0,0,0,0,0,0,0,2021,21,2021-05-23,2021-05-29,2020,2020-21,35,FALSE
Region 10,202122,114,0,0,0,0,0,0,0,0,2021,22,2021-05-30,2021-06-05,2020,2020-21,36,FALSE
Region 10,202123,87,0,0,0,0,0,0,0,0,2021,23,2021-06-06,2021-06-12,2020,2020-21,37,FALSE
Region 10,202124,47,0,0,0,0,0,0,0,0,2021,24,2021-06-13,2021-06-19,2020,2020-21,38,FALSE
Region 10,202125,127,0,0,0,0,0,0,0,0,2021,25,2021-06-20,2021-06-26,2020,2020-21,39,FALSE
Region 10,202126,380,0,0,0,0,0,0,0,0,2021,26,2021-06-27,2021-07-03,2020,2020-21,40,FALSE
Region 10,202127,134,0,0,0,0,0,1,0,0,2021,27,2021-07-04,2021-07-10,2020,2020-21,41,FALSE
Region 10,202128,156,0,0,0,0,0,0,0,0,2021,28,2021-07-11,2021-07-17,2020,2020-21,42,FALSE
Region 10,202129,157,0,0,0,0,0,0,0,0,2021,29,2021-07-18,2021-07-24,2020,2020-21,43,FALSE
Region 10,202130,339,0,0,0,0,0,0,0,0,2021,30,2021-07-25,2021-07-31,2020,2020-21,44,FALSE
Region 10,202131,688,0,0,0,0,0,0,0,0,2021,31,2021-08-01,2021-08-07,2020,2020-21,45,FALSE
Region 10,202132,546,0,0,0,0,0,0,0,0,2021,32,2021-08-08,2021-08-14,2020,2020-21,46,FALSE
Region 10,202133,334,0,1,0,0,0,0,0,0,2021,33,2021-08-15,2021-08-21,2020,2020-21,47,FALSE
Region 10,202134,206,0,0,0,0,0,0,0,0,2021,34,2021-08-22,2021-08-28,2020,2020-21,48,FALSE
Region 10,202135,187,0,0,0,0,0,0,0,0,2021,35,2021-08-29,2021-09-04,2020,2020-21,49,FALSE
Region 10,202136,135,0,0,0,0,0,0,0,0,2021,36,2021-09-05,2021-09-11,2020,2020-21,50,FALSE
Region 10,202137,169,0,0,0,0,0,0,0,0,2021,37,2021-09-12,2021-09-18,2020,2020-21,51,FALSE
Region 10,202138,109,0,0,0,0,0,0,0,0,2021,38,2021-09-19,2021-09-25,2020,2020-21,52,FALSE
Region 10,202139,138,0,0,0,0,0,0,0,0,2021,39,2021-09-26,2021-10-02,2020,2020-21,53,FALSE
Region 10,202140,68,0,1,0,0,0,0,0,0,2021,40,2021-10-03,2021-10-09,2021,2021-22,1,FALSE
Region 10,202141,87,0,0,0,0,0,0,0,0,2021,41,2021-10-10,2021-10-16,2021,2021-22,2,FALSE
Region 10,202142,677,0,0,0,0,0,0,1,0,2021,42,2021-10-17,2021-10-23,2021,2021-22,3,FALSE
Region 10,202143,862,0,0,0,0,0,0,6,0,2021,43,2021-10-24,2021-10-30,2021,2021-22,4,FALSE
Region 10,202144,954,0,0,0,0,0,1,1,0,2021,44,2021-10-31,2021-11-06,2021,2021-22,5,FALSE
Region 10,202145,732,0,1,0,0,0,0,0,0,2021,45,2021-11-07,2021-11-13,2021,2021-22,6,FALSE
Region 10,202146,808,0,2,0,0,0,1,0,0,2021,46,2021-11-14,2021-11-20,2021,2021-22,7,FALSE
Region 10,202147,501,0,3,0,0,0,0,0,0,2021,47,2021-11-21,2021-11-27,2021,2021-22,8,FALSE
Region 10,202148,647,0,2,0,0,0,1,0,0,2021,48,2021-11-28,2021-12-04,2021,2021-22,9,FALSE
Region 10,202149,847,0,6,2,0,0,0,0,0,2021,49,2021-12-05,2021-12-11,2021,2021-22,10,FALSE
Region 10,202150,920,0,9,1,0,0,0,0,0,2021,50,2021-12-12,2021-12-18,2021,2021-22,11,FALSE
Region 10,202151,948,0,18,12,0,0,0,0,0,2021,51,2021-12-19,2021-12-25,2021,2021-22,12,FALSE
Region 10,202152,1041,0,37,11,0,0,0,0,0,2021,52,2021-12-26,2022-01-01,2021,2021-22,13,FALSE
Region 10,202201,1498,0,19,9,0,0,0,0,0,2022,1,2022-01-02,2022-01-08,2021,2021-22,14,FALSE
Region 10,202202,1739,0,15,0,0,0,0,0,0,2022,2,2022-01-09,2022-01-15,2021,2021-22,15,FALSE
Region 10,202203,1569,0,17,2,0,0,0,0,0,2022,3,2022-01-16,2022-01-22,2021,2021-22,16,FALSE
Region 10,202204,1341,0,13,5,0,0,2,0,0,2022,4,2022-01-23,2022-01-29,2021,2021-22,17,FALSE
Region 10,202205,344,0,7,1,0,0,0,0,0,2022,5,2022-01-30,2022-02-05,2021,2021-22,18,FALSE
Region 10,202206,311,0,15,4,0,0,0,0,0,2022,6,2022-02-06,2022-02-12,2021,2021-22,19,FALSE
Region 10,202207,234,0,25,3,0,0,0,0,0,2022,7,2022-02-13,2022-02-19,2021,2021-22,20,FALSE
Region 10,202208,177,0,36,6,0,0,0,0,0,2022,8,2022-02-20,2022-02-26,2021,2021-22,21,FALSE
Region 10,202209,760,0,45,2,0,0,0,0,0,2022,9,2022-02-27,2022-03-05,2021,2021-22,22,FALSE
Region 10,202210,844,0,57,4,0,0,0,0,0,2022,10,2022-03-06,2022-03-12,2021,2021-22,23,FALSE
Region 10,202211,664,0,39,5,0,0,0,0,0,2022,11,2022-03-13,2022-03-19,2021,2021-22,24,FALSE
Region 10,202212,640,0,61,3,0,0,0,0,0,2022,12,2022-03-20,2022-03-26,2021,2021-22,25,FALSE
Region 10,202213,544,0,41,2,0,0,0,0,0,2022,13,2022-03-27,2022-04-02,2021,2021-22,26,FALSE
Region 10,202214,214,0,25,3,0,0,0,0,0,2022,14,2022-04-03,2022-04-09,2021,2021-22,27,FALSE
Region 10,202215,198,0,39,2,0,0,0,0,0,2022,15,2022-04-10,2022-04-16,2021,2021-22,28,FALSE
Region 10,202216,400,0,60,8,0,0,0,0,0,2022,16,2022-04-17,2022-04-23,2021,2021-22,29,FALSE
Region 10,202217,572,0,70,8,0,0,0,0,0,2022,17,2022-04-24,2022-04-30,2021,2021-22,30,FALSE
Region 10,202218,879,0,88,7,0,0,1,0,0,2022,18,2022-05-01,2022-05-07,2021,2021-22,31,FALSE
Region 10,202219,1006,0,57,5,0,0,0,0,0,2022,19,2022-05-08,2022-05-14,2021,2021-22,32,FALSE
Region 10,202220,888,0,56,1,0,0,0,0,0,2022,20,2022-05-15,2022-05-21,2021,2021-22,33,FALSE
Region 10,202221,873,0,54,2,0,0,0,0,0,2022,21,2022-05-22,2022-05-28,2021,2021-22,34,FALSE
Region 10,202222,718,0,33,3,0,0,0,0,0,2022,22,2022-05-29,2022-06-04,2021,2021-22,35,FALSE
Region 10,202223,959,0,18,2,0,0,0,0,0,2022,23,2022-06-05,2022-06-11,2021,2021-22,36,FALSE
Region 10,202224,891,0,23,3,0,0,0,0,0,2022,24,2022-06-12,2022-06-18,2021,2021-22,37,FALSE
Region 10,202225,803,0,26,5,0,0,1,0,0,2022,25,2022-06-19,2022-06-25,2021,2021-22,38,FALSE
Region 10,202226,567,0,12,2,0,0,0,0,0,2022,26,2022-06-26,2022-07-02,2021,2021-22,39,FALSE
Region 10,202227,1029,0,13,1,0,0,0,0,0,2022,27,2022-07-03,2022-07-09,2021,2021-22,40,FALSE
Region 10,202228,1442,0,9,2,0,0,0,0,0,2022,28,2022-07-10,2022-07-16,2021,2021-22,41,FALSE
Region 10,202229,1569,0,3,1,0,0,0,0,0,2022,29,2022-07-17,2022-07-23,2021,2021-22,42,FALSE
Region 10,202230,1609,0,1,2,0,0,0,0,0,2022,30,2022-07-24,2022-07-30,2021,2021-22,43,FALSE
Region 10,202231,1468,0,2,0,0,0,0,0,0,2022,31,2022-07-31,2022-08-06,2021,2021-22,44,FALSE
Region 10,202232,1515,0,4,0,0,0,0,0,0,2022,32,2022-08-07,2022-08-13,2021,2021-22,45,FALSE
Region 10,202233,1342,1,0,0,0,0,0,0,0,2022,33,2022-08-14,2022-08-20,2021,2021-22,46,FALSE
Region 10,202234,1269,1,4,0,0,0,0,0,0,2022,34,2022-08-21,2022-08-27,2021,2021-22,47,FALSE
Region 10,202235,1434,0,2,1,0,0,0,0,0,2022,35,2022-08-28,2022-09-03,2021,2021-22,48,FALSE
Region 10,202236,1520,0,4,8,0,0,0,0,0,2022,36,2022-09-04,2022-09-10,2021,2021-22,49,FALSE
Region 10,202237,1523,0,3,1,0,0,0,0,0,2022,37,2022-09-11,2022-09-17,2021,2021-22,50,FALSE
Region 10,202238,1474,0,0,0,0,0,0,0,0,2022,38,2022-09-18,2022-09-24,2021,2021-22,51,FALSE
Region 10,202239,1161,1,2,1,0,0,1,0,0,2022,39,2022-09-25,2022-10-01,2021,2021-22,52,FALSE
Region 10,202240,728,2,7,0,0,0,2,1,0,2022,40,2022-10-02,2022-10-08,2022,2022-23,1,TRUE
Region 10,202241,942,2,4,0,0,0,0,0,0,2022,41,2022-10-09,2022-10-15,2022,2022-23,2,TRUE
Region 10,202242,1080,4,11,1,0,0,0,0,0,2022,42,2022-10-16,2022-10-22,2022,2022-23,3,TRUE
Region 10,202243,1110,6,16,0,0,0,0,0,0,2022,43,2022-10-23,2022-10-29,2022,2022-23,4,TRUE
Region 10,202244,1404,14,45,6,0,0,0,0,0,2022,44,2022-10-30,2022-11-05,2022,2022-23,5,TRUE
Region 10,202245,1340,18,139,17,0,0,0,0,0,2022,45,2022-11-06,2022-11-12,2022,2022-23,6,TRUE
Region 10,202246,1598,49,243,44,0,0,1,0,0,2022,46,2022-11-13,2022-11-19,2022,2022-23,7,TRUE
Region 10,202247,1296,99,355,34,0,0,0,0,0,2022,47,2022-11-20,2022-11-26,2022,2022-23,8,TRUE
Region 10,202248,2387,157,466,107,0,0,1,0,0,2022,48,2022-11-27,2022-12-03,2022,2022-23,9,TRUE
Region 10,202249,2229,154,482,56,0,0,0,0,0,2022,49,2022-12-04,2022-12-10,2022,2022-23,10,TRUE
Region 10,202250,2068,159,439,47,0,0,0,1,0,2022,50,2022-12-11,2022-12-17,2022,2022-23,11,TRUE
Region 10,202251,1235,119,301,24,0,0,1,1,0,2022,51,2022-12-18,2022-12-24,2022,2022-23,12,TRUE
Region 10,202252,1131,97,202,22,0,0,0,0,0,2022,52,2022-12-25,2022-12-31,2022,2022-23,13,TRUE
Region 10,202301,1266,43,115,18,0,0,0,1,0,2023,1,2023-01-01,2023-01-07,2022,2022-23,14,TRUE
Region 10,202302,1094,18,37,8,0,0,0,0,0,2023,2,2023-01-08,2023-01-14,2022,2022-23,15,TRUE
Region 10,202303,1109,15,21,12,0,0,0,1,0,2023,3,2023-01-15,2023-01-21,2022,2022-23,16,TRUE
Region 10,202304,623,6,8,10,0,0,0,0,0,2023,4,2023-01-22,2023-01-28,2022,2022-23,17,TRUE
Region 10,202305,472,1,10,6,0,0,0,1,0,2023,5,2023-01-29,2023-02-04,2022,2022-23,18,TRUE
Region 10,202306,604,5,6,5,0,0,1,0,0,2023,6,2023-02-05,2023-02-11,2022,2022-23,19,TRUE
Region 10,202307,888,6,4,3,0,0,1,2,0,2023,7,2023-02-12,2023-02-18,2022,2022-23,20,TRUE
Region 10,202308,594,3,2,4,0,0,1,1,0,2023,8,2023-02-19,2023-02-25,2022,2022-23,21,TRUE
Region 10,202309,984,2,1,4,0,0,0,0,0,2023,9,2023-02-26,2023-03-04,2022,2022-23,22,TRUE
Region 10,202310,613,0,2,3,0,0,0,0,0,2023,10,2023-03-05,2023-03-11,2022,2022-23,23,TRUE
Region 10,202311,542,2,0,1,0,0,0,0,0,2023,11,2023-03-12,2023-03-18,2022,2022-23,24,TRUE
Region 10,202312,470,2,2,1,0,0,0,1,0,2023,12,2023-03-19,2023-03-25,2022,2022-23,25,TRUE
Region 10,202313,463,1,0,3,0,0,0,1,0,2023,13,2023-03-26,2023-04-01,2022,2022-23,26,TRUE
Region 10,202314,480,1,0,2,0,0,0,4,0,2023,14,2023-04-02,2023-04-08,2022,2022-23,27,TRUE
Region 10,202315,554,3,1,1,0,0,0,3,0,2023,15,2023-04-09,2023-04-15,2022,2022-23,28,TRUE
Region 10,202316,438,2,0,0,0,0,1,5,0,2023,16,2023-04-16,2023-04-22,2022,2022-23,29,TRUE
Region 10,202317,327,2,0,1,0,0,0,4,0,2023,17,2023-04-23,2023-04-29,2022,2022-23,30,TRUE
Region 10,202318,485,5,0,1,0,0,1,3,0,2023,18,2023-04-30,2023-05-06,2022,2022-23,31,TRUE
Region 10,202319,343,7,0,0,0,0,0,1,0,2023,19,2023-05-07,2023-05-13,2022,2022-23,32,TRUE
Region 10,202320,272,4,0,0,0,0,0,3,0,2023,20,2023-05-14,2023-05-20,2022,2022-23,33,TRUE
Region 10,202321,209,5,1,0,0,0,0,0,0,2023,21,2023-05-21,2023-05-27,2022,2022-23,34,TRUE
Region 10,202322,140,14,0,1,0,0,0,0,0,2023,22,2023-05-28,2023-06-03,2022,2022-23,35,TRUE
Region 10,202323,287,33,2,1,0,0,0,0,0,2023,23,2023-06-04,2023-06-10,2022,2022-23,36,TRUE
Region 10,202324,223,16,0,0,0,0,0,2,0,2023,24,2023-06-11,2023-06-17,2022,2022-23,37,TRUE
Region 10,202325,297,13,0,0,0,0,0,2,0,2023,25,2023-06-18,2023-06-24,2022,2022-23,38,TRUE
Region 10,202326,234,10,13,1,0,0,0,0,0,2023,26,2023-06-25,2023-07-01,2022,2022-23,39,TRUE
Region 10,202327,250,10,0,0,0,0,0,1,0,2023,27,2023-07-02,2023-07-08,2022,2022-23,40,TRUE
Region 10,202328,220,7,0,0,0,0,0,0,0,2023,28,2023-07-09,2023-07-15,2022,2022-23,41,TRUE
Region 10,202329,249,8,0,0,0,0,0,0,0,2023,29,2023-07-16,2023-07-22,2022,2022-23,42,TRUE
Region 10,202330,228,3,0,1,0,0,0,1,0,2023,30,2023-07-23,2023-07-29,2022,2022-23,43,TRUE
Region 10,202331,225,9,1,0,0,0,0,0,0,2023,31,2023-07-30,2023-08-05,2022,2022-23,44,TRUE
Region 10,202332,355,9,1,2,0,0,0,2,0,2023,32,2023-08-06,2023-08-12,2022,2022-23,45,TRUE
Region 10,202333,333,6,0,2,0,0,0,0,0,2023,33,2023-08-13,2023-08-19,2022,2022-23,46,TRUE
Region 10,202334,407,7,0,0,0,0,0,0,0,2023,34,2023-08-20,2023-08-26,2022,2022-23,47,TRUE
Region 10,202335,355,2,0,1,0,0,0,0,0,2023,35,2023-08-27,2023-09-02,2022,2022-23,48,TRUE
Region 10,202336,289,7,3,0,0,0,0,1,0,2023,36,2023-09-03,2023-09-09,2022,2022-23,49,TRUE
Region 10,202337,433,11,3,1,0,0,0,1,0,2023,37,2023-09-10,2023-09-16,2022,2022-23,50,TRUE
Region 10,202338,422,11,2,0,0,0,0,2,0,2023,38,2023-09-17,2023-09-23,2022,2022-23,51,TRUE
Region 10,202339,439,10,0,0,0,0,0,0,0,2023,39,2023-09-24,2023-09-30,2022,2022-23,52,TRUE
Region 10,202340,324,10,0,0,0,0,0,0,0,2023,40,2023-10-01,2023-10-07,2023,2023-24,1,TRUE
Region 10,202341,228,4,1,0,0,0,0,0,0,2023,41,2023-10-08,2023-10-14,2023,2023-24,2,TRUE
Region 10,202342,283,11,1,0,0,0,0,2,0,2023,42,2023-10-15,2023-10-21,2023,2023-24,3,TRUE
Region 10,202343,228,10,1,2,0,0,1,0,0,2023,43,2023-10-22,2023-10-28,2023,2023-24,4,TRUE
Region 10,202344,230,17,0,0,0,0,0,0,0,2023,44,2023-10-29,2023-11-04,2023,2023-24,5,TRUE
Region 10,202345,207,14,2,1,0,0,0,1,0,2023,45,2023-11-05,2023-11-11,2023,2023-24,6,TRUE
Region 10,202346,327,12,1,0,0,0,1,2,0,2023,46,2023-11-12,2023-11-18,2023,2023-24,7,TRUE
Region 10,202347,194,29,1,2,0,0,0,5,0,2023,47,2023-11-19,2023-11-25,2023,2023-24,8,TRUE
Region 10,202348,333,18,7,2,0,0,0,3,0,2023,48,2023-11-26,2023-12-02,2023,2023-24,9,TRUE
Region 10,202349,235,51,6,5,0,0,0,6,0,2023,49,2023-12-03,2023-12-09,2023,2023-24,10,TRUE
Region 10,202350,312,59,2,0,0,0,0,12,0,2023,50,2023-12-10,2023-12-16,2023,2023-24,11,TRUE
Region 10,202351,240,81,4,2,0,0,0,16,0,2023,51,2023-12-17,2023-12-23,2023,2023-24,12,TRUE
Region 10,202352,236,87,11,8,0,0,0,15,0,2023,52,2023-12-24,2023-12-30,2023,2023-24,13,TRUE
Region 10,202401,305,76,18,4,0,0,0,19,0,2024,1,2023-12-31,2024-01-06,2023,2023-24,14,TRUE
Region 10,202402,302,53,11,5,0,0,3,17,0,2024,2,2024-01-07,2024-01-13,2023,2023-24,15,TRUE
Region 10,202403,132,17,7,7,0,0,0,13,0,2024,3,2024-01-14,2024-01-20,2023,2023-24,16,TRUE
Region 10,202404,185,31,9,3,0,0,0,9,0,2024,4,2024-01-21,2024-01-27,2023,2023-24,17,TRUE
Region 10,202405,197,29,8,0,0,0,0,13,0,2024,5,2024-01-28,2024-02-03,2023,2023-24,18,TRUE
Region 10,202406,189,26,7,1,0,0,0,17,0,2024,6,2024-02-04,2024-02-10,2023,2023-24,19,TRUE
Region 10,202407,185,20,13,1,0,0,0,30,0,2024,7,2024-02-11,2024-02-17,2023,2023-24,20,TRUE
Region 10,202408,198,25,13,6,0,0,3,33,0,2024,8,2024-02-18,2024-02-24,2023,2023-24,21,TRUE
Region 10,202409,214,36,7,3,0,0,0,17,0,2024,9,2024-02-25,2024-03-02,2023,2023-24,22,TRUE
Region 10,202410,172,20,4,1,0,0,0,21,0,2024,10,2024-03-03,2024-03-09,2023,2023-24,23,TRUE
Region 10,202411,191,29,7,1,0,0,2,24,0,2024,11,2024-03-10,2024-03-16,2023,2023-24,24,TRUE
Region 10,202412,167,24,13,4,0,0,0,13,0,2024,12,2024-03-17,2024-03-23,2023,2023-24,25,TRUE
Region 10,202413,165,15,7,1,0,0,0,15,0,2024,13,2024-03-24,2024-03-30,2023,2023-24,26,TRUE
Region 10,202414,152,17,6,0,0,0,1,11,0,2024,14,2024-03-31,2024-04-06,2023,2023-24,27,TRUE
Region 10,202415,149,10,6,1,0,0,0,15,0,2024,15,2024-04-07,2024-04-13,2023,2023-24,28,TRUE
Region 10,202416,114,7,7,0,0,0,0,2,0,2024,16,2024-04-14,2024-04-20,2023,2023-24,29,TRUE
Region 10,202417,110,2,5,1,0,0,1,3,0,2024,17,2024-04-21,2024-04-27,2023,2023-24,30,TRUE
Region 10,202418,119,5,8,1,0,0,0,5,0,2024,18,2024-04-28,2024-05-04,2023,2023-24,31,TRUE
Region 10,202419,148,9,9,1,0,0,3,10,0,2024,19,2024-05-05,2024-05-11,2023,2023-24,32,TRUE
Region 10,202420,114,2,8,1,0,0,0,5,0,2024,20,2024-05-12,2024-05-18,2023,2023-24,33,TRUE
Region 10,202421,111,3,4,0,0,0,0,4,0,2024,21,2024-05-19,2024-05-25,2023,2023-24,34,TRUE
Region 10,202422,112,8,3,1,0,0,1,5,0,2024,22,2024-05-26,2024-06-01,2023,2023-24,35,TRUE
Region 10,202423,118,7,8,2,0,0,1,1,0,2024,23,2024-06-02,2024-06-08,2023,2023-24,36,TRUE
Region 10,202424,119,4,6,1,0,0,0,1,0,2024,24,2024-06-09,2024-06-15,2023,2023-24,37,TRUE
Region 10,202425,163,6,6,0,0,0,0,4,0,2024,25,2024-06-16,2024-06-22,2023,2023-24,38,TRUE
Region 10,202426,130,5,11,1,0,0,0,2,0,2024,26,2024-06-23,2024-06-29,2023,2023-24,39,TRUE
Region 10,202427,101,0,3,4,0,0,1,0,0,2024,27,2024-06-30,2024-07-06,2023,2023-24,40,TRUE
Region 10,202428,165,1,3,4,0,0,0,0,0,2024,28,2024-07-07,2024-07-13,2023,2023-24,41,TRUE
Region 10,202429,171,0,1,0,0,0,1,1,0,2024,29,2024-07-14,2024-07-20,2023,2023-24,42,TRUE
Region 10,202430,121,1,1,0,0,0,0,0,0,2024,30,2024-07-21,2024-07-27,2023,2023-24,43,TRUE
Region 10,202431,129,1,5,0,0,0,0,0,0,2024,31,2024-07-28,2024-08-03,2023,2023-24,44,TRUE
Region 10,202432,157,3,1,0,0,0,0,0,0,2024,32,2024-08-04,2024-08-10,2023,2023-24,45,TRUE
Region 10,202433,142,0,2,0,0,0,0,0,0,2024,33,2024-08-11,2024-08-17,2023,2023-24,46,TRUE
Region 10,202434,102,2,1,0,0,0,0,0,0,2024,34,2024-08-18,2024-08-24,2023,2023-24,47,TRUE
Region 10,202435,106,0,3,0,0,0,0,0,0,2024,35,2024-08-25,2024-08-31,2023,2023-24,48,TRUE
Region 10,202436,100,0,2,0,0,0,0,1,0,2024,36,2024-09-01,2024-09-07,2023,2023-24,49,TRUE
Region 10,202437,98,1,2,0,0,0,0,0,0,2024,37,2024-09-08,2024-09-14,2023,2023-24,50,TRUE
Region 10,202438,92,1,2,3,0,0,0,0,0,2024,38,2024-09-15,2024-09-21,2023,2023-24,51,TRUE
Region 10,202439,101,4,4,2,0,0,0,0,0,2024,39,2024-09-22,2024-09-28,2023,2023-24,52,TRUE
Region 10,202440,118,3,3,0,0,0,0,1,0,2024,40,2024-09-29,2024-10-05,2024,2024-25,1,TRUE
Region 10,202441,129,6,4,0,0,0,0,1,0,2024,41,2024-10-06,2024-10-12,2024,2024-25,2,TRUE
Region 10,202442,179,14,4,4,0,10,0,1,0,2024,42,2024-10-13,2024-10-19,2024,2024-25,3,TRUE
Region 10,202443,206,11,2,0,0,4,0,0,0,2024,43,2024-10-20,2024-10-26,2024,2024-25,4,TRUE
Region 10,202444,116,7,15,3,0,1,0,0,0,2024,44,2024-10-27,2024-11-02,2024,2024-25,5,TRUE
Region 10,202445,94,12,11,0,0,1,1,0,0,2024,45,2024-11-03,2024-11-09,2024,2024-25,6,TRUE
Region 10,202446,103,13,30,0,0,0,1,0,0,2024,46,2024-11-10,2024-11-16,2024,2024-25,7,TRUE
Region 10,202447,125,26,18,4,0,0,8,0,0,2024,47,2024-11-17,2024-11-23,2024,2024-25,8,TRUE
Region 10,202448,124,34,39,1,0,0,8,0,0,2024,48,2024-11-24,2024-11-30,2024,2024-25,9,TRUE
Region 10,202449,196,49,62,1,0,0,8,0,0,2024,49,2024-12-01,2024-12-07,2024,2024-25,10,TRUE
Region 10,202450,317,87,114,6,0,0,8,4,0,2024,50,2024-12-08,2024-12-14,2024,2024-25,11,TRUE
Region 10,202451,554,160,238,30,0,0,3,3,0,2024,51,2024-12-15,2024-12-21,2024,2024-25,12,TRUE
Region 10,202452,663,181,321,59,0,0,5,4,0,2024,52,2024-12-22,2024-12-28,2024,2024-25,13,TRUE
Region 10,202501,528,151,216,33,0,0,4,3,0,2025,1,2024-12-29,2025-01-04,2024,2024-25,14,TRUE
Region 10,202502,435,134,150,18,0,0,5,0,0,2025,2,2025-01-05,2025-01-11,2024,2024-25,15,TRUE
Region 10,202503,411,109,151,10,0,0,3,1,0,2025,3,2025-01-12,2025-01-18,2024,2024-25,16,TRUE
Region 10,202504,463,144,186,9,0,0,5,0,0,2025,4,2025-01-19,2025-01-25,2024,2024-25,17,TRUE
Region 10,202505,765,281,285,19,0,0,6,4,0,2025,5,2025-01-26,2025-02-01,2024,2024-25,18,TRUE
Region 10,202506,818,345,280,38,0,0,6,2,0,2025,6,2025-02-02,2025-02-08,2024,2024-25,19,TRUE
Region 10,202507,716,273,200,29,0,0,20,4,0,2025,7,2025-02-09,2025-02-15,2024,2024-25,20,TRUE
Region 10,202508,773,337,205,25,0,0,11,5,0,2025,8,2025-02-16,2025-02-22,2024,2024-25,21,TRUE
Region 10,202509,603,238,161,11,0,0,11,3,0,2025,9,2025-02-23,2025-03-01,2024,2024-25,22,TRUE
Region 10,202510,398,132,94,11,0,0,12,3,0,2025,10,2025-03-02,2025-03-08,2024,2024-25,23,TRUE
Region 10,202511,343,141,80,4,0,0,8,4,0,2025,11,2025-03-09,2025-03-15,2024,2024-25,24,TRUE
Region 10,202512,283,114,60,5,0,0,2,5,0,2025,12,2025-03-16,2025-03-22,2024,2024-25,25,TRUE
Region 10,202513,261,92,32,8,0,0,7,11,0,2025,13,2025-03-23,2025-03-29,2024,2024-25,26,TRUE
Region 10,202514,209,69,18,2,0,0,10,10,0,2025,14,2025-03-30,2025-04-05,2024,2024-25,27,TRUE
Region 10,202515,186,51,13,3,0,0,7,6,0,2025,15,2025-04-06,2025-04-12,2024,2024-25,28,TRUE
Region 10,202516,135,33,12,3,0,0,11,14,0,2025,16,2025-04-13,2025-04-19,2024,2024-25,29,TRUE
Region 10,202517,150,22,12,3,0,0,11,11,0,2025,17,2025-04-20,2025-04-26,2024,2024-25,30,TRUE
Region 10,202518,138,27,10,1,0,0,18,10,0,2025,18,2025-04-27,2025-05-03,2024,2024-25,31,TRUE
Region 10,202519,129,20,2,1,0,0,10,3,0,2025,19,2025-05-04,2025-05-10,2024,2024-25,32,TRUE
Region 10,202520,107,11,2,2,0,0,12,0,0,2025,20,2025-05-11,2025-05-17,2024,2024-25,33,TRUE
Region 10,202521,90,9,0,10,0,0,2,4,0,2025,21,2025-05-18,2025-05-24,2024,2024-25,34,TRUE
Region 10,202522,99,5,1,5,0,0,12,3,0,2025,22,2025-05-25,2025-05-31,2024,2024-25,35,TRUE
Region 10,202523,117,20,0,6,0,0,13,4,0,2025,23,2025-06-01,2025-06-07,2024,2024-25,36,TRUE
Region 10,202524,87,22,0,4,0,0,6,0,0,2025,24,2025-06-08,2025-06-14,2024,2024-25,37,TRUE
Region 10,202525,89,10,0,2,0,0,6,0,0,2025,25,2025-06-15,2025-06-21,2024,2024-25,38,TRUE
Region 10,202526,95,16,0,0,0,0,7,1,0,2025,26,2025-06-22,2025-06-28,2024,2024-25,39,TRUE
Region 10,202527,70,5,0,1,0,0,2,0,0,2025,27,2025-06-29,2025-07-05,2024,2024-25,40,TRUE
Region 10,202528,74,8,0,0,0,0,0,0,0,2025,28,2025-07-06,2025-07-12,2024,2024-25,41,TRUE
Region 10,202529,80,4,0,1,0,0,0,0,0,2025,29,2025-07-13,2025-07-19,2024,2024-25,42,TRUE
Region 10,202530,97,10,1,0,0,0,0,0,0,2025,30,2025-07-20,2025-07-26,2024,2024-25,43,TRUE
Region 10,202531,81,5,0,0,0,0,0,0,0,2025,31,2025-07-27,2025-08-02,2024,2024-25,44,TRUE
Region 10,202532,88,1,1,0,0,0,0,0,0,2025,32,2025-08-03,2025-08-09,2024,2024-25,45,TRUE
Region 10,202533,149,2,0,0,0,0,0,0,0,2025,33,2025-08-10,2025-08-16,2024,2024-25,46,TRUE
Region 10,202534,152,7,0,0,0,0,1,0,0,2025,34,2025-08-17,2025-08-23,2024,2024-25,47,TRUE
Region 10,202535,118,9,1,0,0,0,0,0,0,2025,35,2025-08-24,2025-08-30,2024,2024-25,48,TRUE
Region 10,202536,155,11,2,0,0,0,0,0,0,2025,36,2025-08-31,2025-09-06,2024,2024-25,49,TRUE
Region 10,202537,120,10,0,0,0,0,0,0,0,2025,37,2025-09-07,2025-09-13,2024,2024-25,50,TRUE
Region 10,202538,129,11,1,0,0,0,0,0,0,2025,38,2025-09-14,2025-09-20,2024,2024-25,51,TRUE
Region 10,202539,150,10,2,1,0,0,5,0,0,2025,39,2025-09-21,2025-09-27,2024,2024-25,52,TRUE
Region 10,202540,135,4,1,0,0,0,1,0,0,2025,40,2025-09-28,2025-10-04,2025,2025-26,1,TRUE
Region 10,202541,110,12,5,0,0,0,3,0,0,2025,41,2025-10-05,2025-10-11,2025,2025-26,2,TRUE
Region 10,202542,125,7,1,1,0,0,1,0,0,2025,42,2025-10-12,2025-10-18,2025,2025-26,3,TRUE
Region 10,202543,137,19,5,1,0,0,0,0,0,2025,43,2025-10-19,2025-10-25,2025,2025-26,4,TRUE
Region 10,202544,104,5,1,0,0,0,2,0,0,2025,44,2025-10-26,2025-11-01,2025,2025-26,5,TRUE
Region 10,202545,125,28,12,2,0,0,0,0,0,2025,45,2025-11-02,2025-11-08,2025,2025-26,6,TRUE
Region 10,202546,121,26,19,2,0,2,0,1,0,2025,46,2025-11-09,2025-11-15,2025,2025-26,7,TRUE
Region 10,202547,139,22,34,0,0,0,0,0,0,2025,47,2025-11-16,2025-11-22,2025,2025-26,8,TRUE
Region 10,202548,192,44,80,2,0,0,0,4,0,2025,48,2025-11-23,2025-11-29,2025,2025-26,9,TRUE
Region 10,202549,203,22,82,3,0,0,0,5,0,2025,49,2025-11-30,2025-12-06,2025,2025-26,10,TRUE
Region 10,202550,190,19,90,3,0,0,2,2,0,2025,50,2025-12-07,2025-12-13,2025,2025-26,11,TRUE
Region 10,202551,314,31,186,7,0,0,2,2,0,2025,51,2025-12-14,2025-12-20,2025,2025-26,12,TRUE
Region 10,202552,379,31,257,6,0,0,0,8,0,2025,52,2025-12-21,2025-12-27,2025,2025-26,13,TRUE
Region 10,202553,459,53,291,2,0,0,2,3,0,2025,53,2025-12-28,2026-01-03,2025,2025-26,14,TRUE
Region 10,202601,392,37,219,4,0,0,4,6,0,2026,1,2026-01-04,2026-01-10,2025,2025-26,15,TRUE
Region 10,202602,394,36,238,4,0,0,6,9,0,2026,2,2026-01-11,2026-01-17,2025,2025-26,16,TRUE
Region 10,202603,712,82,485,4,0,0,7,14,0,2026,3,2026-01-18,2026-01-24,2025,2025-26,17,TRUE
Region 10,202604,535,63,325,6,0,0,6,24,0,2026,4,2026-01-25,2026-01-31,2025,2025-26,18,TRUE
Region 10,202605,630,96,353,6,0,0,17,29,0,2026,5,2026-02-01,2026-02-07,2025,2025-26,19,TRUE
Region 10,202606,485,55,247,8,0,0,14,35,0,2026,6,2026-02-08,2026-02-14,2025,2025-26,20,TRUE
Region 10,202607,349,38,141,6,0,0,8,39,0,2026,7,2026-02-15,2026-02-21,2025,2025-26,21,TRUE
Region 10,202608,323,23,127,5,0,0,9,56,0,2026,8,2026-02-22,2026-02-28,2025,2025-26,22,TRUE
Region 10,202609,309,22,119,4,0,0,14,46,0,2026,9,2026-03-01,2026-03-07,2025,2025-26,23,TRUE
Region 10,202610,230,15,53,4,0,0,14,47,0,2026,10,2026-03-08,2026-03-14,2025,2025-26,24,TRUE
Region 10,202611,216,7,31,5,0,0,19,47,0,2026,11,2026-03-15,2026-03-21,2025,2025-26,25,TRUE
Region 10,202612,153,3,16,0,0,0,21,36,0,2026,12,2026-03-22,2026-03-28,2025,2025-26,26,TRUE
Region 10,202613,155,4,17,1,0,0,15,36,0,2026,13,2026-03-29,2026-04-04,2025,2025-26,27,TRUE
Region 10,202614,112,0,10,1,0,0,13,14,0,2026,14,2026-04-05,2026-04-11,2025,2025-26,28,TRUE
Region 10,202615,126,7,9,0,0,0,18,12,0,2026,15,2026-04-12,2026-04-18,2025,2025-26,29,TRUE
Region 10,202616,93,1,4,0,0,0,19,12,0,2026,16,2026-04-19,2026-04-25,2025,2025-26,30,TRUE
Region 10,202617,67,2,2,0,0,0,6,11,0,2026,17,2026-04-26,2026-05-02,2025,2025-26,31,TRUE
Region 10,202618,66,0,1,0,0,0,11,8,0,2026,18,2026-05-03,2026-05-09,2025,2025-26,32,TRUE
Region 10,202619,46,2,0,0,0,0,16,7,0,2026,19,2026-05-10,2026-05-16,2025,2025-26,33,TRUE
Region 10,202620,75,1,1,0,0,0,12,4,0,2026,20,2026-05-17,2026-05-23,2025,2025-26,34,TRUE
Region 10,202621,53,2,1,0,0,0,3,2,0,2026,21,2026-05-24,2026-05-30,2025,2025-26,35,TRUE
Region 10,202622,67,4,0,0,0,0,4,0,0,2026,22,2026-05-31,2026-06-06,2025,2025-26,36,TRUE
Region 10,202623,65,4,0,4,0,0,5,1,0,2026,23,2026-06-07,2026-06-13,2025,2025-26,37,TRUE
Region 10,202624,54,3,0,0,0,0,6,0,0,2026,24,2026-06-14,2026-06-20,2025,2025-26,38,TRUE
Region 10,202625,54,11,1,0,0,0,1,0,0,2026,25,2026-06-21,2026-06-27,2025,2025-26,39,TRUE
Region 10,202626,39,4,0,0,0,0,0,0,0,2026,26,2026-06-28,2026-07-04,2025,2025-26,40,TRUE
Region 10,202627,46,3,0,0,0,0,1,0,0,2026,27,2026-07-05,2026-07-11,2025,2025-26,41,TRUE
Region 10,202628,39,8,0,0,0,0,0,2,0,2026,28,2026-07-12,2026-07-18,2025,2025-26,42,TRUE
Region 10,202629,40,4,0,0,0,0,0,0,0,2026,29,2026-07-19,2026-07-25,2025,2025-26,43,TRUE
Region 10,202630,47,8,0,0,0,0,1,0,0,2026,30,2026-07-26,2026-08-01,2025,2025-26,44,TRUE
Region 10,202631,38,3,0,0,0,0,0,0,0,2026,31,2026-08-02,2026-08-08,2025,2025-26,45,TRUE
Region 10,202632,46,9,0,0,0,0,0,0,0,2026,32,2026-08-09,2026-08-15,2025,2025-26,46,TRUE
Region 10,202633,44,12,1,0,0,0,0,0,0,2026,33,2026-08-16,2026-08-22,2025,2025-26,47,TRUE
Region 10,202634,82,34,0,0,0,0,0,0,0,2026,34,2026-08-23,2026-08-29,2025,2025-26,48,TRUE
Region 10,202635,89,34,0,0,0,0,0,0,0,2026,35,2026-08-30,2026-09-05,2025,2025-26,49,TRUE
Region 10,202636,97,42,1,0,0,0,1,0,0,2026,36,2026-09-06,2026-09-12,2025,2025-26,50,TRUE
Region 10,202637,95,20,2,14,0,0,0,0,0,2026,37,2026-09-13,2026-09-19,2025,2025-26,51,TRUE
Region 10,202638,14,0,0,5,0,0,0,0,0,2026,38,2026-09-20,2026-09-26,2025,2025-26,52,TRUE
Region 2,201940,37,0,4,0,0,0,1,1,0,2019,40,2019-09-29,2019-10-05,2019,2019-20,1,FALSE
Region 2,201941,45,0,9,0,0,0,0,0,0,2019,41,2019-10-06,2019-10-12,2019,2019-20,2,FALSE
Region 2,201942,34,0,12,0,0,0,0,0,0,2019,42,2019-10-13,2019-10-19,2019,2019-20,3,FALSE
Region 2,201943,50,1,7,0,0,0,1,0,1,2019,43,2019-10-20,2019-10-26,2019,2019-20,4,FALSE
Region 2,201944,52,1,8,0,0,0,1,0,0,2019,44,2019-10-27,2019-11-02,2019,2019-20,5,FALSE
Region 2,201945,88,0,3,0,0,0,0,1,0,2019,45,2019-11-03,2019-11-09,2019,2019-20,6,FALSE
Region 2,201946,91,4,1,0,0,0,0,5,0,2019,46,2019-11-10,2019-11-16,2019,2019-20,7,FALSE
Region 2,201947,78,4,4,0,0,0,0,6,0,2019,47,2019-11-17,2019-11-23,2019,2019-20,8,FALSE
Region 2,201948,63,13,9,0,0,0,2,6,0,2019,48,2019-11-24,2019-11-30,2019,2019-20,9,FALSE
Region 2,201949,94,12,12,0,0,0,3,7,1,2019,49,2019-12-01,2019-12-07,2019,2019-20,10,FALSE
Region 2,201950,112,19,5,0,0,0,10,18,1,2019,50,2019-12-08,2019-12-14,2019,2019-20,11,FALSE
Region 2,201951,131,29,5,1,0,0,7,13,3,2019,51,2019-12-15,2019-12-21,2019,2019-20,12,FALSE
Region 2,201952,118,28,6,0,0,0,8,20,10,2019,52,2019-12-22,2019-12-28,2019,2019-20,13,FALSE
Region 2,202001,180,53,9,2,0,0,13,29,7,2020,1,2019-12-29,2020-01-04,2019,2019-20,14,FALSE
Region 2,202002,197,61,8,1,0,0,30,21,0,2020,2,2020-01-05,2020-01-11,2019,2019-20,15,FALSE
Region 2,202003,169,41,6,1,0,0,15,33,1,2020,3,2020-01-12,2020-01-18,2019,2019-20,16,FALSE
Region 2,202004,224,73,5,1,0,0,38,15,1,2020,4,2020-01-19,2020-01-25,2019,2019-20,17,FALSE
Region 2,202005,377,134,11,1,0,0,63,35,0,2020,5,2020-01-26,2020-02-01,2019,2019-20,18,FALSE
Region 2,202006,256,103,17,2,0,0,32,18,0,2020,6,2020-02-02,2020-02-08,2019,2019-20,19,FALSE
Region 2,202007,216,64,18,1,0,0,28,24,2,2020,7,2020-02-09,2020-02-15,2019,2019-20,20,FALSE
Region 2,202008,167,71,9,1,0,0,15,16,2,2020,8,2020-02-16,2020-02-22,2019,2019-20,21,FALSE
Region 2,202009,145,52,7,1,0,0,4,10,0,2020,9,2020-02-23,2020-02-29,2019,2019-20,22,FALSE
Region 2,202010,259,79,10,0,0,0,7,16,0,2020,10,2020-03-01,2020-03-07,2019,2019-20,23,FALSE
Region 2,202011,155,46,4,0,0,0,11,6,0,2020,11,2020-03-08,2020-03-14,2019,2019-20,24,FALSE
Region 2,202012,170,31,1,0,0,0,8,2,0,2020,12,2020-03-15,2020-03-21,2019,2019-20,25,FALSE
Region 2,202013,141,12,2,0,0,0,6,0,0,2020,13,2020-03-22,2020-03-28,2019,2019-20,26,FALSE
Region 2,202014,68,21,0,0,0,0,5,0,0,2020,14,2020-03-29,2020-04-04,2019,2019-20,27,FALSE
Region 2,202015,55,26,0,0,0,0,0,0,0,2020,15,2020-04-05,2020-04-11,2019,2019-20,28,FALSE
Region 2,202016,54,16,0,0,0,0,3,0,0,2020,16,2020-04-12,2020-04-18,2019,2019-20,29,FALSE
Region 2,202017,49,25,0,0,0,0,2,0,0,2020,17,2020-04-19,2020-04-25,2019,2019-20,30,FALSE
Region 2,202018,35,23,0,0,0,0,2,0,0,2020,18,2020-04-26,2020-05-02,2019,2019-20,31,FALSE
Region 2,202019,38,25,1,0,0,0,2,0,0,2020,19,2020-05-03,2020-05-09,2019,2019-20,32,FALSE
Region 2,202020,38,24,0,0,0,0,0,0,0,2020,20,2020-05-10,2020-05-16,2019,2019-20,33,FALSE
Region 2,202021,25,0,0,0,0,0,0,0,0,2020,21,2020-05-17,2020-05-23,2019,2019-20,34,FALSE
Region 2,202022,12,0,0,0,0,0,0,0,0,2020,22,2020-05-24,2020-05-30,2019,2019-20,35,FALSE
Region 2,202023,7,0,0,0,0,0,0,0,0,2020,23,2020-05-31,2020-06-06,2019,2019-20,36,FALSE
Region 2,202024,8,0,0,0,0,0,0,0,0,2020,24,2020-06-07,2020-06-13,2019,2019-20,37,FALSE
Region 2,202025,6,0,0,0,0,0,0,0,0,2020,25,2020-06-14,2020-06-20,2019,2019-20,38,FALSE
Region 2,202026,4,0,0,0,0,0,0,0,0,2020,26,2020-06-21,2020-06-27,2019,2019-20,39,FALSE
Region 2,202027,3,0,0,0,0,0,0,0,0,2020,27,2020-06-28,2020-07-04,2019,2019-20,40,FALSE
Region 2,202028,3,0,0,0,0,0,0,0,0,2020,28,2020-07-05,2020-07-11,2019,2019-20,41,FALSE
Region 2,202029,2,0,0,0,0,0,0,0,0,2020,29,2020-07-12,2020-07-18,2019,2019-20,42,FALSE
Region 2,202030,1,0,0,0,0,0,0,0,0,2020,30,2020-07-19,2020-07-25,2019,2019-20,43,FALSE
Region 2,202031,4,0,0,0,0,0,0,0,0,2020,31,2020-07-26,2020-08-01,2019,2019-20,44,FALSE
Region 2,202032,2,0,0,0,0,0,0,0,0,2020,32,2020-08-02,2020-08-08,2019,2019-20,45,FALSE
Region 2,202033,2,0,0,0,0,0,0,0,0,2020,33,2020-08-09,2020-08-15,2019,2019-20,46,FALSE
Region 2,202034,3,0,0,0,0,0,0,0,0,2020,34,2020-08-16,2020-08-22,2019,2019-20,47,FALSE
Region 2,202035,1,0,0,0,0,0,0,0,0,2020,35,2020-08-23,2020-08-29,2019,2019-20,48,FALSE
Region 2,202036,4,0,0,0,0,0,0,0,0,2020,36,2020-08-30,2020-09-05,2019,2019-20,49,FALSE
Region 2,202037,4,0,0,0,0,0,0,0,0,2020,37,2020-09-06,2020-09-12,2019,2019-20,50,FALSE
Region 2,202038,0,0,0,0,0,0,0,0,0,2020,38,2020-09-13,2020-09-19,2019,2019-20,51,FALSE
Region 2,202039,10,0,0,0,0,0,0,0,0,2020,39,2020-09-20,2020-09-26,2019,2019-20,52,FALSE
Region 2,202040,23,0,0,0,0,0,0,0,0,2020,40,2020-09-27,2020-10-03,2020,2020-21,1,FALSE
Region 2,202041,18,0,0,0,0,0,0,0,0,2020,41,2020-10-04,2020-10-10,2020,2020-21,2,FALSE
Region 2,202042,30,0,0,0,0,0,0,0,0,2020,42,2020-10-11,2020-10-17,2020,2020-21,3,FALSE
Region 2,202043,18,0,0,0,0,0,0,0,0,2020,43,2020-10-18,2020-10-24,2020,2020-21,4,FALSE
Region 2,202044,52,0,0,0,0,0,0,0,0,2020,44,2020-10-25,2020-10-31,2020,2020-21,5,FALSE
Region 2,202045,43,0,0,0,0,0,3,0,0,2020,45,2020-11-01,2020-11-07,2020,2020-21,6,FALSE
Region 2,202046,30,0,0,0,0,0,0,0,0,2020,46,2020-11-08,2020-11-14,2020,2020-21,7,FALSE
Region 2,202047,41,0,0,0,0,0,1,0,0,2020,47,2020-11-15,2020-11-21,2020,2020-21,8,FALSE
Region 2,202048,81,0,0,0,0,0,0,0,0,2020,48,2020-11-22,2020-11-28,2020,2020-21,9,FALSE
Region 2,202049,69,0,0,0,0,0,0,0,0,2020,49,2020-11-29,2020-12-05,2020,2020-21,10,FALSE
Region 2,202050,48,0,0,0,0,0,0,0,0,2020,50,2020-12-06,2020-12-12,2020,2020-21,11,FALSE
Region 2,202051,42,0,0,0,0,0,0,0,0,2020,51,2020-12-13,2020-12-19,2020,2020-21,12,FALSE
Region 2,202052,66,0,0,0,0,0,0,0,0,2020,52,2020-12-20,2020-12-26,2020,2020-21,13,FALSE
Region 2,202053,72,0,0,0,0,0,0,0,0,2020,53,2020-12-27,2021-01-02,2020,2020-21,14,FALSE
Region 2,202101,92,0,0,0,0,0,0,0,0,2021,1,2021-01-03,2021-01-09,2020,2020-21,15,FALSE
Region 2,202102,28,0,0,0,0,0,0,0,0,2021,2,2021-01-10,2021-01-16,2020,2020-21,16,FALSE
Region 2,202103,97,0,0,0,0,0,0,0,0,2021,3,2021-01-17,2021-01-23,2020,2020-21,17,FALSE
Region 2,202104,134,1,0,0,0,0,0,0,0,2021,4,2021-01-24,2021-01-30,2020,2020-21,18,FALSE
Region 2,202105,113,0,0,0,0,0,0,0,0,2021,5,2021-01-31,2021-02-06,2020,2020-21,19,FALSE
Region 2,202106,121,0,0,0,0,0,0,0,0,2021,6,2021-02-07,2021-02-13,2020,2020-21,20,FALSE
Region 2,202107,110,0,0,0,0,0,0,0,0,2021,7,2021-02-14,2021-02-20,2020,2020-21,21,FALSE
Region 2,202108,185,0,0,0,0,0,1,0,0,2021,8,2021-02-21,2021-02-27,2020,2020-21,22,FALSE
Region 2,202109,1226,0,0,0,0,0,0,0,0,2021,9,2021-02-28,2021-03-06,2020,2020-21,23,FALSE
Region 2,202110,2186,0,0,0,0,0,0,0,0,2021,10,2021-03-07,2021-03-13,2020,2020-21,24,FALSE
Region 2,202111,3699,0,0,0,0,0,1,0,0,2021,11,2021-03-14,2021-03-20,2020,2020-21,25,FALSE
Region 2,202112,4104,0,0,0,0,0,0,0,0,2021,12,2021-03-21,2021-03-27,2020,2020-21,26,FALSE
Region 2,202113,3985,0,0,0,0,0,0,0,0,2021,13,2021-03-28,2021-04-03,2020,2020-21,27,FALSE
Region 2,202114,3969,0,0,0,0,0,0,0,0,2021,14,2021-04-04,2021-04-10,2020,2020-21,28,FALSE
Region 2,202115,3635,0,0,0,0,0,0,0,0,2021,15,2021-04-11,2021-04-17,2020,2020-21,29,FALSE
Region 2,202116,3602,0,0,0,0,0,0,0,0,2021,16,2021-04-18,2021-04-24,2020,2020-21,30,FALSE
Region 2,202117,3308,0,0,0,0,0,0,0,0,2021,17,2021-04-25,2021-05-01,2020,2020-21,31,FALSE
Region 2,202118,3275,0,0,0,0,0,0,0,0,2021,18,2021-05-02,2021-05-08,2020,2020-21,32,FALSE
Region 2,202119,3088,0,0,0,0,0,0,0,0,2021,19,2021-05-09,2021-05-15,2020,2020-21,33,FALSE
Region 2,202120,2923,0,0,0,0,0,0,0,0,2021,20,2021-05-16,2021-05-22,2020,2020-21,34,FALSE
Region 2,202121,2265,0,0,0,0,0,0,0,0,2021,21,2021-05-23,2021-05-29,2020,2020-21,35,FALSE
Region 2,202122,1382,0,0,0,0,0,0,0,0,2021,22,2021-05-30,2021-06-05,2020,2020-21,36,FALSE
Region 2,202123,1432,0,0,0,0,0,0,0,0,2021,23,2021-06-06,2021-06-12,2020,2020-21,37,FALSE
Region 2,202124,1547,0,0,0,0,0,0,0,0,2021,24,2021-06-13,2021-06-19,2020,2020-21,38,FALSE
Region 2,202125,2266,0,0,0,0,0,0,0,0,2021,25,2021-06-20,2021-06-26,2020,2020-21,39,FALSE
Region 2,202126,2231,0,0,0,0,0,0,0,0,2021,26,2021-06-27,2021-07-03,2020,2020-21,40,FALSE
Region 2,202127,1859,0,0,0,0,0,0,0,0,2021,27,2021-07-04,2021-07-10,2020,2020-21,41,FALSE
Region 2,202128,2566,0,1,1,0,0,1,0,0,2021,28,2021-07-11,2021-07-17,2020,2020-21,42,FALSE
Region 2,202129,1072,0,0,0,0,0,0,0,0,2021,29,2021-07-18,2021-07-24,2020,2020-21,43,FALSE
Region 2,202130,43,0,0,0,0,0,0,0,0,2021,30,2021-07-25,2021-07-31,2020,2020-21,44,FALSE
Region 2,202131,73,0,0,0,0,0,0,0,0,2021,31,2021-08-01,2021-08-07,2020,2020-21,45,FALSE
Region 2,202132,91,0,0,0,0,0,0,0,0,2021,32,2021-08-08,2021-08-14,2020,2020-21,46,FALSE
Region 2,202133,68,0,0,0,0,0,0,0,0,2021,33,2021-08-15,2021-08-21,2020,2020-21,47,FALSE
Region 2,202134,112,0,0,0,0,0,0,0,0,2021,34,2021-08-22,2021-08-28,2020,2020-21,48,FALSE
Region 2,202135,93,0,0,0,0,0,0,0,0,2021,35,2021-08-29,2021-09-04,2020,2020-21,49,FALSE
Region 2,202136,72,0,0,0,0,0,0,0,0,2021,36,2021-09-05,2021-09-11,2020,2020-21,50,FALSE
Region 2,202137,84,0,1,0,0,0,0,0,0,2021,37,2021-09-12,2021-09-18,2020,2020-21,51,FALSE
Region 2,202138,96,1,0,0,0,0,0,0,0,2021,38,2021-09-19,2021-09-25,2020,2020-21,52,FALSE
Region 2,202139,88,0,0,0,0,0,0,0,0,2021,39,2021-09-26,2021-10-02,2020,2020-21,53,FALSE
Region 2,202140,118,0,1,0,0,0,1,0,0,2021,40,2021-10-03,2021-10-09,2021,2021-22,1,FALSE
Region 2,202141,96,0,0,0,0,0,1,0,0,2021,41,2021-10-10,2021-10-16,2021,2021-22,2,FALSE
Region 2,202142,76,0,0,0,0,0,0,0,0,2021,42,2021-10-17,2021-10-23,2021,2021-22,3,FALSE
Region 2,202143,110,0,0,0,0,0,0,0,0,2021,43,2021-10-24,2021-10-30,2021,2021-22,4,FALSE
Region 2,202144,119,0,2,0,0,0,0,0,0,2021,44,2021-10-31,2021-11-06,2021,2021-22,5,FALSE
Region 2,202145,93,0,13,0,0,0,0,0,0,2021,45,2021-11-07,2021-11-13,2021,2021-22,6,FALSE
Region 2,202146,118,0,47,0,0,0,0,0,0,2021,46,2021-11-14,2021-11-20,2021,2021-22,7,FALSE
Region 2,202147,85,0,13,1,0,0,0,0,0,2021,47,2021-11-21,2021-11-27,2021,2021-22,8,FALSE
Region 2,202148,111,0,31,1,0,0,0,0,0,2021,48,2021-11-28,2021-12-04,2021,2021-22,9,FALSE
Region 2,202149,1897,0,25,16,0,0,0,0,0,2021,49,2021-12-05,2021-12-11,2021,2021-22,10,FALSE
Region 2,202150,4432,0,23,22,0,0,0,0,0,2021,50,2021-12-12,2021-12-18,2021,2021-22,11,FALSE
Region 2,202151,4929,0,31,9,0,0,1,0,0,2021,51,2021-12-19,2021-12-25,2021,2021-22,12,FALSE
Region 2,202152,3427,0,23,8,0,0,0,0,0,2021,52,2021-12-26,2022-01-01,2021,2021-22,13,FALSE
Region 2,202201,4348,0,6,5,0,0,1,0,0,2022,1,2022-01-02,2022-01-08,2021,2021-22,14,FALSE
Region 2,202202,4281,0,4,8,0,0,0,0,0,2022,2,2022-01-09,2022-01-15,2021,2021-22,15,FALSE
Region 2,202203,3215,0,1,4,0,0,0,0,0,2022,3,2022-01-16,2022-01-22,2021,2021-22,16,FALSE
Region 2,202204,3103,0,1,4,0,0,0,0,0,2022,4,2022-01-23,2022-01-29,2021,2021-22,17,FALSE
Region 2,202205,2472,0,0,6,0,0,0,0,0,2022,5,2022-01-30,2022-02-05,2021,2021-22,18,FALSE
Region 2,202206,2353,0,1,5,0,0,0,0,0,2022,6,2022-02-06,2022-02-12,2021,2021-22,19,FALSE
Region 2,202207,2526,1,2,6,0,0,0,0,0,2022,7,2022-02-13,2022-02-19,2021,2021-22,20,FALSE
Region 2,202208,1733,0,0,5,0,0,0,0,0,2022,8,2022-02-20,2022-02-26,2021,2021-22,21,FALSE
Region 2,202209,1772,0,4,8,0,0,0,0,0,2022,9,2022-02-27,2022-03-05,2021,2021-22,22,FALSE
Region 2,202210,1769,0,9,3,0,0,0,0,0,2022,10,2022-03-06,2022-03-12,2021,2021-22,23,FALSE
Region 2,202211,1885,1,17,11,0,0,0,0,0,2022,11,2022-03-13,2022-03-19,2021,2021-22,24,FALSE
Region 2,202212,2119,0,21,10,0,0,0,0,0,2022,12,2022-03-20,2022-03-26,2021,2021-22,25,FALSE
Region 2,202213,2208,0,20,13,0,0,0,0,0,2022,13,2022-03-27,2022-04-02,2021,2021-22,26,FALSE
Region 2,202214,2473,0,50,16,0,0,0,0,0,2022,14,2022-04-03,2022-04-09,2021,2021-22,27,FALSE
Region 2,202215,3001,0,31,30,0,0,0,0,0,2022,15,2022-04-10,2022-04-16,2021,2021-22,28,FALSE
Region 2,202216,2475,0,44,24,0,0,0,0,0,2022,16,2022-04-17,2022-04-23,2021,2021-22,29,FALSE
Region 2,202217,2518,1,38,29,0,0,0,0,0,2022,17,2022-04-24,2022-04-30,2021,2021-22,30,FALSE
Region 2,202218,2691,0,20,30,0,0,0,0,0,2022,18,2022-05-01,2022-05-07,2021,2021-22,31,FALSE
Region 2,202219,2994,0,20,34,0,0,2,0,0,2022,19,2022-05-08,2022-05-14,2021,2021-22,32,FALSE
Region 2,202220,2960,0,17,28,0,0,0,0,0,2022,20,2022-05-15,2022-05-21,2021,2021-22,33,FALSE
Region 2,202221,2703,0,14,19,0,0,0,0,0,2022,21,2022-05-22,2022-05-28,2021,2021-22,34,FALSE
Region 2,202222,2019,0,4,14,0,0,0,0,0,2022,22,2022-05-29,2022-06-04,2021,2021-22,35,FALSE
Region 2,202223,2147,0,1,6,0,0,0,0,0,2022,23,2022-06-05,2022-06-11,2021,2021-22,36,FALSE
Region 2,202224,1777,0,13,7,0,0,0,0,0,2022,24,2022-06-12,2022-06-18,2021,2021-22,37,FALSE
Region 2,202225,1615,0,12,4,0,0,0,0,0,2022,25,2022-06-19,2022-06-25,2021,2021-22,38,FALSE
Region 2,202226,1797,0,1,2,0,0,0,0,0,2022,26,2022-06-26,2022-07-02,2021,2021-22,39,FALSE
Region 2,202227,1407,0,3,0,0,0,0,0,0,2022,27,2022-07-03,2022-07-09,2021,2021-22,40,FALSE
Region 2,202228,1607,0,5,3,0,0,1,0,0,2022,28,2022-07-10,2022-07-16,2021,2021-22,41,FALSE
Region 2,202229,1602,0,3,0,0,0,0,0,0,2022,29,2022-07-17,2022-07-23,2021,2021-22,42,FALSE
Region 2,202230,1238,0,1,2,0,0,0,0,0,2022,30,2022-07-24,2022-07-30,2021,2021-22,43,FALSE
Region 2,202231,1285,0,5,1,0,0,0,0,0,2022,31,2022-07-31,2022-08-06,2021,2021-22,44,FALSE
Region 2,202232,1174,0,12,0,0,0,0,0,0,2022,32,2022-08-07,2022-08-13,2021,2021-22,45,FALSE
Region 2,202233,1142,0,11,0,0,0,0,0,0,2022,33,2022-08-14,2022-08-20,2021,2021-22,46,FALSE
Region 2,202234,1012,1,9,3,0,0,0,0,0,2022,34,2022-08-21,2022-08-27,2021,2021-22,47,FALSE
Region 2,202235,1025,0,20,3,0,0,0,0,0,2022,35,2022-08-28,2022-09-03,2021,2021-22,48,FALSE
Region 2,202236,714,0,4,0,0,0,0,0,0,2022,36,2022-09-04,2022-09-10,2021,2021-22,49,FALSE
Region 2,202237,931,0,7,3,0,0,0,0,0,2022,37,2022-09-11,2022-09-17,2021,2021-22,50,FALSE
Region 2,202238,957,0,0,1,0,0,0,0,0,2022,38,2022-09-18,2022-09-24,2021,2021-22,51,FALSE
Region 2,202239,859,2,8,1,0,0,0,0,0,2022,39,2022-09-25,2022-10-01,2021,2021-22,52,FALSE
Region 2,202240,868,4,1,4,0,0,0,0,0,2022,40,2022-10-02,2022-10-08,2022,2022-23,1,TRUE
Region 2,202241,703,4,12,3,0,0,1,0,0,2022,41,2022-10-09,2022-10-15,2022,2022-23,2,TRUE
Region 2,202242,841,0,12,8,0,0,0,0,0,2022,42,2022-10-16,2022-10-22,2022,2022-23,3,TRUE
Region 2,202243,852,1,25,5,0,0,0,0,0,2022,43,2022-10-23,2022-10-29,2022,2022-23,4,TRUE
Region 2,202244,787,5,35,11,0,0,0,0,0,2022,44,2022-10-30,2022-11-05,2022,2022-23,5,TRUE
Region 2,202245,478,4,115,9,0,0,0,0,0,2022,45,2022-11-06,2022-11-12,2022,2022-23,6,TRUE
Region 2,202246,849,3,92,21,0,0,0,0,0,2022,46,2022-11-13,2022-11-19,2022,2022-23,7,TRUE
Region 2,202247,920,6,46,45,0,0,1,0,0,2022,47,2022-11-20,2022-11-26,2022,2022-23,8,TRUE
Region 2,202248,1121,13,109,78,0,0,0,0,0,2022,48,2022-11-27,2022-12-03,2022,2022-23,9,TRUE
Region 2,202249,1128,11,104,62,0,0,0,1,0,2022,49,2022-12-04,2022-12-10,2022,2022-23,10,TRUE
Region 2,202250,1025,11,87,63,0,0,0,0,0,2022,50,2022-12-11,2022-12-17,2022,2022-23,11,TRUE
Region 2,202251,1164,13,60,55,0,0,0,1,0,2022,51,2022-12-18,2022-12-24,2022,2022-23,12,TRUE
Region 2,202252,738,18,46,32,0,0,0,0,0,2022,52,2022-12-25,2022-12-31,2022,2022-23,13,TRUE
Region 2,202301,824,19,36,22,0,0,1,0,0,2023,1,2023-01-01,2023-01-07,2022,2022-23,14,TRUE
Region 2,202302,810,4,7,8,0,0,1,0,0,2023,2,2023-01-08,2023-01-14,2022,2022-23,15,TRUE
Region 2,202303,608,2,8,5,0,0,0,1,0,2023,3,2023-01-15,2023-01-21,2022,2022-23,16,TRUE
Region 2,202304,659,4,1,1,0,0,0,0,0,2023,4,2023-01-22,2023-01-28,2022,2022-23,17,TRUE
Region 2,202305,585,3,0,2,0,0,0,0,0,2023,5,2023-01-29,2023-02-04,2022,2022-23,18,TRUE
Region 2,202306,681,1,2,4,0,0,2,0,0,2023,6,2023-02-05,2023-02-11,2022,2022-23,19,TRUE
Region 2,202307,610,0,4,2,0,0,2,0,0,2023,7,2023-02-12,2023-02-18,2022,2022-23,20,TRUE
Region 2,202308,499,0,5,1,0,0,2,0,0,2023,8,2023-02-19,2023-02-25,2022,2022-23,21,TRUE
Region 2,202309,496,4,2,1,0,0,2,0,0,2023,9,2023-02-26,2023-03-04,2022,2022-23,22,TRUE
Region 2,202310,566,1,0,1,0,0,1,0,0,2023,10,2023-03-05,2023-03-11,2022,2022-23,23,TRUE
Region 2,202311,489,1,1,0,0,0,3,1,0,2023,11,2023-03-12,2023-03-18,2022,2022-23,24,TRUE
Region 2,202312,533,2,2,0,0,0,6,1,0,2023,12,2023-03-19,2023-03-25,2022,2022-23,25,TRUE
Region 2,202313,443,0,1,3,0,0,4,2,0,2023,13,2023-03-26,2023-04-01,2022,2022-23,26,TRUE
Region 2,202314,514,3,0,0,0,0,4,0,0,2023,14,2023-04-02,2023-04-08,2022,2022-23,27,TRUE
Region 2,202315,414,3,0,0,0,0,4,0,0,2023,15,2023-04-09,2023-04-15,2022,2022-23,28,TRUE
Region 2,202316,454,1,0,0,0,0,3,0,0,2023,16,2023-04-16,2023-04-22,2022,2022-23,29,TRUE
Region 2,202317,377,2,0,0,0,0,3,1,0,2023,17,2023-04-23,2023-04-29,2022,2022-23,30,TRUE
Region 2,202318,225,0,0,1,0,0,2,1,0,2023,18,2023-04-30,2023-05-06,2022,2022-23,31,TRUE
Region 2,202319,240,0,0,0,0,0,3,1,0,2023,19,2023-05-07,2023-05-13,2022,2022-23,32,TRUE
Region 2,202320,210,1,0,0,0,0,2,1,0,2023,20,2023-05-14,2023-05-20,2022,2022-23,33,TRUE
Region 2,202321,236,0,0,1,0,0,3,4,0,2023,21,2023-05-21,2023-05-27,2022,2022-23,34,TRUE
Region 2,202322,195,1,0,0,0,0,2,1,0,2023,22,2023-05-28,2023-06-03,2022,2022-23,35,TRUE
Region 2,202323,163,0,0,1,0,0,3,2,0,2023,23,2023-06-04,2023-06-10,2022,2022-23,36,TRUE
Region 2,202324,135,0,0,1,0,0,1,2,0,2023,24,2023-06-11,2023-06-17,2022,2022-23,37,TRUE
Region 2,202325,146,0,0,1,0,0,0,1,0,2023,25,2023-06-18,2023-06-24,2022,2022-23,38,TRUE
Region 2,202326,202,1,0,2,0,0,0,5,0,2023,26,2023-06-25,2023-07-01,2022,2022-23,39,TRUE
Region 2,202327,144,1,0,1,0,0,0,0,0,2023,27,2023-07-02,2023-07-08,2022,2022-23,40,TRUE
Region 2,202328,182,1,0,1,0,0,0,1,0,2023,28,2023-07-09,2023-07-15,2022,2022-23,41,TRUE
Region 2,202329,180,6,0,0,0,0,0,0,0,2023,29,2023-07-16,2023-07-22,2022,2022-23,42,TRUE
Region 2,202330,239,0,0,0,0,0,0,0,0,2023,30,2023-07-23,2023-07-29,2022,2022-23,43,TRUE
Region 2,202331,368,1,0,1,0,0,0,3,0,2023,31,2023-07-30,2023-08-05,2022,2022-23,44,TRUE
Region 2,202332,431,0,0,2,0,0,0,1,0,2023,32,2023-08-06,2023-08-12,2022,2022-23,45,TRUE
Region 2,202333,382,1,0,2,0,0,1,1,0,2023,33,2023-08-13,2023-08-19,2022,2022-23,46,TRUE
Region 2,202334,444,1,0,2,0,0,1,4,0,2023,34,2023-08-20,2023-08-26,2022,2022-23,47,TRUE
Region 2,202335,436,0,0,4,0,0,0,3,0,2023,35,2023-08-27,2023-09-02,2022,2022-23,48,TRUE
Region 2,202336,397,0,0,13,0,0,0,3,0,2023,36,2023-09-03,2023-09-09,2022,2022-23,49,TRUE
Region 2,202337,536,3,0,5,0,0,0,2,0,2023,37,2023-09-10,2023-09-16,2022,2022-23,50,TRUE
Region 2,202338,579,5,0,1,0,0,1,4,0,2023,38,2023-09-17,2023-09-23,2022,2022-23,51,TRUE
Region 2,202339,501,20,0,4,0,0,0,10,0,2023,39,2023-09-24,2023-09-30,2022,2022-23,52,TRUE
Region 2,202340,505,24,1,3,0,0,0,12,0,2023,40,2023-10-01,2023-10-07,2023,2023-24,1,TRUE
Region 2,202341,377,48,1,1,0,0,0,12,0,2023,41,2023-10-08,2023-10-14,2023,2023-24,2,TRUE
Region 2,202342,364,56,3,5,0,0,0,10,0,2023,42,2023-10-15,2023-10-21,2023,2023-24,3,TRUE
Region 2,202343,270,19,2,1,0,0,1,3,0,2023,43,2023-10-22,2023-10-28,2023,2023-24,4,TRUE
Region 2,202344,234,17,1,0,0,0,0,3,0,2023,44,2023-10-29,2023-11-04,2023,2023-24,5,TRUE
Region 2,202345,228,18,5,3,0,0,0,6,0,2023,45,2023-11-05,2023-11-11,2023,2023-24,6,TRUE
Region 2,202346,288,17,3,4,0,0,1,3,0,2023,46,2023-11-12,2023-11-18,2023,2023-24,7,TRUE
Region 2,202347,270,16,5,3,0,0,0,0,0,2023,47,2023-11-19,2023-11-25,2023,2023-24,8,TRUE
Region 2,202348,318,22,9,6,0,0,0,1,0,2023,48,2023-11-26,2023-12-02,2023,2023-24,9,TRUE
Region 2,202349,322,27,5,9,0,0,0,2,0,2023,49,2023-12-03,2023-12-09,2023,2023-24,10,TRUE
Region 2,202350,438,29,7,23,0,0,3,4,0,2023,50,2023-12-10,2023-12-16,2023,2023-24,11,TRUE
Region 2,202351,600,38,7,17,0,0,1,5,0,2023,51,2023-12-17,2023-12-23,2023,2023-24,12,TRUE
Region 2,202352,544,88,9,30,0,0,2,3,0,2023,52,2023-12-24,2023-12-30,2023,2023-24,13,TRUE
Region 2,202401,591,74,16,29,0,0,5,4,0,2024,1,2023-12-31,2024-01-06,2023,2023-24,14,TRUE
Region 2,202402,586,61,11,27,0,0,1,3,0,2024,2,2024-01-07,2024-01-13,2023,2023-24,15,TRUE
Region 2,202403,353,37,4,23,0,0,0,3,0,2024,3,2024-01-14,2024-01-20,2023,2023-24,16,TRUE
Region 2,202404,428,38,11,24,0,0,4,1,0,2024,4,2024-01-21,2024-01-27,2023,2023-24,17,TRUE
Region 2,202405,404,43,20,21,0,0,2,7,0,2024,5,2024-01-28,2024-02-03,2023,2023-24,18,TRUE
Region 2,202406,334,49,17,14,0,0,3,4,0,2024,6,2024-02-04,2024-02-10,2023,2023-24,19,TRUE
Region 2,202407,313,36,13,10,0,0,2,6,0,2024,7,2024-02-11,2024-02-17,2023,2023-24,20,TRUE
Region 2,202408,269,37,32,6,0,0,3,11,0,2024,8,2024-02-18,2024-02-24,2023,2023-24,21,TRUE
Region 2,202409,332,40,25,8,0,0,10,13,0,2024,9,2024-02-25,2024-03-02,2023,2023-24,22,TRUE
Region 2,202410,253,35,16,5,0,0,7,7,0,2024,10,2024-03-03,2024-03-09,2023,2023-24,23,TRUE
Region 2,202411,176,13,16,8,0,0,5,1,0,2024,11,2024-03-10,2024-03-16,2023,2023-24,24,TRUE
Region 2,202412,195,13,11,5,0,0,4,3,0,2024,12,2024-03-17,2024-03-23,2023,2023-24,25,TRUE
Region 2,202413,177,11,13,2,0,0,5,6,0,2024,13,2024-03-24,2024-03-30,2023,2023-24,26,TRUE
Region 2,202414,202,27,14,3,0,0,9,3,0,2024,14,2024-03-31,2024-04-06,2023,2023-24,27,TRUE
Region 2,202415,222,29,8,3,0,0,4,7,0,2024,15,2024-04-07,2024-04-13,2023,2023-24,28,TRUE
Region 2,202416,172,12,8,1,0,0,1,3,0,2024,16,2024-04-14,2024-04-20,2023,2023-24,29,TRUE
Region 2,202417,152,7,7,1,0,0,4,0,0,2024,17,2024-04-21,2024-04-27,2023,2023-24,30,TRUE
Region 2,202418,130,1,1,0,0,0,1,0,0,2024,18,2024-04-28,2024-05-04,2023,2023-24,31,TRUE
Region 2,202419,97,0,5,1,0,0,1,1,0,2024,19,2024-05-05,2024-05-11,2023,2023-24,32,TRUE
Region 2,202420,96,1,1,2,0,0,1,0,0,2024,20,2024-05-12,2024-05-18,2023,2023-24,33,TRUE
Region 2,202421,135,1,4,1,0,0,1,0,0,2024,21,2024-05-19,2024-05-25,2023,2023-24,34,TRUE
Region 2,202422,108,1,0,1,0,0,1,0,0,2024,22,2024-05-26,2024-06-01,2023,2023-24,35,TRUE
Region 2,202423,134,0,1,1,0,0,0,0,0,2024,23,2024-06-02,2024-06-08,2023,2023-24,36,TRUE
Region 2,202424,161,0,2,0,0,0,0,0,0,2024,24,2024-06-09,2024-06-15,2023,2023-24,37,TRUE
Region 2,202425,131,0,2,0,0,0,1,0,0,2024,25,2024-06-16,2024-06-22,2023,2023-24,38,TRUE
Region 2,202426,196,1,2,0,0,0,0,0,0,2024,26,2024-06-23,2024-06-29,2023,2023-24,39,TRUE
Region 2,202427,219,0,2,1,0,0,0,0,0,2024,27,2024-06-30,2024-07-06,2023,2023-24,40,TRUE
Region 2,202428,210,0,0,1,0,0,0,0,0,2024,28,2024-07-07,2024-07-13,2023,2023-24,41,TRUE
Region 2,202429,241,5,4,1,0,0,0,0,0,2024,29,2024-07-14,2024-07-20,2023,2023-24,42,TRUE
Region 2,202430,203,0,3,1,0,0,0,0,0,2024,30,2024-07-21,2024-07-27,2023,2023-24,43,TRUE
Region 2,202431,218,6,6,2,0,0,0,0,0,2024,31,2024-07-28,2024-08-03,2023,2023-24,44,TRUE
Region 2,202432,232,8,1,2,0,0,0,0,0,2024,32,2024-08-04,2024-08-10,2023,2023-24,45,TRUE
Region 2,202433,185,3,5,0,0,0,0,0,0,2024,33,2024-08-11,2024-08-17,2023,2023-24,46,TRUE
Region 2,202434,216,7,8,0,0,0,0,1,0,2024,34,2024-08-18,2024-08-24,2023,2023-24,47,TRUE
Region 2,202435,141,2,3,0,0,0,0,0,0,2024,35,2024-08-25,2024-08-31,2023,2023-24,48,TRUE
Region 2,202436,121,2,3,0,0,0,0,0,0,2024,36,2024-09-01,2024-09-07,2023,2023-24,49,TRUE
Region 2,202437,184,14,7,0,0,0,0,1,0,2024,37,2024-09-08,2024-09-14,2023,2023-24,50,TRUE
Region 2,202438,166,15,13,0,0,0,0,0,0,2024,38,2024-09-15,2024-09-21,2023,2023-24,51,TRUE
Region 2,202439,119,11,3,0,0,0,0,0,0,2024,39,2024-09-22,2024-09-28,2023,2023-24,52,TRUE
Region 2,202440,149,11,4,0,0,0,0,0,0,2024,40,2024-09-29,2024-10-05,2024,2024-25,1,TRUE
Region 2,202441,161,6,2,0,0,0,0,0,0,2024,41,2024-10-06,2024-10-12,2024,2024-25,2,TRUE
Region 2,202442,93,7,3,0,0,0,0,0,0,2024,42,2024-10-13,2024-10-19,2024,2024-25,3,TRUE
Region 2,202443,141,7,11,1,0,0,0,0,0,2024,43,2024-10-20,2024-10-26,2024,2024-25,4,TRUE
Region 2,202444,139,5,10,8,0,0,0,0,0,2024,44,2024-10-27,2024-11-02,2024,2024-25,5,TRUE
Region 2,202445,131,10,15,1,0,0,0,2,0,2024,45,2024-11-03,2024-11-09,2024,2024-25,6,TRUE
Region 2,202446,108,17,10,6,0,0,0,0,0,2024,46,2024-11-10,2024-11-16,2024,2024-25,7,TRUE
Region 2,202447,144,20,14,0,0,0,0,2,0,2024,47,2024-11-17,2024-11-23,2024,2024-25,8,TRUE
Region 2,202448,145,39,31,6,0,0,1,1,0,2024,48,2024-11-24,2024-11-30,2024,2024-25,9,TRUE
Region 2,202449,212,72,52,8,0,0,1,4,0,2024,49,2024-12-01,2024-12-07,2024,2024-25,10,TRUE
Region 2,202450,312,119,88,10,0,0,1,7,0,2024,50,2024-12-08,2024-12-14,2024,2024-25,11,TRUE
Region 2,202451,412,163,108,20,0,0,0,2,0,2024,51,2024-12-15,2024-12-21,2024,2024-25,12,TRUE
Region 2,202452,682,369,192,21,0,0,1,5,0,2024,52,2024-12-22,2024-12-28,2024,2024-25,13,TRUE
Region 2,202501,961,459,286,39,0,0,0,2,0,2025,1,2024-12-29,2025-01-04,2024,2024-25,14,TRUE
Region 2,202502,597,209,185,27,0,0,0,10,0,2025,2,2025-01-05,2025-01-11,2024,2024-25,15,TRUE
Region 2,202503,627,250,196,31,0,0,0,2,0,2025,3,2025-01-12,2025-01-18,2024,2024-25,16,TRUE
Region 2,202504,602,238,165,56,0,0,0,3,0,2025,4,2025-01-19,2025-01-25,2024,2024-25,17,TRUE
Region 2,202505,666,252,198,37,0,0,2,2,0,2025,5,2025-01-26,2025-02-01,2024,2024-25,18,TRUE
Region 2,202506,744,284,223,50,0,0,5,3,0,2025,6,2025-02-02,2025-02-08,2024,2024-25,19,TRUE
Region 2,202507,780,265,265,50,0,0,6,5,0,2025,7,2025-02-09,2025-02-15,2024,2024-25,20,TRUE
Region 2,202508,591,196,162,59,0,0,6,4,0,2025,8,2025-02-16,2025-02-22,2024,2024-25,21,TRUE
Region 2,202509,486,169,124,38,0,0,3,5,0,2025,9,2025-02-23,2025-03-01,2024,2024-25,22,TRUE
Region 2,202510,457,163,87,46,0,0,5,5,0,2025,10,2025-03-02,2025-03-08,2024,2024-25,23,TRUE
Region 2,202511,320,115,55,34,0,0,3,1,0,2025,11,2025-03-09,2025-03-15,2024,2024-25,24,TRUE
Region 2,202512,320,92,50,40,0,0,3,7,0,2025,12,2025-03-16,2025-03-22,2024,2024-25,25,TRUE
Region 2,202513,206,56,16,21,0,0,0,4,0,2025,13,2025-03-23,2025-03-29,2024,2024-25,26,TRUE
Region 2,202514,183,41,13,13,0,0,5,2,0,2025,14,2025-03-30,2025-04-05,2024,2024-25,27,TRUE
Region 2,202515,139,24,6,3,0,0,5,6,0,2025,15,2025-04-06,2025-04-12,2024,2024-25,28,TRUE
Region 2,202516,139,27,9,13,0,0,2,6,0,2025,16,2025-04-13,2025-04-19,2024,2024-25,29,TRUE
Region 2,202517,139,23,3,14,0,0,2,6,0,2025,17,2025-04-20,2025-04-26,2024,2024-25,30,TRUE
Region 2,202518,119,10,4,0,0,0,1,3,0,2025,18,2025-04-27,2025-05-03,2024,2024-25,31,TRUE
Region 2,202519,65,6,2,0,0,0,2,0,0,2025,19,2025-05-04,2025-05-10,2024,2024-25,32,TRUE
Region 2,202520,97,3,1,3,0,0,0,0,0,2025,20,2025-05-11,2025-05-17,2024,2024-25,33,TRUE
Region 2,202521,80,1,0,0,0,0,0,6,0,2025,21,2025-05-18,2025-05-24,2024,2024-25,34,TRUE
Region 2,202522,72,0,1,0,0,0,1,1,0,2025,22,2025-05-25,2025-05-31,2024,2024-25,35,TRUE
Region 2,202523,103,4,0,2,0,0,2,1,0,2025,23,2025-06-01,2025-06-07,2024,2024-25,36,TRUE
Region 2,202524,81,4,0,2,0,0,0,1,0,2025,24,2025-06-08,2025-06-14,2024,2024-25,37,TRUE
Region 2,202525,78,2,1,0,0,0,0,0,0,2025,25,2025-06-15,2025-06-21,2024,2024-25,38,TRUE
Region 2,202526,66,2,1,0,0,0,0,0,0,2025,26,2025-06-22,2025-06-28,2024,2024-25,39,TRUE
Region 2,202527,71,2,0,0,0,0,0,0,0,2025,27,2025-06-29,2025-07-05,2024,2024-25,40,TRUE
Region 2,202528,95,6,3,0,0,0,1,0,0,2025,28,2025-07-06,2025-07-12,2024,2024-25,41,TRUE
Region 2,202529,55,4,0,0,0,0,0,0,0,2025,29,2025-07-13,2025-07-19,2024,2024-25,42,TRUE
Region 2,202530,23,1,12,0,0,0,0,0,0,2025,30,2025-07-20,2025-07-26,2024,2024-25,43,TRUE
Region 2,202531,39,3,1,0,0,0,0,0,0,2025,31,2025-07-27,2025-08-02,2024,2024-25,44,TRUE
Region 2,202532,40,3,1,0,0,0,0,1,0,2025,32,2025-08-03,2025-08-09,2024,2024-25,45,TRUE
Region 2,202533,37,4,0,1,0,0,0,1,0,2025,33,2025-08-10,2025-08-16,2024,2024-25,46,TRUE
Region 2,202534,32,7,1,0,0,0,0,1,0,2025,34,2025-08-17,2025-08-23,2024,2024-25,47,TRUE
Region 2,202535,43,4,1,0,0,0,0,1,0,2025,35,2025-08-24,2025-08-30,2024,2024-25,48,TRUE
Region 2,202536,37,6,0,0,0,0,0,0,0,2025,36,2025-08-31,2025-09-06,2024,2024-25,49,TRUE
Region 2,202537,38,1,1,0,0,0,0,0,0,2025,37,2025-09-07,2025-09-13,2024,2024-25,50,TRUE
Region 2,202538,37,3,2,0,0,0,0,0,0,2025,38,2025-09-14,2025-09-20,2024,2024-25,51,TRUE
Region 2,202539,49,2,2,1,0,0,0,0,0,2025,39,2025-09-21,2025-09-27,2024,2024-25,52,TRUE
Region 2,202540,39,7,2,0,0,0,0,0,0,2025,40,2025-09-28,2025-10-04,2025,2025-26,1,TRUE
Region 2,202541,43,4,3,1,0,0,0,0,0,2025,41,2025-10-05,2025-10-11,2025,2025-26,2,TRUE
Region 2,202542,57,4,9,0,0,0,0,0,0,2025,42,2025-10-12,2025-10-18,2025,2025-26,3,TRUE
Region 2,202543,62,10,12,0,0,0,0,0,0,2025,43,2025-10-19,2025-10-25,2025,2025-26,4,TRUE
Region 2,202544,70,8,27,0,0,0,0,0,0,2025,44,2025-10-26,2025-11-01,2025,2025-26,5,TRUE
Region 2,202545,83,10,52,1,0,0,0,0,0,2025,45,2025-11-02,2025-11-08,2025,2025-26,6,TRUE
Region 2,202546,168,15,113,0,0,0,0,0,0,2025,46,2025-11-09,2025-11-15,2025,2025-26,7,TRUE
Region 2,202547,220,18,149,0,0,0,0,0,0,2025,47,2025-11-16,2025-11-22,2025,2025-26,8,TRUE
Region 2,202548,223,16,163,2,0,0,1,0,0,2025,48,2025-11-23,2025-11-29,2025,2025-26,9,TRUE
Region 2,202549,308,14,217,5,0,0,5,0,0,2025,49,2025-11-30,2025-12-06,2025,2025-26,10,TRUE
Region 2,202550,399,22,307,7,0,0,3,0,0,2025,50,2025-12-07,2025-12-13,2025,2025-26,11,TRUE
Region 2,202551,598,28,463,8,0,0,15,0,0,2025,51,2025-12-14,2025-12-20,2025,2025-26,12,TRUE
Region 2,202552,788,29,665,8,0,0,13,0,0,2025,52,2025-12-21,2025-12-27,2025,2025-26,13,TRUE
Region 2,202553,744,38,619,7,0,0,9,0,0,2025,53,2025-12-28,2026-01-03,2025,2025-26,14,TRUE
Region 2,202601,460,23,359,2,0,0,4,0,0,2026,1,2026-01-04,2026-01-10,2025,2025-26,15,TRUE
Region 2,202602,308,24,193,6,0,0,5,0,0,2026,2,2026-01-11,2026-01-17,2025,2025-26,16,TRUE
Region 2,202603,268,18,138,3,0,0,5,3,0,2026,3,2026-01-18,2026-01-24,2025,2025-26,17,TRUE
Region 2,202604,164,8,71,4,0,0,11,0,0,2026,4,2026-01-25,2026-01-31,2025,2025-26,18,TRUE
Region 2,202605,148,3,55,1,0,0,11,0,0,2026,5,2026-02-01,2026-02-07,2025,2025-26,19,TRUE
Region 2,202606,122,9,23,2,0,0,12,2,0,2026,6,2026-02-08,2026-02-14,2025,2025-26,20,TRUE
Region 2,202607,127,9,28,1,0,0,23,2,0,2026,7,2026-02-15,2026-02-21,2025,2025-26,21,TRUE
Region 2,202608,119,5,16,1,0,0,20,4,0,2026,8,2026-02-22,2026-02-28,2025,2025-26,22,TRUE
Region 2,202609,98,13,22,4,0,0,12,13,0,2026,9,2026-03-01,2026-03-07,2025,2025-26,23,TRUE
Region 2,202610,158,9,7,2,0,0,16,18,0,2026,10,2026-03-08,2026-03-14,2025,2025-26,24,TRUE
Region 2,202611,132,5,6,0,0,0,25,15,0,2026,11,2026-03-15,2026-03-21,2025,2025-26,25,TRUE
Region 2,202612,122,10,6,0,0,0,22,7,0,2026,12,2026-03-22,2026-03-28,2025,2025-26,26,TRUE
Region 2,202613,91,8,2,1,0,0,22,7,0,2026,13,2026-03-29,2026-04-04,2025,2025-26,27,TRUE
Region 2,202614,92,2,3,0,0,0,11,11,0,2026,14,2026-04-05,2026-04-11,2025,2025-26,28,TRUE
Region 2,202615,61,14,2,1,0,0,5,4,0,2026,15,2026-04-12,2026-04-18,2025,2025-26,29,TRUE
Region 2,202616,78,2,2,0,0,0,6,2,0,2026,16,2026-04-19,2026-04-25,2025,2025-26,30,TRUE
Region 2,202617,46,0,1,0,0,0,1,1,0,2026,17,2026-04-26,2026-05-02,2025,2025-26,31,TRUE
Region 2,202618,78,0,5,0,0,0,3,10,0,2026,18,2026-05-03,2026-05-09,2025,2025-26,32,TRUE
Region 2,202619,77,2,2,0,0,0,1,8,0,2026,19,2026-05-10,2026-05-16,2025,2025-26,33,TRUE
Region 2,202620,60,1,0,1,0,0,1,5,0,2026,20,2026-05-17,2026-05-23,2025,2025-26,34,TRUE
Region 2,202621,53,1,1,0,0,0,1,1,0,2026,21,2026-05-24,2026-05-30,2025,2025-26,35,TRUE
Region 2,202622,39,2,3,0,0,0,1,4,0,2026,22,2026-05-31,2026-06-06,2025,2025-26,36,TRUE
Region 2,202623,55,2,1,0,0,0,1,4,0,2026,23,2026-06-07,2026-06-13,2025,2025-26,37,TRUE
Region 2,202624,52,0,2,0,0,0,0,7,0,2026,24,2026-06-14,2026-06-20,2025,2025-26,38,TRUE
Region 2,202625,77,2,3,1,0,0,1,5,0,2026,25,2026-06-21,2026-06-27,2025,2025-26,39,TRUE
Region 2,202626,30,1,0,0,0,0,0,3,0,2026,26,2026-06-28,2026-07-04,2025,2025-26,40,TRUE
Region 2,202627,63,1,1,0,0,0,0,1,0,2026,27,2026-07-05,2026-07-11,2025,2025-26,41,TRUE
Region 2,202628,49,1,0,1,0,0,0,3,0,2026,28,2026-07-12,2026-07-18,2025,2025-26,42,TRUE
Region 2,202629,42,0,0,0,0,0,0,3,0,2026,29,2026-07-19,2026-07-25,2025,2025-26,43,TRUE
Region 2,202630,34,0,1,0,0,0,0,1,0,2026,30,2026-07-26,2026-08-01,2025,2025-26,44,TRUE
Region 2,202631,48,2,4,0,0,0,1,1,0,2026,31,2026-08-02,2026-08-08,2025,2025-26,45,TRUE
Region 2,202632,25,1,0,0,0,0,0,1,0,2026,32,2026-08-09,2026-08-15,2025,2025-26,46,TRUE
Region 2,202633,22,6,1,0,0,0,1,0,0,2026,33,2026-08-16,2026-08-22,2025,2025-26,47,TRUE
Region 2,202634,63,7,0,0,0,0,0,0,0,2026,34,2026-08-23,2026-08-29,2025,2025-26,48,TRUE
Region 2,202635,65,15,0,0,0,0,1,0,0,2026,35,2026-08-30,2026-09-05,2025,2025-26,49,TRUE
Region 2,202636,52,15,1,0,0,0,1,0,0,2026,36,2026-09-06,2026-09-12,2025,2025-26,50,TRUE
Region 2,202637,35,7,1,1,0,0,0,0,0,2026,37,2026-09-13,2026-09-19,2025,2025-26,51,TRUE
Region 2,202638,25,2,0,0,0,0,0,0,0,2026,38,2026-09-20,2026-09-26,2025,2025-26,52,TRUE
Region 3,201940,175,0,2,0,0,0,1,3,0,2019,40,2019-09-29,2019-10-05,2019,2019-20,1,FALSE
Region 3,201941,165,2,5,0,0,0,0,2,0,2019,41,2019-10-06,2019-10-12,2019,2019-20,2,FALSE
Region 3,201942,234,6,5,0,0,0,1,3,0,2019,42,2019-10-13,2019-10-19,2019,2019-20,3,FALSE
Region 3,201943,300,2,4,0,0,0,3,4,0,2019,43,2019-10-20,2019-10-26,2019,2019-20,4,FALSE
Region 3,201944,300,2,6,0,0,0,0,10,0,2019,44,2019-10-27,2019-11-02,2019,2019-20,5,FALSE
Region 3,201945,342,7,4,0,0,0,2,7,1,2019,45,2019-11-03,2019-11-09,2019,2019-20,6,FALSE
Region 3,201946,279,11,2,0,0,0,8,27,0,2019,46,2019-11-10,2019-11-16,2019,2019-20,7,FALSE
Region 3,201947,342,19,10,0,0,0,21,39,0,2019,47,2019-11-17,2019-11-23,2019,2019-20,8,FALSE
Region 3,201948,342,32,12,0,0,0,16,62,0,2019,48,2019-11-24,2019-11-30,2019,2019-20,9,FALSE
Region 3,201949,441,39,7,0,0,0,34,90,2,2019,49,2019-12-01,2019-12-07,2019,2019-20,10,FALSE
Region 3,201950,574,69,10,0,0,0,56,153,3,2019,50,2019-12-08,2019-12-14,2019,2019-20,11,FALSE
Region 3,201951,632,101,6,1,0,0,49,216,2,2019,51,2019-12-15,2019-12-21,2019,2019-20,12,FALSE
Region 3,201952,803,206,24,2,0,0,32,314,3,2019,52,2019-12-22,2019-12-28,2019,2019-20,13,FALSE
Region 3,202001,870,225,25,0,0,0,29,286,1,2020,1,2019-12-29,2020-01-04,2019,2019-20,14,FALSE
Region 3,202002,777,226,16,2,0,0,21,253,3,2020,2,2020-01-05,2020-01-11,2019,2019-20,15,FALSE
Region 3,202003,918,333,13,4,0,0,29,254,4,2020,3,2020-01-12,2020-01-18,2019,2019-20,16,FALSE
Region 3,202004,856,353,20,1,0,0,27,232,1,2020,4,2020-01-19,2020-01-25,2019,2019-20,17,FALSE
Region 3,202005,964,437,9,0,0,0,36,174,1,2020,5,2020-01-26,2020-02-01,2019,2019-20,18,FALSE
Region 3,202006,758,393,8,1,0,0,42,111,2,2020,6,2020-02-02,2020-02-08,2019,2019-20,19,FALSE
Region 3,202007,731,334,7,1,0,0,49,104,0,2020,7,2020-02-09,2020-02-15,2019,2019-20,20,FALSE
Region 3,202008,455,183,6,1,0,0,23,49,3,2020,8,2020-02-16,2020-02-22,2019,2019-20,21,FALSE
Region 3,202009,421,163,10,4,0,0,20,43,1,2020,9,2020-02-23,2020-02-29,2019,2019-20,22,FALSE
Region 3,202010,556,188,14,11,0,0,15,41,7,2020,10,2020-03-01,2020-03-07,2019,2019-20,23,FALSE
Region 3,202011,521,169,25,4,0,0,10,22,1,2020,11,2020-03-08,2020-03-14,2019,2019-20,24,FALSE
Region 3,202012,327,59,11,4,0,0,5,6,1,2020,12,2020-03-15,2020-03-21,2019,2019-20,25,FALSE
Region 3,202013,332,4,2,1,0,0,0,1,0,2020,13,2020-03-22,2020-03-28,2019,2019-20,26,FALSE
Region 3,202014,317,2,0,1,0,0,1,1,0,2020,14,2020-03-29,2020-04-04,2019,2019-20,27,FALSE
Region 3,202015,164,1,0,0,0,0,0,0,0,2020,15,2020-04-05,2020-04-11,2019,2019-20,28,FALSE
Region 3,202016,159,0,0,0,0,0,0,0,0,2020,16,2020-04-12,2020-04-18,2019,2019-20,29,FALSE
Region 3,202017,142,0,0,0,0,0,0,0,0,2020,17,2020-04-19,2020-04-25,2019,2019-20,30,FALSE
Region 3,202018,132,0,0,0,0,0,0,0,0,2020,18,2020-04-26,2020-05-02,2019,2019-20,31,FALSE
Region 3,202019,94,0,0,0,0,0,0,0,0,2020,19,2020-05-03,2020-05-09,2019,2019-20,32,FALSE
Region 3,202020,128,0,0,0,0,0,0,0,0,2020,20,2020-05-10,2020-05-16,2019,2019-20,33,FALSE
Region 3,202021,52,0,0,0,0,0,0,0,0,2020,21,2020-05-17,2020-05-23,2019,2019-20,34,FALSE
Region 3,202022,58,1,0,0,0,0,0,0,0,2020,22,2020-05-24,2020-05-30,2019,2019-20,35,FALSE
Region 3,202023,48,0,0,0,0,0,0,0,0,2020,23,2020-05-31,2020-06-06,2019,2019-20,36,FALSE
Region 3,202024,45,0,0,0,0,0,0,0,0,2020,24,2020-06-07,2020-06-13,2019,2019-20,37,FALSE
Region 3,202025,70,0,0,0,0,0,0,0,0,2020,25,2020-06-14,2020-06-20,2019,2019-20,38,FALSE
Region 3,202026,33,0,0,0,0,0,0,0,0,2020,26,2020-06-21,2020-06-27,2019,2019-20,39,FALSE
Region 3,202027,25,0,0,0,0,0,0,0,0,2020,27,2020-06-28,2020-07-04,2019,2019-20,40,FALSE
Region 3,202028,37,0,0,0,0,0,0,0,0,2020,28,2020-07-05,2020-07-11,2019,2019-20,41,FALSE
Region 3,202029,25,0,0,0,0,0,0,0,0,2020,29,2020-07-12,2020-07-18,2019,2019-20,42,FALSE
Region 3,202030,29,0,0,0,0,0,0,0,0,2020,30,2020-07-19,2020-07-25,2019,2019-20,43,FALSE
Region 3,202031,28,0,0,0,0,0,0,0,0,2020,31,2020-07-26,2020-08-01,2019,2019-20,44,FALSE
Region 3,202032,34,0,0,0,0,0,0,0,0,2020,32,2020-08-02,2020-08-08,2019,2019-20,45,FALSE
Region 3,202033,38,0,0,0,0,0,0,0,0,2020,33,2020-08-09,2020-08-15,2019,2019-20,46,FALSE
Region 3,202034,27,0,0,0,0,0,0,0,0,2020,34,2020-08-16,2020-08-22,2019,2019-20,47,FALSE
Region 3,202035,24,0,0,0,0,0,0,0,0,2020,35,2020-08-23,2020-08-29,2019,2019-20,48,FALSE
Region 3,202036,33,0,0,0,0,0,0,0,0,2020,36,2020-08-30,2020-09-05,2019,2019-20,49,FALSE
Region 3,202037,30,0,0,0,0,0,0,0,0,2020,37,2020-09-06,2020-09-12,2019,2019-20,50,FALSE
Region 3,202038,28,0,0,0,0,0,0,0,0,2020,38,2020-09-13,2020-09-19,2019,2019-20,51,FALSE
Region 3,202039,38,0,0,0,0,0,0,0,0,2020,39,2020-09-20,2020-09-26,2019,2019-20,52,FALSE
Region 3,202040,62,0,0,0,0,0,0,0,0,2020,40,2020-09-27,2020-10-03,2020,2020-21,1,FALSE
Region 3,202041,82,0,0,0,0,0,0,0,0,2020,41,2020-10-04,2020-10-10,2020,2020-21,2,FALSE
Region 3,202042,84,0,0,0,0,0,0,0,0,2020,42,2020-10-11,2020-10-17,2020,2020-21,3,FALSE
Region 3,202043,90,0,0,0,0,0,0,0,0,2020,43,2020-10-18,2020-10-24,2020,2020-21,4,FALSE
Region 3,202044,107,0,0,0,0,0,0,0,0,2020,44,2020-10-25,2020-10-31,2020,2020-21,5,FALSE
Region 3,202045,127,0,0,0,0,0,0,0,0,2020,45,2020-11-01,2020-11-07,2020,2020-21,6,FALSE
Region 3,202046,102,0,0,0,0,0,0,0,0,2020,46,2020-11-08,2020-11-14,2020,2020-21,7,FALSE
Region 3,202047,121,0,0,0,0,0,0,0,0,2020,47,2020-11-15,2020-11-21,2020,2020-21,8,FALSE
Region 3,202048,82,0,0,0,0,0,0,0,0,2020,48,2020-11-22,2020-11-28,2020,2020-21,9,FALSE
Region 3,202049,273,0,0,0,0,0,0,0,0,2020,49,2020-11-29,2020-12-05,2020,2020-21,10,FALSE
Region 3,202050,521,0,0,0,0,0,0,0,0,2020,50,2020-12-06,2020-12-12,2020,2020-21,11,FALSE
Region 3,202051,556,0,0,0,0,0,0,0,0,2020,51,2020-12-13,2020-12-19,2020,2020-21,12,FALSE
Region 3,202052,589,0,0,0,0,0,0,0,0,2020,52,2020-12-20,2020-12-26,2020,2020-21,13,FALSE
Region 3,202053,187,0,0,0,0,0,0,0,0,2020,53,2020-12-27,2021-01-02,2020,2020-21,14,FALSE
Region 3,202101,3079,0,0,0,0,0,0,0,0,2021,1,2021-01-03,2021-01-09,2020,2020-21,15,FALSE
Region 3,202102,2532,0,0,0,0,0,0,0,0,2021,2,2021-01-10,2021-01-16,2020,2020-21,16,FALSE
Region 3,202103,2634,0,0,0,0,0,0,0,0,2021,3,2021-01-17,2021-01-23,2020,2020-21,17,FALSE
Region 3,202104,3523,0,0,0,0,0,0,0,0,2021,4,2021-01-24,2021-01-30,2020,2020-21,18,FALSE
Region 3,202105,3546,0,0,0,0,0,0,0,0,2021,5,2021-01-31,2021-02-06,2020,2020-21,19,FALSE
Region 3,202106,5103,0,0,0,0,0,0,0,0,2021,6,2021-02-07,2021-02-13,2020,2020-21,20,FALSE
Region 3,202107,3007,0,0,0,0,0,0,0,0,2021,7,2021-02-14,2021-02-20,2020,2020-21,21,FALSE
Region 3,202108,2924,0,0,0,0,0,0,0,0,2021,8,2021-02-21,2021-02-27,2020,2020-21,22,FALSE
Region 3,202109,2176,0,0,1,0,0,0,0,0,2021,9,2021-02-28,2021-03-06,2020,2020-21,23,FALSE
Region 3,202110,2630,0,0,0,0,0,0,0,0,2021,10,2021-03-07,2021-03-13,2020,2020-21,24,FALSE
Region 3,202111,1658,0,1,0,0,0,0,0,0,2021,11,2021-03-14,2021-03-20,2020,2020-21,25,FALSE
Region 3,202112,1198,0,0,0,0,0,0,0,0,2021,12,2021-03-21,2021-03-27,2020,2020-21,26,FALSE
Region 3,202113,1172,0,0,0,0,0,0,0,0,2021,13,2021-03-28,2021-04-03,2020,2020-21,27,FALSE
Region 3,202114,1107,0,0,0,0,0,0,0,0,2021,14,2021-04-04,2021-04-10,2020,2020-21,28,FALSE
Region 3,202115,2270,0,1,0,0,0,0,0,0,2021,15,2021-04-11,2021-04-17,2020,2020-21,29,FALSE
Region 3,202116,2496,0,0,0,0,0,0,0,0,2021,16,2021-04-18,2021-04-24,2020,2020-21,30,FALSE
Region 3,202117,2598,0,0,0,0,0,0,0,0,2021,17,2021-04-25,2021-05-01,2020,2020-21,31,FALSE
Region 3,202118,1761,0,0,0,0,0,0,0,0,2021,18,2021-05-02,2021-05-08,2020,2020-21,32,FALSE
Region 3,202119,1252,0,0,0,0,0,0,0,0,2021,19,2021-05-09,2021-05-15,2020,2020-21,33,FALSE
Region 3,202120,2288,0,0,0,0,0,0,0,0,2021,20,2021-05-16,2021-05-22,2020,2020-21,34,FALSE
Region 3,202121,2488,0,0,0,0,0,0,0,0,2021,21,2021-05-23,2021-05-29,2020,2020-21,35,FALSE
Region 3,202122,1884,0,0,0,0,0,1,0,0,2021,22,2021-05-30,2021-06-05,2020,2020-21,36,FALSE
Region 3,202123,923,0,0,0,0,0,0,0,0,2021,23,2021-06-06,2021-06-12,2020,2020-21,37,FALSE
Region 3,202124,1440,0,0,0,0,0,0,0,0,2021,24,2021-06-13,2021-06-19,2020,2020-21,38,FALSE
Region 3,202125,1735,0,0,0,0,0,0,1,0,2021,25,2021-06-20,2021-06-26,2020,2020-21,39,FALSE
Region 3,202126,1569,0,0,0,0,0,0,0,0,2021,26,2021-06-27,2021-07-03,2020,2020-21,40,FALSE
Region 3,202127,1544,0,0,0,0,0,0,0,0,2021,27,2021-07-04,2021-07-10,2020,2020-21,41,FALSE
Region 3,202128,1365,0,0,0,0,0,0,0,0,2021,28,2021-07-11,2021-07-17,2020,2020-21,42,FALSE
Region 3,202129,1827,0,0,0,0,0,0,0,0,2021,29,2021-07-18,2021-07-24,2020,2020-21,43,FALSE
Region 3,202130,1647,0,0,0,0,0,0,0,0,2021,30,2021-07-25,2021-07-31,2020,2020-21,44,FALSE
Region 3,202131,2264,0,0,0,0,0,0,0,0,2021,31,2021-08-01,2021-08-07,2020,2020-21,45,FALSE
Region 3,202132,2155,0,0,0,0,0,0,0,0,2021,32,2021-08-08,2021-08-14,2020,2020-21,46,FALSE
Region 3,202133,4426,0,0,0,0,0,0,0,0,2021,33,2021-08-15,2021-08-21,2020,2020-21,47,FALSE
Region 3,202134,3900,1,0,0,0,0,0,0,0,2021,34,2021-08-22,2021-08-28,2020,2020-21,48,FALSE
Region 3,202135,4476,0,0,0,0,0,0,0,0,2021,35,2021-08-29,2021-09-04,2020,2020-21,49,FALSE
Region 3,202136,5443,0,0,0,0,0,0,0,0,2021,36,2021-09-05,2021-09-11,2020,2020-21,50,FALSE
Region 3,202137,6097,0,5,0,0,0,0,0,0,2021,37,2021-09-12,2021-09-18,2020,2020-21,51,FALSE
Region 3,202138,6146,0,20,0,0,0,0,0,0,2021,38,2021-09-19,2021-09-25,2020,2020-21,52,FALSE
Region 3,202139,5466,0,35,0,0,0,0,0,0,2021,39,2021-09-26,2021-10-02,2020,2020-21,53,FALSE
Region 3,202140,5044,0,79,1,0,0,1,0,0,2021,40,2021-10-03,2021-10-09,2021,2021-22,1,FALSE
Region 3,202141,4811,0,88,1,0,0,3,0,0,2021,41,2021-10-10,2021-10-16,2021,2021-22,2,FALSE
Region 3,202142,5294,0,37,0,0,0,1,0,0,2021,42,2021-10-17,2021-10-23,2021,2021-22,3,FALSE
Region 3,202143,4596,0,10,1,0,0,1,0,0,2021,43,2021-10-24,2021-10-30,2021,2021-22,4,FALSE
Region 3,202144,3592,0,9,3,0,0,0,0,0,2021,44,2021-10-31,2021-11-06,2021,2021-22,5,FALSE
Region 3,202145,4005,0,11,2,0,0,1,1,0,2021,45,2021-11-07,2021-11-13,2021,2021-22,6,FALSE
Region 3,202146,4499,0,91,4,0,0,2,0,1,2021,46,2021-11-14,2021-11-20,2021,2021-22,7,FALSE
Region 3,202147,3371,0,90,4,0,0,1,0,0,2021,47,2021-11-21,2021-11-27,2021,2021-22,8,FALSE
Region 3,202148,5780,0,169,10,0,0,1,0,0,2021,48,2021-11-28,2021-12-04,2021,2021-22,9,FALSE
Region 3,202149,4935,0,167,26,0,0,1,0,0,2021,49,2021-12-05,2021-12-11,2021,2021-22,10,FALSE
Region 3,202150,5638,0,120,38,0,0,2,0,0,2021,50,2021-12-12,2021-12-18,2021,2021-22,11,FALSE
Region 3,202151,6002,0,85,13,0,0,0,0,0,2021,51,2021-12-19,2021-12-25,2021,2021-22,12,FALSE
Region 3,202152,7158,0,102,28,0,0,4,0,0,2021,52,2021-12-26,2022-01-01,2021,2021-22,13,FALSE
Region 3,202201,13423,0,89,7,0,0,0,0,0,2022,1,2022-01-02,2022-01-08,2021,2021-22,14,FALSE
Region 3,202202,10414,0,84,7,0,0,0,0,0,2022,2,2022-01-09,2022-01-15,2021,2021-22,15,FALSE
Region 3,202203,6640,0,46,5,0,0,0,0,0,2022,3,2022-01-16,2022-01-22,2021,2021-22,16,FALSE
Region 3,202204,5570,0,35,5,0,0,0,0,0,2022,4,2022-01-23,2022-01-29,2021,2021-22,17,FALSE
Region 3,202205,4454,0,33,4,0,0,1,0,0,2022,5,2022-01-30,2022-02-05,2021,2021-22,18,FALSE
Region 3,202206,3528,0,19,3,0,0,1,0,0,2022,6,2022-02-06,2022-02-12,2021,2021-22,19,FALSE
Region 3,202207,3289,0,37,0,0,0,0,0,0,2022,7,2022-02-13,2022-02-19,2021,2021-22,20,FALSE
Region 3,202208,2913,0,26,3,0,0,0,0,0,2022,8,2022-02-20,2022-02-26,2021,2021-22,21,FALSE
Region 3,202209,2737,1,47,7,0,0,0,1,0,2022,9,2022-02-27,2022-03-05,2021,2021-22,22,FALSE
Region 3,202210,2722,0,39,6,0,0,0,0,0,2022,10,2022-03-06,2022-03-12,2021,2021-22,23,FALSE
Region 3,202211,2285,0,38,4,0,0,0,0,0,2022,11,2022-03-13,2022-03-19,2021,2021-22,24,FALSE
Region 3,202212,2379,0,75,3,0,0,1,0,0,2022,12,2022-03-20,2022-03-26,2021,2021-22,25,FALSE
Region 3,202213,2428,0,69,6,0,0,0,0,0,2022,13,2022-03-27,2022-04-02,2021,2021-22,26,FALSE
Region 3,202214,2525,0,73,7,0,0,0,0,0,2022,14,2022-04-03,2022-04-09,2021,2021-22,27,FALSE
Region 3,202215,2237,0,84,6,0,0,0,0,0,2022,15,2022-04-10,2022-04-16,2021,2021-22,28,FALSE
Region 3,202216,2301,3,54,9,0,0,0,0,0,2022,16,2022-04-17,2022-04-23,2021,2021-22,29,FALSE
Region 3,202217,2528,1,52,7,0,0,1,0,0,2022,17,2022-04-24,2022-04-30,2021,2021-22,30,FALSE
Region 3,202218,2448,2,81,4,0,0,0,0,0,2022,18,2022-05-01,2022-05-07,2021,2021-22,31,FALSE
Region 3,202219,2923,1,40,5,0,0,0,0,0,2022,19,2022-05-08,2022-05-14,2021,2021-22,32,FALSE
Region 3,202220,3073,1,35,3,0,0,0,0,0,2022,20,2022-05-15,2022-05-21,2021,2021-22,33,FALSE
Region 3,202221,2884,1,20,3,0,0,0,0,0,2022,21,2022-05-22,2022-05-28,2021,2021-22,34,FALSE
Region 3,202222,2760,1,19,4,0,0,1,0,0,2022,22,2022-05-29,2022-06-04,2021,2021-22,35,FALSE
Region 3,202223,2718,0,15,0,0,0,0,0,0,2022,23,2022-06-05,2022-06-11,2021,2021-22,36,FALSE
Region 3,202224,2507,0,20,2,0,0,0,0,0,2022,24,2022-06-12,2022-06-18,2021,2021-22,37,FALSE
Region 3,202225,2620,0,12,2,0,0,0,0,0,2022,25,2022-06-19,2022-06-25,2021,2021-22,38,FALSE
Region 3,202226,2518,0,4,1,0,0,0,0,0,2022,26,2022-06-26,2022-07-02,2021,2021-22,39,FALSE
Region 3,202227,2513,0,2,2,0,0,0,0,0,2022,27,2022-07-03,2022-07-09,2021,2021-22,40,FALSE
Region 3,202228,2547,0,4,0,0,0,0,0,0,2022,28,2022-07-10,2022-07-16,2021,2021-22,41,FALSE
Region 3,202229,2701,0,1,1,0,0,0,0,0,2022,29,2022-07-17,2022-07-23,2021,2021-22,42,FALSE
Region 3,202230,2575,0,1,1,0,0,0,0,0,2022,30,2022-07-24,2022-07-30,2021,2021-22,43,FALSE
Region 3,202231,2395,0,3,0,3,0,0,0,0,2022,31,2022-07-31,2022-08-06,2021,2021-22,44,FALSE
Region 3,202232,2420,0,3,1,0,0,0,0,0,2022,32,2022-08-07,2022-08-13,2021,2021-22,45,FALSE
Region 3,202233,2038,1,1,0,0,0,0,0,0,2022,33,2022-08-14,2022-08-20,2021,2021-22,46,FALSE
Region 3,202234,1885,0,1,0,0,0,0,1,0,2022,34,2022-08-21,2022-08-27,2021,2021-22,47,FALSE
Region 3,202235,2034,0,2,0,0,0,0,0,0,2022,35,2022-08-28,2022-09-03,2021,2021-22,48,FALSE
Region 3,202236,1880,1,10,0,0,0,0,0,0,2022,36,2022-09-04,2022-09-10,2021,2021-22,49,FALSE
Region 3,202237,1876,0,8,0,0,0,0,0,0,2022,37,2022-09-11,2022-09-17,2021,2021-22,50,FALSE
Region 3,202238,1760,9,5,0,0,0,0,0,0,2022,38,2022-09-18,2022-09-24,2021,2021-22,51,FALSE
Region 3,202239,1635,2,6,2,0,0,1,0,0,2022,39,2022-09-25,2022-10-01,2021,2021-22,52,FALSE
Region 3,202240,1660,3,26,2,0,0,0,0,0,2022,40,2022-10-02,2022-10-08,2022,2022-23,1,TRUE
Region 3,202241,1679,10,31,3,0,0,0,0,0,2022,41,2022-10-09,2022-10-15,2022,2022-23,2,TRUE
Region 3,202242,1842,16,38,1,0,0,0,0,0,2022,42,2022-10-16,2022-10-22,2022,2022-23,3,TRUE
Region 3,202243,1895,42,61,2,0,0,0,0,0,2022,43,2022-10-23,2022-10-29,2022,2022-23,4,TRUE
Region 3,202244,1868,25,82,9,0,0,0,1,0,2022,44,2022-10-30,2022-11-05,2022,2022-23,5,TRUE
Region 3,202245,1758,26,111,4,0,0,0,0,0,2022,45,2022-11-06,2022-11-12,2022,2022-23,6,TRUE
Region 3,202246,1824,23,88,8,0,0,0,0,0,2022,46,2022-11-13,2022-11-19,2022,2022-23,7,TRUE
Region 3,202247,1554,29,87,5,0,0,0,0,0,2022,47,2022-11-20,2022-11-26,2022,2022-23,8,TRUE
Region 3,202248,1809,64,134,7,0,0,0,2,0,2022,48,2022-11-27,2022-12-03,2022,2022-23,9,TRUE
Region 3,202249,1956,40,138,14,0,0,0,0,0,2022,49,2022-12-04,2022-12-10,2022,2022-23,10,TRUE
Region 3,202250,1824,40,116,4,0,0,0,0,0,2022,50,2022-12-11,2022-12-17,2022,2022-23,11,TRUE
Region 3,202251,1768,25,69,9,0,0,0,1,0,2022,51,2022-12-18,2022-12-24,2022,2022-23,12,TRUE
Region 3,202252,1454,40,49,7,0,0,0,2,0,2022,52,2022-12-25,2022-12-31,2022,2022-23,13,TRUE
Region 3,202301,1719,59,71,13,0,0,0,1,0,2023,1,2023-01-01,2023-01-07,2022,2022-23,14,TRUE
Region 3,202302,1662,23,36,8,0,0,0,1,0,2023,2,2023-01-08,2023-01-14,2022,2022-23,15,TRUE
Region 3,202303,1502,18,19,3,0,0,0,0,0,2023,3,2023-01-15,2023-01-21,2022,2022-23,16,TRUE
Region 3,202304,1441,16,12,7,0,0,0,2,0,2023,4,2023-01-22,2023-01-28,2022,2022-23,17,TRUE
Region 3,202305,1586,10,10,4,0,0,0,3,0,2023,5,2023-01-29,2023-02-04,2022,2022-23,18,TRUE
Region 3,202306,1519,9,9,0,0,0,0,1,0,2023,6,2023-02-05,2023-02-11,2022,2022-23,19,TRUE
Region 3,202307,1531,12,6,1,0,0,0,0,0,2023,7,2023-02-12,2023-02-18,2022,2022-23,20,TRUE
Region 3,202308,1428,6,8,2,0,0,0,2,0,2023,8,2023-02-19,2023-02-25,2022,2022-23,21,TRUE
Region 3,202309,1495,5,7,1,0,0,0,8,0,2023,9,2023-02-26,2023-03-04,2022,2022-23,22,TRUE
Region 3,202310,1476,3,4,0,0,0,0,1,0,2023,10,2023-03-05,2023-03-11,2022,2022-23,23,TRUE
Region 3,202311,1422,5,4,0,0,0,0,3,0,2023,11,2023-03-12,2023-03-18,2022,2022-23,24,TRUE
Region 3,202312,1407,11,4,1,0,0,0,5,0,2023,12,2023-03-19,2023-03-25,2022,2022-23,25,TRUE
Region 3,202313,1402,13,5,1,0,0,0,6,0,2023,13,2023-03-26,2023-04-01,2022,2022-23,26,TRUE
Region 3,202314,1354,8,4,2,0,0,1,4,0,2023,14,2023-04-02,2023-04-08,2022,2022-23,27,TRUE
Region 3,202315,1216,1,1,0,0,0,0,4,0,2023,15,2023-04-09,2023-04-15,2022,2022-23,28,TRUE
Region 3,202316,859,2,0,0,0,0,0,1,0,2023,16,2023-04-16,2023-04-22,2022,2022-23,29,TRUE
Region 3,202317,921,1,2,0,0,0,0,1,0,2023,17,2023-04-23,2023-04-29,2022,2022-23,30,TRUE
Region 3,202318,811,1,1,0,0,0,0,1,0,2023,18,2023-04-30,2023-05-06,2022,2022-23,31,TRUE
Region 3,202319,829,2,2,0,0,0,0,8,0,2023,19,2023-05-07,2023-05-13,2022,2022-23,32,TRUE
Region 3,202320,767,3,0,0,0,0,0,6,0,2023,20,2023-05-14,2023-05-20,2022,2022-23,33,TRUE
Region 3,202321,805,2,0,0,0,0,0,2,0,2023,21,2023-05-21,2023-05-27,2022,2022-23,34,TRUE
Region 3,202322,525,2,0,0,0,0,0,0,0,2023,22,2023-05-28,2023-06-03,2022,2022-23,35,TRUE
Region 3,202323,573,2,0,0,0,0,0,3,0,2023,23,2023-06-04,2023-06-10,2022,2022-23,36,TRUE
Region 3,202324,596,1,0,0,0,0,0,3,0,2023,24,2023-06-11,2023-06-17,2022,2022-23,37,TRUE
Region 3,202325,583,4,0,0,0,0,0,0,0,2023,25,2023-06-18,2023-06-24,2022,2022-23,38,TRUE
Region 3,202326,560,0,0,1,0,0,0,0,0,2023,26,2023-06-25,2023-07-01,2022,2022-23,39,TRUE
Region 3,202327,406,2,0,0,0,0,0,0,0,2023,27,2023-07-02,2023-07-08,2022,2022-23,40,TRUE
Region 3,202328,557,6,0,0,0,0,0,1,0,2023,28,2023-07-09,2023-07-15,2022,2022-23,41,TRUE
Region 3,202329,543,4,1,0,0,0,0,2,0,2023,29,2023-07-16,2023-07-22,2022,2022-23,42,TRUE
Region 3,202330,68,7,0,0,0,0,0,0,0,2023,30,2023-07-23,2023-07-29,2022,2022-23,43,TRUE
Region 3,202331,56,4,0,0,0,0,0,1,0,2023,31,2023-07-30,2023-08-05,2022,2022-23,44,TRUE
Region 3,202332,400,8,0,0,0,0,0,1,0,2023,32,2023-08-06,2023-08-12,2022,2022-23,45,TRUE
Region 3,202333,254,6,1,0,0,0,0,1,0,2023,33,2023-08-13,2023-08-19,2022,2022-23,46,TRUE
Region 3,202334,57,4,0,0,0,0,0,0,0,2023,34,2023-08-20,2023-08-26,2022,2022-23,47,TRUE
Region 3,202335,77,8,0,0,0,0,0,1,0,2023,35,2023-08-27,2023-09-02,2022,2022-23,48,TRUE
Region 3,202336,631,2,0,0,0,0,0,1,0,2023,36,2023-09-03,2023-09-09,2022,2022-23,49,TRUE
Region 3,202337,926,7,0,0,0,0,0,1,0,2023,37,2023-09-10,2023-09-16,2022,2022-23,50,TRUE
Region 3,202338,816,8,1,0,0,0,0,2,0,2023,38,2023-09-17,2023-09-23,2022,2022-23,51,TRUE
Region 3,202339,858,6,2,0,0,0,0,0,0,2023,39,2023-09-24,2023-09-30,2022,2022-23,52,TRUE
Region 3,202340,914,10,0,0,0,0,1,3,0,2023,40,2023-10-01,2023-10-07,2023,2023-24,1,TRUE
Region 3,202341,944,13,1,6,0,0,0,0,0,2023,41,2023-10-08,2023-10-14,2023,2023-24,2,TRUE
Region 3,202342,957,25,3,3,0,0,0,3,0,2023,42,2023-10-15,2023-10-21,2023,2023-24,3,TRUE
Region 3,202343,896,13,4,1,0,0,0,3,0,2023,43,2023-10-22,2023-10-28,2023,2023-24,4,TRUE
Region 3,202344,844,18,10,2,0,0,0,3,0,2023,44,2023-10-29,2023-11-04,2023,2023-24,5,TRUE
Region 3,202345,780,38,4,4,0,0,0,3,0,2023,45,2023-11-05,2023-11-11,2023,2023-24,6,TRUE
Region 3,202346,917,41,8,3,0,0,0,6,0,2023,46,2023-11-12,2023-11-18,2023,2023-24,7,TRUE
Region 3,202347,670,93,16,6,0,0,0,3,0,2023,47,2023-11-19,2023-11-25,2023,2023-24,8,TRUE
Region 3,202348,1014,110,15,10,0,0,0,11,0,2023,48,2023-11-26,2023-12-02,2023,2023-24,9,TRUE
Region 3,202349,945,105,45,14,0,0,0,19,0,2023,49,2023-12-03,2023-12-09,2023,2023-24,10,TRUE
Region 3,202350,986,152,44,25,0,0,2,10,0,2023,50,2023-12-10,2023-12-16,2023,2023-24,11,TRUE
Region 3,202351,929,175,29,16,0,0,0,15,0,2023,51,2023-12-17,2023-12-23,2023,2023-24,12,TRUE
Region 3,202352,737,160,36,11,0,0,0,22,0,2023,52,2023-12-24,2023-12-30,2023,2023-24,13,TRUE
Region 3,202401,877,110,39,11,0,0,3,33,0,2024,1,2023-12-31,2024-01-06,2023,2023-24,14,TRUE
Region 3,202402,952,116,48,22,0,0,2,32,0,2024,2,2024-01-07,2024-01-13,2023,2023-24,15,TRUE
Region 3,202403,734,69,39,6,0,0,1,29,0,2024,3,2024-01-14,2024-01-20,2023,2023-24,16,TRUE
Region 3,202404,900,112,69,11,0,0,4,44,0,2024,4,2024-01-21,2024-01-27,2023,2023-24,17,TRUE
Region 3,202405,901,102,62,1,0,0,1,72,0,2024,5,2024-01-28,2024-02-03,2023,2023-24,18,TRUE
Region 3,202406,827,81,75,9,0,0,2,90,0,2024,6,2024-02-04,2024-02-10,2023,2023-24,19,TRUE
Region 3,202407,879,78,83,13,0,0,6,98,0,2024,7,2024-02-11,2024-02-17,2023,2023-24,20,TRUE
Region 3,202408,883,81,89,29,0,0,13,108,0,2024,8,2024-02-18,2024-02-24,2023,2023-24,21,TRUE
Region 3,202409,990,77,78,6,0,0,5,120,0,2024,9,2024-02-25,2024-03-02,2023,2023-24,22,TRUE
Region 3,202410,901,60,100,3,0,0,2,123,0,2024,10,2024-03-03,2024-03-09,2023,2023-24,23,TRUE
Region 3,202411,784,43,76,10,0,0,3,117,0,2024,11,2024-03-10,2024-03-16,2023,2023-24,24,TRUE
Region 3,202412,846,38,68,4,0,0,0,86,0,2024,12,2024-03-17,2024-03-23,2023,2023-24,25,TRUE
Region 3,202413,861,39,77,3,0,0,6,48,0,2024,13,2024-03-24,2024-03-30,2023,2023-24,26,TRUE
Region 3,202414,328,35,89,4,0,0,3,65,0,2024,14,2024-03-31,2024-04-06,2023,2023-24,27,TRUE
Region 3,202415,333,47,94,2,0,0,1,66,0,2024,15,2024-04-07,2024-04-13,2023,2023-24,28,TRUE
Region 3,202416,266,27,69,0,0,0,3,43,0,2024,16,2024-04-14,2024-04-20,2023,2023-24,29,TRUE
Region 3,202417,217,23,44,3,0,0,1,20,0,2024,17,2024-04-21,2024-04-27,2023,2023-24,30,TRUE
Region 3,202418,174,21,35,0,0,0,1,13,0,2024,18,2024-04-28,2024-05-04,2023,2023-24,31,TRUE
Region 3,202419,141,16,13,2,0,0,0,1,0,2024,19,2024-05-05,2024-05-11,2023,2023-24,32,TRUE
Region 3,202420,143,9,18,0,0,0,0,1,0,2024,20,2024-05-12,2024-05-18,2023,2023-24,33,TRUE
Region 3,202421,128,11,13,0,0,0,0,0,0,2024,21,2024-05-19,2024-05-25,2023,2023-24,34,TRUE
Region 3,202422,115,1,6,0,0,0,0,1,0,2024,22,2024-05-26,2024-06-01,2023,2023-24,35,TRUE
Region 3,202423,117,6,9,1,0,0,0,1,0,2024,23,2024-06-02,2024-06-08,2023,2023-24,36,TRUE
Region 3,202424,71,6,9,0,0,0,0,0,0,2024,24,2024-06-09,2024-06-15,2023,2023-24,37,TRUE
Region 3,202425,90,2,10,3,0,0,0,0,0,2024,25,2024-06-16,2024-06-22,2023,2023-24,38,TRUE
Region 3,202426,108,9,11,1,0,0,0,0,0,2024,26,2024-06-23,2024-06-29,2023,2023-24,39,TRUE
Region 3,202427,75,8,14,0,0,0,0,0,0,2024,27,2024-06-30,2024-07-06,2023,2023-24,40,TRUE
Region 3,202428,117,7,13,0,0,0,0,0,0,2024,28,2024-07-07,2024-07-13,2023,2023-24,41,TRUE
Region 3,202429,92,3,13,0,0,0,0,1,0,2024,29,2024-07-14,2024-07-20,2023,2023-24,42,TRUE
Region 3,202430,109,7,8,0,0,0,0,0,0,2024,30,2024-07-21,2024-07-27,2023,2023-24,43,TRUE
Region 3,202431,131,10,8,2,0,0,0,1,0,2024,31,2024-07-28,2024-08-03,2023,2023-24,44,TRUE
Region 3,202432,111,11,5,3,0,0,0,1,0,2024,32,2024-08-04,2024-08-10,2023,2023-24,45,TRUE
Region 3,202433,134,11,4,0,0,0,0,0,0,2024,33,2024-08-11,2024-08-17,2023,2023-24,46,TRUE
Region 3,202434,114,9,6,2,0,0,0,0,0,2024,34,2024-08-18,2024-08-24,2023,2023-24,47,TRUE
Region 3,202435,109,12,11,0,0,0,0,1,0,2024,35,2024-08-25,2024-08-31,2023,2023-24,48,TRUE
Region 3,202436,122,6,6,0,0,0,0,1,0,2024,36,2024-09-01,2024-09-07,2023,2023-24,49,TRUE
Region 3,202437,104,11,2,0,0,0,0,0,0,2024,37,2024-09-08,2024-09-14,2023,2023-24,50,TRUE
Region 3,202438,139,10,9,1,0,0,0,0,0,2024,38,2024-09-15,2024-09-21,2023,2023-24,51,TRUE
Region 3,202439,129,13,4,1,0,0,1,1,0,2024,39,2024-09-22,2024-09-28,2023,2023-24,52,TRUE
Region 3,202440,147,5,7,1,0,0,0,1,0,2024,40,2024-09-29,2024-10-05,2024,2024-25,1,TRUE
Region 3,202441,124,8,2,1,0,0,0,1,0,2024,41,2024-10-06,2024-10-12,2024,2024-25,2,TRUE
Region 3,202442,136,7,6,2,0,0,0,2,0,2024,42,2024-10-13,2024-10-19,2024,2024-25,3,TRUE
Region 3,202443,168,12,12,1,0,0,0,1,0,2024,43,2024-10-20,2024-10-26,2024,2024-25,4,TRUE
Region 3,202444,168,14,11,1,0,0,0,3,0,2024,44,2024-10-27,2024-11-02,2024,2024-25,5,TRUE
Region 3,202445,169,23,19,1,0,0,0,1,0,2024,45,2024-11-03,2024-11-09,2024,2024-25,6,TRUE
Region 3,202446,226,16,22,2,0,0,0,3,0,2024,46,2024-11-10,2024-11-16,2024,2024-25,7,TRUE
Region 3,202447,237,41,23,2,0,0,0,5,0,2024,47,2024-11-17,2024-11-23,2024,2024-25,8,TRUE
Region 3,202448,238,38,43,3,0,1,3,3,0,2024,48,2024-11-24,2024-11-30,2024,2024-25,9,TRUE
Region 3,202449,338,65,98,3,0,0,0,6,0,2024,49,2024-12-01,2024-12-07,2024,2024-25,10,TRUE
Region 3,202450,389,117,141,8,0,0,1,7,0,2024,50,2024-12-08,2024-12-14,2024,2024-25,11,TRUE
Region 3,202451,478,116,188,29,0,0,2,11,0,2024,51,2024-12-15,2024-12-21,2024,2024-25,12,TRUE
Region 3,202452,781,258,276,92,0,0,2,2,0,2024,52,2024-12-22,2024-12-28,2024,2024-25,13,TRUE
Region 3,202501,997,189,240,397,0,0,6,4,0,2025,1,2024-12-29,2025-01-04,2024,2024-25,14,TRUE
Region 3,202502,1013,240,290,305,0,0,1,7,0,2025,2,2025-01-05,2025-01-11,2024,2024-25,15,TRUE
Region 3,202503,1098,261,238,420,0,0,7,6,0,2025,3,2025-01-12,2025-01-18,2024,2024-25,16,TRUE
Region 3,202504,1307,359,392,397,0,0,7,4,0,2025,4,2025-01-19,2025-01-25,2024,2024-25,17,TRUE
Region 3,202505,1852,397,363,825,0,0,5,8,0,2025,5,2025-01-26,2025-02-01,2024,2024-25,18,TRUE
Region 3,202506,1746,384,353,772,0,0,8,5,0,2025,6,2025-02-02,2025-02-08,2024,2024-25,19,TRUE
Region 3,202507,1108,360,298,276,0,0,3,7,0,2025,7,2025-02-09,2025-02-15,2024,2024-25,20,TRUE
Region 3,202508,715,322,198,42,0,0,4,9,0,2025,8,2025-02-16,2025-02-22,2024,2024-25,21,TRUE
Region 3,202509,765,212,163,207,0,0,6,12,0,2025,9,2025-02-23,2025-03-01,2024,2024-25,22,TRUE
Region 3,202510,625,154,100,199,0,0,15,22,0,2025,10,2025-03-02,2025-03-08,2024,2024-25,23,TRUE
Region 3,202511,775,148,78,326,0,0,42,20,0,2025,11,2025-03-09,2025-03-15,2024,2024-25,24,TRUE
Region 3,202512,505,122,57,137,0,0,20,39,0,2025,12,2025-03-16,2025-03-22,2024,2024-25,25,TRUE
Region 3,202513,293,50,23,34,0,0,12,35,0,2025,13,2025-03-23,2025-03-29,2024,2024-25,26,TRUE
Region 3,202514,263,49,23,6,0,0,8,58,0,2025,14,2025-03-30,2025-04-05,2024,2024-25,27,TRUE
Region 3,202515,166,19,10,3,0,0,4,33,0,2025,15,2025-04-06,2025-04-12,2024,2024-25,28,TRUE
Region 3,202516,180,17,13,4,0,0,5,29,0,2025,16,2025-04-13,2025-04-19,2024,2024-25,29,TRUE
Region 3,202517,159,12,4,6,0,0,19,24,0,2025,17,2025-04-20,2025-04-26,2024,2024-25,30,TRUE
Region 3,202518,157,6,5,10,0,0,22,22,0,2025,18,2025-04-27,2025-05-03,2024,2024-25,31,TRUE
Region 3,202519,171,5,0,4,0,0,11,30,0,2025,19,2025-05-04,2025-05-10,2024,2024-25,32,TRUE
Region 3,202520,117,4,1,2,0,0,2,36,0,2025,20,2025-05-11,2025-05-17,2024,2024-25,33,TRUE
Region 3,202521,92,7,1,1,0,0,3,8,0,2025,21,2025-05-18,2025-05-24,2024,2024-25,34,TRUE
Region 3,202522,101,11,1,1,0,0,1,14,0,2025,22,2025-05-25,2025-05-31,2024,2024-25,35,TRUE
Region 3,202523,99,13,0,0,0,0,0,9,0,2025,23,2025-06-01,2025-06-07,2024,2024-25,36,TRUE
Region 3,202524,88,11,7,1,0,0,1,8,0,2025,24,2025-06-08,2025-06-14,2024,2024-25,37,TRUE
Region 3,202525,72,7,2,0,0,0,0,2,0,2025,25,2025-06-15,2025-06-21,2024,2024-25,38,TRUE
Region 3,202526,68,9,0,0,0,0,0,1,0,2025,26,2025-06-22,2025-06-28,2024,2024-25,39,TRUE
Region 3,202527,74,7,1,0,0,0,0,1,0,2025,27,2025-06-29,2025-07-05,2024,2024-25,40,TRUE
Region 3,202528,90,6,1,0,0,0,0,0,0,2025,28,2025-07-06,2025-07-12,2024,2024-25,41,TRUE
Region 3,202529,78,7,1,0,0,0,0,1,0,2025,29,2025-07-13,2025-07-19,2024,2024-25,42,TRUE
Region 3,202530,89,4,3,0,0,0,0,1,0,2025,30,2025-07-20,2025-07-26,2024,2024-25,43,TRUE
Region 3,202531,103,6,1,0,0,0,0,0,0,2025,31,2025-07-27,2025-08-02,2024,2024-25,44,TRUE
Region 3,202532,83,3,3,0,0,0,1,0,0,2025,32,2025-08-03,2025-08-09,2024,2024-25,45,TRUE
Region 3,202533,105,3,4,0,0,0,0,0,0,2025,33,2025-08-10,2025-08-16,2024,2024-25,46,TRUE
Region 3,202534,121,7,5,0,0,0,0,0,0,2025,34,2025-08-17,2025-08-23,2024,2024-25,47,TRUE
Region 3,202535,127,8,3,0,0,0,0,0,0,2025,35,2025-08-24,2025-08-30,2024,2024-25,48,TRUE
Region 3,202536,116,4,6,0,0,0,0,0,0,2025,36,2025-08-31,2025-09-06,2024,2024-25,49,TRUE
Region 3,202537,141,7,8,1,0,0,0,1,0,2025,37,2025-09-07,2025-09-13,2024,2024-25,50,TRUE
Region 3,202538,124,8,6,2,0,0,0,0,0,2025,38,2025-09-14,2025-09-20,2024,2024-25,51,TRUE
Region 3,202539,116,7,3,1,0,0,0,0,0,2025,39,2025-09-21,2025-09-27,2024,2024-25,52,TRUE
Region 3,202540,124,7,10,1,0,0,0,0,0,2025,40,2025-09-28,2025-10-04,2025,2025-26,1,TRUE
Region 3,202541,163,6,21,1,0,0,0,0,0,2025,41,2025-10-05,2025-10-11,2025,2025-26,2,TRUE
Region 3,202542,163,7,19,0,0,0,0,0,0,2025,42,2025-10-12,2025-10-18,2025,2025-26,3,TRUE
Region 3,202543,172,9,31,1,0,0,0,2,0,2025,43,2025-10-19,2025-10-25,2025,2025-26,4,TRUE
Region 3,202544,176,9,39,2,0,0,0,1,0,2025,44,2025-10-26,2025-11-01,2025,2025-26,5,TRUE
Region 3,202545,243,24,90,0,0,0,1,0,0,2025,45,2025-11-02,2025-11-08,2025,2025-26,6,TRUE
Region 3,202546,295,18,130,2,0,0,0,3,0,2025,46,2025-11-09,2025-11-15,2025,2025-26,7,TRUE
Region 3,202547,490,25,290,10,0,0,0,6,0,2025,47,2025-11-16,2025-11-22,2025,2025-26,8,TRUE
Region 3,202548,573,28,318,87,0,0,0,4,0,2025,48,2025-11-23,2025-11-29,2025,2025-26,9,TRUE
Region 3,202549,797,32,438,134,0,0,1,5,0,2025,49,2025-11-30,2025-12-06,2025,2025-26,10,TRUE
Region 3,202550,1200,17,401,567,0,0,3,9,0,2025,50,2025-12-07,2025-12-13,2025,2025-26,11,TRUE
Region 3,202551,2193,39,604,1305,0,0,3,14,0,2025,51,2025-12-14,2025-12-20,2025,2025-26,12,TRUE
Region 3,202552,2665,52,760,1562,0,0,2,16,0,2025,52,2025-12-21,2025-12-27,2025,2025-26,13,TRUE
Region 3,202553,2468,52,624,1432,0,0,5,23,0,2025,53,2025-12-28,2026-01-03,2025,2025-26,14,TRUE
Region 3,202601,1919,48,578,917,0,0,9,20,0,2026,1,2026-01-04,2026-01-10,2025,2025-26,15,TRUE
Region 3,202602,1190,37,394,443,0,0,13,26,0,2026,2,2026-01-11,2026-01-17,2025,2025-26,16,TRUE
Region 3,202603,658,25,254,140,0,0,11,24,0,2026,3,2026-01-18,2026-01-24,2025,2025-26,17,TRUE
Region 3,202604,432,15,157,87,0,0,15,28,0,2026,4,2026-01-25,2026-01-31,2025,2025-26,18,TRUE
Region 3,202605,336,12,100,58,0,0,12,21,0,2026,5,2026-02-01,2026-02-07,2025,2025-26,19,TRUE
Region 3,202606,418,10,112,53,0,0,34,43,0,2026,6,2026-02-08,2026-02-14,2025,2025-26,20,TRUE
Region 3,202607,444,30,110,45,0,0,77,63,0,2026,7,2026-02-15,2026-02-21,2025,2025-26,21,TRUE
Region 3,202608,417,20,76,20,0,0,62,64,0,2026,8,2026-02-22,2026-02-28,2025,2025-26,22,TRUE
Region 3,202609,442,18,58,6,0,0,84,86,0,2026,9,2026-03-01,2026-03-07,2025,2025-26,23,TRUE
Region 3,202610,377,13,28,6,0,0,64,87,0,2026,10,2026-03-08,2026-03-14,2025,2025-26,24,TRUE
Region 3,202611,356,14,30,1,0,0,54,93,0,2026,11,2026-03-15,2026-03-21,2025,2025-26,25,TRUE
Region 3,202612,317,9,20,2,0,0,40,93,0,2026,12,2026-03-22,2026-03-28,2025,2025-26,26,TRUE
Region 3,202613,295,7,14,1,0,0,52,89,0,2026,13,2026-03-29,2026-04-04,2025,2025-26,27,TRUE
Region 3,202614,210,8,9,1,0,0,31,49,0,2026,14,2026-04-05,2026-04-11,2025,2025-26,28,TRUE
Region 3,202615,154,2,12,0,0,0,10,32,0,2026,15,2026-04-12,2026-04-18,2025,2025-26,29,TRUE
Region 3,202616,95,1,3,0,0,0,4,13,0,2026,16,2026-04-19,2026-04-25,2025,2025-26,30,TRUE
Region 3,202617,81,3,1,0,0,0,3,11,0,2026,17,2026-04-26,2026-05-02,2025,2025-26,31,TRUE
Region 3,202618,84,1,1,0,0,0,5,5,0,2026,18,2026-05-03,2026-05-09,2025,2025-26,32,TRUE
Region 3,202619,97,1,2,0,0,0,2,14,0,2026,19,2026-05-10,2026-05-16,2025,2025-26,33,TRUE
Region 3,202620,85,0,0,0,0,0,4,6,0,2026,20,2026-05-17,2026-05-23,2025,2025-26,34,TRUE
Region 3,202621,72,0,0,0,0,0,1,3,0,2026,21,2026-05-24,2026-05-30,2025,2025-26,35,TRUE
Region 3,202622,59,4,0,0,0,0,0,1,0,2026,22,2026-05-31,2026-06-06,2025,2025-26,36,TRUE
Region 3,202623,55,1,1,1,0,0,0,1,0,2026,23,2026-06-07,2026-06-13,2025,2025-26,37,TRUE
Region 3,202624,48,0,0,0,0,0,0,0,0,2026,24,2026-06-14,2026-06-20,2025,2025-26,38,TRUE
Region 3,202625,49,0,0,0,0,0,0,0,0,2026,25,2026-06-21,2026-06-27,2025,2025-26,39,TRUE
Region 3,202626,49,1,0,0,0,0,0,1,0,2026,26,2026-06-28,2026-07-04,2025,2025-26,40,TRUE
Region 3,202627,49,1,0,0,0,0,0,1,0,2026,27,2026-07-05,2026-07-11,2025,2025-26,41,TRUE
Region 3,202628,47,1,0,1,0,0,0,0,0,2026,28,2026-07-12,2026-07-18,2025,2025-26,42,TRUE
Region 3,202629,50,0,2,0,0,0,0,0,0,2026,29,2026-07-19,2026-07-25,2025,2025-26,43,TRUE
Region 3,202630,62,2,1,0,0,0,0,1,0,2026,30,2026-07-26,2026-08-01,2025,2025-26,44,TRUE
Region 3,202631,63,2,0,0,0,0,0,0,0,2026,31,2026-08-02,2026-08-08,2025,2025-26,45,TRUE
Region 3,202632,72,4,0,0,0,0,0,0,0,2026,32,2026-08-09,2026-08-15,2025,2025-26,46,TRUE
Region 3,202633,55,5,1,0,0,0,0,0,0,2026,33,2026-08-16,2026-08-22,2025,2025-26,47,TRUE
Region 3,202634,70,11,1,0,0,0,0,0,0,2026,34,2026-08-23,2026-08-29,2025,2025-26,48,TRUE
Region 3,202635,63,6,1,0,0,0,1,0,0,2026,35,2026-08-30,2026-09-05,2025,2025-26,49,TRUE
Region 3,202636,56,15,0,2,0,0,0,0,0,2026,36,2026-09-06,2026-09-12,2025,2025-26,50,TRUE
Region 3,202637,76,12,0,0,0,0,0,0,0,2026,37,2026-09-13,2026-09-19,2025,2025-26,51,TRUE
Region 3,202638,43,5,0,0,0,0,0,0,0,2026,38,2026-09-20,2026-09-26,2025,2025-26,52,TRUE
Region 4,201940,132,12,3,1,0,0,0,21,1,2019,40,2019-09-29,2019-10-05,2019,2019-20,1,FALSE
Region 4,201941,146,12,10,0,0,0,0,26,2,2019,41,2019-10-06,2019-10-12,2019,2019-20,2,FALSE
Region 4,201942,188,6,11,0,0,0,2,20,2,2019,42,2019-10-13,2019-10-19,2019,2019-20,3,FALSE
Region 4,201943,183,7,6,0,0,0,2,45,2,2019,43,2019-10-20,2019-10-26,2019,2019-20,4,FALSE
Region 4,201944,198,7,6,0,0,0,8,26,3,2019,44,2019-10-27,2019-11-02,2019,2019-20,5,FALSE
Region 4,201945,301,22,4,2,0,0,5,60,3,2019,45,2019-11-03,2019-11-09,2019,2019-20,6,FALSE
Region 4,201946,285,25,7,0,0,0,6,65,2,2019,46,2019-11-10,2019-11-16,2019,2019-20,7,FALSE
Region 4,201947,389,26,8,1,0,0,5,107,0,2019,47,2019-11-17,2019-11-23,2019,2019-20,8,FALSE
Region 4,201948,315,57,7,3,0,0,14,89,1,2019,48,2019-11-24,2019-11-30,2019,2019-20,9,FALSE
Region 4,201949,452,103,7,0,0,0,8,87,1,2019,49,2019-12-01,2019-12-07,2019,2019-20,10,FALSE
Region 4,201950,493,128,12,3,0,0,12,125,1,2019,50,2019-12-08,2019-12-14,2019,2019-20,11,FALSE
Region 4,201951,613,194,6,2,0,0,24,155,2,2019,51,2019-12-15,2019-12-21,2019,2019-20,12,FALSE
Region 4,201952,421,194,5,1,0,0,5,104,2,2019,52,2019-12-22,2019-12-28,2019,2019-20,13,FALSE
Region 4,202001,457,211,12,2,0,0,4,89,1,2020,1,2019-12-29,2020-01-04,2019,2019-20,14,FALSE
Region 4,202002,555,211,4,0,0,0,9,104,3,2020,2,2020-01-05,2020-01-11,2019,2019-20,15,FALSE
Region 4,202003,616,259,7,2,0,0,8,119,1,2020,3,2020-01-12,2020-01-18,2019,2019-20,16,FALSE
Region 4,202004,592,254,8,2,0,0,15,90,0,2020,4,2020-01-19,2020-01-25,2019,2019-20,17,FALSE
Region 4,202005,942,484,14,4,0,0,17,78,1,2020,5,2020-01-26,2020-02-01,2019,2019-20,18,FALSE
Region 4,202006,837,415,4,3,0,0,23,95,1,2020,6,2020-02-02,2020-02-08,2019,2019-20,19,FALSE
Region 4,202007,675,327,4,3,0,0,19,75,4,2020,7,2020-02-09,2020-02-15,2019,2019-20,20,FALSE
Region 4,202008,610,252,8,4,0,0,11,48,1,2020,8,2020-02-16,2020-02-22,2019,2019-20,21,FALSE
Region 4,202009,526,223,3,1,0,0,18,49,1,2020,9,2020-02-23,2020-02-29,2019,2019-20,22,FALSE
Region 4,202010,441,155,2,7,0,0,8,38,1,2020,10,2020-03-01,2020-03-07,2019,2019-20,23,FALSE
Region 4,202011,468,139,5,0,0,0,10,20,0,2020,11,2020-03-08,2020-03-14,2019,2019-20,24,FALSE
Region 4,202012,429,33,2,1,0,0,10,7,0,2020,12,2020-03-15,2020-03-21,2019,2019-20,25,FALSE
Region 4,202013,358,5,0,0,0,0,10,7,0,2020,13,2020-03-22,2020-03-28,2019,2019-20,26,FALSE
Region 4,202014,306,1,0,0,0,0,0,1,0,2020,14,2020-03-29,2020-04-04,2019,2019-20,27,FALSE
Region 4,202015,277,1,0,0,0,0,1,0,0,2020,15,2020-04-05,2020-04-11,2019,2019-20,28,FALSE
Region 4,202016,203,1,0,0,0,0,0,0,0,2020,16,2020-04-12,2020-04-18,2019,2019-20,29,FALSE
Region 4,202017,199,0,0,0,0,0,0,0,0,2020,17,2020-04-19,2020-04-25,2019,2019-20,30,FALSE
Region 4,202018,217,0,0,0,0,0,0,0,0,2020,18,2020-04-26,2020-05-02,2019,2019-20,31,FALSE
Region 4,202019,205,0,0,0,0,0,0,0,0,2020,19,2020-05-03,2020-05-09,2019,2019-20,32,FALSE
Region 4,202020,187,0,0,0,0,0,0,0,0,2020,20,2020-05-10,2020-05-16,2019,2019-20,33,FALSE
Region 4,202021,188,0,0,0,0,0,0,0,0,2020,21,2020-05-17,2020-05-23,2019,2019-20,34,FALSE
Region 4,202022,160,0,0,0,0,0,0,0,0,2020,22,2020-05-24,2020-05-30,2019,2019-20,35,FALSE
Region 4,202023,127,0,0,0,0,0,0,0,0,2020,23,2020-05-31,2020-06-06,2019,2019-20,36,FALSE
Region 4,202024,147,0,0,0,0,0,0,1,0,2020,24,2020-06-07,2020-06-13,2019,2019-20,37,FALSE
Region 4,202025,128,0,0,0,0,0,0,0,0,2020,25,2020-06-14,2020-06-20,2019,2019-20,38,FALSE
Region 4,202026,59,0,0,0,0,0,0,0,0,2020,26,2020-06-21,2020-06-27,2019,2019-20,39,FALSE
Region 4,202027,56,0,0,0,0,0,0,0,0,2020,27,2020-06-28,2020-07-04,2019,2019-20,40,FALSE
Region 4,202028,88,0,0,0,0,0,0,0,0,2020,28,2020-07-05,2020-07-11,2019,2019-20,41,FALSE
Region 4,202029,46,0,0,0,0,0,0,0,0,2020,29,2020-07-12,2020-07-18,2019,2019-20,42,FALSE
Region 4,202030,75,0,0,0,0,0,0,0,0,2020,30,2020-07-19,2020-07-25,2019,2019-20,43,FALSE
Region 4,202031,55,0,0,0,0,0,0,0,0,2020,31,2020-07-26,2020-08-01,2019,2019-20,44,FALSE
Region 4,202032,46,0,0,0,0,0,0,0,0,2020,32,2020-08-02,2020-08-08,2019,2019-20,45,FALSE
Region 4,202033,45,0,0,0,0,0,0,0,0,2020,33,2020-08-09,2020-08-15,2019,2019-20,46,FALSE
Region 4,202034,44,0,0,0,0,0,0,0,0,2020,34,2020-08-16,2020-08-22,2019,2019-20,47,FALSE
Region 4,202035,56,0,0,0,0,0,0,0,0,2020,35,2020-08-23,2020-08-29,2019,2019-20,48,FALSE
Region 4,202036,55,0,0,0,0,0,0,0,0,2020,36,2020-08-30,2020-09-05,2019,2019-20,49,FALSE
Region 4,202037,31,0,0,0,0,0,0,0,0,2020,37,2020-09-06,2020-09-12,2019,2019-20,50,FALSE
Region 4,202038,40,0,0,0,0,0,0,0,0,2020,38,2020-09-13,2020-09-19,2019,2019-20,51,FALSE
Region 4,202039,33,0,0,0,0,0,0,0,0,2020,39,2020-09-20,2020-09-26,2019,2019-20,52,FALSE
Region 4,202040,95,0,0,0,0,0,0,0,0,2020,40,2020-09-27,2020-10-03,2020,2020-21,1,FALSE
Region 4,202041,118,0,0,0,0,0,0,0,0,2020,41,2020-10-04,2020-10-10,2020,2020-21,2,FALSE
Region 4,202042,125,0,1,0,0,0,0,0,0,2020,42,2020-10-11,2020-10-17,2020,2020-21,3,FALSE
Region 4,202043,981,0,0,0,0,0,0,0,0,2020,43,2020-10-18,2020-10-24,2020,2020-21,4,FALSE
Region 4,202044,3865,0,1,1,0,0,1,1,1,2020,44,2020-10-25,2020-10-31,2020,2020-21,5,FALSE
Region 4,202045,5509,0,0,2,0,0,0,0,0,2020,45,2020-11-01,2020-11-07,2020,2020-21,6,FALSE
Region 4,202046,1354,0,0,1,0,0,1,0,0,2020,46,2020-11-08,2020-11-14,2020,2020-21,7,FALSE
Region 4,202047,2699,0,1,0,0,0,0,0,1,2020,47,2020-11-15,2020-11-21,2020,2020-21,8,FALSE
Region 4,202048,1789,1,0,3,0,0,0,0,0,2020,48,2020-11-22,2020-11-28,2020,2020-21,9,FALSE
Region 4,202049,3131,0,0,0,0,0,0,1,1,2020,49,2020-11-29,2020-12-05,2020,2020-21,10,FALSE
Region 4,202050,3302,1,0,1,0,0,0,0,0,2020,50,2020-12-06,2020-12-12,2020,2020-21,11,FALSE
Region 4,202051,2948,0,0,1,0,0,0,0,0,2020,51,2020-12-13,2020-12-19,2020,2020-21,12,FALSE
Region 4,202052,2240,0,0,0,0,0,0,0,0,2020,52,2020-12-20,2020-12-26,2020,2020-21,13,FALSE
Region 4,202053,2173,0,0,2,0,0,0,0,0,2020,53,2020-12-27,2021-01-02,2020,2020-21,14,FALSE
Region 4,202101,2795,0,0,2,0,0,0,0,0,2021,1,2021-01-03,2021-01-09,2020,2020-21,15,FALSE
Region 4,202102,2934,0,0,1,0,0,1,0,0,2021,2,2021-01-10,2021-01-16,2020,2020-21,16,FALSE
Region 4,202103,2927,0,0,0,0,0,0,0,0,2021,3,2021-01-17,2021-01-23,2020,2020-21,17,FALSE
Region 4,202104,2852,0,0,0,0,0,0,0,0,2021,4,2021-01-24,2021-01-30,2020,2020-21,18,FALSE
Region 4,202105,1663,0,0,1,0,0,0,0,0,2021,5,2021-01-31,2021-02-06,2020,2020-21,19,FALSE
Region 4,202106,2439,0,0,0,0,0,1,1,0,2021,6,2021-02-07,2021-02-13,2020,2020-21,20,FALSE
Region 4,202107,1573,0,0,0,0,0,0,0,0,2021,7,2021-02-14,2021-02-20,2020,2020-21,21,FALSE
Region 4,202108,3783,1,0,0,0,0,0,0,0,2021,8,2021-02-21,2021-02-27,2020,2020-21,22,FALSE
Region 4,202109,1300,0,0,1,0,0,0,0,0,2021,9,2021-02-28,2021-03-06,2020,2020-21,23,FALSE
Region 4,202110,2825,0,0,1,0,0,0,0,0,2021,10,2021-03-07,2021-03-13,2020,2020-21,24,FALSE
Region 4,202111,1095,0,0,1,0,0,0,0,0,2021,11,2021-03-14,2021-03-20,2020,2020-21,25,FALSE
Region 4,202112,1295,0,0,0,0,0,0,0,0,2021,12,2021-03-21,2021-03-27,2020,2020-21,26,FALSE
Region 4,202113,1301,0,0,1,0,0,1,0,0,2021,13,2021-03-28,2021-04-03,2020,2020-21,27,FALSE
Region 4,202114,1168,0,0,0,0,0,0,0,0,2021,14,2021-04-04,2021-04-10,2020,2020-21,28,FALSE
Region 4,202115,1234,1,0,0,0,0,1,0,0,2021,15,2021-04-11,2021-04-17,2020,2020-21,29,FALSE
Region 4,202116,1442,0,0,0,0,0,0,0,0,2021,16,2021-04-18,2021-04-24,2020,2020-21,30,FALSE
Region 4,202117,1285,0,0,0,0,0,0,0,0,2021,17,2021-04-25,2021-05-01,2020,2020-21,31,FALSE
Region 4,202118,993,0,0,0,0,0,0,0,0,2021,18,2021-05-02,2021-05-08,2020,2020-21,32,FALSE
Region 4,202119,994,0,0,0,0,0,0,0,0,2021,19,2021-05-09,2021-05-15,2020,2020-21,33,FALSE
Region 4,202120,939,0,0,1,0,0,0,0,0,2021,20,2021-05-16,2021-05-22,2020,2020-21,34,FALSE
Region 4,202121,908,0,0,0,0,0,0,0,0,2021,21,2021-05-23,2021-05-29,2020,2020-21,35,FALSE
Region 4,202122,650,0,0,0,0,0,0,0,0,2021,22,2021-05-30,2021-06-05,2020,2020-21,36,FALSE
Region 4,202123,563,0,0,0,0,0,0,0,0,2021,23,2021-06-06,2021-06-12,2020,2020-21,37,FALSE
Region 4,202124,465,0,0,0,0,0,0,0,0,2021,24,2021-06-13,2021-06-19,2020,2020-21,38,FALSE
Region 4,202125,438,0,0,0,0,0,0,0,0,2021,25,2021-06-20,2021-06-26,2020,2020-21,39,FALSE
Region 4,202126,443,0,0,0,0,0,0,0,0,2021,26,2021-06-27,2021-07-03,2020,2020-21,40,FALSE
Region 4,202127,428,0,0,1,0,0,0,0,0,2021,27,2021-07-04,2021-07-10,2020,2020-21,41,FALSE
Region 4,202128,776,0,0,0,0,0,0,0,0,2021,28,2021-07-11,2021-07-17,2020,2020-21,42,FALSE
Region 4,202129,912,0,0,0,0,0,0,0,0,2021,29,2021-07-18,2021-07-24,2020,2020-21,43,FALSE
Region 4,202130,1201,0,0,0,0,0,0,0,0,2021,30,2021-07-25,2021-07-31,2020,2020-21,44,FALSE
Region 4,202131,1984,0,0,0,0,0,0,0,0,2021,31,2021-08-01,2021-08-07,2020,2020-21,45,FALSE
Region 4,202132,2605,0,0,0,0,0,0,0,0,2021,32,2021-08-08,2021-08-14,2020,2020-21,46,FALSE
Region 4,202133,3524,0,0,0,0,0,0,0,0,2021,33,2021-08-15,2021-08-21,2020,2020-21,47,FALSE
Region 4,202134,3873,0,0,0,0,0,1,0,0,2021,34,2021-08-22,2021-08-28,2020,2020-21,48,FALSE
Region 4,202135,2926,0,0,0,0,0,0,0,0,2021,35,2021-08-29,2021-09-04,2020,2020-21,49,FALSE
Region 4,202136,2137,0,0,0,0,0,0,0,0,2021,36,2021-09-05,2021-09-11,2020,2020-21,50,FALSE
Region 4,202137,1876,1,0,0,0,0,0,0,0,2021,37,2021-09-12,2021-09-18,2020,2020-21,51,FALSE
Region 4,202138,1320,0,0,1,0,0,0,0,0,2021,38,2021-09-19,2021-09-25,2020,2020-21,52,FALSE
Region 4,202139,1140,0,0,1,0,0,1,0,0,2021,39,2021-09-26,2021-10-02,2020,2020-21,53,FALSE
Region 4,202140,878,0,0,0,0,0,0,0,0,2021,40,2021-10-03,2021-10-09,2021,2021-22,1,FALSE
Region 4,202141,818,0,0,0,0,0,0,1,0,2021,41,2021-10-10,2021-10-16,2021,2021-22,2,FALSE
Region 4,202142,739,0,3,2,0,0,0,0,0,2021,42,2021-10-17,2021-10-23,2021,2021-22,3,FALSE
Region 4,202143,620,0,8,0,0,0,0,0,0,2021,43,2021-10-24,2021-10-30,2021,2021-22,4,FALSE
Region 4,202144,637,0,45,0,0,0,0,2,0,2021,44,2021-10-31,2021-11-06,2021,2021-22,5,FALSE
Region 4,202145,565,0,38,2,0,0,0,0,0,2021,45,2021-11-07,2021-11-13,2021,2021-22,6,FALSE
Region 4,202146,596,0,93,5,0,0,0,0,0,2021,46,2021-11-14,2021-11-20,2021,2021-22,7,FALSE
Region 4,202147,375,0,120,6,0,0,0,0,0,2021,47,2021-11-21,2021-11-27,2021,2021-22,8,FALSE
Region 4,202148,649,0,116,11,0,0,0,0,0,2021,48,2021-11-28,2021-12-04,2021,2021-22,9,FALSE
Region 4,202149,648,0,118,16,0,0,0,0,0,2021,49,2021-12-05,2021-12-11,2021,2021-22,10,FALSE
Region 4,202150,743,0,176,22,0,0,0,0,0,2021,50,2021-12-12,2021-12-18,2021,2021-22,11,FALSE
Region 4,202151,860,0,171,19,0,0,0,0,0,2021,51,2021-12-19,2021-12-25,2021,2021-22,12,FALSE
Region 4,202152,2113,0,129,31,0,0,0,0,0,2021,52,2021-12-26,2022-01-01,2021,2021-22,13,FALSE
Region 4,202201,4563,0,56,30,0,0,3,0,0,2022,1,2022-01-02,2022-01-08,2021,2021-22,14,FALSE
Region 4,202202,4445,0,34,8,0,0,1,0,0,2022,2,2022-01-09,2022-01-15,2021,2021-22,15,FALSE
Region 4,202203,1173,0,22,2,0,0,0,0,0,2022,3,2022-01-16,2022-01-22,2021,2021-22,16,FALSE
Region 4,202204,497,0,13,5,0,0,0,1,0,2022,4,2022-01-23,2022-01-29,2021,2021-22,17,FALSE
Region 4,202205,284,0,14,7,0,0,0,1,0,2022,5,2022-01-30,2022-02-05,2021,2021-22,18,FALSE
Region 4,202206,203,0,21,3,0,0,0,0,0,2022,6,2022-02-06,2022-02-12,2021,2021-22,19,FALSE
Region 4,202207,245,0,18,11,0,0,0,1,0,2022,7,2022-02-13,2022-02-19,2021,2021-22,20,FALSE
Region 4,202208,218,0,39,15,0,0,0,0,0,2022,8,2022-02-20,2022-02-26,2021,2021-22,21,FALSE
Region 4,202209,189,0,17,12,0,0,0,0,0,2022,9,2022-02-27,2022-03-05,2021,2021-22,22,FALSE
Region 4,202210,160,0,30,5,0,0,0,1,0,2022,10,2022-03-06,2022-03-12,2021,2021-22,23,FALSE
Region 4,202211,144,0,35,3,0,0,0,0,0,2022,11,2022-03-13,2022-03-19,2021,2021-22,24,FALSE
Region 4,202212,147,0,45,5,0,0,0,0,0,2022,12,2022-03-20,2022-03-26,2021,2021-22,25,FALSE
Region 4,202213,152,0,41,4,0,0,0,0,0,2022,13,2022-03-27,2022-04-02,2021,2021-22,26,FALSE
Region 4,202214,162,0,47,8,0,0,0,0,0,2022,14,2022-04-03,2022-04-09,2021,2021-22,27,FALSE
Region 4,202215,162,0,71,3,0,0,0,0,0,2022,15,2022-04-10,2022-04-16,2021,2021-22,28,FALSE
Region 4,202216,195,0,84,7,0,0,0,0,0,2022,16,2022-04-17,2022-04-23,2021,2021-22,29,FALSE
Region 4,202217,248,0,82,9,0,0,0,0,0,2022,17,2022-04-24,2022-04-30,2021,2021-22,30,FALSE
Region 4,202218,252,0,98,8,0,0,0,0,0,2022,18,2022-05-01,2022-05-07,2021,2021-22,31,FALSE
Region 4,202219,263,0,130,11,0,0,0,0,0,2022,19,2022-05-08,2022-05-14,2021,2021-22,32,FALSE
Region 4,202220,330,2,158,11,0,0,0,0,0,2022,20,2022-05-15,2022-05-21,2021,2021-22,33,FALSE
Region 4,202221,336,0,173,6,0,0,1,0,0,2022,21,2022-05-22,2022-05-28,2021,2021-22,34,FALSE
Region 4,202222,315,0,163,13,0,0,0,0,0,2022,22,2022-05-29,2022-06-04,2021,2021-22,35,FALSE
Region 4,202223,296,0,132,11,0,0,0,0,0,2022,23,2022-06-05,2022-06-11,2021,2021-22,36,FALSE
Region 4,202224,295,0,101,3,0,0,0,0,0,2022,24,2022-06-12,2022-06-18,2021,2021-22,37,FALSE
Region 4,202225,189,0,47,7,0,0,0,0,0,2022,25,2022-06-19,2022-06-25,2021,2021-22,38,FALSE
Region 4,202226,226,0,29,6,0,0,0,0,0,2022,26,2022-06-26,2022-07-02,2021,2021-22,39,FALSE
Region 4,202227,164,0,23,1,0,0,0,0,0,2022,27,2022-07-03,2022-07-09,2021,2021-22,40,FALSE
Region 4,202228,171,0,28,0,0,0,0,0,0,2022,28,2022-07-10,2022-07-16,2021,2021-22,41,FALSE
Region 4,202229,148,0,6,0,0,0,0,0,0,2022,29,2022-07-17,2022-07-23,2021,2021-22,42,FALSE
Region 4,202230,138,0,4,0,0,0,0,0,0,2022,30,2022-07-24,2022-07-30,2021,2021-22,43,FALSE
Region 4,202231,126,1,6,0,0,0,0,0,0,2022,31,2022-07-31,2022-08-06,2021,2021-22,44,FALSE
Region 4,202232,120,0,6,3,0,0,0,0,0,2022,32,2022-08-07,2022-08-13,2021,2021-22,45,FALSE
Region 4,202233,129,3,5,0,0,0,0,0,0,2022,33,2022-08-14,2022-08-20,2021,2021-22,46,FALSE
Region 4,202234,132,2,10,1,0,0,0,0,0,2022,34,2022-08-21,2022-08-27,2021,2021-22,47,FALSE
Region 4,202235,133,0,5,1,0,0,0,0,0,2022,35,2022-08-28,2022-09-03,2021,2021-22,48,FALSE
Region 4,202236,94,4,13,2,0,0,0,0,0,2022,36,2022-09-04,2022-09-10,2021,2021-22,49,FALSE
Region 4,202237,124,1,24,0,0,0,0,0,0,2022,37,2022-09-11,2022-09-17,2021,2021-22,50,FALSE
Region 4,202238,120,1,54,3,0,0,0,0,0,2022,38,2022-09-18,2022-09-24,2021,2021-22,51,FALSE
Region 4,202239,145,3,67,4,0,0,0,0,0,2022,39,2022-09-25,2022-10-01,2021,2021-22,52,FALSE
Region 4,202240,154,4,77,6,0,0,0,1,0,2022,40,2022-10-02,2022-10-08,2022,2022-23,1,TRUE
Region 4,202241,192,10,99,7,0,0,0,1,0,2022,41,2022-10-09,2022-10-15,2022,2022-23,2,TRUE
Region 4,202242,285,13,173,10,0,0,0,2,0,2022,42,2022-10-16,2022-10-22,2022,2022-23,3,TRUE
Region 4,202243,399,35,236,12,0,0,0,0,0,2022,43,2022-10-23,2022-10-29,2022,2022-23,4,TRUE
Region 4,202244,461,48,220,41,0,0,1,1,0,2022,44,2022-10-30,2022-11-05,2022,2022-23,5,TRUE
Region 4,202245,491,81,248,37,0,0,0,0,0,2022,45,2022-11-06,2022-11-12,2022,2022-23,6,TRUE
Region 4,202246,539,73,241,45,0,0,0,2,0,2022,46,2022-11-13,2022-11-19,2022,2022-23,7,TRUE
Region 4,202247,371,57,194,15,0,0,0,0,0,2022,47,2022-11-20,2022-11-26,2022,2022-23,8,TRUE
Region 4,202248,618,99,235,21,0,0,0,0,0,2022,48,2022-11-27,2022-12-03,2022,2022-23,9,TRUE
Region 4,202249,497,78,190,20,0,0,0,1,0,2022,49,2022-12-04,2022-12-10,2022,2022-23,10,TRUE
Region 4,202250,413,60,156,18,0,0,0,0,0,2022,50,2022-12-11,2022-12-17,2022,2022-23,11,TRUE
Region 4,202251,305,61,74,17,0,0,0,0,0,2022,51,2022-12-18,2022-12-24,2022,2022-23,12,TRUE
Region 4,202252,391,82,69,9,0,0,0,2,0,2022,52,2022-12-25,2022-12-31,2022,2022-23,13,TRUE
Region 4,202301,287,83,53,12,0,0,0,1,0,2023,1,2023-01-01,2023-01-07,2022,2022-23,14,TRUE
Region 4,202302,221,40,27,3,0,0,0,0,0,2023,2,2023-01-08,2023-01-14,2022,2022-23,15,TRUE
Region 4,202303,229,41,28,0,0,0,0,1,0,2023,3,2023-01-15,2023-01-21,2022,2022-23,16,TRUE
Region 4,202304,150,17,11,0,0,0,0,3,0,2023,4,2023-01-22,2023-01-28,2022,2022-23,17,TRUE
Region 4,202305,176,25,17,0,0,0,0,2,0,2023,5,2023-01-29,2023-02-04,2022,2022-23,18,TRUE
Region 4,202306,142,23,6,4,0,0,0,5,0,2023,6,2023-02-05,2023-02-11,2022,2022-23,19,TRUE
Region 4,202307,163,19,8,2,0,0,0,3,0,2023,7,2023-02-12,2023-02-18,2022,2022-23,20,TRUE
Region 4,202308,131,10,5,2,0,0,0,3,0,2023,8,2023-02-19,2023-02-25,2022,2022-23,21,TRUE
Region 4,202309,117,10,5,0,0,0,0,10,0,2023,9,2023-02-26,2023-03-04,2022,2022-23,22,TRUE
Region 4,202310,125,7,1,5,0,0,0,1,0,2023,10,2023-03-05,2023-03-11,2022,2022-23,23,TRUE
Region 4,202311,116,8,4,2,0,0,2,6,0,2023,11,2023-03-12,2023-03-18,2022,2022-23,24,TRUE
Region 4,202312,146,7,1,0,0,0,1,10,0,2023,12,2023-03-19,2023-03-25,2022,2022-23,25,TRUE
Region 4,202313,98,8,1,2,0,0,0,9,0,2023,13,2023-03-26,2023-04-01,2022,2022-23,26,TRUE
Region 4,202314,72,5,2,4,0,0,0,6,0,2023,14,2023-04-02,2023-04-08,2022,2022-23,27,TRUE
Region 4,202315,88,5,0,2,0,0,0,5,0,2023,15,2023-04-09,2023-04-15,2022,2022-23,28,TRUE
Region 4,202316,88,3,0,0,0,0,0,10,0,2023,16,2023-04-16,2023-04-22,2022,2022-23,29,TRUE
Region 4,202317,71,3,0,0,0,0,0,12,0,2023,17,2023-04-23,2023-04-29,2022,2022-23,30,TRUE
Region 4,202318,62,2,1,0,0,0,0,11,0,2023,18,2023-04-30,2023-05-06,2022,2022-23,31,TRUE
Region 4,202319,97,5,0,0,0,0,0,26,0,2023,19,2023-05-07,2023-05-13,2022,2022-23,32,TRUE
Region 4,202320,78,8,0,2,0,0,0,20,0,2023,20,2023-05-14,2023-05-20,2022,2022-23,33,TRUE
Region 4,202321,62,5,0,1,0,0,0,7,0,2023,21,2023-05-21,2023-05-27,2022,2022-23,34,TRUE
Region 4,202322,55,4,0,1,0,0,0,10,0,2023,22,2023-05-28,2023-06-03,2022,2022-23,35,TRUE
Region 4,202323,49,7,2,0,0,0,0,18,0,2023,23,2023-06-04,2023-06-10,2022,2022-23,36,TRUE
Region 4,202324,44,2,1,1,0,0,0,8,0,2023,24,2023-06-11,2023-06-17,2022,2022-23,37,TRUE
Region 4,202325,54,2,0,1,0,0,0,0,0,2023,25,2023-06-18,2023-06-24,2022,2022-23,38,TRUE
Region 4,202326,57,2,0,0,0,0,0,6,0,2023,26,2023-06-25,2023-07-01,2022,2022-23,39,TRUE
Region 4,202327,44,10,0,0,0,0,0,4,0,2023,27,2023-07-02,2023-07-08,2022,2022-23,40,TRUE
Region 4,202328,49,9,0,0,0,0,0,10,0,2023,28,2023-07-09,2023-07-15,2022,2022-23,41,TRUE
Region 4,202329,61,6,2,0,0,0,0,4,0,2023,29,2023-07-16,2023-07-22,2022,2022-23,42,TRUE
Region 4,202330,89,6,0,0,0,0,1,16,0,2023,30,2023-07-23,2023-07-29,2022,2022-23,43,TRUE
Region 4,202331,67,5,1,0,0,0,0,7,0,2023,31,2023-07-30,2023-08-05,2022,2022-23,44,TRUE
Region 4,202332,68,7,0,2,0,0,0,9,0,2023,32,2023-08-06,2023-08-12,2022,2022-23,45,TRUE
Region 4,202333,76,5,5,0,0,0,0,6,0,2023,33,2023-08-13,2023-08-19,2022,2022-23,46,TRUE
Region 4,202334,85,15,4,0,0,0,1,4,0,2023,34,2023-08-20,2023-08-26,2022,2022-23,47,TRUE
Region 4,202335,88,10,3,0,0,0,0,2,0,2023,35,2023-08-27,2023-09-02,2022,2022-23,48,TRUE
Region 4,202336,81,16,3,0,0,0,1,10,0,2023,36,2023-09-03,2023-09-09,2022,2022-23,49,TRUE
Region 4,202337,98,13,3,2,0,0,0,7,0,2023,37,2023-09-10,2023-09-16,2022,2022-23,50,TRUE
Region 4,202338,95,9,0,0,0,0,0,22,0,2023,38,2023-09-17,2023-09-23,2022,2022-23,51,TRUE
Region 4,202339,102,17,4,0,0,0,0,7,0,2023,39,2023-09-24,2023-09-30,2022,2022-23,52,TRUE
Region 4,202340,162,40,4,2,0,0,0,12,0,2023,40,2023-10-01,2023-10-07,2023,2023-24,1,TRUE
Region 4,202341,169,31,2,1,0,0,3,31,0,2023,41,2023-10-08,2023-10-14,2023,2023-24,2,TRUE
Region 4,202342,220,49,4,4,0,0,7,30,0,2023,42,2023-10-15,2023-10-21,2023,2023-24,3,TRUE
Region 4,202343,170,36,6,10,0,0,0,31,0,2023,43,2023-10-22,2023-10-28,2023,2023-24,4,TRUE
Region 4,202344,267,81,7,20,0,0,3,46,0,2023,44,2023-10-29,2023-11-04,2023,2023-24,5,TRUE
Region 4,202345,344,134,11,19,0,0,0,69,0,2023,45,2023-11-05,2023-11-11,2023,2023-24,6,TRUE
Region 4,202346,316,64,10,18,0,0,3,74,0,2023,46,2023-11-12,2023-11-18,2023,2023-24,7,TRUE
Region 4,202347,243,89,16,4,0,0,0,51,0,2023,47,2023-11-19,2023-11-25,2023,2023-24,8,TRUE
Region 4,202348,343,114,21,7,0,0,1,89,0,2023,48,2023-11-26,2023-12-02,2023,2023-24,9,TRUE
Region 4,202349,405,145,36,14,0,0,4,77,0,2023,49,2023-12-03,2023-12-09,2023,2023-24,10,TRUE
Region 4,202350,408,143,26,10,0,0,3,90,0,2023,50,2023-12-10,2023-12-16,2023,2023-24,11,TRUE
Region 4,202351,444,135,42,26,0,0,5,81,0,2023,51,2023-12-17,2023-12-23,2023,2023-24,12,TRUE
Region 4,202352,318,100,32,14,0,0,2,56,0,2023,52,2023-12-24,2023-12-30,2023,2023-24,13,TRUE
Region 4,202401,417,141,29,14,0,0,6,79,0,2024,1,2023-12-31,2024-01-06,2023,2023-24,14,TRUE
Region 4,202402,341,122,45,6,0,0,1,31,0,2024,2,2024-01-07,2024-01-13,2023,2023-24,15,TRUE
Region 4,202403,395,140,52,10,0,0,1,34,0,2024,3,2024-01-14,2024-01-20,2023,2023-24,16,TRUE
Region 4,202404,336,101,59,8,0,0,2,51,0,2024,4,2024-01-21,2024-01-27,2023,2023-24,17,TRUE
Region 4,202405,339,61,53,7,0,0,8,81,0,2024,5,2024-01-28,2024-02-03,2023,2023-24,18,TRUE
Region 4,202406,322,61,64,15,0,0,4,52,0,2024,6,2024-02-04,2024-02-10,2023,2023-24,19,TRUE
Region 4,202407,299,53,57,9,0,0,2,54,0,2024,7,2024-02-11,2024-02-17,2023,2023-24,20,TRUE
Region 4,202408,268,48,49,12,0,0,1,41,0,2024,8,2024-02-18,2024-02-24,2023,2023-24,21,TRUE
Region 4,202409,286,47,40,24,0,0,0,50,0,2024,9,2024-02-25,2024-03-02,2023,2023-24,22,TRUE
Region 4,202410,299,33,63,17,0,0,2,47,0,2024,10,2024-03-03,2024-03-09,2023,2023-24,23,TRUE
Region 4,202411,220,25,48,7,0,0,2,32,0,2024,11,2024-03-10,2024-03-16,2023,2023-24,24,TRUE
Region 4,202412,214,21,52,3,0,0,0,26,0,2024,12,2024-03-17,2024-03-23,2023,2023-24,25,TRUE
Region 4,202413,171,20,41,2,0,0,0,12,0,2024,13,2024-03-24,2024-03-30,2023,2023-24,26,TRUE
Region 4,202414,160,11,35,1,0,0,0,11,0,2024,14,2024-03-31,2024-04-06,2023,2023-24,27,TRUE
Region 4,202415,101,4,21,1,0,0,0,12,0,2024,15,2024-04-07,2024-04-13,2023,2023-24,28,TRUE
Region 4,202416,115,16,21,2,0,0,1,15,0,2024,16,2024-04-14,2024-04-20,2023,2023-24,29,TRUE
Region 4,202417,97,9,14,0,0,0,0,5,0,2024,17,2024-04-21,2024-04-27,2023,2023-24,30,TRUE
Region 4,202418,80,9,13,0,0,0,0,4,0,2024,18,2024-04-28,2024-05-04,2023,2023-24,31,TRUE
Region 4,202419,72,3,10,0,0,0,1,4,0,2024,19,2024-05-05,2024-05-11,2023,2023-24,32,TRUE
Region 4,202420,61,5,3,0,0,0,0,2,0,2024,20,2024-05-12,2024-05-18,2023,2023-24,33,TRUE
Region 4,202421,80,3,17,0,0,0,0,2,0,2024,21,2024-05-19,2024-05-25,2023,2023-24,34,TRUE
Region 4,202422,69,3,16,0,0,0,0,3,0,2024,22,2024-05-26,2024-06-01,2023,2023-24,35,TRUE
Region 4,202423,67,8,15,0,0,0,0,1,0,2024,23,2024-06-02,2024-06-08,2023,2023-24,36,TRUE
Region 4,202424,69,6,11,1,0,0,0,0,0,2024,24,2024-06-09,2024-06-15,2023,2023-24,37,TRUE
Region 4,202425,60,8,10,1,0,0,0,1,0,2024,25,2024-06-16,2024-06-22,2023,2023-24,38,TRUE
Region 4,202426,81,9,18,0,0,0,0,0,0,2024,26,2024-06-23,2024-06-29,2023,2023-24,39,TRUE
Region 4,202427,85,6,23,0,0,0,0,0,0,2024,27,2024-06-30,2024-07-06,2023,2023-24,40,TRUE
Region 4,202428,71,11,11,0,0,0,0,0,0,2024,28,2024-07-07,2024-07-13,2023,2023-24,41,TRUE
Region 4,202429,81,8,9,2,0,0,0,0,0,2024,29,2024-07-14,2024-07-20,2023,2023-24,42,TRUE
Region 4,202430,79,2,4,0,0,0,0,1,0,2024,30,2024-07-21,2024-07-27,2023,2023-24,43,TRUE
Region 4,202431,74,7,10,0,0,0,0,0,0,2024,31,2024-07-28,2024-08-03,2023,2023-24,44,TRUE
Region 4,202432,59,5,11,0,0,0,0,0,0,2024,32,2024-08-04,2024-08-10,2023,2023-24,45,TRUE
Region 4,202433,118,7,10,0,0,0,0,0,0,2024,33,2024-08-11,2024-08-17,2023,2023-24,46,TRUE
Region 4,202434,94,7,15,0,0,0,0,0,0,2024,34,2024-08-18,2024-08-24,2023,2023-24,47,TRUE
Region 4,202435,110,7,15,0,0,0,0,0,0,2024,35,2024-08-25,2024-08-31,2023,2023-24,48,TRUE
Region 4,202436,68,8,5,0,0,0,0,0,0,2024,36,2024-09-01,2024-09-07,2023,2023-24,49,TRUE
Region 4,202437,61,10,10,0,0,0,0,0,0,2024,37,2024-09-08,2024-09-14,2023,2023-24,50,TRUE
Region 4,202438,100,18,11,1,0,0,0,1,0,2024,38,2024-09-15,2024-09-21,2023,2023-24,51,TRUE
Region 4,202439,107,22,24,2,0,0,0,0,0,2024,39,2024-09-22,2024-09-28,2023,2023-24,52,TRUE
Region 4,202440,102,15,12,2,0,0,0,0,0,2024,40,2024-09-29,2024-10-05,2024,2024-25,1,TRUE
Region 4,202441,94,10,17,1,0,0,0,1,0,2024,41,2024-10-06,2024-10-12,2024,2024-25,2,TRUE
Region 4,202442,108,14,19,0,0,0,0,0,0,2024,42,2024-10-13,2024-10-19,2024,2024-25,3,TRUE
Region 4,202443,138,15,17,0,0,0,0,0,0,2024,43,2024-10-20,2024-10-26,2024,2024-25,4,TRUE
Region 4,202444,156,9,23,0,0,0,0,1,0,2024,44,2024-10-27,2024-11-02,2024,2024-25,5,TRUE
Region 4,202445,165,19,34,4,0,0,0,1,0,2024,45,2024-11-03,2024-11-09,2024,2024-25,6,TRUE
Region 4,202446,185,29,51,4,0,0,1,0,0,2024,46,2024-11-10,2024-11-16,2024,2024-25,7,TRUE
Region 4,202447,225,29,51,2,0,0,0,3,0,2024,47,2024-11-17,2024-11-23,2024,2024-25,8,TRUE
Region 4,202448,162,28,50,2,0,0,0,2,0,2024,48,2024-11-24,2024-11-30,2024,2024-25,9,TRUE
Region 4,202449,346,47,111,23,0,0,3,0,0,2024,49,2024-12-01,2024-12-07,2024,2024-25,10,TRUE
Region 4,202450,577,119,225,19,0,0,2,0,0,2024,50,2024-12-08,2024-12-14,2024,2024-25,11,TRUE
Region 4,202451,640,140,296,12,0,0,1,0,0,2024,51,2024-12-15,2024-12-21,2024,2024-25,12,TRUE
Region 4,202452,580,131,285,19,0,0,2,0,0,2024,52,2024-12-22,2024-12-28,2024,2024-25,13,TRUE
Region 4,202501,737,166,319,59,0,0,0,0,0,2025,1,2024-12-29,2025-01-04,2024,2024-25,14,TRUE
Region 4,202502,812,171,288,53,0,0,1,3,0,2025,2,2025-01-05,2025-01-11,2024,2024-25,15,TRUE
Region 4,202503,890,185,272,164,0,0,1,3,0,2025,3,2025-01-12,2025-01-18,2024,2024-25,16,TRUE
Region 4,202504,1184,301,334,262,0,0,4,0,0,2025,4,2025-01-19,2025-01-25,2024,2024-25,17,TRUE
Region 4,202505,1695,458,470,379,0,0,6,3,0,2025,5,2025-01-26,2025-02-01,2024,2024-25,18,TRUE
Region 4,202506,1474,420,414,285,0,0,6,1,0,2025,6,2025-02-02,2025-02-08,2024,2024-25,19,TRUE
Region 4,202507,1011,357,277,68,0,0,6,1,0,2025,7,2025-02-09,2025-02-15,2024,2024-25,20,TRUE
Region 4,202508,681,236,188,38,0,0,13,3,0,2025,8,2025-02-16,2025-02-22,2024,2024-25,21,TRUE
Region 4,202509,749,269,192,26,0,0,5,3,0,2025,9,2025-02-23,2025-03-01,2024,2024-25,22,TRUE
Region 4,202510,640,231,104,77,0,0,1,3,0,2025,10,2025-03-02,2025-03-08,2024,2024-25,23,TRUE
Region 4,202511,570,204,76,84,0,0,7,8,0,2025,11,2025-03-09,2025-03-15,2024,2024-25,24,TRUE
Region 4,202512,420,154,76,44,0,0,5,11,0,2025,12,2025-03-16,2025-03-22,2024,2024-25,25,TRUE
Region 4,202513,303,98,43,21,0,0,1,14,0,2025,13,2025-03-23,2025-03-29,2024,2024-25,26,TRUE
Region 4,202514,265,83,35,16,0,0,3,20,0,2025,14,2025-03-30,2025-04-05,2024,2024-25,27,TRUE
Region 4,202515,203,39,19,11,0,0,5,10,0,2025,15,2025-04-06,2025-04-12,2024,2024-25,28,TRUE
Region 4,202516,136,27,7,2,0,0,6,4,0,2025,16,2025-04-13,2025-04-19,2024,2024-25,29,TRUE
Region 4,202517,128,22,7,1,0,0,8,3,0,2025,17,2025-04-20,2025-04-26,2024,2024-25,30,TRUE
Region 4,202518,106,18,6,2,0,0,3,5,0,2025,18,2025-04-27,2025-05-03,2024,2024-25,31,TRUE
Region 4,202519,74,6,2,0,0,0,0,7,0,2025,19,2025-05-04,2025-05-10,2024,2024-25,32,TRUE
Region 4,202520,79,13,3,0,0,0,1,11,0,2025,20,2025-05-11,2025-05-17,2024,2024-25,33,TRUE
Region 4,202521,53,7,1,0,0,0,0,10,0,2025,21,2025-05-18,2025-05-24,2024,2024-25,34,TRUE
Region 4,202522,72,21,2,1,0,0,0,4,0,2025,22,2025-05-25,2025-05-31,2024,2024-25,35,TRUE
Region 4,202523,72,18,0,0,0,0,3,3,0,2025,23,2025-06-01,2025-06-07,2024,2024-25,36,TRUE
Region 4,202524,71,10,0,1,0,0,0,1,0,2025,24,2025-06-08,2025-06-14,2024,2024-25,37,TRUE
Region 4,202525,69,11,0,1,0,0,0,3,0,2025,25,2025-06-15,2025-06-21,2024,2024-25,38,TRUE
Region 4,202526,48,10,2,0,0,0,1,0,0,2025,26,2025-06-22,2025-06-28,2024,2024-25,39,TRUE
Region 4,202527,51,10,2,0,0,0,0,0,0,2025,27,2025-06-29,2025-07-05,2024,2024-25,40,TRUE
Region 4,202528,61,6,2,1,0,0,0,1,0,2025,28,2025-07-06,2025-07-12,2024,2024-25,41,TRUE
Region 4,202529,60,9,0,0,0,0,0,0,0,2025,29,2025-07-13,2025-07-19,2024,2024-25,42,TRUE
Region 4,202530,60,7,0,1,0,0,1,0,0,2025,30,2025-07-20,2025-07-26,2024,2024-25,43,TRUE
Region 4,202531,64,5,3,0,0,0,0,0,0,2025,31,2025-07-27,2025-08-02,2024,2024-25,44,TRUE
Region 4,202532,59,3,1,0,0,0,0,0,0,2025,32,2025-08-03,2025-08-09,2024,2024-25,45,TRUE
Region 4,202533,78,4,0,0,0,0,0,0,0,2025,33,2025-08-10,2025-08-16,2024,2024-25,46,TRUE
Region 4,202534,77,7,1,0,0,0,0,0,0,2025,34,2025-08-17,2025-08-23,2024,2024-25,47,TRUE
Region 4,202535,87,3,0,1,0,0,0,0,0,2025,35,2025-08-24,2025-08-30,2024,2024-25,48,TRUE
Region 4,202536,134,5,4,0,0,0,0,0,0,2025,36,2025-08-31,2025-09-06,2024,2024-25,49,TRUE
Region 4,202537,95,5,0,1,0,0,0,0,0,2025,37,2025-09-07,2025-09-13,2024,2024-25,50,TRUE
Region 4,202538,118,2,3,1,0,0,1,0,0,2025,38,2025-09-14,2025-09-20,2024,2024-25,51,TRUE
Region 4,202539,111,2,5,1,0,0,0,0,0,2025,39,2025-09-21,2025-09-27,2024,2024-25,52,TRUE
Region 4,202540,99,7,3,1,0,0,0,0,0,2025,40,2025-09-28,2025-10-04,2025,2025-26,1,TRUE
Region 4,202541,81,2,3,0,0,0,1,0,0,2025,41,2025-10-05,2025-10-11,2025,2025-26,2,TRUE
Region 4,202542,77,3,2,0,0,0,1,0,0,2025,42,2025-10-12,2025-10-18,2025,2025-26,3,TRUE
Region 4,202543,113,15,11,0,0,0,3,0,0,2025,43,2025-10-19,2025-10-25,2025,2025-26,4,TRUE
Region 4,202544,124,6,8,1,0,0,4,0,0,2025,44,2025-10-26,2025-11-01,2025,2025-26,5,TRUE
Region 4,202545,157,25,43,1,0,0,6,2,0,2025,45,2025-11-02,2025-11-08,2025,2025-26,6,TRUE
Region 4,202546,189,24,59,0,0,0,10,0,0,2025,46,2025-11-09,2025-11-15,2025,2025-26,7,TRUE
Region 4,202547,270,35,99,3,0,0,16,1,0,2025,47,2025-11-16,2025-11-22,2025,2025-26,8,TRUE
Region 4,202548,209,16,110,2,0,0,6,2,0,2025,48,2025-11-23,2025-11-29,2025,2025-26,9,TRUE
Region 4,202549,314,33,134,6,0,0,11,2,0,2025,49,2025-11-30,2025-12-06,2025,2025-26,10,TRUE
Region 4,202550,477,42,283,10,0,0,11,1,0,2025,50,2025-12-07,2025-12-13,2025,2025-26,11,TRUE
Region 4,202551,816,68,542,13,0,0,15,3,0,2025,51,2025-12-14,2025-12-20,2025,2025-26,12,TRUE
Region 4,202552,921,61,699,19,0,0,19,6,0,2025,52,2025-12-21,2025-12-27,2025,2025-26,13,TRUE
Region 4,202553,714,74,473,22,0,0,11,4,0,2025,53,2025-12-28,2026-01-03,2025,2025-26,14,TRUE
Region 4,202601,691,65,379,21,0,0,13,4,0,2026,1,2026-01-04,2026-01-10,2025,2025-26,15,TRUE
Region 4,202602,516,49,270,11,0,0,7,12,0,2026,2,2026-01-11,2026-01-17,2025,2025-26,16,TRUE
Region 4,202603,496,58,247,4,0,0,9,18,0,2026,3,2026-01-18,2026-01-24,2025,2025-26,17,TRUE
Region 4,202604,460,40,225,7,0,0,19,32,0,2026,4,2026-01-25,2026-01-31,2025,2025-26,18,TRUE
Region 4,202605,534,53,234,5,0,0,21,35,0,2026,5,2026-02-01,2026-02-07,2025,2025-26,19,TRUE
Region 4,202606,448,52,169,4,0,0,29,37,0,2026,6,2026-02-08,2026-02-14,2025,2025-26,20,TRUE
Region 4,202607,419,39,131,7,0,0,36,63,0,2026,7,2026-02-15,2026-02-21,2025,2025-26,21,TRUE
Region 4,202608,385,48,96,5,0,0,35,69,0,2026,8,2026-02-22,2026-02-28,2025,2025-26,22,TRUE
Region 4,202609,385,31,91,3,0,0,48,70,0,2026,9,2026-03-01,2026-03-07,2025,2025-26,23,TRUE
Region 4,202610,317,28,55,1,0,0,44,71,0,2026,10,2026-03-08,2026-03-14,2025,2025-26,24,TRUE
Region 4,202611,259,15,30,1,0,0,26,58,0,2026,11,2026-03-15,2026-03-21,2025,2025-26,25,TRUE
Region 4,202612,241,20,20,1,0,0,33,65,0,2026,12,2026-03-22,2026-03-28,2025,2025-26,26,TRUE
Region 4,202613,201,11,20,0,0,0,21,53,0,2026,13,2026-03-29,2026-04-04,2025,2025-26,27,TRUE
Region 4,202614,143,12,7,0,0,0,7,27,0,2026,14,2026-04-05,2026-04-11,2025,2025-26,28,TRUE
Region 4,202615,123,5,17,1,0,0,5,10,0,2026,15,2026-04-12,2026-04-18,2025,2025-26,29,TRUE
Region 4,202616,102,6,6,0,0,0,8,12,0,2026,16,2026-04-19,2026-04-25,2025,2025-26,30,TRUE
Region 4,202617,95,1,7,1,0,0,3,6,0,2026,17,2026-04-26,2026-05-02,2025,2025-26,31,TRUE
Region 4,202618,72,1,2,0,0,0,4,6,0,2026,18,2026-05-03,2026-05-09,2025,2025-26,32,TRUE
Region 4,202619,73,1,1,0,0,0,4,9,0,2026,19,2026-05-10,2026-05-16,2025,2025-26,33,TRUE
Region 4,202620,74,0,0,0,0,0,1,6,0,2026,20,2026-05-17,2026-05-23,2025,2025-26,34,TRUE
Region 4,202621,69,0,4,0,0,0,0,2,0,2026,21,2026-05-24,2026-05-30,2025,2025-26,35,TRUE
Region 4,202622,56,0,0,0,0,0,2,2,0,2026,22,2026-05-31,2026-06-06,2025,2025-26,36,TRUE
Region 4,202623,70,1,1,0,0,0,2,1,0,2026,23,2026-06-07,2026-06-13,2025,2025-26,37,TRUE
Region 4,202624,48,0,4,0,0,0,0,0,0,2026,24,2026-06-14,2026-06-20,2025,2025-26,38,TRUE
Region 4,202625,38,2,4,0,0,0,1,0,0,2026,25,2026-06-21,2026-06-27,2025,2025-26,39,TRUE
Region 4,202626,31,1,2,0,0,0,0,1,0,2026,26,2026-06-28,2026-07-04,2025,2025-26,40,TRUE
Region 4,202627,50,1,1,1,0,0,1,0,0,2026,27,2026-07-05,2026-07-11,2025,2025-26,41,TRUE
Region 4,202628,52,2,0,0,0,0,1,0,0,2026,28,2026-07-12,2026-07-18,2025,2025-26,42,TRUE
Region 4,202629,56,0,4,0,0,0,0,0,0,2026,29,2026-07-19,2026-07-25,2025,2025-26,43,TRUE
Region 4,202630,84,6,3,0,0,0,0,0,0,2026,30,2026-07-26,2026-08-01,2025,2025-26,44,TRUE
Region 4,202631,66,4,2,0,0,0,0,0,0,2026,31,2026-08-02,2026-08-08,2025,2025-26,45,TRUE
Region 4,202632,68,2,1,1,0,0,0,0,0,2026,32,2026-08-09,2026-08-15,2025,2025-26,46,TRUE
Region 4,202633,93,4,1,0,0,0,1,0,0,2026,33,2026-08-16,2026-08-22,2025,2025-26,47,TRUE
Region 4,202634,83,5,3,0,0,0,0,0,0,2026,34,2026-08-23,2026-08-29,2025,2025-26,48,TRUE
Region 4,202635,103,10,4,0,0,0,0,0,0,2026,35,2026-08-30,2026-09-05,2025,2025-26,49,TRUE
Region 4,202636,71,15,4,2,0,0,0,0,0,2026,36,2026-09-06,2026-09-12,2025,2025-26,50,TRUE
Region 4,202637,63,19,2,1,0,0,1,0,0,2026,37,2026-09-13,2026-09-19,2025,2025-26,51,TRUE
Region 4,202638,11,3,0,1,0,0,0,0,0,2026,38,2026-09-20,2026-09-26,2025,2025-26,52,TRUE
Region 5,201940,163,0,8,0,0,0,0,3,0,2019,40,2019-09-29,2019-10-05,2019,2019-20,1,FALSE
Region 5,201941,205,0,6,2,0,0,0,2,0,2019,41,2019-10-06,2019-10-12,2019,2019-20,2,FALSE
Region 5,201942,200,0,7,0,0,0,6,6,0,2019,42,2019-10-13,2019-10-19,2019,2019-20,3,FALSE
Region 5,201943,214,6,4,1,0,0,5,3,0,2019,43,2019-10-20,2019-10-26,2019,2019-20,4,FALSE
Region 5,201944,241,5,4,1,0,0,15,10,2,2019,44,2019-10-27,2019-11-02,2019,2019-20,5,FALSE
Region 5,201945,282,7,1,2,0,0,25,9,2,2019,45,2019-11-03,2019-11-09,2019,2019-20,6,FALSE
Region 5,201946,265,16,8,1,0,0,7,21,2,2019,46,2019-11-10,2019-11-16,2019,2019-20,7,FALSE
Region 5,201947,351,35,5,2,0,0,10,38,5,2019,47,2019-11-17,2019-11-23,2019,2019-20,8,FALSE
Region 5,201948,352,49,6,3,0,0,9,74,2,2019,48,2019-11-24,2019-11-30,2019,2019-20,9,FALSE
Region 5,201949,442,46,9,1,0,0,15,77,3,2019,49,2019-12-01,2019-12-07,2019,2019-20,10,FALSE
Region 5,201950,485,55,9,0,0,0,11,84,2,2019,50,2019-12-08,2019-12-14,2019,2019-20,11,FALSE
Region 5,201951,493,70,3,5,0,0,22,123,4,2019,51,2019-12-15,2019-12-21,2019,2019-20,12,FALSE
Region 5,201952,584,162,8,6,0,0,30,155,6,2019,52,2019-12-22,2019-12-28,2019,2019-20,13,FALSE
Region 5,202001,624,157,6,4,0,0,17,192,5,2020,1,2019-12-29,2020-01-04,2019,2019-20,14,FALSE
Region 5,202002,631,134,3,7,0,0,22,123,3,2020,2,2020-01-05,2020-01-11,2019,2019-20,15,FALSE
Region 5,202003,738,155,4,10,0,0,31,175,1,2020,3,2020-01-12,2020-01-18,2019,2019-20,16,FALSE
Region 5,202004,877,221,4,10,0,0,31,206,0,2020,4,2020-01-19,2020-01-25,2019,2019-20,17,FALSE
Region 5,202005,1080,282,10,9,0,0,48,189,0,2020,5,2020-01-26,2020-02-01,2019,2019-20,18,FALSE
Region 5,202006,1224,401,16,30,0,0,65,214,0,2020,6,2020-02-02,2020-02-08,2019,2019-20,19,FALSE
Region 5,202007,1069,364,13,49,0,0,53,196,0,2020,7,2020-02-09,2020-02-15,2019,2019-20,20,FALSE
Region 5,202008,1055,354,17,63,0,0,32,152,1,2020,8,2020-02-16,2020-02-22,2019,2019-20,21,FALSE
Region 5,202009,1016,435,14,17,0,0,38,130,4,2020,9,2020-02-23,2020-02-29,2019,2019-20,22,FALSE
Region 5,202010,941,402,13,27,0,0,44,86,0,2020,10,2020-03-01,2020-03-07,2019,2019-20,23,FALSE
Region 5,202011,740,242,12,29,0,0,27,44,0,2020,11,2020-03-08,2020-03-14,2019,2019-20,24,FALSE
Region 5,202012,444,98,3,3,0,0,14,9,0,2020,12,2020-03-15,2020-03-21,2019,2019-20,25,FALSE
Region 5,202013,284,18,1,2,0,0,3,3,0,2020,13,2020-03-22,2020-03-28,2019,2019-20,26,FALSE
Region 5,202014,254,5,1,0,0,0,0,0,0,2020,14,2020-03-29,2020-04-04,2019,2019-20,27,FALSE
Region 5,202015,109,0,0,0,0,0,2,0,0,2020,15,2020-04-05,2020-04-11,2019,2019-20,28,FALSE
Region 5,202016,102,1,0,0,0,0,0,0,0,2020,16,2020-04-12,2020-04-18,2019,2019-20,29,FALSE
Region 5,202017,95,0,0,0,0,0,0,0,0,2020,17,2020-04-19,2020-04-25,2019,2019-20,30,FALSE
Region 5,202018,84,0,0,0,0,0,0,0,0,2020,18,2020-04-26,2020-05-02,2019,2019-20,31,FALSE
Region 5,202019,91,1,0,0,0,0,0,0,0,2020,19,2020-05-03,2020-05-09,2019,2019-20,32,FALSE
Region 5,202020,80,0,0,0,0,0,0,0,0,2020,20,2020-05-10,2020-05-16,2019,2019-20,33,FALSE
Region 5,202021,67,0,0,0,0,0,0,0,0,2020,21,2020-05-17,2020-05-23,2019,2019-20,34,FALSE
Region 5,202022,111,0,0,0,0,0,0,0,0,2020,22,2020-05-24,2020-05-30,2019,2019-20,35,FALSE
Region 5,202023,20,0,0,0,0,0,0,0,0,2020,23,2020-05-31,2020-06-06,2019,2019-20,36,FALSE
Region 5,202024,11,1,0,0,0,0,0,0,0,2020,24,2020-06-07,2020-06-13,2019,2019-20,37,FALSE
Region 5,202025,23,0,0,0,0,0,0,0,0,2020,25,2020-06-14,2020-06-20,2019,2019-20,38,FALSE
Region 5,202026,5,0,0,0,0,0,0,0,0,2020,26,2020-06-21,2020-06-27,2019,2019-20,39,FALSE
Region 5,202027,22,0,0,0,0,0,0,0,0,2020,27,2020-06-28,2020-07-04,2019,2019-20,40,FALSE
Region 5,202028,7,0,0,0,0,0,0,0,0,2020,28,2020-07-05,2020-07-11,2019,2019-20,41,FALSE
Region 5,202029,13,0,0,0,0,0,0,0,0,2020,29,2020-07-12,2020-07-18,2019,2019-20,42,FALSE
Region 5,202030,8,0,0,0,0,0,0,0,0,2020,30,2020-07-19,2020-07-25,2019,2019-20,43,FALSE
Region 5,202031,5,0,0,0,0,0,0,0,0,2020,31,2020-07-26,2020-08-01,2019,2019-20,44,FALSE
Region 5,202032,8,0,0,0,0,0,0,0,0,2020,32,2020-08-02,2020-08-08,2019,2019-20,45,FALSE
Region 5,202033,3,0,0,0,0,0,0,0,0,2020,33,2020-08-09,2020-08-15,2019,2019-20,46,FALSE
Region 5,202034,3,0,0,0,0,0,0,0,0,2020,34,2020-08-16,2020-08-22,2019,2019-20,47,FALSE
Region 5,202035,17,0,0,0,0,0,0,0,0,2020,35,2020-08-23,2020-08-29,2019,2019-20,48,FALSE
Region 5,202036,14,0,0,0,0,0,0,0,0,2020,36,2020-08-30,2020-09-05,2019,2019-20,49,FALSE
Region 5,202037,9,0,0,0,0,0,0,0,0,2020,37,2020-09-06,2020-09-12,2019,2019-20,50,FALSE
Region 5,202038,11,0,0,0,0,0,0,0,0,2020,38,2020-09-13,2020-09-19,2019,2019-20,51,FALSE
Region 5,202039,12,0,0,0,0,0,0,0,0,2020,39,2020-09-20,2020-09-26,2019,2019-20,52,FALSE
Region 5,202040,141,0,0,0,0,0,0,0,0,2020,40,2020-09-27,2020-10-03,2020,2020-21,1,FALSE
Region 5,202041,157,0,0,0,0,0,0,0,0,2020,41,2020-10-04,2020-10-10,2020,2020-21,2,FALSE
Region 5,202042,225,0,0,2,0,0,3,0,0,2020,42,2020-10-11,2020-10-17,2020,2020-21,3,FALSE
Region 5,202043,241,0,0,1,0,0,1,0,0,2020,43,2020-10-18,2020-10-24,2020,2020-21,4,FALSE
Region 5,202044,238,0,0,0,0,0,0,0,0,2020,44,2020-10-25,2020-10-31,2020,2020-21,5,FALSE
Region 5,202045,254,0,0,1,0,0,2,0,0,2020,45,2020-11-01,2020-11-07,2020,2020-21,6,FALSE
Region 5,202046,188,0,0,0,0,0,0,0,0,2020,46,2020-11-08,2020-11-14,2020,2020-21,7,FALSE
Region 5,202047,216,0,1,0,0,0,0,0,0,2020,47,2020-11-15,2020-11-21,2020,2020-21,8,FALSE
Region 5,202048,154,0,0,0,0,0,1,0,0,2020,48,2020-11-22,2020-11-28,2020,2020-21,9,FALSE
Region 5,202049,196,0,0,0,0,0,0,0,0,2020,49,2020-11-29,2020-12-05,2020,2020-21,10,FALSE
Region 5,202050,180,0,0,0,0,0,0,0,0,2020,50,2020-12-06,2020-12-12,2020,2020-21,11,FALSE
Region 5,202051,155,0,0,0,0,0,0,0,0,2020,51,2020-12-13,2020-12-19,2020,2020-21,12,FALSE
Region 5,202052,98,0,0,1,0,0,2,0,0,2020,52,2020-12-20,2020-12-26,2020,2020-21,13,FALSE
Region 5,202053,98,0,0,0,0,0,0,0,0,2020,53,2020-12-27,2021-01-02,2020,2020-21,14,FALSE
Region 5,202101,145,0,1,0,0,0,1,0,0,2021,1,2021-01-03,2021-01-09,2020,2020-21,15,FALSE
Region 5,202102,140,0,0,0,1,0,0,0,0,2021,2,2021-01-10,2021-01-16,2020,2020-21,16,FALSE
Region 5,202103,138,0,1,0,0,0,0,0,0,2021,3,2021-01-17,2021-01-23,2020,2020-21,17,FALSE
Region 5,202104,143,0,0,0,0,0,0,0,0,2021,4,2021-01-24,2021-01-30,2020,2020-21,18,FALSE
Region 5,202105,106,0,0,0,0,0,0,0,0,2021,5,2021-01-31,2021-02-06,2020,2020-21,19,FALSE
Region 5,202106,123,0,0,0,0,0,0,0,0,2021,6,2021-02-07,2021-02-13,2020,2020-21,20,FALSE
Region 5,202107,107,0,0,0,0,0,0,0,1,2021,7,2021-02-14,2021-02-20,2020,2020-21,21,FALSE
Region 5,202108,287,0,0,0,0,0,2,0,0,2021,8,2021-02-21,2021-02-27,2020,2020-21,22,FALSE
Region 5,202109,280,0,0,0,0,0,0,0,0,2021,9,2021-02-28,2021-03-06,2020,2020-21,23,FALSE
Region 5,202110,449,0,0,0,0,0,0,0,0,2021,10,2021-03-07,2021-03-13,2020,2020-21,24,FALSE
Region 5,202111,470,0,0,0,0,0,0,0,0,2021,11,2021-03-14,2021-03-20,2020,2020-21,25,FALSE
Region 5,202112,133,0,0,0,0,0,0,0,0,2021,12,2021-03-21,2021-03-27,2020,2020-21,26,FALSE
Region 5,202113,140,0,0,2,0,0,0,0,0,2021,13,2021-03-28,2021-04-03,2020,2020-21,27,FALSE
Region 5,202114,157,0,0,0,0,0,0,0,0,2021,14,2021-04-04,2021-04-10,2020,2020-21,28,FALSE
Region 5,202115,92,0,0,0,0,0,0,0,0,2021,15,2021-04-11,2021-04-17,2020,2020-21,29,FALSE
Region 5,202116,152,0,0,0,0,0,1,0,0,2021,16,2021-04-18,2021-04-24,2020,2020-21,30,FALSE
Region 5,202117,132,0,0,0,0,0,0,0,0,2021,17,2021-04-25,2021-05-01,2020,2020-21,31,FALSE
Region 5,202118,130,0,0,0,0,0,0,0,0,2021,18,2021-05-02,2021-05-08,2020,2020-21,32,FALSE
Region 5,202119,146,0,0,0,0,0,0,0,0,2021,19,2021-05-09,2021-05-15,2020,2020-21,33,FALSE
Region 5,202120,111,0,0,0,0,0,0,0,0,2021,20,2021-05-16,2021-05-22,2020,2020-21,34,FALSE
Region 5,202121,85,0,0,0,0,0,0,0,0,2021,21,2021-05-23,2021-05-29,2020,2020-21,35,FALSE
Region 5,202122,111,0,0,0,0,0,0,0,0,2021,22,2021-05-30,2021-06-05,2020,2020-21,36,FALSE
Region 5,202123,74,0,0,0,0,0,0,0,0,2021,23,2021-06-06,2021-06-12,2020,2020-21,37,FALSE
Region 5,202124,70,0,1,0,0,0,0,0,0,2021,24,2021-06-13,2021-06-19,2020,2020-21,38,FALSE
Region 5,202125,73,0,0,0,0,0,0,0,0,2021,25,2021-06-20,2021-06-26,2020,2020-21,39,FALSE
Region 5,202126,64,0,0,0,0,0,0,0,0,2021,26,2021-06-27,2021-07-03,2020,2020-21,40,FALSE
Region 5,202127,102,0,1,0,0,0,0,0,0,2021,27,2021-07-04,2021-07-10,2020,2020-21,41,FALSE
Region 5,202128,110,0,2,0,0,0,0,0,0,2021,28,2021-07-11,2021-07-17,2020,2020-21,42,FALSE
Region 5,202129,88,0,0,0,0,0,0,0,0,2021,29,2021-07-18,2021-07-24,2020,2020-21,43,FALSE
Region 5,202130,78,1,0,0,0,0,0,0,0,2021,30,2021-07-25,2021-07-31,2020,2020-21,44,FALSE
Region 5,202131,115,0,0,1,0,0,0,0,0,2021,31,2021-08-01,2021-08-07,2020,2020-21,45,FALSE
Region 5,202132,115,0,0,0,0,0,0,0,0,2021,32,2021-08-08,2021-08-14,2020,2020-21,46,FALSE
Region 5,202133,126,0,1,0,0,0,0,0,0,2021,33,2021-08-15,2021-08-21,2020,2020-21,47,FALSE
Region 5,202134,112,0,0,0,0,0,0,0,0,2021,34,2021-08-22,2021-08-28,2020,2020-21,48,FALSE
Region 5,202135,105,0,0,1,0,0,0,0,0,2021,35,2021-08-29,2021-09-04,2020,2020-21,49,FALSE
Region 5,202136,180,0,0,1,0,0,0,0,0,2021,36,2021-09-05,2021-09-11,2020,2020-21,50,FALSE
Region 5,202137,253,0,0,1,0,0,0,0,0,2021,37,2021-09-12,2021-09-18,2020,2020-21,51,FALSE
Region 5,202138,405,0,2,0,0,0,0,0,0,2021,38,2021-09-19,2021-09-25,2020,2020-21,52,FALSE
Region 5,202139,411,0,2,1,0,0,0,0,0,2021,39,2021-09-26,2021-10-02,2020,2020-21,53,FALSE
Region 5,202140,304,1,1,0,0,0,0,0,0,2021,40,2021-10-03,2021-10-09,2021,2021-22,1,FALSE
Region 5,202141,274,0,3,0,1,0,1,0,0,2021,41,2021-10-10,2021-10-16,2021,2021-22,2,FALSE
Region 5,202142,4923,0,3,0,0,0,1,0,0,2021,42,2021-10-17,2021-10-23,2021,2021-22,3,FALSE
Region 5,202143,5624,0,21,1,0,0,0,1,0,2021,43,2021-10-24,2021-10-30,2021,2021-22,4,FALSE
Region 5,202144,6858,0,92,3,0,0,0,0,0,2021,44,2021-10-31,2021-11-06,2021,2021-22,5,FALSE
Region 5,202145,5557,0,55,1,0,0,1,0,0,2021,45,2021-11-07,2021-11-13,2021,2021-22,6,FALSE
Region 5,202146,5610,2,77,11,0,0,2,1,0,2021,46,2021-11-14,2021-11-20,2021,2021-22,7,FALSE
Region 5,202147,4065,0,148,4,0,0,0,0,0,2021,47,2021-11-21,2021-11-27,2021,2021-22,8,FALSE
Region 5,202148,5454,0,150,34,0,0,0,0,0,2021,48,2021-11-28,2021-12-04,2021,2021-22,9,FALSE
Region 5,202149,6127,0,229,79,0,0,0,2,0,2021,49,2021-12-05,2021-12-11,2021,2021-22,10,FALSE
Region 5,202150,6370,0,195,69,0,0,1,0,0,2021,50,2021-12-12,2021-12-18,2021,2021-22,11,FALSE
Region 5,202151,6860,0,184,53,0,0,0,0,0,2021,51,2021-12-19,2021-12-25,2021,2021-22,12,FALSE
Region 5,202152,8447,0,211,61,0,0,0,0,0,2021,52,2021-12-26,2022-01-01,2021,2021-22,13,FALSE
Region 5,202201,10872,0,135,34,0,0,2,0,0,2022,1,2022-01-02,2022-01-08,2021,2021-22,14,FALSE
Region 5,202202,10378,0,83,30,0,0,0,0,0,2022,2,2022-01-09,2022-01-15,2021,2021-22,15,FALSE
Region 5,202203,8301,0,56,17,0,0,0,0,0,2022,3,2022-01-16,2022-01-22,2021,2021-22,16,FALSE
Region 5,202204,5897,0,54,12,0,0,0,0,0,2022,4,2022-01-23,2022-01-29,2021,2021-22,17,FALSE
Region 5,202205,3927,0,48,4,0,0,0,0,0,2022,5,2022-01-30,2022-02-05,2021,2021-22,18,FALSE
Region 5,202206,3428,0,55,10,0,0,0,0,0,2022,6,2022-02-06,2022-02-12,2021,2021-22,19,FALSE
Region 5,202207,3060,0,46,11,0,0,0,0,0,2022,7,2022-02-13,2022-02-19,2021,2021-22,20,FALSE
Region 5,202208,3108,0,55,13,0,0,0,0,0,2022,8,2022-02-20,2022-02-26,2021,2021-22,21,FALSE
Region 5,202209,2999,0,87,21,0,0,0,0,0,2022,9,2022-02-27,2022-03-05,2021,2021-22,22,FALSE
Region 5,202210,2584,0,86,27,0,0,0,0,0,2022,10,2022-03-06,2022-03-12,2021,2021-22,23,FALSE
Region 5,202211,2376,1,83,22,0,0,0,0,0,2022,11,2022-03-13,2022-03-19,2021,2021-22,24,FALSE
Region 5,202212,2365,0,86,12,0,0,0,0,0,2022,12,2022-03-20,2022-03-26,2021,2021-22,25,FALSE
Region 5,202213,2493,0,105,15,0,0,0,0,0,2022,13,2022-03-27,2022-04-02,2021,2021-22,26,FALSE
Region 5,202214,2504,0,98,11,0,0,0,0,0,2022,14,2022-04-03,2022-04-09,2021,2021-22,27,FALSE
Region 5,202215,2665,0,97,14,0,0,0,0,0,2022,15,2022-04-10,2022-04-16,2021,2021-22,28,FALSE
Region 5,202216,2745,0,78,15,0,0,0,0,0,2022,16,2022-04-17,2022-04-23,2021,2021-22,29,FALSE
Region 5,202217,3007,0,96,13,0,0,0,0,0,2022,17,2022-04-24,2022-04-30,2021,2021-22,30,FALSE
Region 5,202218,3184,0,112,6,0,0,0,0,0,2022,18,2022-05-01,2022-05-07,2021,2021-22,31,FALSE
Region 5,202219,3140,0,80,6,0,0,0,0,0,2022,19,2022-05-08,2022-05-14,2021,2021-22,32,FALSE
Region 5,202220,3206,0,59,5,0,0,1,0,0,2022,20,2022-05-15,2022-05-21,2021,2021-22,33,FALSE
Region 5,202221,3124,0,27,4,0,0,0,0,0,2022,21,2022-05-22,2022-05-28,2021,2021-22,34,FALSE
Region 5,202222,3045,0,35,5,0,0,0,0,0,2022,22,2022-05-29,2022-06-04,2021,2021-22,35,FALSE
Region 5,202223,3027,0,35,4,0,0,0,0,0,2022,23,2022-06-05,2022-06-11,2021,2021-22,36,FALSE
Region 5,202224,3154,0,7,0,0,0,0,0,0,2022,24,2022-06-12,2022-06-18,2021,2021-22,37,FALSE
Region 5,202225,2852,0,8,1,0,0,0,0,0,2022,25,2022-06-19,2022-06-25,2021,2021-22,38,FALSE
Region 5,202226,3008,1,5,2,0,0,0,0,0,2022,26,2022-06-26,2022-07-02,2021,2021-22,39,FALSE
Region 5,202227,2621,0,6,1,0,0,0,0,0,2022,27,2022-07-03,2022-07-09,2021,2021-22,40,FALSE
Region 5,202228,2690,0,4,0,0,0,0,0,0,2022,28,2022-07-10,2022-07-16,2021,2021-22,41,FALSE
Region 5,202229,2665,1,6,0,0,0,0,0,0,2022,29,2022-07-17,2022-07-23,2021,2021-22,42,FALSE
Region 5,202230,2547,0,7,1,0,0,0,0,0,2022,30,2022-07-24,2022-07-30,2021,2021-22,43,FALSE
Region 5,202231,2241,1,11,0,0,0,0,0,0,2022,31,2022-07-31,2022-08-06,2021,2021-22,44,FALSE
Region 5,202232,2179,1,4,0,0,0,0,0,0,2022,32,2022-08-07,2022-08-13,2021,2021-22,45,FALSE
Region 5,202233,2397,1,7,0,0,0,0,1,0,2022,33,2022-08-14,2022-08-20,2021,2021-22,46,FALSE
Region 5,202234,2570,4,8,0,0,0,0,1,0,2022,34,2022-08-21,2022-08-27,2021,2021-22,47,FALSE
Region 5,202235,2524,7,9,1,0,0,0,0,0,2022,35,2022-08-28,2022-09-03,2021,2021-22,48,FALSE
Region 5,202236,2271,2,11,1,1,0,0,0,0,2022,36,2022-09-04,2022-09-10,2021,2021-22,49,FALSE
Region 5,202237,2357,4,10,0,0,0,1,0,0,2022,37,2022-09-11,2022-09-17,2021,2021-22,50,FALSE
Region 5,202238,2331,4,28,0,0,0,0,0,0,2022,38,2022-09-18,2022-09-24,2021,2021-22,51,FALSE
Region 5,202239,2213,2,1,0,0,0,0,0,0,2022,39,2022-09-25,2022-10-01,2021,2021-22,52,FALSE
Region 5,202240,2152,11,33,4,0,0,0,1,0,2022,40,2022-10-02,2022-10-08,2022,2022-23,1,TRUE
Region 5,202241,1968,21,77,1,0,0,0,1,0,2022,41,2022-10-09,2022-10-15,2022,2022-23,2,TRUE
Region 5,202242,2329,51,48,2,0,0,1,1,0,2022,42,2022-10-16,2022-10-22,2022,2022-23,3,TRUE
Region 5,202243,2251,94,74,6,0,0,0,1,0,2022,43,2022-10-23,2022-10-29,2022,2022-23,4,TRUE
Region 5,202244,2400,104,176,10,0,0,1,1,0,2022,44,2022-10-30,2022-11-05,2022,2022-23,5,TRUE
Region 5,202245,2034,99,179,11,0,0,1,2,0,2022,45,2022-11-06,2022-11-12,2022,2022-23,6,TRUE
Region 5,202246,2635,145,283,40,0,0,0,0,0,2022,46,2022-11-13,2022-11-19,2022,2022-23,7,TRUE
Region 5,202247,2213,79,282,33,0,0,0,0,0,2022,47,2022-11-20,2022-11-26,2022,2022-23,8,TRUE
Region 5,202248,2813,95,344,56,0,0,0,0,0,2022,48,2022-11-27,2022-12-03,2022,2022-23,9,TRUE
Region 5,202249,2421,66,298,61,0,0,0,0,0,2022,49,2022-12-04,2022-12-10,2022,2022-23,10,TRUE
Region 5,202250,2529,56,291,67,0,0,0,1,0,2022,50,2022-12-11,2022-12-17,2022,2022-23,11,TRUE
Region 5,202251,1897,50,184,35,0,0,0,1,0,2022,51,2022-12-18,2022-12-24,2022,2022-23,12,TRUE
Region 5,202252,1865,48,139,34,0,0,0,0,0,2022,52,2022-12-25,2022-12-31,2022,2022-23,13,TRUE
Region 5,202301,1859,52,129,31,0,0,1,1,0,2023,1,2023-01-01,2023-01-07,2022,2022-23,14,TRUE
Region 5,202302,1861,42,63,18,0,0,0,2,0,2023,2,2023-01-08,2023-01-14,2022,2022-23,15,TRUE
Region 5,202303,1879,40,22,13,0,0,0,4,0,2023,3,2023-01-15,2023-01-21,2022,2022-23,16,TRUE
Region 5,202304,1747,15,18,5,0,0,0,0,0,2023,4,2023-01-22,2023-01-28,2022,2022-23,17,TRUE
Region 5,202305,1724,18,21,3,0,0,0,0,0,2023,5,2023-01-29,2023-02-04,2022,2022-23,18,TRUE
Region 5,202306,1939,29,20,2,0,0,0,5,0,2023,6,2023-02-05,2023-02-11,2022,2022-23,19,TRUE
Region 5,202307,1787,7,10,1,0,0,0,3,0,2023,7,2023-02-12,2023-02-18,2022,2022-23,20,TRUE
Region 5,202308,1686,6,2,1,0,0,0,1,0,2023,8,2023-02-19,2023-02-25,2022,2022-23,21,TRUE
Region 5,202309,1679,15,4,1,0,0,0,3,0,2023,9,2023-02-26,2023-03-04,2022,2022-23,22,TRUE
Region 5,202310,1571,20,10,0,0,0,0,8,0,2023,10,2023-03-05,2023-03-11,2022,2022-23,23,TRUE
Region 5,202311,1583,10,3,1,0,0,1,5,0,2023,11,2023-03-12,2023-03-18,2022,2022-23,24,TRUE
Region 5,202312,1539,13,1,0,0,0,0,2,0,2023,12,2023-03-19,2023-03-25,2022,2022-23,25,TRUE
Region 5,202313,1201,15,1,1,0,0,0,10,0,2023,13,2023-03-26,2023-04-01,2022,2022-23,26,TRUE
Region 5,202314,1203,17,1,0,0,0,0,7,0,2023,14,2023-04-02,2023-04-08,2022,2022-23,27,TRUE
Region 5,202315,1141,14,0,3,0,0,0,3,0,2023,15,2023-04-09,2023-04-15,2022,2022-23,28,TRUE
Region 5,202316,1137,8,2,1,0,0,0,8,0,2023,16,2023-04-16,2023-04-22,2022,2022-23,29,TRUE
Region 5,202317,1031,19,1,0,0,0,0,3,0,2023,17,2023-04-23,2023-04-29,2022,2022-23,30,TRUE
Region 5,202318,1123,14,0,0,0,0,1,15,0,2023,18,2023-04-30,2023-05-06,2022,2022-23,31,TRUE
Region 5,202319,916,15,0,2,0,0,0,5,0,2023,19,2023-05-07,2023-05-13,2022,2022-23,32,TRUE
Region 5,202320,958,14,1,0,0,0,0,1,0,2023,20,2023-05-14,2023-05-20,2022,2022-23,33,TRUE
Region 5,202321,899,11,0,0,0,0,1,4,0,2023,21,2023-05-21,2023-05-27,2022,2022-23,34,TRUE
Region 5,202322,840,15,1,0,0,0,0,5,0,2023,22,2023-05-28,2023-06-03,2022,2022-23,35,TRUE
Region 5,202323,821,13,0,0,0,0,0,6,0,2023,23,2023-06-04,2023-06-10,2022,2022-23,36,TRUE
Region 5,202324,335,9,0,3,0,0,3,7,0,2023,24,2023-06-11,2023-06-17,2022,2022-23,37,TRUE
Region 5,202325,336,17,0,1,0,0,0,0,0,2023,25,2023-06-18,2023-06-24,2022,2022-23,38,TRUE
Region 5,202326,316,16,1,0,0,0,0,3,0,2023,26,2023-06-25,2023-07-01,2022,2022-23,39,TRUE
Region 5,202327,265,10,0,0,0,0,0,0,0,2023,27,2023-07-02,2023-07-08,2022,2022-23,40,TRUE
Region 5,202328,306,9,2,1,0,0,1,1,0,2023,28,2023-07-09,2023-07-15,2022,2022-23,41,TRUE
Region 5,202329,205,14,1,0,1,0,0,3,0,2023,29,2023-07-16,2023-07-22,2022,2022-23,42,TRUE
Region 5,202330,274,10,0,0,0,0,0,1,0,2023,30,2023-07-23,2023-07-29,2022,2022-23,43,TRUE
Region 5,202331,165,3,0,1,0,0,1,1,0,2023,31,2023-07-30,2023-08-05,2022,2022-23,44,TRUE
Region 5,202332,128,5,1,0,0,0,0,2,0,2023,32,2023-08-06,2023-08-12,2022,2022-23,45,TRUE
Region 5,202333,121,9,0,0,0,0,0,2,0,2023,33,2023-08-13,2023-08-19,2022,2022-23,46,TRUE
Region 5,202334,119,11,1,0,0,0,0,4,0,2023,34,2023-08-20,2023-08-26,2022,2022-23,47,TRUE
Region 5,202335,106,8,1,0,0,0,0,1,0,2023,35,2023-08-27,2023-09-02,2022,2022-23,48,TRUE
Region 5,202336,156,9,0,0,0,0,0,1,0,2023,36,2023-09-03,2023-09-09,2022,2022-23,49,TRUE
Region 5,202337,190,4,4,0,0,0,0,1,0,2023,37,2023-09-10,2023-09-16,2022,2022-23,50,TRUE
Region 5,202338,169,16,1,0,0,0,0,1,0,2023,38,2023-09-17,2023-09-23,2022,2022-23,51,TRUE
Region 5,202339,164,22,1,0,0,0,0,2,0,2023,39,2023-09-24,2023-09-30,2022,2022-23,52,TRUE
Region 5,202340,186,25,6,0,0,0,0,0,0,2023,40,2023-10-01,2023-10-07,2023,2023-24,1,TRUE
Region 5,202341,246,40,3,0,0,0,0,2,0,2023,41,2023-10-08,2023-10-14,2023,2023-24,2,TRUE
Region 5,202342,275,32,2,1,0,0,1,1,0,2023,42,2023-10-15,2023-10-21,2023,2023-24,3,TRUE
Region 5,202343,248,38,4,2,0,0,0,2,0,2023,43,2023-10-22,2023-10-28,2023,2023-24,4,TRUE
Region 5,202344,227,35,11,2,0,0,2,5,0,2023,44,2023-10-29,2023-11-04,2023,2023-24,5,TRUE
Region 5,202345,263,76,13,1,0,0,2,7,0,2023,45,2023-11-05,2023-11-11,2023,2023-24,6,TRUE
Region 5,202346,288,74,22,7,0,0,1,8,0,2023,46,2023-11-12,2023-11-18,2023,2023-24,7,TRUE
Region 5,202347,274,58,25,3,0,0,4,14,0,2023,47,2023-11-19,2023-11-25,2023,2023-24,8,TRUE
Region 5,202348,404,65,60,9,0,0,4,18,0,2023,48,2023-11-26,2023-12-02,2023,2023-24,9,TRUE
Region 5,202349,421,91,59,7,0,0,1,18,0,2023,49,2023-12-03,2023-12-09,2023,2023-24,10,TRUE
Region 5,202350,424,111,68,15,0,0,3,27,0,2023,50,2023-12-10,2023-12-16,2023,2023-24,11,TRUE
Region 5,202351,594,136,106,17,0,0,3,37,0,2023,51,2023-12-17,2023-12-23,2023,2023-24,12,TRUE
Region 5,202352,588,185,99,22,0,0,1,23,0,2023,52,2023-12-24,2023-12-30,2023,2023-24,13,TRUE
Region 5,202401,618,150,78,26,0,0,5,40,0,2024,1,2023-12-31,2024-01-06,2023,2023-24,14,TRUE
Region 5,202402,562,151,80,15,0,0,2,48,0,2024,2,2024-01-07,2024-01-13,2023,2023-24,15,TRUE
Region 5,202403,444,134,60,18,0,0,5,30,0,2024,3,2024-01-14,2024-01-20,2023,2023-24,16,TRUE
Region 5,202404,518,161,57,20,0,0,4,60,0,2024,4,2024-01-21,2024-01-27,2023,2023-24,17,TRUE
Region 5,202405,478,151,64,26,0,0,6,64,0,2024,5,2024-01-28,2024-02-03,2023,2023-24,18,TRUE
Region 5,202406,554,143,54,58,0,0,6,69,0,2024,6,2024-02-04,2024-02-10,2023,2023-24,19,TRUE
Region 5,202407,471,109,59,62,0,0,4,79,0,2024,7,2024-02-11,2024-02-17,2023,2023-24,20,TRUE
Region 5,202408,461,128,52,44,0,0,2,71,0,2024,8,2024-02-18,2024-02-24,2023,2023-24,21,TRUE
Region 5,202409,456,90,58,37,0,0,4,85,0,2024,9,2024-02-25,2024-03-02,2023,2023-24,22,TRUE
Region 5,202410,519,77,48,43,0,0,5,104,0,2024,10,2024-03-03,2024-03-09,2023,2023-24,23,TRUE
Region 5,202411,487,62,63,43,0,0,7,84,0,2024,11,2024-03-10,2024-03-16,2023,2023-24,24,TRUE
Region 5,202412,395,50,39,28,0,0,5,51,0,2024,12,2024-03-17,2024-03-23,2023,2023-24,25,TRUE
Region 5,202413,360,45,31,20,0,0,3,63,0,2024,13,2024-03-24,2024-03-30,2023,2023-24,26,TRUE
Region 5,202414,312,31,46,19,0,0,0,52,0,2024,14,2024-03-31,2024-04-06,2023,2023-24,27,TRUE
Region 5,202415,253,31,22,11,0,0,2,40,0,2024,15,2024-04-07,2024-04-13,2023,2023-24,28,TRUE
Region 5,202416,246,17,19,8,0,0,2,35,0,2024,16,2024-04-14,2024-04-20,2023,2023-24,29,TRUE
Region 5,202417,255,19,11,3,0,0,5,35,0,2024,17,2024-04-21,2024-04-27,2023,2023-24,30,TRUE
Region 5,202418,203,20,13,2,0,0,3,15,0,2024,18,2024-04-28,2024-05-04,2023,2023-24,31,TRUE
Region 5,202419,220,4,10,0,0,0,0,20,0,2024,19,2024-05-05,2024-05-11,2023,2023-24,32,TRUE
Region 5,202420,129,5,7,5,0,0,0,14,0,2024,20,2024-05-12,2024-05-18,2023,2023-24,33,TRUE
Region 5,202421,138,6,10,6,0,1,0,5,0,2024,21,2024-05-19,2024-05-25,2023,2023-24,34,TRUE
Region 5,202422,154,7,9,6,0,0,0,4,0,2024,22,2024-05-26,2024-06-01,2023,2023-24,35,TRUE
Region 5,202423,105,5,14,0,0,0,2,2,0,2024,23,2024-06-02,2024-06-08,2023,2023-24,36,TRUE
Region 5,202424,123,7,8,3,0,0,1,1,0,2024,24,2024-06-09,2024-06-15,2023,2023-24,37,TRUE
Region 5,202425,124,5,11,6,0,0,0,3,0,2024,25,2024-06-16,2024-06-22,2023,2023-24,38,TRUE
Region 5,202426,391,11,13,7,0,0,0,2,0,2024,26,2024-06-23,2024-06-29,2023,2023-24,39,TRUE
Region 5,202427,224,9,7,6,0,0,0,0,0,2024,27,2024-06-30,2024-07-06,2023,2023-24,40,TRUE
Region 5,202428,194,8,6,1,0,0,0,2,0,2024,28,2024-07-07,2024-07-13,2023,2023-24,41,TRUE
Region 5,202429,115,8,6,1,0,0,0,1,0,2024,29,2024-07-14,2024-07-20,2023,2023-24,42,TRUE
Region 5,202430,116,8,14,0,0,0,0,1,0,2024,30,2024-07-21,2024-07-27,2023,2023-24,43,TRUE
Region 5,202431,129,12,11,0,0,0,0,1,0,2024,31,2024-07-28,2024-08-03,2023,2023-24,44,TRUE
Region 5,202432,129,6,11,1,0,0,0,1,0,2024,32,2024-08-04,2024-08-10,2023,2023-24,45,TRUE
Region 5,202433,127,10,11,0,0,0,0,0,0,2024,33,2024-08-11,2024-08-17,2023,2023-24,46,TRUE
Region 5,202434,106,6,6,1,0,0,0,0,0,2024,34,2024-08-18,2024-08-24,2023,2023-24,47,TRUE
Region 5,202435,114,16,12,1,0,0,0,0,0,2024,35,2024-08-25,2024-08-31,2023,2023-24,48,TRUE
Region 5,202436,119,8,9,1,2,0,0,0,0,2024,36,2024-09-01,2024-09-07,2023,2023-24,49,TRUE
Region 5,202437,157,18,8,4,0,0,1,1,0,2024,37,2024-09-08,2024-09-14,2023,2023-24,50,TRUE
Region 5,202438,210,23,7,2,0,0,0,0,0,2024,38,2024-09-15,2024-09-21,2023,2023-24,51,TRUE
Region 5,202439,231,9,9,1,0,0,0,3,0,2024,39,2024-09-22,2024-09-28,2023,2023-24,52,TRUE
Region 5,202440,188,12,8,4,0,0,0,2,0,2024,40,2024-09-29,2024-10-05,2024,2024-25,1,TRUE
Region 5,202441,193,8,8,4,0,0,0,0,0,2024,41,2024-10-06,2024-10-12,2024,2024-25,2,TRUE
Region 5,202442,139,12,10,0,0,0,0,5,0,2024,42,2024-10-13,2024-10-19,2024,2024-25,3,TRUE
Region 5,202443,176,31,8,1,0,1,1,4,0,2024,43,2024-10-20,2024-10-26,2024,2024-25,4,TRUE
Region 5,202444,192,27,28,2,0,0,0,7,0,2024,44,2024-10-27,2024-11-02,2024,2024-25,5,TRUE
Region 5,202445,187,23,35,3,0,0,0,3,0,2024,45,2024-11-03,2024-11-09,2024,2024-25,6,TRUE
Region 5,202446,228,31,42,2,0,0,0,1,0,2024,46,2024-11-10,2024-11-16,2024,2024-25,7,TRUE
Region 5,202447,299,57,49,9,0,0,0,3,0,2024,47,2024-11-17,2024-11-23,2024,2024-25,8,TRUE
Region 5,202448,302,77,48,1,0,0,0,3,0,2024,48,2024-11-24,2024-11-30,2024,2024-25,9,TRUE
Region 5,202449,467,122,99,11,0,0,0,14,0,2024,49,2024-12-01,2024-12-07,2024,2024-25,10,TRUE
Region 5,202450,582,184,110,72,0,1,0,8,0,2024,50,2024-12-08,2024-12-14,2024,2024-25,11,TRUE
Region 5,202451,588,218,110,109,0,0,0,6,0,2024,51,2024-12-15,2024-12-21,2024,2024-25,12,TRUE
Region 5,202452,665,223,146,141,0,0,0,2,0,2024,52,2024-12-22,2024-12-28,2024,2024-25,13,TRUE
Region 5,202501,758,303,170,128,0,0,0,1,0,2025,1,2024-12-29,2025-01-04,2024,2024-25,14,TRUE
Region 5,202502,638,238,138,109,0,0,1,4,0,2025,2,2025-01-05,2025-01-11,2024,2024-25,15,TRUE
Region 5,202503,1016,394,160,87,0,0,0,5,0,2025,3,2025-01-12,2025-01-18,2024,2024-25,16,TRUE
Region 5,202504,1109,533,236,89,0,0,1,7,0,2025,4,2025-01-19,2025-01-25,2024,2024-25,17,TRUE
Region 5,202505,1536,800,342,113,0,0,2,7,0,2025,5,2025-01-26,2025-02-01,2024,2024-25,18,TRUE
Region 5,202506,1573,782,356,124,0,1,0,9,0,2025,6,2025-02-02,2025-02-08,2024,2024-25,19,TRUE
Region 5,202507,1305,630,229,102,0,1,2,16,0,2025,7,2025-02-09,2025-02-15,2024,2024-25,20,TRUE
Region 5,202508,1161,547,201,66,0,0,4,22,0,2025,8,2025-02-16,2025-02-22,2024,2024-25,21,TRUE
Region 5,202509,930,412,158,74,0,0,6,21,0,2025,9,2025-02-23,2025-03-01,2024,2024-25,22,TRUE
Region 5,202510,686,278,143,66,0,0,4,26,0,2025,10,2025-03-02,2025-03-08,2024,2024-25,23,TRUE
Region 5,202511,513,202,94,22,0,0,12,27,0,2025,11,2025-03-09,2025-03-15,2024,2024-25,24,TRUE
Region 5,202512,419,132,82,33,0,0,4,23,0,2025,12,2025-03-16,2025-03-22,2024,2024-25,25,TRUE
Region 5,202513,289,82,42,17,0,0,4,24,0,2025,13,2025-03-23,2025-03-29,2024,2024-25,26,TRUE
Region 5,202514,304,49,36,9,0,0,13,51,0,2025,14,2025-03-30,2025-04-05,2024,2024-25,27,TRUE
Region 5,202515,206,22,37,10,0,0,5,30,0,2025,15,2025-04-06,2025-04-12,2024,2024-25,28,TRUE
Region 5,202516,161,17,14,2,0,0,10,22,0,2025,16,2025-04-13,2025-04-19,2024,2024-25,29,TRUE
Region 5,202517,134,10,8,0,0,0,12,23,0,2025,17,2025-04-20,2025-04-26,2024,2024-25,30,TRUE
Region 5,202518,158,6,6,1,0,0,13,41,0,2025,18,2025-04-27,2025-05-03,2024,2024-25,31,TRUE
Region 5,202519,105,7,2,0,0,0,6,19,0,2025,19,2025-05-04,2025-05-10,2024,2024-25,32,TRUE
Region 5,202520,89,10,2,1,0,0,6,10,0,2025,20,2025-05-11,2025-05-17,2024,2024-25,33,TRUE
Region 5,202521,84,7,4,1,0,0,2,5,0,2025,21,2025-05-18,2025-05-24,2024,2024-25,34,TRUE
Region 5,202522,70,12,1,0,0,0,2,1,0,2025,22,2025-05-25,2025-05-31,2024,2024-25,35,TRUE
Region 5,202523,84,13,2,2,0,0,2,3,0,2025,23,2025-06-01,2025-06-07,2024,2024-25,36,TRUE
Region 5,202524,61,7,0,0,0,0,1,7,0,2025,24,2025-06-08,2025-06-14,2024,2024-25,37,TRUE
Region 5,202525,62,11,0,1,0,0,1,3,0,2025,25,2025-06-15,2025-06-21,2024,2024-25,38,TRUE
Region 5,202526,77,23,0,0,0,0,2,2,0,2025,26,2025-06-22,2025-06-28,2024,2024-25,39,TRUE
Region 5,202527,81,12,6,0,0,0,0,0,0,2025,27,2025-06-29,2025-07-05,2024,2024-25,40,TRUE
Region 5,202528,62,8,0,0,0,0,0,0,0,2025,28,2025-07-06,2025-07-12,2024,2024-25,41,TRUE
Region 5,202529,53,8,0,0,0,0,1,2,0,2025,29,2025-07-13,2025-07-19,2024,2024-25,42,TRUE
Region 5,202530,55,6,1,1,0,0,0,0,0,2025,30,2025-07-20,2025-07-26,2024,2024-25,43,TRUE
Region 5,202531,63,10,1,0,0,0,0,0,0,2025,31,2025-07-27,2025-08-02,2024,2024-25,44,TRUE
Region 5,202532,64,10,1,0,0,0,0,0,0,2025,32,2025-08-03,2025-08-09,2024,2024-25,45,TRUE
Region 5,202533,73,6,0,0,0,0,1,1,0,2025,33,2025-08-10,2025-08-16,2024,2024-25,46,TRUE
Region 5,202534,79,18,3,0,0,0,0,1,0,2025,34,2025-08-17,2025-08-23,2024,2024-25,47,TRUE
Region 5,202535,80,12,5,0,0,0,0,0,0,2025,35,2025-08-24,2025-08-30,2024,2024-25,48,TRUE
Region 5,202536,88,8,7,0,0,0,0,0,0,2025,36,2025-08-31,2025-09-06,2024,2024-25,49,TRUE
Region 5,202537,98,7,6,0,0,0,0,1,0,2025,37,2025-09-07,2025-09-13,2024,2024-25,50,TRUE
Region 5,202538,75,8,8,0,0,0,0,0,0,2025,38,2025-09-14,2025-09-20,2024,2024-25,51,TRUE
Region 5,202539,97,4,7,1,0,0,1,1,0,2025,39,2025-09-21,2025-09-27,2024,2024-25,52,TRUE
Region 5,202540,114,7,14,0,0,0,1,0,0,2025,40,2025-09-28,2025-10-04,2025,2025-26,1,TRUE
Region 5,202541,113,6,8,4,0,0,1,0,0,2025,41,2025-10-05,2025-10-11,2025,2025-26,2,TRUE
Region 5,202542,159,6,31,2,0,0,4,1,0,2025,42,2025-10-12,2025-10-18,2025,2025-26,3,TRUE
Region 5,202543,148,11,31,2,0,0,2,2,0,2025,43,2025-10-19,2025-10-25,2025,2025-26,4,TRUE
Region 5,202544,196,11,32,5,0,0,0,0,0,2025,44,2025-10-26,2025-11-01,2025,2025-26,5,TRUE
Region 5,202545,185,6,54,5,0,0,5,1,0,2025,45,2025-11-02,2025-11-08,2025,2025-26,6,TRUE
Region 5,202546,233,18,58,14,0,0,10,2,0,2025,46,2025-11-09,2025-11-15,2025,2025-26,7,TRUE
Region 5,202547,334,18,110,35,0,0,24,1,0,2025,47,2025-11-16,2025-11-22,2025,2025-26,8,TRUE
Region 5,202548,383,26,168,41,0,0,15,2,0,2025,48,2025-11-23,2025-11-29,2025,2025-26,9,TRUE
Region 5,202549,421,17,193,47,0,0,20,3,0,2025,49,2025-11-30,2025-12-06,2025,2025-26,10,TRUE
Region 5,202550,588,30,331,51,0,0,6,1,0,2025,50,2025-12-07,2025-12-13,2025,2025-26,11,TRUE
Region 5,202551,798,25,508,76,0,0,19,5,0,2025,51,2025-12-14,2025-12-20,2025,2025-26,12,TRUE
Region 5,202552,861,30,577,86,0,0,21,3,0,2025,52,2025-12-21,2025-12-27,2025,2025-26,13,TRUE
Region 5,202553,968,27,641,95,0,0,30,2,0,2025,53,2025-12-28,2026-01-03,2025,2025-26,14,TRUE
Region 5,202601,851,15,482,110,0,0,37,6,0,2026,1,2026-01-04,2026-01-10,2025,2025-26,15,TRUE
Region 5,202602,675,15,333,81,0,0,27,11,0,2026,2,2026-01-11,2026-01-17,2025,2025-26,16,TRUE
Region 5,202603,554,9,292,85,0,0,23,5,0,2026,3,2026-01-18,2026-01-24,2025,2025-26,17,TRUE
Region 5,202604,608,9,271,106,0,0,41,19,0,2026,4,2026-01-25,2026-01-31,2025,2025-26,18,TRUE
Region 5,202605,672,10,266,94,0,0,74,24,0,2026,5,2026-02-01,2026-02-07,2025,2025-26,19,TRUE
Region 5,202606,584,9,250,83,0,0,75,35,0,2026,6,2026-02-08,2026-02-14,2025,2025-26,20,TRUE
Region 5,202607,542,12,175,56,0,0,102,44,0,2026,7,2026-02-15,2026-02-21,2025,2025-26,21,TRUE
Region 5,202608,433,10,132,24,0,0,100,30,0,2026,8,2026-02-22,2026-02-28,2025,2025-26,22,TRUE
Region 5,202609,431,4,99,25,0,0,123,39,0,2026,9,2026-03-01,2026-03-07,2025,2025-26,23,TRUE
Region 5,202610,315,3,52,12,0,0,107,32,0,2026,10,2026-03-08,2026-03-14,2025,2025-26,24,TRUE
Region 5,202611,323,5,49,11,0,0,105,34,0,2026,11,2026-03-15,2026-03-21,2025,2025-26,25,TRUE
Region 5,202612,296,7,44,17,0,0,82,32,0,2026,12,2026-03-22,2026-03-28,2025,2025-26,26,TRUE
Region 5,202613,250,10,33,6,0,0,70,24,0,2026,13,2026-03-29,2026-04-04,2025,2025-26,27,TRUE
Region 5,202614,205,7,29,5,0,0,59,15,0,2026,14,2026-04-05,2026-04-11,2025,2025-26,28,TRUE
Region 5,202615,211,14,13,9,0,0,35,8,0,2026,15,2026-04-12,2026-04-18,2025,2025-26,29,TRUE
Region 5,202616,136,4,6,0,0,0,28,7,0,2026,16,2026-04-19,2026-04-25,2025,2025-26,30,TRUE
Region 5,202617,140,2,7,1,0,0,19,6,0,2026,17,2026-04-26,2026-05-02,2025,2025-26,31,TRUE
Region 5,202618,109,2,2,0,0,0,16,9,0,2026,18,2026-05-03,2026-05-09,2025,2025-26,32,TRUE
Region 5,202619,95,5,5,2,0,0,13,7,0,2026,19,2026-05-10,2026-05-16,2025,2025-26,33,TRUE
Region 5,202620,66,2,4,0,0,0,14,2,0,2026,20,2026-05-17,2026-05-23,2025,2025-26,34,TRUE
Region 5,202621,87,4,2,1,0,0,11,4,0,2026,21,2026-05-24,2026-05-30,2025,2025-26,35,TRUE
Region 5,202622,60,1,2,0,0,0,2,0,0,2026,22,2026-05-31,2026-06-06,2025,2025-26,36,TRUE
Region 5,202623,50,1,1,2,0,0,0,0,0,2026,23,2026-06-07,2026-06-13,2025,2025-26,37,TRUE
Region 5,202624,58,2,2,0,0,0,0,0,0,2026,24,2026-06-14,2026-06-20,2025,2025-26,38,TRUE
Region 5,202625,52,6,0,1,0,0,1,0,0,2026,25,2026-06-21,2026-06-27,2025,2025-26,39,TRUE
Region 5,202626,42,7,0,0,0,0,1,0,0,2026,26,2026-06-28,2026-07-04,2025,2025-26,40,TRUE
Region 5,202627,59,3,0,0,0,0,0,0,0,2026,27,2026-07-05,2026-07-11,2025,2025-26,41,TRUE
Region 5,202628,56,6,0,0,0,0,1,0,0,2026,28,2026-07-12,2026-07-18,2025,2025-26,42,TRUE
Region 5,202629,47,4,0,0,0,0,3,0,0,2026,29,2026-07-19,2026-07-25,2025,2025-26,43,TRUE
Region 5,202630,53,11,1,0,0,0,0,0,0,2026,30,2026-07-26,2026-08-01,2025,2025-26,44,TRUE
Region 5,202631,47,8,4,1,0,0,2,0,0,2026,31,2026-08-02,2026-08-08,2025,2025-26,45,TRUE
Region 5,202632,72,13,1,2,0,0,1,0,0,2026,32,2026-08-09,2026-08-15,2025,2025-26,46,TRUE
Region 5,202633,64,15,5,1,0,0,0,0,0,2026,33,2026-08-16,2026-08-22,2025,2025-26,47,TRUE
Region 5,202634,66,20,3,2,0,0,0,0,0,2026,34,2026-08-23,2026-08-29,2025,2025-26,48,TRUE
Region 5,202635,118,63,12,0,0,0,0,0,0,2026,35,2026-08-30,2026-09-05,2025,2025-26,49,TRUE
Region 5,202636,131,72,3,2,0,0,1,0,0,2026,36,2026-09-06,2026-09-12,2025,2025-26,50,TRUE
Region 5,202637,160,79,2,7,0,0,2,0,0,2026,37,2026-09-13,2026-09-19,2025,2025-26,51,TRUE
Region 5,202638,35,13,0,6,0,0,0,0,0,2026,38,2026-09-20,2026-09-26,2025,2025-26,52,TRUE
Region 6,201940,112,2,2,0,0,0,3,12,0,2019,40,2019-09-29,2019-10-05,2019,2019-20,1,FALSE
Region 6,201941,109,2,0,0,0,0,3,18,0,2019,41,2019-10-06,2019-10-12,2019,2019-20,2,FALSE
Region 6,201942,111,2,1,0,0,0,1,16,0,2019,42,2019-10-13,2019-10-19,2019,2019-20,3,FALSE
Region 6,201943,118,1,7,0,0,0,3,14,0,2019,43,2019-10-20,2019-10-26,2019,2019-20,4,FALSE
Region 6,201944,136,3,0,1,0,0,5,16,0,2019,44,2019-10-27,2019-11-02,2019,2019-20,5,FALSE
Region 6,201945,166,3,12,0,0,0,4,19,0,2019,45,2019-11-03,2019-11-09,2019,2019-20,6,FALSE
Region 6,201946,182,12,3,1,0,0,7,35,0,2019,46,2019-11-10,2019-11-16,2019,2019-20,7,FALSE
Region 6,201947,306,22,15,2,0,0,13,65,1,2019,47,2019-11-17,2019-11-23,2019,2019-20,8,FALSE
Region 6,201948,194,36,3,1,0,0,11,56,0,2019,48,2019-11-24,2019-11-30,2019,2019-20,9,FALSE
Region 6,201949,339,52,4,0,0,0,16,88,0,2019,49,2019-12-01,2019-12-07,2019,2019-20,10,FALSE
Region 6,201950,318,51,5,2,0,0,23,70,0,2019,50,2019-12-08,2019-12-14,2019,2019-20,11,FALSE
Region 6,201951,337,59,0,0,0,0,24,95,0,2019,51,2019-12-15,2019-12-21,2019,2019-20,12,FALSE
Region 6,201952,232,71,1,0,0,0,32,37,0,2019,52,2019-12-22,2019-12-28,2019,2019-20,13,FALSE
Region 6,202001,222,55,1,0,0,0,22,42,0,2020,1,2019-12-29,2020-01-04,2019,2019-20,14,FALSE
Region 6,202002,345,83,5,3,0,0,37,66,0,2020,2,2020-01-05,2020-01-11,2019,2019-20,15,FALSE
Region 6,202003,402,117,0,7,0,0,29,54,0,2020,3,2020-01-12,2020-01-18,2019,2019-20,16,FALSE
Region 6,202004,413,145,3,4,0,0,35,50,0,2020,4,2020-01-19,2020-01-25,2019,2019-20,17,FALSE
Region 6,202005,480,160,1,2,0,0,31,58,0,2020,5,2020-01-26,2020-02-01,2019,2019-20,18,FALSE
Region 6,202006,467,155,10,2,0,0,24,30,0,2020,6,2020-02-02,2020-02-08,2019,2019-20,19,FALSE
Region 6,202007,403,121,3,1,0,0,28,14,0,2020,7,2020-02-09,2020-02-15,2019,2019-20,20,FALSE
Region 6,202008,337,118,1,1,0,0,17,19,0,2020,8,2020-02-16,2020-02-22,2019,2019-20,21,FALSE
Region 6,202009,364,117,0,2,0,0,25,12,0,2020,9,2020-02-23,2020-02-29,2019,2019-20,22,FALSE
Region 6,202010,386,85,1,0,0,0,17,10,0,2020,10,2020-03-01,2020-03-07,2019,2019-20,23,FALSE
Region 6,202011,408,66,2,0,0,0,10,11,0,2020,11,2020-03-08,2020-03-14,2019,2019-20,24,FALSE
Region 6,202012,336,19,0,0,0,0,1,2,0,2020,12,2020-03-15,2020-03-21,2019,2019-20,25,FALSE
Region 6,202013,227,1,1,0,0,0,6,0,0,2020,13,2020-03-22,2020-03-28,2019,2019-20,26,FALSE
Region 6,202014,103,0,0,0,0,0,0,0,0,2020,14,2020-03-29,2020-04-04,2019,2019-20,27,FALSE
Region 6,202015,103,0,0,1,0,0,0,0,0,2020,15,2020-04-05,2020-04-11,2019,2019-20,28,FALSE
Region 6,202016,59,0,0,0,0,0,0,0,0,2020,16,2020-04-12,2020-04-18,2019,2019-20,29,FALSE
Region 6,202017,71,0,0,0,0,0,0,0,0,2020,17,2020-04-19,2020-04-25,2019,2019-20,30,FALSE
Region 6,202018,70,0,0,0,0,0,0,0,0,2020,18,2020-04-26,2020-05-02,2019,2019-20,31,FALSE
Region 6,202019,74,0,0,0,0,0,0,0,0,2020,19,2020-05-03,2020-05-09,2019,2019-20,32,FALSE
Region 6,202020,105,0,0,0,0,0,1,0,0,2020,20,2020-05-10,2020-05-16,2019,2019-20,33,FALSE
Region 6,202021,70,0,0,0,0,0,0,0,0,2020,21,2020-05-17,2020-05-23,2019,2019-20,34,FALSE
Region 6,202022,74,0,0,0,0,0,0,0,0,2020,22,2020-05-24,2020-05-30,2019,2019-20,35,FALSE
Region 6,202023,59,0,0,0,0,0,0,0,0,2020,23,2020-05-31,2020-06-06,2019,2019-20,36,FALSE
Region 6,202024,47,0,0,0,0,0,0,0,0,2020,24,2020-06-07,2020-06-13,2019,2019-20,37,FALSE
Region 6,202025,74,0,0,0,0,0,0,0,0,2020,25,2020-06-14,2020-06-20,2019,2019-20,38,FALSE
Region 6,202026,34,0,0,0,0,0,0,0,0,2020,26,2020-06-21,2020-06-27,2019,2019-20,39,FALSE
Region 6,202027,34,0,0,0,0,0,0,0,0,2020,27,2020-06-28,2020-07-04,2019,2019-20,40,FALSE
Region 6,202028,36,0,0,0,0,0,0,0,0,2020,28,2020-07-05,2020-07-11,2019,2019-20,41,FALSE
Region 6,202029,67,0,0,0,0,0,0,0,0,2020,29,2020-07-12,2020-07-18,2019,2019-20,42,FALSE
Region 6,202030,20,0,0,0,0,0,0,0,0,2020,30,2020-07-19,2020-07-25,2019,2019-20,43,FALSE
Region 6,202031,23,0,0,0,0,0,0,0,0,2020,31,2020-07-26,2020-08-01,2019,2019-20,44,FALSE
Region 6,202032,17,0,0,0,0,0,0,0,0,2020,32,2020-08-02,2020-08-08,2019,2019-20,45,FALSE
Region 6,202033,14,0,0,0,0,0,0,0,0,2020,33,2020-08-09,2020-08-15,2019,2019-20,46,FALSE
Region 6,202034,30,0,0,0,0,0,0,0,0,2020,34,2020-08-16,2020-08-22,2019,2019-20,47,FALSE
Region 6,202035,25,0,0,0,0,0,0,0,0,2020,35,2020-08-23,2020-08-29,2019,2019-20,48,FALSE
Region 6,202036,45,0,0,0,0,0,0,0,0,2020,36,2020-08-30,2020-09-05,2019,2019-20,49,FALSE
Region 6,202037,31,0,0,0,0,0,0,0,0,2020,37,2020-09-06,2020-09-12,2019,2019-20,50,FALSE
Region 6,202038,50,0,0,0,0,0,0,0,0,2020,38,2020-09-13,2020-09-19,2019,2019-20,51,FALSE
Region 6,202039,69,0,0,0,0,0,0,0,0,2020,39,2020-09-20,2020-09-26,2019,2019-20,52,FALSE
Region 6,202040,100,0,0,0,0,0,0,0,0,2020,40,2020-09-27,2020-10-03,2020,2020-21,1,FALSE
Region 6,202041,116,1,0,0,0,0,0,1,0,2020,41,2020-10-04,2020-10-10,2020,2020-21,2,FALSE
Region 6,202042,164,0,0,0,0,0,0,0,0,2020,42,2020-10-11,2020-10-17,2020,2020-21,3,FALSE
Region 6,202043,200,0,0,0,0,0,0,0,0,2020,43,2020-10-18,2020-10-24,2020,2020-21,4,FALSE
Region 6,202044,136,0,0,0,0,0,0,0,0,2020,44,2020-10-25,2020-10-31,2020,2020-21,5,FALSE
Region 6,202045,328,0,0,0,0,0,0,0,0,2020,45,2020-11-01,2020-11-07,2020,2020-21,6,FALSE
Region 6,202046,374,2,3,0,0,0,0,0,1,2020,46,2020-11-08,2020-11-14,2020,2020-21,7,FALSE
Region 6,202047,174,0,1,0,0,0,0,0,1,2020,47,2020-11-15,2020-11-21,2020,2020-21,8,FALSE
Region 6,202048,175,0,0,0,0,0,0,0,0,2020,48,2020-11-22,2020-11-28,2020,2020-21,9,FALSE
Region 6,202049,272,0,0,0,0,0,0,0,0,2020,49,2020-11-29,2020-12-05,2020,2020-21,10,FALSE
Region 6,202050,224,2,2,0,0,0,0,2,0,2020,50,2020-12-06,2020-12-12,2020,2020-21,11,FALSE
Region 6,202051,227,0,0,0,0,0,0,0,0,2020,51,2020-12-13,2020-12-19,2020,2020-21,12,FALSE
Region 6,202052,212,0,0,0,0,0,0,0,0,2020,52,2020-12-20,2020-12-26,2020,2020-21,13,FALSE
Region 6,202053,343,0,0,0,0,0,0,0,0,2020,53,2020-12-27,2021-01-02,2020,2020-21,14,FALSE
Region 6,202101,420,0,0,0,0,0,0,0,0,2021,1,2021-01-03,2021-01-09,2020,2020-21,15,FALSE
Region 6,202102,336,0,0,0,0,0,0,0,0,2021,2,2021-01-10,2021-01-16,2020,2020-21,16,FALSE
Region 6,202103,230,0,0,0,0,0,0,0,0,2021,3,2021-01-17,2021-01-23,2020,2020-21,17,FALSE
Region 6,202104,240,0,0,0,0,0,0,0,0,2021,4,2021-01-24,2021-01-30,2020,2020-21,18,FALSE
Region 6,202105,251,0,0,0,0,0,0,0,0,2021,5,2021-01-31,2021-02-06,2020,2020-21,19,FALSE
Region 6,202106,237,0,0,0,0,0,0,0,0,2021,6,2021-02-07,2021-02-13,2020,2020-21,20,FALSE
Region 6,202107,125,0,0,0,0,0,0,0,0,2021,7,2021-02-14,2021-02-20,2020,2020-21,21,FALSE
Region 6,202108,212,0,0,0,0,0,0,0,0,2021,8,2021-02-21,2021-02-27,2020,2020-21,22,FALSE
Region 6,202109,228,0,0,0,0,0,0,0,0,2021,9,2021-02-28,2021-03-06,2020,2020-21,23,FALSE
Region 6,202110,180,0,0,0,0,0,0,0,0,2021,10,2021-03-07,2021-03-13,2020,2020-21,24,FALSE
Region 6,202111,191,0,0,1,0,0,1,0,0,2021,11,2021-03-14,2021-03-20,2020,2020-21,25,FALSE
Region 6,202112,160,0,0,0,0,0,0,0,0,2021,12,2021-03-21,2021-03-27,2020,2020-21,26,FALSE
Region 6,202113,152,0,0,1,0,0,0,0,0,2021,13,2021-03-28,2021-04-03,2020,2020-21,27,FALSE
Region 6,202114,128,0,0,0,0,0,0,0,0,2021,14,2021-04-04,2021-04-10,2020,2020-21,28,FALSE
Region 6,202115,110,0,0,0,0,0,0,0,0,2021,15,2021-04-11,2021-04-17,2020,2020-21,29,FALSE
Region 6,202116,112,0,0,0,0,0,0,0,0,2021,16,2021-04-18,2021-04-24,2020,2020-21,30,FALSE
Region 6,202117,123,0,0,0,0,0,0,0,0,2021,17,2021-04-25,2021-05-01,2020,2020-21,31,FALSE
Region 6,202118,115,0,0,0,0,0,0,1,0,2021,18,2021-05-02,2021-05-08,2020,2020-21,32,FALSE
Region 6,202119,113,0,0,0,0,0,0,0,0,2021,19,2021-05-09,2021-05-15,2020,2020-21,33,FALSE
Region 6,202120,131,0,0,0,0,0,0,5,0,2021,20,2021-05-16,2021-05-22,2020,2020-21,34,FALSE
Region 6,202121,99,0,0,0,0,0,0,0,0,2021,21,2021-05-23,2021-05-29,2020,2020-21,35,FALSE
Region 6,202122,77,0,0,0,0,0,0,0,0,2021,22,2021-05-30,2021-06-05,2020,2020-21,36,FALSE
Region 6,202123,74,0,0,0,0,0,0,0,0,2021,23,2021-06-06,2021-06-12,2020,2020-21,37,FALSE
Region 6,202124,73,0,0,0,0,0,0,0,0,2021,24,2021-06-13,2021-06-19,2020,2020-21,38,FALSE
Region 6,202125,60,0,0,0,0,0,0,0,0,2021,25,2021-06-20,2021-06-26,2020,2020-21,39,FALSE
Region 6,202126,84,0,0,0,0,0,0,0,0,2021,26,2021-06-27,2021-07-03,2020,2020-21,40,FALSE
Region 6,202127,98,0,0,1,0,0,0,0,0,2021,27,2021-07-04,2021-07-10,2020,2020-21,41,FALSE
Region 6,202128,105,0,0,0,0,0,0,0,0,2021,28,2021-07-11,2021-07-17,2020,2020-21,42,FALSE
Region 6,202129,131,0,0,0,0,0,0,0,0,2021,29,2021-07-18,2021-07-24,2020,2020-21,43,FALSE
Region 6,202130,139,0,1,0,0,0,0,0,0,2021,30,2021-07-25,2021-07-31,2020,2020-21,44,FALSE
Region 6,202131,191,0,2,0,0,0,0,0,0,2021,31,2021-08-01,2021-08-07,2020,2020-21,45,FALSE
Region 6,202132,273,0,0,0,0,0,0,0,0,2021,32,2021-08-08,2021-08-14,2020,2020-21,46,FALSE
Region 6,202133,346,0,0,0,0,0,0,0,0,2021,33,2021-08-15,2021-08-21,2020,2020-21,47,FALSE
Region 6,202134,497,0,0,0,0,0,0,0,0,2021,34,2021-08-22,2021-08-28,2020,2020-21,48,FALSE
Region 6,202135,387,0,0,1,0,0,0,0,0,2021,35,2021-08-29,2021-09-04,2020,2020-21,49,FALSE
Region 6,202136,227,0,0,0,0,0,0,0,0,2021,36,2021-09-05,2021-09-11,2020,2020-21,50,FALSE
Region 6,202137,235,0,0,0,0,0,0,2,0,2021,37,2021-09-12,2021-09-18,2020,2020-21,51,FALSE
Region 6,202138,213,0,0,0,0,0,0,0,0,2021,38,2021-09-19,2021-09-25,2020,2020-21,52,FALSE
Region 6,202139,279,0,0,0,0,0,0,0,0,2021,39,2021-09-26,2021-10-02,2020,2020-21,53,FALSE
Region 6,202140,618,0,0,0,0,0,0,0,0,2021,40,2021-10-03,2021-10-09,2021,2021-22,1,FALSE
Region 6,202141,579,0,0,1,0,0,0,0,0,2021,41,2021-10-10,2021-10-16,2021,2021-22,2,FALSE
Region 6,202142,452,0,0,0,0,0,1,1,0,2021,42,2021-10-17,2021-10-23,2021,2021-22,3,FALSE
Region 6,202143,423,0,0,1,0,0,0,0,0,2021,43,2021-10-24,2021-10-30,2021,2021-22,4,FALSE
Region 6,202144,425,0,2,0,0,0,0,0,0,2021,44,2021-10-31,2021-11-06,2021,2021-22,5,FALSE
Region 6,202145,364,0,2,1,0,0,0,0,0,2021,45,2021-11-07,2021-11-13,2021,2021-22,6,FALSE
Region 6,202146,519,0,12,0,0,0,0,0,0,2021,46,2021-11-14,2021-11-20,2021,2021-22,7,FALSE
Region 6,202147,335,0,27,0,0,0,2,2,0,2021,47,2021-11-21,2021-11-27,2021,2021-22,8,FALSE
Region 6,202148,743,0,111,1,0,0,0,0,0,2021,48,2021-11-28,2021-12-04,2021,2021-22,9,FALSE
Region 6,202149,3763,0,133,8,0,0,0,0,0,2021,49,2021-12-05,2021-12-11,2021,2021-22,10,FALSE
Region 6,202150,3624,0,160,16,0,0,0,0,0,2021,50,2021-12-12,2021-12-18,2021,2021-22,11,FALSE
Region 6,202151,2790,0,86,27,0,0,1,0,0,2021,51,2021-12-19,2021-12-25,2021,2021-22,12,FALSE
Region 6,202152,7080,0,69,101,0,0,1,0,0,2021,52,2021-12-26,2022-01-01,2021,2021-22,13,FALSE
Region 6,202201,7665,0,133,45,0,0,0,0,0,2022,1,2022-01-02,2022-01-08,2021,2021-22,14,FALSE
Region 6,202202,7423,0,71,42,0,0,0,0,0,2022,2,2022-01-09,2022-01-15,2021,2021-22,15,FALSE
Region 6,202203,3742,0,50,11,0,0,1,0,0,2022,3,2022-01-16,2022-01-22,2021,2021-22,16,FALSE
Region 6,202204,3354,0,53,12,0,0,2,0,0,2022,4,2022-01-23,2022-01-29,2021,2021-22,17,FALSE
Region 6,202205,1956,0,31,1,0,0,1,0,0,2022,5,2022-01-30,2022-02-05,2021,2021-22,18,FALSE
Region 6,202206,2551,0,44,12,0,0,1,0,0,2022,6,2022-02-06,2022-02-12,2021,2021-22,19,FALSE
Region 6,202207,2782,0,44,54,0,0,0,0,0,2022,7,2022-02-13,2022-02-19,2021,2021-22,20,FALSE
Region 6,202208,1554,0,42,42,0,0,1,0,0,2022,8,2022-02-20,2022-02-26,2021,2021-22,21,FALSE
Region 6,202209,1699,0,54,41,0,0,0,0,0,2022,9,2022-02-27,2022-03-05,2021,2021-22,22,FALSE
Region 6,202210,1595,0,57,21,0,0,0,0,0,2022,10,2022-03-06,2022-03-12,2021,2021-22,23,FALSE
Region 6,202211,1211,0,65,19,0,0,0,0,0,2022,11,2022-03-13,2022-03-19,2021,2021-22,24,FALSE
Region 6,202212,1250,0,66,14,0,0,0,0,0,2022,12,2022-03-20,2022-03-26,2021,2021-22,25,FALSE
Region 6,202213,1008,0,65,10,0,0,0,0,0,2022,13,2022-03-27,2022-04-02,2021,2021-22,26,FALSE
Region 6,202214,890,0,41,7,0,0,0,0,0,2022,14,2022-04-03,2022-04-09,2021,2021-22,27,FALSE
Region 6,202215,899,0,65,10,0,0,1,0,0,2022,15,2022-04-10,2022-04-16,2021,2021-22,28,FALSE
Region 6,202216,917,0,92,7,0,0,0,0,0,2022,16,2022-04-17,2022-04-23,2021,2021-22,29,FALSE
Region 6,202217,1165,0,104,2,0,0,0,0,0,2022,17,2022-04-24,2022-04-30,2021,2021-22,30,FALSE
Region 6,202218,1076,0,62,3,0,0,0,0,0,2022,18,2022-05-01,2022-05-07,2021,2021-22,31,FALSE
Region 6,202219,986,0,49,3,0,0,0,0,0,2022,19,2022-05-08,2022-05-14,2021,2021-22,32,FALSE
Region 6,202220,1019,0,42,1,0,0,0,0,0,2022,20,2022-05-15,2022-05-21,2021,2021-22,33,FALSE
Region 6,202221,1053,0,26,2,0,0,0,0,0,2022,21,2022-05-22,2022-05-28,2021,2021-22,34,FALSE
Region 6,202222,885,0,31,1,0,0,0,0,0,2022,22,2022-05-29,2022-06-04,2021,2021-22,35,FALSE
Region 6,202223,1571,0,11,3,0,0,0,0,0,2022,23,2022-06-05,2022-06-11,2021,2021-22,36,FALSE
Region 6,202224,1755,0,11,3,0,0,0,0,0,2022,24,2022-06-12,2022-06-18,2021,2021-22,37,FALSE
Region 6,202225,1438,0,2,1,0,0,0,0,0,2022,25,2022-06-19,2022-06-25,2021,2021-22,38,FALSE
Region 6,202226,1203,0,3,1,0,0,0,0,0,2022,26,2022-06-26,2022-07-02,2021,2021-22,39,FALSE
Region 6,202227,1326,0,0,1,0,0,0,0,0,2022,27,2022-07-03,2022-07-09,2021,2021-22,40,FALSE
Region 6,202228,1605,0,1,1,0,0,0,0,0,2022,28,2022-07-10,2022-07-16,2021,2021-22,41,FALSE
Region 6,202229,1725,0,0,0,0,0,0,0,0,2022,29,2022-07-17,2022-07-23,2021,2021-22,42,FALSE
Region 6,202230,1738,0,2,1,0,0,0,0,0,2022,30,2022-07-24,2022-07-30,2021,2021-22,43,FALSE
Region 6,202231,1710,0,3,0,0,0,0,0,0,2022,31,2022-07-31,2022-08-06,2021,2021-22,44,FALSE
Region 6,202232,1251,0,1,0,0,0,0,0,0,2022,32,2022-08-07,2022-08-13,2021,2021-22,45,FALSE
Region 6,202233,1360,0,4,0,0,0,0,0,0,2022,33,2022-08-14,2022-08-20,2021,2021-22,46,FALSE
Region 6,202234,1348,1,1,0,0,0,0,0,0,2022,34,2022-08-21,2022-08-27,2021,2021-22,47,FALSE
Region 6,202235,1308,1,1,1,0,0,0,0,0,2022,35,2022-08-28,2022-09-03,2021,2021-22,48,FALSE
Region 6,202236,890,0,1,0,0,0,0,0,0,2022,36,2022-09-04,2022-09-10,2021,2021-22,49,FALSE
Region 6,202237,939,0,2,0,0,0,0,0,0,2022,37,2022-09-11,2022-09-17,2021,2021-22,50,FALSE
Region 6,202238,948,1,0,3,0,0,1,0,0,2022,38,2022-09-18,2022-09-24,2021,2021-22,51,FALSE
Region 6,202239,582,7,3,3,0,0,1,0,0,2022,39,2022-09-25,2022-10-01,2021,2021-22,52,FALSE
Region 6,202240,833,7,12,1,0,0,1,0,0,2022,40,2022-10-02,2022-10-08,2022,2022-23,1,TRUE
Region 6,202241,755,11,16,3,0,0,1,0,0,2022,41,2022-10-09,2022-10-15,2022,2022-23,2,TRUE
Region 6,202242,651,15,40,3,1,0,0,0,0,2022,42,2022-10-16,2022-10-22,2022,2022-23,3,TRUE
Region 6,202243,635,31,45,10,0,0,0,0,0,2022,43,2022-10-23,2022-10-29,2022,2022-23,4,TRUE
Region 6,202244,491,48,25,5,0,0,0,0,0,2022,44,2022-10-30,2022-11-05,2022,2022-23,5,TRUE
Region 6,202245,494,14,44,4,0,0,0,0,0,2022,45,2022-11-06,2022-11-12,2022,2022-23,6,TRUE
Region 6,202246,657,37,81,7,0,0,2,0,0,2022,46,2022-11-13,2022-11-19,2022,2022-23,7,TRUE
Region 6,202247,477,49,97,6,0,0,0,1,0,2022,47,2022-11-20,2022-11-26,2022,2022-23,8,TRUE
Region 6,202248,811,76,125,24,0,0,0,0,0,2022,48,2022-11-27,2022-12-03,2022,2022-23,9,TRUE
Region 6,202249,884,62,153,26,0,0,1,0,0,2022,49,2022-12-04,2022-12-10,2022,2022-23,10,TRUE
Region 6,202250,807,66,119,12,0,0,0,2,0,2022,50,2022-12-11,2022-12-17,2022,2022-23,11,TRUE
Region 6,202251,574,55,68,35,0,0,1,0,0,2022,51,2022-12-18,2022-12-24,2022,2022-23,12,TRUE
Region 6,202252,573,42,51,2,0,0,0,0,0,2022,52,2022-12-25,2022-12-31,2022,2022-23,13,TRUE
Region 6,202301,609,25,38,10,0,0,0,0,0,2023,1,2023-01-01,2023-01-07,2022,2022-23,14,TRUE
Region 6,202302,481,22,21,4,0,0,0,0,0,2023,2,2023-01-08,2023-01-14,2022,2022-23,15,TRUE
Region 6,202303,458,11,3,2,0,0,0,0,0,2023,3,2023-01-15,2023-01-21,2022,2022-23,16,TRUE
Region 6,202304,360,12,14,3,0,0,0,0,0,2023,4,2023-01-22,2023-01-28,2022,2022-23,17,TRUE
Region 6,202305,246,12,8,0,0,0,0,0,0,2023,5,2023-01-29,2023-02-04,2022,2022-23,18,TRUE
Region 6,202306,453,14,7,2,0,0,0,0,0,2023,6,2023-02-05,2023-02-11,2022,2022-23,19,TRUE
Region 6,202307,205,1,1,1,0,0,0,1,0,2023,7,2023-02-12,2023-02-18,2022,2022-23,20,TRUE
Region 6,202308,215,5,1,0,0,0,0,0,0,2023,8,2023-02-19,2023-02-25,2022,2022-23,21,TRUE
Region 6,202309,236,8,2,0,0,0,1,2,0,2023,9,2023-02-26,2023-03-04,2022,2022-23,22,TRUE
Region 6,202310,327,6,4,0,0,0,0,0,0,2023,10,2023-03-05,2023-03-11,2022,2022-23,23,TRUE
Region 6,202311,159,1,4,0,0,0,1,1,0,2023,11,2023-03-12,2023-03-18,2022,2022-23,24,TRUE
Region 6,202312,205,3,5,1,0,0,1,0,0,2023,12,2023-03-19,2023-03-25,2022,2022-23,25,TRUE
Region 6,202313,226,5,2,0,0,0,2,2,0,2023,13,2023-03-26,2023-04-01,2022,2022-23,26,TRUE
Region 6,202314,230,0,1,1,0,0,5,1,0,2023,14,2023-04-02,2023-04-08,2022,2022-23,27,TRUE
Region 6,202315,190,0,0,0,0,0,0,2,0,2023,15,2023-04-09,2023-04-15,2022,2022-23,28,TRUE
Region 6,202316,164,0,1,0,0,0,6,2,0,2023,16,2023-04-16,2023-04-22,2022,2022-23,29,TRUE
Region 6,202317,117,0,0,1,0,0,2,4,0,2023,17,2023-04-23,2023-04-29,2022,2022-23,30,TRUE
Region 6,202318,113,2,0,0,0,0,6,3,0,2023,18,2023-04-30,2023-05-06,2022,2022-23,31,TRUE
Region 6,202319,119,2,0,0,0,0,3,0,0,2023,19,2023-05-07,2023-05-13,2022,2022-23,32,TRUE
Region 6,202320,104,1,0,0,0,0,7,2,0,2023,20,2023-05-14,2023-05-20,2022,2022-23,33,TRUE
Region 6,202321,105,2,0,1,0,0,6,2,0,2023,21,2023-05-21,2023-05-27,2022,2022-23,34,TRUE
Region 6,202322,88,2,0,0,0,0,3,2,0,2023,22,2023-05-28,2023-06-03,2022,2022-23,35,TRUE
Region 6,202323,97,0,0,0,0,0,4,2,0,2023,23,2023-06-04,2023-06-10,2022,2022-23,36,TRUE
Region 6,202324,107,2,0,0,0,0,4,4,0,2023,24,2023-06-11,2023-06-17,2022,2022-23,37,TRUE
Region 6,202325,136,4,0,1,0,0,3,2,0,2023,25,2023-06-18,2023-06-24,2022,2022-23,38,TRUE
Region 6,202326,157,3,0,0,0,0,1,1,0,2023,26,2023-06-25,2023-07-01,2022,2022-23,39,TRUE
Region 6,202327,111,0,0,2,0,0,2,1,0,2023,27,2023-07-02,2023-07-08,2022,2022-23,40,TRUE
Region 6,202328,162,3,1,2,0,0,0,0,0,2023,28,2023-07-09,2023-07-15,2022,2022-23,41,TRUE
Region 6,202329,144,2,1,0,0,0,0,0,0,2023,29,2023-07-16,2023-07-22,2022,2022-23,42,TRUE
Region 6,202330,183,0,0,0,0,0,0,0,0,2023,30,2023-07-23,2023-07-29,2022,2022-23,43,TRUE
Region 6,202331,214,3,1,0,0,0,0,1,0,2023,31,2023-07-30,2023-08-05,2022,2022-23,44,TRUE
Region 6,202332,241,5,0,1,0,0,0,1,0,2023,32,2023-08-06,2023-08-12,2022,2022-23,45,TRUE
Region 6,202333,350,3,0,0,0,0,0,1,0,2023,33,2023-08-13,2023-08-19,2022,2022-23,46,TRUE
Region 6,202334,333,2,0,0,0,0,0,1,0,2023,34,2023-08-20,2023-08-26,2022,2022-23,47,TRUE
Region 6,202335,314,1,0,0,0,0,0,2,0,2023,35,2023-08-27,2023-09-02,2022,2022-23,48,TRUE
Region 6,202336,274,7,0,0,0,0,0,0,0,2023,36,2023-09-03,2023-09-09,2022,2022-23,49,TRUE
Region 6,202337,440,1,0,0,0,0,0,1,0,2023,37,2023-09-10,2023-09-16,2022,2022-23,50,TRUE
Region 6,202338,353,1,0,0,0,0,0,0,0,2023,38,2023-09-17,2023-09-23,2022,2022-23,51,TRUE
Region 6,202339,271,2,1,0,0,0,5,0,0,2023,39,2023-09-24,2023-09-30,2022,2022-23,52,TRUE
Region 6,202340,235,4,0,2,0,0,2,3,0,2023,40,2023-10-01,2023-10-07,2023,2023-24,1,TRUE
Region 6,202341,281,12,0,0,0,0,0,6,0,2023,41,2023-10-08,2023-10-14,2023,2023-24,2,TRUE
Region 6,202342,301,13,1,2,0,0,0,5,0,2023,42,2023-10-15,2023-10-21,2023,2023-24,3,TRUE
Region 6,202343,197,9,1,0,0,0,2,10,0,2023,43,2023-10-22,2023-10-28,2023,2023-24,4,TRUE
Region 6,202344,192,9,1,0,0,0,0,6,0,2023,44,2023-10-29,2023-11-04,2023,2023-24,5,TRUE
Region 6,202345,265,18,1,1,0,0,3,14,0,2023,45,2023-11-05,2023-11-11,2023,2023-24,6,TRUE
Region 6,202346,301,46,2,1,0,0,2,12,0,2023,46,2023-11-12,2023-11-18,2023,2023-24,7,TRUE
Region 6,202347,215,42,3,2,0,0,1,16,0,2023,47,2023-11-19,2023-11-25,2023,2023-24,8,TRUE
Region 6,202348,271,47,1,0,0,0,0,19,0,2023,48,2023-11-26,2023-12-02,2023,2023-24,9,TRUE
Region 6,202349,403,104,10,6,0,0,2,42,0,2023,49,2023-12-03,2023-12-09,2023,2023-24,10,TRUE
Region 6,202350,407,98,15,10,0,0,1,46,0,2023,50,2023-12-10,2023-12-16,2023,2023-24,11,TRUE
Region 6,202351,364,122,19,9,0,0,1,34,0,2023,51,2023-12-17,2023-12-23,2023,2023-24,12,TRUE
Region 6,202352,307,88,13,8,0,0,1,32,0,2023,52,2023-12-24,2023-12-30,2023,2023-24,13,TRUE
Region 6,202401,309,75,17,11,0,0,3,39,0,2024,1,2023-12-31,2024-01-06,2023,2023-24,14,TRUE
Region 6,202402,359,76,29,19,0,0,1,43,0,2024,2,2024-01-07,2024-01-13,2023,2023-24,15,TRUE
Region 6,202403,243,51,19,20,0,0,1,24,0,2024,3,2024-01-14,2024-01-20,2023,2023-24,16,TRUE
Region 6,202404,362,54,47,33,0,0,3,35,0,2024,4,2024-01-21,2024-01-27,2023,2023-24,17,TRUE
Region 6,202405,302,25,47,17,0,0,1,49,0,2024,5,2024-01-28,2024-02-03,2023,2023-24,18,TRUE
Region 6,202406,347,13,44,16,0,0,3,64,0,2024,6,2024-02-04,2024-02-10,2023,2023-24,19,TRUE
Region 6,202407,414,17,44,15,0,0,2,40,0,2024,7,2024-02-11,2024-02-17,2023,2023-24,20,TRUE
Region 6,202408,487,16,50,23,0,0,1,67,0,2024,8,2024-02-18,2024-02-24,2023,2023-24,21,TRUE
Region 6,202409,497,11,31,9,0,0,3,43,0,2024,9,2024-02-25,2024-03-02,2023,2023-24,22,TRUE
Region 6,202410,440,15,24,16,0,0,0,28,0,2024,10,2024-03-03,2024-03-09,2023,2023-24,23,TRUE
Region 6,202411,266,3,26,7,0,0,1,14,0,2024,11,2024-03-10,2024-03-16,2023,2023-24,24,TRUE
Region 6,202412,278,5,25,0,0,0,0,13,0,2024,12,2024-03-17,2024-03-23,2023,2023-24,25,TRUE
Region 6,202413,287,6,8,4,0,0,0,15,0,2024,13,2024-03-24,2024-03-30,2023,2023-24,26,TRUE
Region 6,202414,246,3,7,3,0,0,0,8,0,2024,14,2024-03-31,2024-04-06,2023,2023-24,27,TRUE
Region 6,202415,185,2,7,0,0,0,0,3,0,2024,15,2024-04-07,2024-04-13,2023,2023-24,28,TRUE
Region 6,202416,147,6,5,0,0,0,0,3,0,2024,16,2024-04-14,2024-04-20,2023,2023-24,29,TRUE
Region 6,202417,168,7,2,2,0,0,0,8,0,2024,17,2024-04-21,2024-04-27,2023,2023-24,30,TRUE
Region 6,202418,98,0,8,0,0,0,0,1,0,2024,18,2024-04-28,2024-05-04,2023,2023-24,31,TRUE
Region 6,202419,94,0,9,0,0,0,0,0,0,2024,19,2024-05-05,2024-05-11,2023,2023-24,32,TRUE
Region 6,202420,133,1,5,1,0,0,0,1,0,2024,20,2024-05-12,2024-05-18,2023,2023-24,33,TRUE
Region 6,202421,64,1,4,1,0,0,0,0,0,2024,21,2024-05-19,2024-05-25,2023,2023-24,34,TRUE
Region 6,202422,179,2,4,2,0,0,2,0,0,2024,22,2024-05-26,2024-06-01,2023,2023-24,35,TRUE
Region 6,202423,91,0,3,0,0,0,0,1,0,2024,23,2024-06-02,2024-06-08,2023,2023-24,36,TRUE
Region 6,202424,143,1,1,0,0,0,0,0,0,2024,24,2024-06-09,2024-06-15,2023,2023-24,37,TRUE
Region 6,202425,83,1,1,2,0,0,1,0,0,2024,25,2024-06-16,2024-06-22,2023,2023-24,38,TRUE
Region 6,202426,210,0,3,2,0,0,0,0,0,2024,26,2024-06-23,2024-06-29,2023,2023-24,39,TRUE
Region 6,202427,68,4,2,1,0,0,0,0,0,2024,27,2024-06-30,2024-07-06,2023,2023-24,40,TRUE
Region 6,202428,100,3,1,1,0,0,0,0,0,2024,28,2024-07-07,2024-07-13,2023,2023-24,41,TRUE
Region 6,202429,116,2,1,0,0,0,0,0,0,2024,29,2024-07-14,2024-07-20,2023,2023-24,42,TRUE
Region 6,202430,175,1,1,1,0,0,0,0,0,2024,30,2024-07-21,2024-07-27,2023,2023-24,43,TRUE
Region 6,202431,233,1,1,0,0,0,0,0,0,2024,31,2024-07-28,2024-08-03,2023,2023-24,44,TRUE
Region 6,202432,193,1,3,0,0,0,0,0,0,2024,32,2024-08-04,2024-08-10,2023,2023-24,45,TRUE
Region 6,202433,214,3,3,0,0,0,0,0,0,2024,33,2024-08-11,2024-08-17,2023,2023-24,46,TRUE
Region 6,202434,167,0,0,1,0,0,0,0,0,2024,34,2024-08-18,2024-08-24,2023,2023-24,47,TRUE
Region 6,202435,178,0,2,0,0,0,0,0,0,2024,35,2024-08-25,2024-08-31,2023,2023-24,48,TRUE
Region 6,202436,133,5,0,1,0,0,0,0,0,2024,36,2024-09-01,2024-09-07,2023,2023-24,49,TRUE
Region 6,202437,95,4,0,0,0,0,0,0,0,2024,37,2024-09-08,2024-09-14,2023,2023-24,50,TRUE
Region 6,202438,102,1,0,0,0,0,0,0,0,2024,38,2024-09-15,2024-09-21,2023,2023-24,51,TRUE
Region 6,202439,200,2,1,1,0,0,0,0,0,2024,39,2024-09-22,2024-09-28,2023,2023-24,52,TRUE
Region 6,202440,134,2,5,1,0,0,0,0,0,2024,40,2024-09-29,2024-10-05,2024,2024-25,1,TRUE
Region 6,202441,93,0,9,0,0,0,0,0,0,2024,41,2024-10-06,2024-10-12,2024,2024-25,2,TRUE
Region 6,202442,103,0,1,0,0,0,0,0,0,2024,42,2024-10-13,2024-10-19,2024,2024-25,3,TRUE
Region 6,202443,129,9,8,0,0,0,0,0,0,2024,43,2024-10-20,2024-10-26,2024,2024-25,4,TRUE
Region 6,202444,161,2,4,0,0,0,0,0,0,2024,44,2024-10-27,2024-11-02,2024,2024-25,5,TRUE
Region 6,202445,214,2,5,1,0,0,0,0,0,2024,45,2024-11-03,2024-11-09,2024,2024-25,6,TRUE
Region 6,202446,128,5,8,0,0,0,1,1,0,2024,46,2024-11-10,2024-11-16,2024,2024-25,7,TRUE
Region 6,202447,163,4,26,0,0,0,0,1,0,2024,47,2024-11-17,2024-11-23,2024,2024-25,8,TRUE
Region 6,202448,167,18,39,0,0,0,0,1,0,2024,48,2024-11-24,2024-11-30,2024,2024-25,9,TRUE
Region 6,202449,227,18,42,3,0,0,2,1,0,2024,49,2024-12-01,2024-12-07,2024,2024-25,10,TRUE
Region 6,202450,268,14,66,11,0,2,3,0,0,2024,50,2024-12-08,2024-12-14,2024,2024-25,11,TRUE
Region 6,202451,318,28,83,18,0,0,0,1,0,2024,51,2024-12-15,2024-12-21,2024,2024-25,12,TRUE
Region 6,202452,338,53,118,31,0,0,2,3,0,2024,52,2024-12-22,2024-12-28,2024,2024-25,13,TRUE
Region 6,202501,504,95,228,31,0,0,6,1,0,2025,1,2024-12-29,2025-01-04,2024,2024-25,14,TRUE
Region 6,202502,655,121,281,36,0,0,1,1,0,2025,2,2025-01-05,2025-01-11,2024,2024-25,15,TRUE
Region 6,202503,674,126,233,73,0,0,2,3,0,2025,3,2025-01-12,2025-01-18,2024,2024-25,16,TRUE
Region 6,202504,755,174,266,103,0,0,1,1,0,2025,4,2025-01-19,2025-01-25,2024,2024-25,17,TRUE
Region 6,202505,1206,286,361,248,0,0,2,1,0,2025,5,2025-01-26,2025-02-01,2024,2024-25,18,TRUE
Region 6,202506,926,213,244,202,0,0,3,1,0,2025,6,2025-02-02,2025-02-08,2024,2024-25,19,TRUE
Region 6,202507,719,148,208,110,0,0,3,2,0,2025,7,2025-02-09,2025-02-15,2024,2024-25,20,TRUE
Region 6,202508,515,111,92,78,0,0,1,2,0,2025,8,2025-02-16,2025-02-22,2024,2024-25,21,TRUE
Region 6,202509,529,119,89,72,0,0,12,3,0,2025,9,2025-02-23,2025-03-01,2024,2024-25,22,TRUE
Region 6,202510,388,99,60,40,0,0,9,1,0,2025,10,2025-03-02,2025-03-08,2024,2024-25,23,TRUE
Region 6,202511,284,81,36,34,0,0,1,3,0,2025,11,2025-03-09,2025-03-15,2024,2024-25,24,TRUE
Region 6,202512,277,60,29,26,0,0,3,3,0,2025,12,2025-03-16,2025-03-22,2024,2024-25,25,TRUE
Region 6,202513,250,49,11,19,0,0,2,6,0,2025,13,2025-03-23,2025-03-29,2024,2024-25,26,TRUE
Region 6,202514,180,22,5,12,0,0,4,3,0,2025,14,2025-03-30,2025-04-05,2024,2024-25,27,TRUE
Region 6,202515,130,12,2,3,0,0,1,0,0,2025,15,2025-04-06,2025-04-12,2024,2024-25,28,TRUE
Region 6,202516,112,7,0,3,0,0,4,2,0,2025,16,2025-04-13,2025-04-19,2024,2024-25,29,TRUE
Region 6,202517,109,10,1,1,0,0,3,1,0,2025,17,2025-04-20,2025-04-26,2024,2024-25,30,TRUE
Region 6,202518,76,4,0,0,0,0,1,2,0,2025,18,2025-04-27,2025-05-03,2024,2024-25,31,TRUE
Region 6,202519,83,5,2,0,0,0,1,1,0,2025,19,2025-05-04,2025-05-10,2024,2024-25,32,TRUE
Region 6,202520,57,4,0,1,0,0,1,0,0,2025,20,2025-05-11,2025-05-17,2024,2024-25,33,TRUE
Region 6,202521,51,3,0,0,0,0,0,0,0,2025,21,2025-05-18,2025-05-24,2024,2024-25,34,TRUE
Region 6,202522,68,5,0,0,0,0,0,3,0,2025,22,2025-05-25,2025-05-31,2024,2024-25,35,TRUE
Region 6,202523,50,1,0,1,0,0,0,1,0,2025,23,2025-06-01,2025-06-07,2024,2024-25,36,TRUE
Region 6,202524,41,0,0,0,0,0,2,0,0,2025,24,2025-06-08,2025-06-14,2024,2024-25,37,TRUE
Region 6,202525,32,1,0,1,0,0,0,0,0,2025,25,2025-06-15,2025-06-21,2024,2024-25,38,TRUE
Region 6,202526,39,1,0,1,0,0,2,0,0,2025,26,2025-06-22,2025-06-28,2024,2024-25,39,TRUE
Region 6,202527,40,1,1,0,0,0,0,1,0,2025,27,2025-06-29,2025-07-05,2024,2024-25,40,TRUE
Region 6,202528,32,0,2,0,0,0,0,0,0,2025,28,2025-07-06,2025-07-12,2024,2024-25,41,TRUE
Region 6,202529,63,1,0,0,0,0,1,0,0,2025,29,2025-07-13,2025-07-19,2024,2024-25,42,TRUE
Region 6,202530,28,0,1,0,0,0,0,0,0,2025,30,2025-07-20,2025-07-26,2024,2024-25,43,TRUE
Region 6,202531,48,0,0,0,0,0,0,0,0,2025,31,2025-07-27,2025-08-02,2024,2024-25,44,TRUE
Region 6,202532,65,0,0,0,0,0,1,0,0,2025,32,2025-08-03,2025-08-09,2024,2024-25,45,TRUE
Region 6,202533,58,1,0,0,0,0,0,0,0,2025,33,2025-08-10,2025-08-16,2024,2024-25,46,TRUE
Region 6,202534,87,1,0,0,0,0,0,0,0,2025,34,2025-08-17,2025-08-23,2024,2024-25,47,TRUE
Region 6,202535,51,5,1,0,0,0,1,0,0,2025,35,2025-08-24,2025-08-30,2024,2024-25,48,TRUE
Region 6,202536,66,0,0,0,0,0,0,0,0,2025,36,2025-08-31,2025-09-06,2024,2024-25,49,TRUE
Region 6,202537,76,0,0,0,0,0,0,0,0,2025,37,2025-09-07,2025-09-13,2024,2024-25,50,TRUE
Region 6,202538,40,0,1,0,0,0,1,0,0,2025,38,2025-09-14,2025-09-20,2024,2024-25,51,TRUE
Region 6,202539,71,1,0,0,0,0,0,0,0,2025,39,2025-09-21,2025-09-27,2024,2024-25,52,TRUE
Region 6,202540,55,0,0,1,0,0,0,0,0,2025,40,2025-09-28,2025-10-04,2025,2025-26,1,TRUE
Region 6,202541,66,1,0,0,0,0,0,0,0,2025,41,2025-10-05,2025-10-11,2025,2025-26,2,TRUE
Region 6,202542,95,1,2,1,0,0,1,0,0,2025,42,2025-10-12,2025-10-18,2025,2025-26,3,TRUE
Region 6,202543,73,1,0,0,0,0,0,0,0,2025,43,2025-10-19,2025-10-25,2025,2025-26,4,TRUE
Region 6,202544,87,3,0,1,0,0,0,0,0,2025,44,2025-10-26,2025-11-01,2025,2025-26,5,TRUE
Region 6,202545,123,4,9,1,0,0,0,2,0,2025,45,2025-11-02,2025-11-08,2025,2025-26,6,TRUE
Region 6,202546,95,4,13,2,0,0,1,2,0,2025,46,2025-11-09,2025-11-15,2025,2025-26,7,TRUE
Region 6,202547,124,6,15,1,0,0,12,2,0,2025,47,2025-11-16,2025-11-22,2025,2025-26,8,TRUE
Region 6,202548,103,4,37,1,0,0,2,4,0,2025,48,2025-11-23,2025-11-29,2025,2025-26,9,TRUE
Region 6,202549,197,7,62,0,0,0,1,4,0,2025,49,2025-11-30,2025-12-06,2025,2025-26,10,TRUE
Region 6,202550,304,26,148,4,0,0,3,4,0,2025,50,2025-12-07,2025-12-13,2025,2025-26,11,TRUE
Region 6,202551,274,12,157,5,0,0,1,3,0,2025,51,2025-12-14,2025-12-20,2025,2025-26,12,TRUE
Region 6,202552,305,12,191,15,0,0,5,9,0,2025,52,2025-12-21,2025-12-27,2025,2025-26,13,TRUE
Region 6,202553,368,18,250,11,0,0,5,4,0,2025,53,2025-12-28,2026-01-03,2025,2025-26,14,TRUE
Region 6,202601,339,12,152,2,0,0,12,9,0,2026,1,2026-01-04,2026-01-10,2025,2025-26,15,TRUE
Region 6,202602,255,19,126,3,0,0,2,4,0,2026,2,2026-01-11,2026-01-17,2025,2025-26,16,TRUE
Region 6,202603,316,16,157,27,0,0,10,11,0,2026,3,2026-01-18,2026-01-24,2025,2025-26,17,TRUE
Region 6,202604,264,29,126,2,0,0,7,16,0,2026,4,2026-01-25,2026-01-31,2025,2025-26,18,TRUE
Region 6,202605,358,30,139,13,0,0,9,32,0,2026,5,2026-02-01,2026-02-07,2025,2025-26,19,TRUE
Region 6,202606,376,21,152,18,0,0,15,29,0,2026,6,2026-02-08,2026-02-14,2025,2025-26,20,TRUE
Region 6,202607,331,30,94,18,0,0,20,52,0,2026,7,2026-02-15,2026-02-21,2025,2025-26,21,TRUE
Region 6,202608,265,21,71,13,0,0,20,55,0,2026,8,2026-02-22,2026-02-28,2025,2025-26,22,TRUE
Region 6,202609,274,16,53,8,0,0,18,60,0,2026,9,2026-03-01,2026-03-07,2025,2025-26,23,TRUE
Region 6,202610,190,11,27,5,0,0,9,46,0,2026,10,2026-03-08,2026-03-14,2025,2025-26,24,TRUE
Region 6,202611,128,7,15,3,0,0,11,30,0,2026,11,2026-03-15,2026-03-21,2025,2025-26,25,TRUE
Region 6,202612,144,11,11,1,0,0,17,32,0,2026,12,2026-03-22,2026-03-28,2025,2025-26,26,TRUE
Region 6,202613,71,1,4,0,0,0,9,18,0,2026,13,2026-03-29,2026-04-04,2025,2025-26,27,TRUE
Region 6,202614,91,3,5,0,0,0,6,20,0,2026,14,2026-04-05,2026-04-11,2025,2025-26,28,TRUE
Region 6,202615,71,1,2,1,0,0,3,7,0,2026,15,2026-04-12,2026-04-18,2025,2025-26,29,TRUE
Region 6,202616,60,2,0,0,0,0,0,4,0,2026,16,2026-04-19,2026-04-25,2025,2025-26,30,TRUE
Region 6,202617,47,0,0,0,0,0,0,3,0,2026,17,2026-04-26,2026-05-02,2025,2025-26,31,TRUE
Region 6,202618,55,1,1,0,0,0,0,3,0,2026,18,2026-05-03,2026-05-09,2025,2025-26,32,TRUE
Region 6,202619,57,1,1,0,0,0,1,3,0,2026,19,2026-05-10,2026-05-16,2025,2025-26,33,TRUE
Region 6,202620,39,0,0,0,0,0,1,1,0,2026,20,2026-05-17,2026-05-23,2025,2025-26,34,TRUE
Region 6,202621,35,0,0,0,0,0,0,4,0,2026,21,2026-05-24,2026-05-30,2025,2025-26,35,TRUE
Region 6,202622,50,0,14,0,0,0,0,0,0,2026,22,2026-05-31,2026-06-06,2025,2025-26,36,TRUE
Region 6,202623,54,0,13,1,0,0,1,0,0,2026,23,2026-06-07,2026-06-13,2025,2025-26,37,TRUE
Region 6,202624,120,1,97,0,0,0,0,0,0,2026,24,2026-06-14,2026-06-20,2025,2025-26,38,TRUE
Region 6,202625,37,0,3,0,0,0,0,0,0,2026,25,2026-06-21,2026-06-27,2025,2025-26,39,TRUE
Region 6,202626,29,1,1,1,0,0,0,0,0,2026,26,2026-06-28,2026-07-04,2025,2025-26,40,TRUE
Region 6,202627,36,0,0,1,0,0,1,0,0,2026,27,2026-07-05,2026-07-11,2025,2025-26,41,TRUE
Region 6,202628,39,0,0,0,0,0,1,0,0,2026,28,2026-07-12,2026-07-18,2025,2025-26,42,TRUE
Region 6,202629,41,0,0,0,0,0,0,0,0,2026,29,2026-07-19,2026-07-25,2025,2025-26,43,TRUE
Region 6,202630,48,0,0,0,0,0,0,0,0,2026,30,2026-07-26,2026-08-01,2025,2025-26,44,TRUE
Region 6,202631,48,0,0,0,0,0,0,0,0,2026,31,2026-08-02,2026-08-08,2025,2025-26,45,TRUE
Region 6,202632,49,1,0,0,0,0,0,0,0,2026,32,2026-08-09,2026-08-15,2025,2025-26,46,TRUE
Region 6,202633,66,1,0,0,0,0,1,1,0,2026,33,2026-08-16,2026-08-22,2025,2025-26,47,TRUE
Region 6,202634,58,2,0,0,0,0,1,0,0,2026,34,2026-08-23,2026-08-29,2025,2025-26,48,TRUE
Region 6,202635,77,4,0,0,0,0,0,0,0,2026,35,2026-08-30,2026-09-05,2025,2025-26,49,TRUE
Region 6,202636,52,2,0,0,0,0,0,0,0,2026,36,2026-09-06,2026-09-12,2025,2025-26,50,TRUE
Region 6,202637,63,5,0,2,0,0,1,0,0,2026,37,2026-09-13,2026-09-19,2025,2025-26,51,TRUE
Region 6,202638,48,5,1,0,0,0,0,0,0,2026,38,2026-09-20,2026-09-26,2025,2025-26,52,TRUE
Region 7,201940,55,3,2,0,0,0,0,0,0,2019,40,2019-09-29,2019-10-05,2019,2019-20,1,FALSE
Region 7,201941,63,3,2,0,0,0,0,0,0,2019,41,2019-10-06,2019-10-12,2019,2019-20,2,FALSE
Region 7,201942,53,2,2,0,0,0,0,2,0,2019,42,2019-10-13,2019-10-19,2019,2019-20,3,FALSE
Region 7,201943,75,5,4,0,0,0,0,2,0,2019,43,2019-10-20,2019-10-26,2019,2019-20,4,FALSE
Region 7,201944,63,6,0,0,0,0,0,0,0,2019,44,2019-10-27,2019-11-02,2019,2019-20,5,FALSE
Region 7,201945,75,14,1,1,0,0,0,3,1,2019,45,2019-11-03,2019-11-09,2019,2019-20,6,FALSE
Region 7,201946,82,14,2,0,0,0,1,7,1,2019,46,2019-11-10,2019-11-16,2019,2019-20,7,FALSE
Region 7,201947,116,13,2,0,0,0,1,5,0,2019,47,2019-11-17,2019-11-23,2019,2019-20,8,FALSE
Region 7,201948,90,19,4,0,0,0,0,16,0,2019,48,2019-11-24,2019-11-30,2019,2019-20,9,FALSE
Region 7,201949,150,25,2,0,0,0,3,24,0,2019,49,2019-12-01,2019-12-07,2019,2019-20,10,FALSE
Region 7,201950,156,28,4,0,0,0,1,44,1,2019,50,2019-12-08,2019-12-14,2019,2019-20,11,FALSE
Region 7,201951,216,72,4,2,0,0,2,51,1,2019,51,2019-12-15,2019-12-21,2019,2019-20,12,FALSE
Region 7,201952,207,48,4,1,0,0,2,95,0,2019,52,2019-12-22,2019-12-28,2019,2019-20,13,FALSE
Region 7,202001,186,29,2,1,0,0,7,82,0,2020,1,2019-12-29,2020-01-04,2019,2019-20,14,FALSE
Region 7,202002,160,30,3,0,0,0,3,49,0,2020,2,2020-01-05,2020-01-11,2019,2019-20,15,FALSE
Region 7,202003,137,24,4,1,0,0,11,39,0,2020,3,2020-01-12,2020-01-18,2019,2019-20,16,FALSE
Region 7,202004,174,34,4,1,0,0,12,56,1,2020,4,2020-01-19,2020-01-25,2019,2019-20,17,FALSE
Region 7,202005,169,47,2,0,0,0,4,50,0,2020,5,2020-01-26,2020-02-01,2019,2019-20,18,FALSE
Region 7,202006,156,37,4,2,0,0,9,37,0,2020,6,2020-02-02,2020-02-08,2019,2019-20,19,FALSE
Region 7,202007,191,66,5,1,0,0,11,37,1,2020,7,2020-02-09,2020-02-15,2019,2019-20,20,FALSE
Region 7,202008,192,79,2,2,0,0,7,43,0,2020,8,2020-02-16,2020-02-22,2019,2019-20,21,FALSE
Region 7,202009,168,74,2,3,0,0,9,19,0,2020,9,2020-02-23,2020-02-29,2019,2019-20,22,FALSE
Region 7,202010,126,53,3,1,0,0,3,19,0,2020,10,2020-03-01,2020-03-07,2019,2019-20,23,FALSE
Region 7,202011,127,44,1,2,0,0,3,12,0,2020,11,2020-03-08,2020-03-14,2019,2019-20,24,FALSE
Region 7,202012,98,18,1,2,0,0,1,3,0,2020,12,2020-03-15,2020-03-21,2019,2019-20,25,FALSE
Region 7,202013,80,2,0,1,0,0,0,0,0,2020,13,2020-03-22,2020-03-28,2019,2019-20,26,FALSE
Region 7,202014,46,0,0,0,0,0,0,0,0,2020,14,2020-03-29,2020-04-04,2019,2019-20,27,FALSE
Region 7,202015,29,0,0,0,0,0,0,0,0,2020,15,2020-04-05,2020-04-11,2019,2019-20,28,FALSE
Region 7,202016,27,1,0,0,0,0,0,0,0,2020,16,2020-04-12,2020-04-18,2019,2019-20,29,FALSE
Region 7,202017,20,0,0,0,0,0,0,0,0,2020,17,2020-04-19,2020-04-25,2019,2019-20,30,FALSE
Region 7,202018,5,0,0,0,0,0,0,0,0,2020,18,2020-04-26,2020-05-02,2019,2019-20,31,FALSE
Region 7,202019,4,0,0,0,0,0,0,0,0,2020,19,2020-05-03,2020-05-09,2019,2019-20,32,FALSE
Region 7,202020,19,0,0,0,0,0,0,0,0,2020,20,2020-05-10,2020-05-16,2019,2019-20,33,FALSE
Region 7,202021,34,0,0,0,0,0,0,0,0,2020,21,2020-05-17,2020-05-23,2019,2019-20,34,FALSE
Region 7,202022,11,1,0,0,0,0,0,0,0,2020,22,2020-05-24,2020-05-30,2019,2019-20,35,FALSE
Region 7,202023,11,0,0,0,0,0,0,0,0,2020,23,2020-05-31,2020-06-06,2019,2019-20,36,FALSE
Region 7,202024,16,0,0,0,0,0,0,0,0,2020,24,2020-06-07,2020-06-13,2019,2019-20,37,FALSE
Region 7,202025,4,0,0,0,0,0,0,0,0,2020,25,2020-06-14,2020-06-20,2019,2019-20,38,FALSE
Region 7,202026,0,0,0,0,0,0,0,0,0,2020,26,2020-06-21,2020-06-27,2019,2019-20,39,FALSE
Region 7,202027,0,0,0,0,0,0,0,0,0,2020,27,2020-06-28,2020-07-04,2019,2019-20,40,FALSE
Region 7,202028,0,0,0,0,0,0,0,0,0,2020,28,2020-07-05,2020-07-11,2019,2019-20,41,FALSE
Region 7,202029,1,0,0,0,0,0,0,0,0,2020,29,2020-07-12,2020-07-18,2019,2019-20,42,FALSE
Region 7,202030,1,0,0,0,0,0,0,0,0,2020,30,2020-07-19,2020-07-25,2019,2019-20,43,FALSE
Region 7,202031,0,0,0,0,0,0,0,0,0,2020,31,2020-07-26,2020-08-01,2019,2019-20,44,FALSE
Region 7,202032,0,0,0,0,0,0,0,0,0,2020,32,2020-08-02,2020-08-08,2019,2019-20,45,FALSE
Region 7,202033,2,0,0,0,0,0,0,0,0,2020,33,2020-08-09,2020-08-15,2019,2019-20,46,FALSE
Region 7,202034,5,0,0,0,0,0,0,0,0,2020,34,2020-08-16,2020-08-22,2019,2019-20,47,FALSE
Region 7,202035,9,0,0,0,0,0,0,0,0,2020,35,2020-08-23,2020-08-29,2019,2019-20,48,FALSE
Region 7,202036,10,0,0,0,0,0,0,0,0,2020,36,2020-08-30,2020-09-05,2019,2019-20,49,FALSE
Region 7,202037,3,0,1,0,0,0,0,0,0,2020,37,2020-09-06,2020-09-12,2019,2019-20,50,FALSE
Region 7,202038,5,0,0,1,0,0,0,0,0,2020,38,2020-09-13,2020-09-19,2019,2019-20,51,FALSE
Region 7,202039,8,0,0,1,0,0,0,0,0,2020,39,2020-09-20,2020-09-26,2019,2019-20,52,FALSE
Region 7,202040,20,0,0,1,0,0,0,0,0,2020,40,2020-09-27,2020-10-03,2020,2020-21,1,FALSE
Region 7,202041,62,2,2,0,0,0,3,0,0,2020,41,2020-10-04,2020-10-10,2020,2020-21,2,FALSE
Region 7,202042,59,0,0,0,0,0,0,0,0,2020,42,2020-10-11,2020-10-17,2020,2020-21,3,FALSE
Region 7,202043,70,1,0,0,0,0,1,0,0,2020,43,2020-10-18,2020-10-24,2020,2020-21,4,FALSE
Region 7,202044,84,0,0,0,0,0,0,0,0,2020,44,2020-10-25,2020-10-31,2020,2020-21,5,FALSE
Region 7,202045,106,0,0,0,0,0,0,0,0,2020,45,2020-11-01,2020-11-07,2020,2020-21,6,FALSE
Region 7,202046,147,1,1,0,0,0,1,0,0,2020,46,2020-11-08,2020-11-14,2020,2020-21,7,FALSE
Region 7,202047,124,0,0,0,0,0,0,0,0,2020,47,2020-11-15,2020-11-21,2020,2020-21,8,FALSE
Region 7,202048,76,1,0,0,0,0,0,0,0,2020,48,2020-11-22,2020-11-28,2020,2020-21,9,FALSE
Region 7,202049,2402,0,0,0,0,0,0,0,0,2020,49,2020-11-29,2020-12-05,2020,2020-21,10,FALSE
Region 7,202050,2056,0,1,2,0,0,1,0,0,2020,50,2020-12-06,2020-12-12,2020,2020-21,11,FALSE
Region 7,202051,2366,0,0,0,0,0,1,0,0,2020,51,2020-12-13,2020-12-19,2020,2020-21,12,FALSE
Region 7,202052,4175,0,0,0,0,0,0,0,0,2020,52,2020-12-20,2020-12-26,2020,2020-21,13,FALSE
Region 7,202053,3290,0,0,0,0,0,0,0,0,2020,53,2020-12-27,2021-01-02,2020,2020-21,14,FALSE
Region 7,202101,4331,0,0,1,0,0,0,0,0,2021,1,2021-01-03,2021-01-09,2020,2020-21,15,FALSE
Region 7,202102,4168,0,0,0,0,0,0,0,0,2021,2,2021-01-10,2021-01-16,2020,2020-21,16,FALSE
Region 7,202103,3257,0,0,1,0,0,0,0,0,2021,3,2021-01-17,2021-01-23,2020,2020-21,17,FALSE
Region 7,202104,2343,0,0,0,0,0,0,0,0,2021,4,2021-01-24,2021-01-30,2020,2020-21,18,FALSE
Region 7,202105,2679,0,0,0,0,0,0,0,0,2021,5,2021-01-31,2021-02-06,2020,2020-21,19,FALSE
Region 7,202106,2498,0,0,1,0,0,0,0,0,2021,6,2021-02-07,2021-02-13,2020,2020-21,20,FALSE
Region 7,202107,1980,0,0,0,0,0,0,0,0,2021,7,2021-02-14,2021-02-20,2020,2020-21,21,FALSE
Region 7,202108,2161,0,0,1,0,0,0,0,0,2021,8,2021-02-21,2021-02-27,2020,2020-21,22,FALSE
Region 7,202109,2186,0,0,0,0,0,0,0,0,2021,9,2021-02-28,2021-03-06,2020,2020-21,23,FALSE
Region 7,202110,2506,1,0,0,0,0,1,0,0,2021,10,2021-03-07,2021-03-13,2020,2020-21,24,FALSE
Region 7,202111,1190,0,0,0,0,0,0,0,0,2021,11,2021-03-14,2021-03-20,2020,2020-21,25,FALSE
Region 7,202112,1743,0,0,0,0,0,0,0,0,2021,12,2021-03-21,2021-03-27,2020,2020-21,26,FALSE
Region 7,202113,1799,0,0,0,0,0,0,0,0,2021,13,2021-03-28,2021-04-03,2020,2020-21,27,FALSE
Region 7,202114,1638,1,0,0,0,0,0,0,0,2021,14,2021-04-04,2021-04-10,2020,2020-21,28,FALSE
Region 7,202115,1829,0,0,0,0,0,0,0,0,2021,15,2021-04-11,2021-04-17,2020,2020-21,29,FALSE
Region 7,202116,1456,0,0,0,0,0,0,0,0,2021,16,2021-04-18,2021-04-24,2020,2020-21,30,FALSE
Region 7,202117,1691,0,0,0,0,0,0,0,0,2021,17,2021-04-25,2021-05-01,2020,2020-21,31,FALSE
Region 7,202118,1254,0,0,0,0,0,0,0,0,2021,18,2021-05-02,2021-05-08,2020,2020-21,32,FALSE
Region 7,202119,909,0,0,0,0,0,0,0,0,2021,19,2021-05-09,2021-05-15,2020,2020-21,33,FALSE
Region 7,202120,880,0,0,0,0,0,0,0,0,2021,20,2021-05-16,2021-05-22,2020,2020-21,34,FALSE
Region 7,202121,808,0,0,0,0,0,0,0,0,2021,21,2021-05-23,2021-05-29,2020,2020-21,35,FALSE
Region 7,202122,619,0,0,0,0,0,0,0,0,2021,22,2021-05-30,2021-06-05,2020,2020-21,36,FALSE
Region 7,202123,675,0,0,0,0,0,0,0,0,2021,23,2021-06-06,2021-06-12,2020,2020-21,37,FALSE
Region 7,202124,586,0,0,0,0,0,0,0,0,2021,24,2021-06-13,2021-06-19,2020,2020-21,38,FALSE
Region 7,202125,542,0,0,0,0,0,0,0,0,2021,25,2021-06-20,2021-06-26,2020,2020-21,39,FALSE
Region 7,202126,627,0,0,0,0,0,0,0,0,2021,26,2021-06-27,2021-07-03,2020,2020-21,40,FALSE
Region 7,202127,652,0,0,0,0,0,0,0,0,2021,27,2021-07-04,2021-07-10,2020,2020-21,41,FALSE
Region 7,202128,997,0,0,0,0,0,0,0,0,2021,28,2021-07-11,2021-07-17,2020,2020-21,42,FALSE
Region 7,202129,1514,0,0,0,0,0,0,0,0,2021,29,2021-07-18,2021-07-24,2020,2020-21,43,FALSE
Region 7,202130,1708,0,0,0,0,0,0,0,0,2021,30,2021-07-25,2021-07-31,2020,2020-21,44,FALSE
Region 7,202131,2018,0,0,0,0,0,0,0,0,2021,31,2021-08-01,2021-08-07,2020,2020-21,45,FALSE
Region 7,202132,2228,0,0,0,1,0,0,0,0,2021,32,2021-08-08,2021-08-14,2020,2020-21,46,FALSE
Region 7,202133,2594,0,1,0,0,0,0,0,0,2021,33,2021-08-15,2021-08-21,2020,2020-21,47,FALSE
Region 7,202134,3219,0,0,1,0,0,0,0,0,2021,34,2021-08-22,2021-08-28,2020,2020-21,48,FALSE
Region 7,202135,3166,0,0,0,0,0,0,0,0,2021,35,2021-08-29,2021-09-04,2020,2020-21,49,FALSE
Region 7,202136,2716,0,0,0,0,0,0,0,0,2021,36,2021-09-05,2021-09-11,2020,2020-21,50,FALSE
Region 7,202137,2656,0,0,0,0,0,0,0,0,2021,37,2021-09-12,2021-09-18,2020,2020-21,51,FALSE
Region 7,202138,2315,2,0,0,0,0,0,0,0,2021,38,2021-09-19,2021-09-25,2020,2020-21,52,FALSE
Region 7,202139,2298,0,0,0,0,0,0,0,0,2021,39,2021-09-26,2021-10-02,2020,2020-21,53,FALSE
Region 7,202140,2028,0,2,0,0,0,0,0,0,2021,40,2021-10-03,2021-10-09,2021,2021-22,1,FALSE
Region 7,202141,1900,0,0,0,0,0,0,0,0,2021,41,2021-10-10,2021-10-16,2021,2021-22,2,FALSE
Region 7,202142,2053,0,0,0,0,0,0,0,0,2021,42,2021-10-17,2021-10-23,2021,2021-22,3,FALSE
Region 7,202143,2508,0,1,0,0,0,0,0,0,2021,43,2021-10-24,2021-10-30,2021,2021-22,4,FALSE
Region 7,202144,2022,0,0,0,0,0,0,0,0,2021,44,2021-10-31,2021-11-06,2021,2021-22,5,FALSE
Region 7,202145,2132,0,8,0,0,0,0,0,0,2021,45,2021-11-07,2021-11-13,2021,2021-22,6,FALSE
Region 7,202146,2259,0,13,1,0,0,0,0,0,2021,46,2021-11-14,2021-11-20,2021,2021-22,7,FALSE
Region 7,202147,1319,1,5,2,0,0,0,0,0,2021,47,2021-11-21,2021-11-27,2021,2021-22,8,FALSE
Region 7,202148,3050,0,35,9,0,0,0,0,0,2021,48,2021-11-28,2021-12-04,2021,2021-22,9,FALSE
Region 7,202149,2865,0,28,14,0,0,0,0,0,2021,49,2021-12-05,2021-12-11,2021,2021-22,10,FALSE
Region 7,202150,3248,0,65,36,0,0,0,0,0,2021,50,2021-12-12,2021-12-18,2021,2021-22,11,FALSE
Region 7,202151,3123,0,60,40,0,0,0,0,0,2021,51,2021-12-19,2021-12-25,2021,2021-22,12,FALSE
Region 7,202152,4239,0,55,102,0,0,0,0,0,2021,52,2021-12-26,2022-01-01,2021,2021-22,13,FALSE
Region 7,202201,6692,0,37,110,0,0,0,0,0,2022,1,2022-01-02,2022-01-08,2021,2021-22,14,FALSE
Region 7,202202,7870,0,17,157,0,0,1,0,0,2022,2,2022-01-09,2022-01-15,2021,2021-22,15,FALSE
Region 7,202203,5699,0,55,60,0,0,0,0,0,2022,3,2022-01-16,2022-01-22,2021,2021-22,16,FALSE
Region 7,202204,4812,0,29,89,0,0,0,0,0,2022,4,2022-01-23,2022-01-29,2021,2021-22,17,FALSE
Region 7,202205,2354,0,32,38,0,0,0,0,0,2022,5,2022-01-30,2022-02-05,2021,2021-22,18,FALSE
Region 7,202206,1919,0,34,55,0,0,0,0,0,2022,6,2022-02-06,2022-02-12,2021,2021-22,19,FALSE
Region 7,202207,1333,0,21,43,0,0,0,0,0,2022,7,2022-02-13,2022-02-19,2021,2021-22,20,FALSE
Region 7,202208,1018,0,23,23,0,0,1,0,0,2022,8,2022-02-20,2022-02-26,2021,2021-22,21,FALSE
Region 7,202209,683,0,38,19,0,0,0,0,0,2022,9,2022-02-27,2022-03-05,2021,2021-22,22,FALSE
Region 7,202210,515,0,26,16,0,0,0,0,0,2022,10,2022-03-06,2022-03-12,2021,2021-22,23,FALSE
Region 7,202211,449,1,21,13,0,0,0,0,0,2022,11,2022-03-13,2022-03-19,2021,2021-22,24,FALSE
Region 7,202212,442,0,26,18,0,0,0,0,0,2022,12,2022-03-20,2022-03-26,2021,2021-22,25,FALSE
Region 7,202213,396,0,32,19,0,0,1,0,0,2022,13,2022-03-27,2022-04-02,2021,2021-22,26,FALSE
Region 7,202214,431,0,22,10,0,0,1,1,0,2022,14,2022-04-03,2022-04-09,2021,2021-22,27,FALSE
Region 7,202215,377,0,11,6,0,0,0,0,0,2022,15,2022-04-10,2022-04-16,2021,2021-22,28,FALSE
Region 7,202216,412,0,21,19,0,0,1,0,0,2022,16,2022-04-17,2022-04-23,2021,2021-22,29,FALSE
Region 7,202217,369,0,9,8,0,0,0,0,0,2022,17,2022-04-24,2022-04-30,2021,2021-22,30,FALSE
Region 7,202218,348,0,3,2,0,0,0,0,0,2022,18,2022-05-01,2022-05-07,2021,2021-22,31,FALSE
Region 7,202219,376,0,3,3,0,0,0,0,0,2022,19,2022-05-08,2022-05-14,2021,2021-22,32,FALSE
Region 7,202220,441,0,7,4,0,0,0,0,0,2022,20,2022-05-15,2022-05-21,2021,2021-22,33,FALSE
Region 7,202221,299,0,1,0,0,0,0,0,0,2022,21,2022-05-22,2022-05-28,2021,2021-22,34,FALSE
Region 7,202222,414,0,1,0,0,0,0,0,0,2022,22,2022-05-29,2022-06-04,2021,2021-22,35,FALSE
Region 7,202223,348,0,1,0,0,0,0,0,0,2022,23,2022-06-05,2022-06-11,2021,2021-22,36,FALSE
Region 7,202224,382,0,1,0,0,0,0,0,0,2022,24,2022-06-12,2022-06-18,2021,2021-22,37,FALSE
Region 7,202225,488,0,1,2,0,0,0,0,0,2022,25,2022-06-19,2022-06-25,2021,2021-22,38,FALSE
Region 7,202226,427,0,0,0,0,0,0,0,0,2022,26,2022-06-26,2022-07-02,2021,2021-22,39,FALSE
Region 7,202227,348,0,0,0,0,0,0,0,0,2022,27,2022-07-03,2022-07-09,2021,2021-22,40,FALSE
Region 7,202228,455,0,0,0,0,0,0,0,0,2022,28,2022-07-10,2022-07-16,2021,2021-22,41,FALSE
Region 7,202229,542,0,1,1,0,0,0,0,0,2022,29,2022-07-17,2022-07-23,2021,2021-22,42,FALSE
Region 7,202230,519,0,0,0,0,0,0,0,0,2022,30,2022-07-24,2022-07-30,2021,2021-22,43,FALSE
Region 7,202231,440,0,0,0,0,0,0,0,0,2022,31,2022-07-31,2022-08-06,2021,2021-22,44,FALSE
Region 7,202232,428,0,0,0,0,0,0,0,0,2022,32,2022-08-07,2022-08-13,2021,2021-22,45,FALSE
Region 7,202233,309,0,1,1,0,0,0,0,0,2022,33,2022-08-14,2022-08-20,2021,2021-22,46,FALSE
Region 7,202234,357,0,0,0,0,0,0,0,0,2022,34,2022-08-21,2022-08-27,2021,2021-22,47,FALSE
Region 7,202235,398,0,0,0,0,0,0,0,0,2022,35,2022-08-28,2022-09-03,2021,2021-22,48,FALSE
Region 7,202236,354,0,1,0,0,0,0,0,0,2022,36,2022-09-04,2022-09-10,2021,2021-22,49,FALSE
Region 7,202237,256,0,0,0,0,0,0,0,0,2022,37,2022-09-11,2022-09-17,2021,2021-22,50,FALSE
Region 7,202238,237,0,2,1,0,0,0,0,0,2022,38,2022-09-18,2022-09-24,2021,2021-22,51,FALSE
Region 7,202239,219,1,2,0,0,0,0,0,0,2022,39,2022-09-25,2022-10-01,2021,2021-22,52,FALSE
Region 7,202240,185,0,1,1,0,0,0,0,0,2022,40,2022-10-02,2022-10-08,2022,2022-23,1,TRUE
Region 7,202241,175,2,5,1,0,0,0,0,0,2022,41,2022-10-09,2022-10-15,2022,2022-23,2,TRUE
Region 7,202242,237,1,14,4,0,0,2,0,0,2022,42,2022-10-16,2022-10-22,2022,2022-23,3,TRUE
Region 7,202243,238,3,28,7,0,0,0,0,0,2022,43,2022-10-23,2022-10-29,2022,2022-23,4,TRUE
Region 7,202244,272,9,26,8,0,0,0,0,0,2022,44,2022-10-30,2022-11-05,2022,2022-23,5,TRUE
Region 7,202245,255,13,29,7,0,0,0,0,0,2022,45,2022-11-06,2022-11-12,2022,2022-23,6,TRUE
Region 7,202246,344,20,53,22,0,0,0,0,0,2022,46,2022-11-13,2022-11-19,2022,2022-23,7,TRUE
Region 7,202247,291,15,76,22,0,0,0,0,0,2022,47,2022-11-20,2022-11-26,2022,2022-23,8,TRUE
Region 7,202248,520,41,106,46,0,0,0,0,0,2022,48,2022-11-27,2022-12-03,2022,2022-23,9,TRUE
Region 7,202249,392,26,66,30,0,0,1,1,0,2022,49,2022-12-04,2022-12-10,2022,2022-23,10,TRUE
Region 7,202250,422,20,57,43,0,0,0,0,0,2022,50,2022-12-11,2022-12-17,2022,2022-23,11,TRUE
Region 7,202251,244,21,26,36,0,0,1,1,0,2022,51,2022-12-18,2022-12-24,2022,2022-23,12,TRUE
Region 7,202252,259,22,23,30,0,0,0,1,0,2022,52,2022-12-25,2022-12-31,2022,2022-23,13,TRUE
Region 7,202301,206,12,20,17,0,0,0,1,0,2023,1,2023-01-01,2023-01-07,2022,2022-23,14,TRUE
Region 7,202302,190,14,14,6,0,0,0,3,0,2023,2,2023-01-08,2023-01-14,2022,2022-23,15,TRUE
Region 7,202303,126,9,13,3,0,0,1,1,0,2023,3,2023-01-15,2023-01-21,2022,2022-23,16,TRUE
Region 7,202304,152,3,11,0,0,0,0,2,0,2023,4,2023-01-22,2023-01-28,2022,2022-23,17,TRUE
Region 7,202305,143,6,6,1,0,0,0,2,0,2023,5,2023-01-29,2023-02-04,2022,2022-23,18,TRUE
Region 7,202306,148,2,1,0,0,0,0,3,0,2023,6,2023-02-05,2023-02-11,2022,2022-23,19,TRUE
Region 7,202307,133,1,0,0,0,0,0,1,0,2023,7,2023-02-12,2023-02-18,2022,2022-23,20,TRUE
Region 7,202308,137,3,0,1,0,0,1,2,0,2023,8,2023-02-19,2023-02-25,2022,2022-23,21,TRUE
Region 7,202309,187,5,3,1,0,0,1,1,0,2023,9,2023-02-26,2023-03-04,2022,2022-23,22,TRUE
Region 7,202310,140,0,4,0,0,0,0,4,0,2023,10,2023-03-05,2023-03-11,2022,2022-23,23,TRUE
Region 7,202311,97,1,0,0,0,0,0,3,0,2023,11,2023-03-12,2023-03-18,2022,2022-23,24,TRUE
Region 7,202312,136,0,1,0,0,0,1,3,0,2023,12,2023-03-19,2023-03-25,2022,2022-23,25,TRUE
Region 7,202313,88,2,0,1,0,0,0,3,0,2023,13,2023-03-26,2023-04-01,2022,2022-23,26,TRUE
Region 7,202314,86,0,0,0,0,0,0,2,0,2023,14,2023-04-02,2023-04-08,2022,2022-23,27,TRUE
Region 7,202315,56,0,2,1,0,0,0,2,0,2023,15,2023-04-09,2023-04-15,2022,2022-23,28,TRUE
Region 7,202316,57,1,0,0,0,0,0,1,0,2023,16,2023-04-16,2023-04-22,2022,2022-23,29,TRUE
Region 7,202317,52,1,0,0,0,0,1,1,0,2023,17,2023-04-23,2023-04-29,2022,2022-23,30,TRUE
Region 7,202318,42,1,0,0,0,0,0,2,0,2023,18,2023-04-30,2023-05-06,2022,2022-23,31,TRUE
Region 7,202319,41,1,0,0,0,0,2,2,0,2023,19,2023-05-07,2023-05-13,2022,2022-23,32,TRUE
Region 7,202320,29,1,0,0,0,0,0,2,0,2023,20,2023-05-14,2023-05-20,2022,2022-23,33,TRUE
Region 7,202321,26,1,0,1,0,0,1,2,0,2023,21,2023-05-21,2023-05-27,2022,2022-23,34,TRUE
Region 7,202322,33,1,0,1,0,0,0,3,0,2023,22,2023-05-28,2023-06-03,2022,2022-23,35,TRUE
Region 7,202323,25,1,1,0,0,0,0,10,0,2023,23,2023-06-04,2023-06-10,2022,2022-23,36,TRUE
Region 7,202324,25,7,0,0,0,0,0,4,0,2023,24,2023-06-11,2023-06-17,2022,2022-23,37,TRUE
Region 7,202325,31,6,0,0,0,0,0,8,0,2023,25,2023-06-18,2023-06-24,2022,2022-23,38,TRUE
Region 7,202326,33,1,0,0,0,0,0,17,0,2023,26,2023-06-25,2023-07-01,2022,2022-23,39,TRUE
Region 7,202327,26,6,0,0,0,0,1,12,0,2023,27,2023-07-02,2023-07-08,2022,2022-23,40,TRUE
Region 7,202328,19,1,0,0,0,0,0,1,0,2023,28,2023-07-09,2023-07-15,2022,2022-23,41,TRUE
Region 7,202329,20,1,0,0,0,0,0,2,0,2023,29,2023-07-16,2023-07-22,2022,2022-23,42,TRUE
Region 7,202330,21,1,0,0,0,0,0,1,0,2023,30,2023-07-23,2023-07-29,2022,2022-23,43,TRUE
Region 7,202331,32,3,0,0,0,0,0,3,0,2023,31,2023-07-30,2023-08-05,2022,2022-23,44,TRUE
Region 7,202332,23,2,0,0,0,0,0,5,0,2023,32,2023-08-06,2023-08-12,2022,2022-23,45,TRUE
Region 7,202333,33,1,0,0,0,0,0,4,0,2023,33,2023-08-13,2023-08-19,2022,2022-23,46,TRUE
Region 7,202334,50,2,0,0,0,0,0,6,0,2023,34,2023-08-20,2023-08-26,2022,2022-23,47,TRUE
Region 7,202335,53,3,1,0,0,0,0,1,0,2023,35,2023-08-27,2023-09-02,2022,2022-23,48,TRUE
Region 7,202336,62,0,0,0,0,0,0,2,0,2023,36,2023-09-03,2023-09-09,2022,2022-23,49,TRUE
Region 7,202337,34,0,0,0,0,0,0,2,0,2023,37,2023-09-10,2023-09-16,2022,2022-23,50,TRUE
Region 7,202338,35,2,0,0,0,0,0,1,0,2023,38,2023-09-17,2023-09-23,2022,2022-23,51,TRUE
Region 7,202339,50,2,0,0,0,0,0,1,0,2023,39,2023-09-24,2023-09-30,2022,2022-23,52,TRUE
Region 7,202340,39,2,0,0,0,0,0,2,0,2023,40,2023-10-01,2023-10-07,2023,2023-24,1,TRUE
Region 7,202341,48,11,1,1,0,0,0,1,0,2023,41,2023-10-08,2023-10-14,2023,2023-24,2,TRUE
Region 7,202342,55,8,1,0,0,0,0,1,0,2023,42,2023-10-15,2023-10-21,2023,2023-24,3,TRUE
Region 7,202343,46,9,1,0,0,0,1,0,0,2023,43,2023-10-22,2023-10-28,2023,2023-24,4,TRUE
Region 7,202344,65,10,3,3,0,0,0,2,0,2023,44,2023-10-29,2023-11-04,2023,2023-24,5,TRUE
Region 7,202345,73,15,5,1,0,0,0,6,0,2023,45,2023-11-05,2023-11-11,2023,2023-24,6,TRUE
Region 7,202346,74,15,8,1,0,0,0,6,0,2023,46,2023-11-12,2023-11-18,2023,2023-24,7,TRUE
Region 7,202347,80,23,11,4,0,0,0,8,0,2023,47,2023-11-19,2023-11-25,2023,2023-24,8,TRUE
Region 7,202348,71,12,8,2,0,0,1,11,0,2023,48,2023-11-26,2023-12-02,2023,2023-24,9,TRUE
Region 7,202349,128,29,9,11,0,0,5,15,0,2023,49,2023-12-03,2023-12-09,2023,2023-24,10,TRUE
Region 7,202350,121,25,19,2,0,0,1,14,0,2023,50,2023-12-10,2023-12-16,2023,2023-24,11,TRUE
Region 7,202351,136,34,22,0,0,0,0,16,0,2023,51,2023-12-17,2023-12-23,2023,2023-24,12,TRUE
Region 7,202352,117,29,17,3,0,0,0,13,0,2023,52,2023-12-24,2023-12-30,2023,2023-24,13,TRUE
Region 7,202401,103,33,13,2,0,0,1,13,0,2024,1,2023-12-31,2024-01-06,2023,2023-24,14,TRUE
Region 7,202402,103,22,16,3,0,0,4,18,0,2024,2,2024-01-07,2024-01-13,2023,2023-24,15,TRUE
Region 7,202403,56,18,11,2,0,0,1,9,0,2024,3,2024-01-14,2024-01-20,2023,2023-24,16,TRUE
Region 7,202404,93,20,21,5,0,0,3,11,0,2024,4,2024-01-21,2024-01-27,2023,2023-24,17,TRUE
Region 7,202405,113,29,16,4,0,0,2,18,0,2024,5,2024-01-28,2024-02-03,2023,2023-24,18,TRUE
Region 7,202406,131,31,14,3,0,0,7,31,0,2024,6,2024-02-04,2024-02-10,2023,2023-24,19,TRUE
Region 7,202407,92,17,18,4,0,0,1,28,0,2024,7,2024-02-11,2024-02-17,2023,2023-24,20,TRUE
Region 7,202408,120,31,11,3,0,0,1,41,0,2024,8,2024-02-18,2024-02-24,2023,2023-24,21,TRUE
Region 7,202409,81,23,16,4,0,0,1,21,0,2024,9,2024-02-25,2024-03-02,2023,2023-24,22,TRUE
Region 7,202410,74,19,12,0,0,0,0,22,0,2024,10,2024-03-03,2024-03-09,2023,2023-24,23,TRUE
Region 7,202411,67,13,9,2,0,0,0,22,0,2024,11,2024-03-10,2024-03-16,2023,2023-24,24,TRUE
Region 7,202412,49,6,11,1,0,0,0,14,0,2024,12,2024-03-17,2024-03-23,2023,2023-24,25,TRUE
Region 7,202413,44,7,8,1,0,0,1,14,0,2024,13,2024-03-24,2024-03-30,2023,2023-24,26,TRUE
Region 7,202414,38,9,5,1,0,0,1,9,0,2024,14,2024-03-31,2024-04-06,2023,2023-24,27,TRUE
Region 7,202415,42,7,7,1,0,0,2,9,0,2024,15,2024-04-07,2024-04-13,2023,2023-24,28,TRUE
Region 7,202416,24,2,6,2,0,0,0,3,0,2024,16,2024-04-14,2024-04-20,2023,2023-24,29,TRUE
Region 7,202417,24,1,8,2,0,0,0,3,0,2024,17,2024-04-21,2024-04-27,2023,2023-24,30,TRUE
Region 7,202418,17,0,5,0,0,0,0,3,0,2024,18,2024-04-28,2024-05-04,2023,2023-24,31,TRUE
Region 7,202419,25,2,1,1,0,0,0,3,0,2024,19,2024-05-05,2024-05-11,2023,2023-24,32,TRUE
Region 7,202420,21,2,5,0,0,0,0,1,0,2024,20,2024-05-12,2024-05-18,2023,2023-24,33,TRUE
Region 7,202421,18,1,5,0,0,0,0,0,0,2024,21,2024-05-19,2024-05-25,2023,2023-24,34,TRUE
Region 7,202422,16,4,2,0,0,0,0,1,0,2024,22,2024-05-26,2024-06-01,2023,2023-24,35,TRUE
Region 7,202423,6,0,2,1,0,0,0,0,0,2024,23,2024-06-02,2024-06-08,2023,2023-24,36,TRUE
Region 7,202424,14,1,1,1,0,0,0,0,0,2024,24,2024-06-09,2024-06-15,2023,2023-24,37,TRUE
Region 7,202425,27,4,2,0,0,0,0,3,0,2024,25,2024-06-16,2024-06-22,2023,2023-24,38,TRUE
Region 7,202426,19,3,1,0,0,0,0,0,0,2024,26,2024-06-23,2024-06-29,2023,2023-24,39,TRUE
Region 7,202427,16,3,4,0,0,0,0,1,0,2024,27,2024-06-30,2024-07-06,2023,2023-24,40,TRUE
Region 7,202428,11,0,0,0,0,0,0,0,0,2024,28,2024-07-07,2024-07-13,2023,2023-24,41,TRUE
Region 7,202429,19,4,1,0,0,0,0,0,0,2024,29,2024-07-14,2024-07-20,2023,2023-24,42,TRUE
Region 7,202430,23,2,1,1,0,0,0,0,0,2024,30,2024-07-21,2024-07-27,2023,2023-24,43,TRUE
Region 7,202431,20,1,2,0,0,0,0,0,0,2024,31,2024-07-28,2024-08-03,2023,2023-24,44,TRUE
Region 7,202432,30,3,4,0,0,0,0,0,0,2024,32,2024-08-04,2024-08-10,2023,2023-24,45,TRUE
Region 7,202433,43,1,2,0,0,0,0,0,0,2024,33,2024-08-11,2024-08-17,2023,2023-24,46,TRUE
Region 7,202434,38,0,3,0,0,1,0,1,0,2024,34,2024-08-18,2024-08-24,2023,2023-24,47,TRUE
Region 7,202435,32,2,3,0,0,0,0,0,0,2024,35,2024-08-25,2024-08-31,2023,2023-24,48,TRUE
Region 7,202436,35,3,1,1,0,0,0,0,0,2024,36,2024-09-01,2024-09-07,2023,2023-24,49,TRUE
Region 7,202437,32,1,0,0,0,0,0,0,0,2024,37,2024-09-08,2024-09-14,2023,2023-24,50,TRUE
Region 7,202438,26,4,1,0,0,0,0,1,0,2024,38,2024-09-15,2024-09-21,2023,2023-24,51,TRUE
Region 7,202439,16,4,3,0,0,0,0,0,0,2024,39,2024-09-22,2024-09-28,2023,2023-24,52,TRUE
Region 7,202440,27,2,0,0,0,0,0,0,0,2024,40,2024-09-29,2024-10-05,2024,2024-25,1,TRUE
Region 7,202441,35,5,1,0,0,0,0,0,0,2024,41,2024-10-06,2024-10-12,2024,2024-25,2,TRUE
Region 7,202442,21,1,1,0,0,0,0,1,0,2024,42,2024-10-13,2024-10-19,2024,2024-25,3,TRUE
Region 7,202443,45,11,4,1,0,0,0,0,0,2024,43,2024-10-20,2024-10-26,2024,2024-25,4,TRUE
Region 7,202444,31,11,6,0,0,0,1,0,0,2024,44,2024-10-27,2024-11-02,2024,2024-25,5,TRUE
Region 7,202445,36,15,2,0,0,0,0,0,0,2024,45,2024-11-03,2024-11-09,2024,2024-25,6,TRUE
Region 7,202446,26,5,8,0,0,0,0,0,0,2024,46,2024-11-10,2024-11-16,2024,2024-25,7,TRUE
Region 7,202447,53,10,11,2,0,0,0,0,0,2024,47,2024-11-17,2024-11-23,2024,2024-25,8,TRUE
Region 7,202448,47,14,13,1,0,0,0,0,0,2024,48,2024-11-24,2024-11-30,2024,2024-25,9,TRUE
Region 7,202449,92,21,53,1,0,0,0,0,0,2024,49,2024-12-01,2024-12-07,2024,2024-25,10,TRUE
Region 7,202450,170,52,68,3,0,0,1,0,0,2024,50,2024-12-08,2024-12-14,2024,2024-25,11,TRUE
Region 7,202451,285,71,134,1,0,1,5,0,0,2024,51,2024-12-15,2024-12-21,2024,2024-25,12,TRUE
Region 7,202452,252,77,109,9,0,0,3,0,0,2024,52,2024-12-22,2024-12-28,2024,2024-25,13,TRUE
Region 7,202501,190,85,63,7,0,0,3,0,0,2025,1,2024-12-29,2025-01-04,2024,2024-25,14,TRUE
Region 7,202502,189,61,65,5,0,0,5,0,0,2025,2,2025-01-05,2025-01-11,2024,2024-25,15,TRUE
Region 7,202503,275,106,109,7,0,0,5,0,0,2025,3,2025-01-12,2025-01-18,2024,2024-25,16,TRUE
Region 7,202504,488,237,136,38,0,0,8,0,0,2025,4,2025-01-19,2025-01-25,2024,2024-25,17,TRUE
Region 7,202505,697,279,207,90,0,0,9,0,0,2025,5,2025-01-26,2025-02-01,2024,2024-25,18,TRUE
Region 7,202506,730,307,193,80,0,0,12,0,0,2025,6,2025-02-02,2025-02-08,2024,2024-25,19,TRUE
Region 7,202507,610,284,163,77,0,0,12,0,0,2025,7,2025-02-09,2025-02-15,2024,2024-25,20,TRUE
Region 7,202508,480,226,112,50,0,0,12,0,0,2025,8,2025-02-16,2025-02-22,2024,2024-25,21,TRUE
Region 7,202509,377,167,90,32,0,0,7,0,0,2025,9,2025-02-23,2025-03-01,2024,2024-25,22,TRUE
Region 7,202510,325,141,53,30,0,0,12,0,0,2025,10,2025-03-02,2025-03-08,2024,2024-25,23,TRUE
Region 7,202511,235,118,38,8,0,0,17,0,0,2025,11,2025-03-09,2025-03-15,2024,2024-25,24,TRUE
Region 7,202512,168,85,29,6,0,0,7,0,0,2025,12,2025-03-16,2025-03-22,2024,2024-25,25,TRUE
Region 7,202513,112,50,15,1,0,0,13,0,0,2025,13,2025-03-23,2025-03-29,2024,2024-25,26,TRUE
Region 7,202514,68,28,7,0,0,0,10,0,0,2025,14,2025-03-30,2025-04-05,2024,2024-25,27,TRUE
Region 7,202515,71,21,8,0,0,0,12,0,0,2025,15,2025-04-06,2025-04-12,2024,2024-25,28,TRUE
Region 7,202516,51,16,2,3,0,0,8,0,0,2025,16,2025-04-13,2025-04-19,2024,2024-25,29,TRUE
Region 7,202517,45,16,1,0,0,0,8,0,0,2025,17,2025-04-20,2025-04-26,2024,2024-25,30,TRUE
Region 7,202518,30,2,0,0,0,0,2,0,0,2025,18,2025-04-27,2025-05-03,2024,2024-25,31,TRUE
Region 7,202519,27,4,1,0,0,0,8,0,0,2025,19,2025-05-04,2025-05-10,2024,2024-25,32,TRUE
Region 7,202520,24,1,1,0,0,0,2,0,0,2025,20,2025-05-11,2025-05-17,2024,2024-25,33,TRUE
Region 7,202521,16,0,1,0,0,0,1,0,0,2025,21,2025-05-18,2025-05-24,2024,2024-25,34,TRUE
Region 7,202522,21,2,0,1,0,0,3,0,0,2025,22,2025-05-25,2025-05-31,2024,2024-25,35,TRUE
Region 7,202523,17,3,0,0,0,0,2,0,0,2025,23,2025-06-01,2025-06-07,2024,2024-25,36,TRUE
Region 7,202524,17,3,1,0,0,0,0,0,0,2025,24,2025-06-08,2025-06-14,2024,2024-25,37,TRUE
Region 7,202525,6,1,1,0,0,0,0,0,0,2025,25,2025-06-15,2025-06-21,2024,2024-25,38,TRUE
Region 7,202526,15,2,0,0,0,0,0,0,0,2025,26,2025-06-22,2025-06-28,2024,2024-25,39,TRUE
Region 7,202527,5,0,0,0,0,0,1,0,0,2025,27,2025-06-29,2025-07-05,2024,2024-25,40,TRUE
Region 7,202528,10,1,0,0,0,0,0,0,0,2025,28,2025-07-06,2025-07-12,2024,2024-25,41,TRUE
Region 7,202529,13,2,0,0,0,0,1,0,0,2025,29,2025-07-13,2025-07-19,2024,2024-25,42,TRUE
Region 7,202530,6,0,0,0,0,0,0,0,0,2025,30,2025-07-20,2025-07-26,2024,2024-25,43,TRUE
Region 7,202531,11,1,0,0,0,0,0,0,0,2025,31,2025-07-27,2025-08-02,2024,2024-25,44,TRUE
Region 7,202532,9,0,0,0,0,0,0,0,0,2025,32,2025-08-03,2025-08-09,2024,2024-25,45,TRUE
Region 7,202533,15,1,0,1,0,0,0,0,0,2025,33,2025-08-10,2025-08-16,2024,2024-25,46,TRUE
Region 7,202534,9,0,1,0,0,0,0,0,0,2025,34,2025-08-17,2025-08-23,2024,2024-25,47,TRUE
Region 7,202535,18,2,1,0,0,0,0,0,0,2025,35,2025-08-24,2025-08-30,2024,2024-25,48,TRUE
Region 7,202536,13,0,0,0,0,0,1,0,0,2025,36,2025-08-31,2025-09-06,2024,2024-25,49,TRUE
Region 7,202537,14,0,0,0,0,0,0,0,0,2025,37,2025-09-07,2025-09-13,2024,2024-25,50,TRUE
Region 7,202538,18,2,1,0,0,0,0,0,0,2025,38,2025-09-14,2025-09-20,2024,2024-25,51,TRUE
Region 7,202539,30,0,0,0,0,0,0,0,0,2025,39,2025-09-21,2025-09-27,2024,2024-25,52,TRUE
Region 7,202540,33,3,1,0,0,0,1,0,0,2025,40,2025-09-28,2025-10-04,2025,2025-26,1,TRUE
Region 7,202541,34,0,1,0,0,0,0,0,0,2025,41,2025-10-05,2025-10-11,2025,2025-26,2,TRUE
Region 7,202542,26,3,3,0,0,0,0,0,0,2025,42,2025-10-12,2025-10-18,2025,2025-26,3,TRUE
Region 7,202543,44,1,2,0,0,0,0,0,0,2025,43,2025-10-19,2025-10-25,2025,2025-26,4,TRUE
Region 7,202544,34,2,2,0,0,0,4,0,0,2025,44,2025-10-26,2025-11-01,2025,2025-26,5,TRUE
Region 7,202545,32,1,1,0,0,0,0,0,0,2025,45,2025-11-02,2025-11-08,2025,2025-26,6,TRUE
Region 7,202546,37,5,1,0,0,0,4,0,0,2025,46,2025-11-09,2025-11-15,2025,2025-26,7,TRUE
Region 7,202547,56,3,9,3,0,0,4,0,0,2025,47,2025-11-16,2025-11-22,2025,2025-26,8,TRUE
Region 7,202548,40,4,10,0,0,0,3,0,0,2025,48,2025-11-23,2025-11-29,2025,2025-26,9,TRUE
Region 7,202549,83,7,38,0,0,0,4,0,0,2025,49,2025-11-30,2025-12-06,2025,2025-26,10,TRUE
Region 7,202550,141,4,76,1,0,0,2,0,0,2025,50,2025-12-07,2025-12-13,2025,2025-26,11,TRUE
Region 7,202551,263,15,170,1,0,0,7,0,0,2025,51,2025-12-14,2025-12-20,2025,2025-26,12,TRUE
Region 7,202552,246,11,175,4,0,0,6,0,0,2025,52,2025-12-21,2025-12-27,2025,2025-26,13,TRUE
Region 7,202553,239,12,161,3,0,0,7,0,0,2025,53,2025-12-28,2026-01-03,2025,2025-26,14,TRUE
Region 7,202601,288,8,158,3,0,0,6,0,0,2026,1,2026-01-04,2026-01-10,2025,2025-26,15,TRUE
Region 7,202602,258,9,131,1,0,0,12,0,0,2026,2,2026-01-11,2026-01-17,2025,2025-26,16,TRUE
Region 7,202603,262,3,146,5,0,0,22,0,0,2026,3,2026-01-18,2026-01-24,2025,2025-26,17,TRUE
Region 7,202604,250,4,134,0,0,0,28,0,0,2026,4,2026-01-25,2026-01-31,2025,2025-26,18,TRUE
Region 7,202605,343,6,186,1,0,0,42,0,0,2026,5,2026-02-01,2026-02-07,2025,2025-26,19,TRUE
Region 7,202606,304,7,135,7,0,0,41,0,0,2026,6,2026-02-08,2026-02-14,2025,2025-26,20,TRUE
Region 7,202607,285,9,126,0,0,0,52,1,0,2026,7,2026-02-15,2026-02-21,2025,2025-26,21,TRUE
Region 7,202608,197,8,62,2,0,0,36,0,0,2026,8,2026-02-22,2026-02-28,2025,2025-26,22,TRUE
Region 7,202609,208,16,67,2,0,0,55,0,0,2026,9,2026-03-01,2026-03-07,2025,2025-26,23,TRUE
Region 7,202610,147,6,38,0,0,0,43,0,0,2026,10,2026-03-08,2026-03-14,2025,2025-26,24,TRUE
Region 7,202611,97,3,13,0,0,0,22,0,0,2026,11,2026-03-15,2026-03-21,2025,2025-26,25,TRUE
Region 7,202612,83,4,7,0,0,0,16,0,0,2026,12,2026-03-22,2026-03-28,2025,2025-26,26,TRUE
Region 7,202613,63,1,7,0,0,0,15,0,0,2026,13,2026-03-29,2026-04-04,2025,2025-26,27,TRUE
Region 7,202614,50,2,2,1,0,0,9,0,0,2026,14,2026-04-05,2026-04-11,2025,2025-26,28,TRUE
Region 7,202615,32,2,1,0,0,0,5,0,0,2026,15,2026-04-12,2026-04-18,2025,2025-26,29,TRUE
Region 7,202616,44,1,0,0,0,0,1,0,0,2026,16,2026-04-19,2026-04-25,2025,2025-26,30,TRUE
Region 7,202617,36,0,0,0,0,0,4,0,0,2026,17,2026-04-26,2026-05-02,2025,2025-26,31,TRUE
Region 7,202618,40,1,1,0,0,0,2,0,0,2026,18,2026-05-03,2026-05-09,2025,2025-26,32,TRUE
Region 7,202619,30,0,0,0,0,0,3,0,0,2026,19,2026-05-10,2026-05-16,2025,2025-26,33,TRUE
Region 7,202620,36,0,0,0,0,0,3,0,0,2026,20,2026-05-17,2026-05-23,2025,2025-26,34,TRUE
Region 7,202621,31,1,1,0,0,0,2,0,0,2026,21,2026-05-24,2026-05-30,2025,2025-26,35,TRUE
Region 7,202622,23,0,0,0,0,0,1,0,0,2026,22,2026-05-31,2026-06-06,2025,2025-26,36,TRUE
Region 7,202623,22,2,0,0,0,0,0,0,0,2026,23,2026-06-07,2026-06-13,2025,2025-26,37,TRUE
Region 7,202624,27,2,0,1,0,0,0,0,0,2026,24,2026-06-14,2026-06-20,2025,2025-26,38,TRUE
Region 7,202625,9,0,1,0,0,0,0,0,0,2026,25,2026-06-21,2026-06-27,2025,2025-26,39,TRUE
Region 7,202626,13,1,1,0,0,0,0,0,0,2026,26,2026-06-28,2026-07-04,2025,2025-26,40,TRUE
Region 7,202627,23,0,0,0,0,0,0,0,0,2026,27,2026-07-05,2026-07-11,2025,2025-26,41,TRUE
Region 7,202628,6,0,0,0,0,0,0,0,0,2026,28,2026-07-12,2026-07-18,2025,2025-26,42,TRUE
Region 7,202629,16,2,0,0,0,0,0,0,0,2026,29,2026-07-19,2026-07-25,2025,2025-26,43,TRUE
Region 7,202630,10,1,0,0,0,0,0,0,0,2026,30,2026-07-26,2026-08-01,2025,2025-26,44,TRUE
Region 7,202631,12,1,0,1,0,0,0,0,0,2026,31,2026-08-02,2026-08-08,2025,2025-26,45,TRUE
Region 7,202632,17,3,0,0,0,0,1,0,0,2026,32,2026-08-09,2026-08-15,2025,2025-26,46,TRUE
Region 7,202633,19,1,0,0,0,0,1,0,0,2026,33,2026-08-16,2026-08-22,2025,2025-26,47,TRUE
Region 7,202634,28,4,0,0,0,0,0,0,0,2026,34,2026-08-23,2026-08-29,2025,2025-26,48,TRUE
Region 7,202635,26,6,0,0,0,0,0,0,0,2026,35,2026-08-30,2026-09-05,2025,2025-26,49,TRUE
Region 7,202636,15,4,0,0,0,0,0,0,0,2026,36,2026-09-06,2026-09-12,2025,2025-26,50,TRUE
Region 7,202637,13,2,0,1,0,0,0,0,0,2026,37,2026-09-13,2026-09-19,2025,2025-26,51,TRUE
Region 7,202638,0,0,0,0,0,0,0,0,0,2026,38,2026-09-20,2026-09-26,2025,2025-26,52,TRUE
Region 8,201940,43,0,7,0,0,0,0,0,0,2019,40,2019-09-29,2019-10-05,2019,2019-20,1,FALSE
Region 8,201941,44,3,1,0,0,0,0,0,0,2019,41,2019-10-06,2019-10-12,2019,2019-20,2,FALSE
Region 8,201942,59,3,11,0,0,0,0,2,0,2019,42,2019-10-13,2019-10-19,2019,2019-20,3,FALSE
Region 8,201943,70,4,11,0,0,0,0,3,0,2019,43,2019-10-20,2019-10-26,2019,2019-20,4,FALSE
Region 8,201944,73,2,10,0,0,0,1,6,0,2019,44,2019-10-27,2019-11-02,2019,2019-20,5,FALSE
Region 8,201945,94,5,15,0,0,0,0,19,0,2019,45,2019-11-03,2019-11-09,2019,2019-20,6,FALSE
Region 8,201946,101,7,8,0,0,0,2,30,0,2019,46,2019-11-10,2019-11-16,2019,2019-20,7,FALSE
Region 8,201947,123,21,5,0,0,0,2,32,0,2019,47,2019-11-17,2019-11-23,2019,2019-20,8,FALSE
Region 8,201948,130,28,11,0,0,0,1,46,0,2019,48,2019-11-24,2019-11-30,2019,2019-20,9,FALSE
Region 8,201949,173,31,7,0,0,0,3,72,0,2019,49,2019-12-01,2019-12-07,2019,2019-20,10,FALSE
Region 8,201950,192,46,3,0,0,0,8,63,0,2019,50,2019-12-08,2019-12-14,2019,2019-20,11,FALSE
Region 8,201951,301,93,6,1,0,0,7,106,0,2019,51,2019-12-15,2019-12-21,2019,2019-20,12,FALSE
Region 8,201952,331,94,8,0,0,0,9,134,1,2019,52,2019-12-22,2019-12-28,2019,2019-20,13,FALSE
Region 8,202001,292,85,5,2,0,0,8,115,0,2020,1,2019-12-29,2020-01-04,2019,2019-20,14,FALSE
Region 8,202002,366,101,9,2,0,0,26,134,6,2020,2,2020-01-05,2020-01-11,2019,2019-20,15,FALSE
Region 8,202003,474,109,5,5,0,0,30,183,1,2020,3,2020-01-12,2020-01-18,2019,2019-20,16,FALSE
Region 8,202004,471,138,3,1,0,0,29,161,1,2020,4,2020-01-19,2020-01-25,2019,2019-20,17,FALSE
Region 8,202005,472,144,8,3,0,0,16,140,0,2020,5,2020-01-26,2020-02-01,2019,2019-20,18,FALSE
Region 8,202006,484,181,1,4,0,0,29,113,0,2020,6,2020-02-02,2020-02-08,2019,2019-20,19,FALSE
Region 8,202007,459,200,1,3,0,0,44,91,1,2020,7,2020-02-09,2020-02-15,2019,2019-20,20,FALSE
Region 8,202008,433,203,2,5,0,0,33,78,1,2020,8,2020-02-16,2020-02-22,2019,2019-20,21,FALSE
Region 8,202009,383,204,1,1,0,0,11,63,0,2020,9,2020-02-23,2020-02-29,2019,2019-20,22,FALSE
Region 8,202010,362,200,1,3,0,0,23,33,0,2020,10,2020-03-01,2020-03-07,2019,2019-20,23,FALSE
Region 8,202011,298,146,6,0,0,0,6,21,0,2020,11,2020-03-08,2020-03-14,2019,2019-20,24,FALSE
Region 8,202012,268,61,1,2,0,0,3,12,0,2020,12,2020-03-15,2020-03-21,2019,2019-20,25,FALSE
Region 8,202013,233,13,0,0,0,0,2,4,0,2020,13,2020-03-22,2020-03-28,2019,2019-20,26,FALSE
Region 8,202014,70,0,0,0,0,0,0,1,0,2020,14,2020-03-29,2020-04-04,2019,2019-20,27,FALSE
Region 8,202015,51,0,0,0,0,0,0,0,0,2020,15,2020-04-05,2020-04-11,2019,2019-20,28,FALSE
Region 8,202016,75,0,0,0,0,0,0,0,0,2020,16,2020-04-12,2020-04-18,2019,2019-20,29,FALSE
Region 8,202017,19,0,0,0,0,0,0,0,0,2020,17,2020-04-19,2020-04-25,2019,2019-20,30,FALSE
Region 8,202018,26,0,0,0,0,0,0,0,0,2020,18,2020-04-26,2020-05-02,2019,2019-20,31,FALSE
Region 8,202019,18,0,0,0,0,0,0,0,0,2020,19,2020-05-03,2020-05-09,2019,2019-20,32,FALSE
Region 8,202020,30,0,0,0,0,0,0,0,0,2020,20,2020-05-10,2020-05-16,2019,2019-20,33,FALSE
Region 8,202021,27,0,0,0,0,0,0,0,0,2020,21,2020-05-17,2020-05-23,2019,2019-20,34,FALSE
Region 8,202022,16,0,0,0,0,0,0,0,0,2020,22,2020-05-24,2020-05-30,2019,2019-20,35,FALSE
Region 8,202023,8,0,0,0,0,0,0,0,0,2020,23,2020-05-31,2020-06-06,2019,2019-20,36,FALSE
Region 8,202024,11,0,0,0,0,0,0,0,0,2020,24,2020-06-07,2020-06-13,2019,2019-20,37,FALSE
Region 8,202025,22,0,0,0,0,0,0,0,0,2020,25,2020-06-14,2020-06-20,2019,2019-20,38,FALSE
Region 8,202026,5,0,0,0,0,0,0,0,0,2020,26,2020-06-21,2020-06-27,2019,2019-20,39,FALSE
Region 8,202027,5,0,0,0,0,0,0,0,0,2020,27,2020-06-28,2020-07-04,2019,2019-20,40,FALSE
Region 8,202028,7,0,0,0,0,0,0,0,0,2020,28,2020-07-05,2020-07-11,2019,2019-20,41,FALSE
Region 8,202029,6,0,0,0,0,0,0,0,0,2020,29,2020-07-12,2020-07-18,2019,2019-20,42,FALSE
Region 8,202030,2,0,0,0,0,0,0,0,0,2020,30,2020-07-19,2020-07-25,2019,2019-20,43,FALSE
Region 8,202031,2,0,0,0,0,0,0,0,0,2020,31,2020-07-26,2020-08-01,2019,2019-20,44,FALSE
Region 8,202032,3,0,0,0,0,0,0,0,0,2020,32,2020-08-02,2020-08-08,2019,2019-20,45,FALSE
Region 8,202033,1,0,0,0,0,0,0,0,0,2020,33,2020-08-09,2020-08-15,2019,2019-20,46,FALSE
Region 8,202034,50,0,0,0,0,0,0,0,0,2020,34,2020-08-16,2020-08-22,2019,2019-20,47,FALSE
Region 8,202035,2146,0,0,0,0,0,0,0,0,2020,35,2020-08-23,2020-08-29,2019,2019-20,48,FALSE
Region 8,202036,2344,0,0,1,0,0,0,0,0,2020,36,2020-08-30,2020-09-05,2019,2019-20,49,FALSE
Region 8,202037,18,0,0,0,0,0,0,0,0,2020,37,2020-09-06,2020-09-12,2019,2019-20,50,FALSE
Region 8,202038,5,0,0,0,0,0,0,0,0,2020,38,2020-09-13,2020-09-19,2019,2019-20,51,FALSE
Region 8,202039,2141,0,0,0,0,0,0,0,0,2020,39,2020-09-20,2020-09-26,2019,2019-20,52,FALSE
Region 8,202040,4327,0,0,1,0,0,0,0,0,2020,40,2020-09-27,2020-10-03,2020,2020-21,1,FALSE
Region 8,202041,4775,0,0,3,0,0,0,0,0,2020,41,2020-10-04,2020-10-10,2020,2020-21,2,FALSE
Region 8,202042,5315,0,0,1,0,0,0,0,0,2020,42,2020-10-11,2020-10-17,2020,2020-21,3,FALSE
Region 8,202043,5488,0,0,1,0,0,1,0,0,2020,43,2020-10-18,2020-10-24,2020,2020-21,4,FALSE
Region 8,202044,7373,0,0,3,0,0,1,0,0,2020,44,2020-10-25,2020-10-31,2020,2020-21,5,FALSE
Region 8,202045,9398,0,1,2,0,0,2,0,0,2020,45,2020-11-01,2020-11-07,2020,2020-21,6,FALSE
Region 8,202046,9939,0,0,4,0,0,2,0,0,2020,46,2020-11-08,2020-11-14,2020,2020-21,7,FALSE
Region 8,202047,9107,0,0,0,0,0,0,0,0,2020,47,2020-11-15,2020-11-21,2020,2020-21,8,FALSE
Region 8,202048,5049,0,0,0,0,0,1,1,0,2020,48,2020-11-22,2020-11-28,2020,2020-21,9,FALSE
Region 8,202049,5716,0,0,4,0,0,4,0,0,2020,49,2020-11-29,2020-12-05,2020,2020-21,10,FALSE
Region 8,202050,4246,0,0,3,0,0,0,0,0,2020,50,2020-12-06,2020-12-12,2020,2020-21,11,FALSE
Region 8,202051,3262,0,0,3,0,0,3,0,0,2020,51,2020-12-13,2020-12-19,2020,2020-21,12,FALSE
Region 8,202052,1743,0,0,1,0,0,0,0,0,2020,52,2020-12-20,2020-12-26,2020,2020-21,13,FALSE
Region 8,202053,1831,0,1,4,0,0,1,0,0,2020,53,2020-12-27,2021-01-02,2020,2020-21,14,FALSE
Region 8,202101,2555,0,1,2,0,0,1,1,0,2021,1,2021-01-03,2021-01-09,2020,2020-21,15,FALSE
Region 8,202102,2210,0,0,0,0,0,0,1,0,2021,2,2021-01-10,2021-01-16,2020,2020-21,16,FALSE
Region 8,202103,1813,0,0,0,0,0,0,0,0,2021,3,2021-01-17,2021-01-23,2020,2020-21,17,FALSE
Region 8,202104,1495,0,0,0,0,0,0,0,0,2021,4,2021-01-24,2021-01-30,2020,2020-21,18,FALSE
Region 8,202105,1479,0,0,2,0,0,2,0,0,2021,5,2021-01-31,2021-02-06,2020,2020-21,19,FALSE
Region 8,202106,1427,0,0,0,0,0,0,0,0,2021,6,2021-02-07,2021-02-13,2020,2020-21,20,FALSE
Region 8,202107,1186,0,0,2,0,0,0,0,0,2021,7,2021-02-14,2021-02-20,2020,2020-21,21,FALSE
Region 8,202108,1021,0,1,0,0,0,0,0,0,2021,8,2021-02-21,2021-02-27,2020,2020-21,22,FALSE
Region 8,202109,1017,0,0,0,0,0,0,0,0,2021,9,2021-02-28,2021-03-06,2020,2020-21,23,FALSE
Region 8,202110,911,0,0,0,0,0,0,0,0,2021,10,2021-03-07,2021-03-13,2020,2020-21,24,FALSE
Region 8,202111,555,0,0,0,0,0,0,0,0,2021,11,2021-03-14,2021-03-20,2020,2020-21,25,FALSE
Region 8,202112,897,0,0,1,0,0,0,0,0,2021,12,2021-03-21,2021-03-27,2020,2020-21,26,FALSE
Region 8,202113,767,0,0,1,0,0,0,0,0,2021,13,2021-03-28,2021-04-03,2020,2020-21,27,FALSE
Region 8,202114,943,0,0,0,0,0,0,0,0,2021,14,2021-04-04,2021-04-10,2020,2020-21,28,FALSE
Region 8,202115,954,0,0,2,0,0,1,0,0,2021,15,2021-04-11,2021-04-17,2020,2020-21,29,FALSE
Region 8,202116,893,0,0,0,0,0,0,0,0,2021,16,2021-04-18,2021-04-24,2020,2020-21,30,FALSE
Region 8,202117,1153,0,0,1,0,0,0,0,0,2021,17,2021-04-25,2021-05-01,2020,2020-21,31,FALSE
Region 8,202118,912,0,0,0,0,0,0,0,0,2021,18,2021-05-02,2021-05-08,2020,2020-21,32,FALSE
Region 8,202119,797,0,0,0,0,0,0,0,0,2021,19,2021-05-09,2021-05-15,2020,2020-21,33,FALSE
Region 8,202120,830,0,0,0,0,0,0,0,0,2021,20,2021-05-16,2021-05-22,2020,2020-21,34,FALSE
Region 8,202121,695,0,0,0,0,0,0,0,0,2021,21,2021-05-23,2021-05-29,2020,2020-21,35,FALSE
Region 8,202122,738,0,0,2,0,0,0,0,0,2021,22,2021-05-30,2021-06-05,2020,2020-21,36,FALSE
Region 8,202123,596,0,0,1,0,0,0,0,0,2021,23,2021-06-06,2021-06-12,2020,2020-21,37,FALSE
Region 8,202124,676,0,0,0,0,0,0,0,0,2021,24,2021-06-13,2021-06-19,2020,2020-21,38,FALSE
Region 8,202125,661,0,0,0,0,0,0,0,0,2021,25,2021-06-20,2021-06-26,2020,2020-21,39,FALSE
Region 8,202126,921,0,0,1,0,0,0,0,0,2021,26,2021-06-27,2021-07-03,2020,2020-21,40,FALSE
Region 8,202127,799,0,0,0,0,0,0,0,0,2021,27,2021-07-04,2021-07-10,2020,2020-21,41,FALSE
Region 8,202128,828,0,0,1,0,0,0,0,0,2021,28,2021-07-11,2021-07-17,2020,2020-21,42,FALSE
Region 8,202129,1019,0,0,0,0,0,0,0,0,2021,29,2021-07-18,2021-07-24,2020,2020-21,43,FALSE
Region 8,202130,1387,0,0,1,0,0,0,0,0,2021,30,2021-07-25,2021-07-31,2020,2020-21,44,FALSE
Region 8,202131,1509,0,0,2,0,0,0,0,0,2021,31,2021-08-01,2021-08-07,2020,2020-21,45,FALSE
Region 8,202132,1795,0,0,0,0,0,0,0,0,2021,32,2021-08-08,2021-08-14,2020,2020-21,46,FALSE
Region 8,202133,1910,0,0,0,0,0,0,0,0,2021,33,2021-08-15,2021-08-21,2020,2020-21,47,FALSE
Region 8,202134,2125,0,0,0,0,0,0,0,0,2021,34,2021-08-22,2021-08-28,2020,2020-21,48,FALSE
Region 8,202135,2863,1,0,0,0,0,0,0,0,2021,35,2021-08-29,2021-09-04,2020,2020-21,49,FALSE
Region 8,202136,3013,0,0,4,0,0,1,0,0,2021,36,2021-09-05,2021-09-11,2020,2020-21,50,FALSE
Region 8,202137,2850,0,0,1,0,0,0,2,0,2021,37,2021-09-12,2021-09-18,2020,2020-21,51,FALSE
Region 8,202138,2544,0,0,5,0,0,0,0,0,2021,38,2021-09-19,2021-09-25,2020,2020-21,52,FALSE
Region 8,202139,2003,0,0,0,0,0,0,0,0,2021,39,2021-09-26,2021-10-02,2020,2020-21,53,FALSE
Region 8,202140,1713,0,0,1,0,0,0,0,0,2021,40,2021-10-03,2021-10-09,2021,2021-22,1,FALSE
Region 8,202141,1824,0,0,0,0,0,1,0,0,2021,41,2021-10-10,2021-10-16,2021,2021-22,2,FALSE
Region 8,202142,1911,0,1,0,0,0,0,0,0,2021,42,2021-10-17,2021-10-23,2021,2021-22,3,FALSE
Region 8,202143,1835,0,2,3,0,0,0,0,0,2021,43,2021-10-24,2021-10-30,2021,2021-22,4,FALSE
Region 8,202144,2267,0,10,4,0,0,0,0,0,2021,44,2021-10-31,2021-11-06,2021,2021-22,5,FALSE
Region 8,202145,2012,0,49,40,0,0,1,0,0,2021,45,2021-11-07,2021-11-13,2021,2021-22,6,FALSE
Region 8,202146,2209,0,78,54,0,0,0,0,0,2021,46,2021-11-14,2021-11-20,2021,2021-22,7,FALSE
Region 8,202147,1277,0,70,39,0,0,1,0,0,2021,47,2021-11-21,2021-11-27,2021,2021-22,8,FALSE
Region 8,202148,1894,1,122,60,0,0,0,0,0,2021,48,2021-11-28,2021-12-04,2021,2021-22,9,FALSE
Region 8,202149,1454,0,112,37,0,0,0,0,0,2021,49,2021-12-05,2021-12-11,2021,2021-22,10,FALSE
Region 8,202150,1343,0,222,59,0,0,0,0,0,2021,50,2021-12-12,2021-12-18,2021,2021-22,11,FALSE
Region 8,202151,1274,0,282,89,0,0,0,0,0,2021,51,2021-12-19,2021-12-25,2021,2021-22,12,FALSE
Region 8,202152,1923,0,283,148,0,0,0,0,0,2021,52,2021-12-26,2022-01-01,2021,2021-22,13,FALSE
Region 8,202201,2337,0,224,85,0,0,1,0,0,2022,1,2022-01-02,2022-01-08,2021,2021-22,14,FALSE
Region 8,202202,2804,0,251,118,0,0,0,0,0,2022,2,2022-01-09,2022-01-15,2021,2021-22,15,FALSE
Region 8,202203,3021,0,240,92,0,0,0,0,0,2022,3,2022-01-16,2022-01-22,2021,2021-22,16,FALSE
Region 8,202204,2510,0,156,38,0,0,1,0,0,2022,4,2022-01-23,2022-01-29,2021,2021-22,17,FALSE
Region 8,202205,1710,0,177,34,0,0,0,0,0,2022,5,2022-01-30,2022-02-05,2021,2021-22,18,FALSE
Region 8,202206,1355,0,227,23,0,0,0,0,0,2022,6,2022-02-06,2022-02-12,2021,2021-22,19,FALSE
Region 8,202207,1018,0,151,19,0,0,1,0,0,2022,7,2022-02-13,2022-02-19,2021,2021-22,20,FALSE
Region 8,202208,830,0,103,10,0,0,0,0,0,2022,8,2022-02-20,2022-02-26,2021,2021-22,21,FALSE
Region 8,202209,760,0,113,16,0,0,0,0,0,2022,9,2022-02-27,2022-03-05,2021,2021-22,22,FALSE
Region 8,202210,709,0,95,15,0,0,0,0,0,2022,10,2022-03-06,2022-03-12,2021,2021-22,23,FALSE
Region 8,202211,653,0,91,18,0,0,0,0,0,2022,11,2022-03-13,2022-03-19,2021,2021-22,24,FALSE
Region 8,202212,582,0,87,14,0,0,0,0,0,2022,12,2022-03-20,2022-03-26,2021,2021-22,25,FALSE
Region 8,202213,601,0,118,18,0,0,0,1,0,2022,13,2022-03-27,2022-04-02,2021,2021-22,26,FALSE
Region 8,202214,540,0,86,10,0,0,0,0,0,2022,14,2022-04-03,2022-04-09,2021,2021-22,27,FALSE
Region 8,202215,503,0,100,20,0,0,0,0,0,2022,15,2022-04-10,2022-04-16,2021,2021-22,28,FALSE
Region 8,202216,459,0,88,10,0,0,0,0,0,2022,16,2022-04-17,2022-04-23,2021,2021-22,29,FALSE
Region 8,202217,450,0,85,5,0,0,0,0,0,2022,17,2022-04-24,2022-04-30,2021,2021-22,30,FALSE
Region 8,202218,497,0,73,9,0,0,0,0,0,2022,18,2022-05-01,2022-05-07,2021,2021-22,31,FALSE
Region 8,202219,619,0,71,20,0,0,1,0,0,2022,19,2022-05-08,2022-05-14,2021,2021-22,32,FALSE
Region 8,202220,544,1,62,7,0,0,0,0,0,2022,20,2022-05-15,2022-05-21,2021,2021-22,33,FALSE
Region 8,202221,540,0,35,3,0,0,0,0,0,2022,21,2022-05-22,2022-05-28,2021,2021-22,34,FALSE
Region 8,202222,661,0,28,5,0,0,0,0,0,2022,22,2022-05-29,2022-06-04,2021,2021-22,35,FALSE
Region 8,202223,514,0,18,6,0,0,0,0,0,2022,23,2022-06-05,2022-06-11,2021,2021-22,36,FALSE
Region 8,202224,387,0,8,2,0,0,0,0,0,2022,24,2022-06-12,2022-06-18,2021,2021-22,37,FALSE
Region 8,202225,326,0,4,3,0,0,0,0,0,2022,25,2022-06-19,2022-06-25,2021,2021-22,38,FALSE
Region 8,202226,299,0,0,0,0,0,0,0,0,2022,26,2022-06-26,2022-07-02,2021,2021-22,39,FALSE
Region 8,202227,275,0,1,0,0,0,0,0,0,2022,27,2022-07-03,2022-07-09,2021,2021-22,40,FALSE
Region 8,202228,421,0,0,2,0,0,0,0,0,2022,28,2022-07-10,2022-07-16,2021,2021-22,41,FALSE
Region 8,202229,352,0,2,4,0,0,3,0,0,2022,29,2022-07-17,2022-07-23,2021,2021-22,42,FALSE
Region 8,202230,331,0,1,2,0,0,3,0,0,2022,30,2022-07-24,2022-07-30,2021,2021-22,43,FALSE
Region 8,202231,287,0,0,1,0,0,1,0,0,2022,31,2022-07-31,2022-08-06,2021,2021-22,44,FALSE
Region 8,202232,236,0,1,0,0,0,0,0,0,2022,32,2022-08-07,2022-08-13,2021,2021-22,45,FALSE
Region 8,202233,212,0,0,3,0,0,0,0,0,2022,33,2022-08-14,2022-08-20,2021,2021-22,46,FALSE
Region 8,202234,169,0,0,0,0,0,0,0,0,2022,34,2022-08-21,2022-08-27,2021,2021-22,47,FALSE
Region 8,202235,224,0,2,1,0,0,0,0,0,2022,35,2022-08-28,2022-09-03,2021,2021-22,48,FALSE
Region 8,202236,241,0,1,0,0,0,0,0,0,2022,36,2022-09-04,2022-09-10,2021,2021-22,49,FALSE
Region 8,202237,247,0,2,1,0,0,0,0,0,2022,37,2022-09-11,2022-09-17,2021,2021-22,50,FALSE
Region 8,202238,201,1,2,1,0,0,0,0,0,2022,38,2022-09-18,2022-09-24,2021,2021-22,51,FALSE
Region 8,202239,174,4,3,0,0,0,0,0,0,2022,39,2022-09-25,2022-10-01,2021,2021-22,52,FALSE
Region 8,202240,200,1,5,0,0,0,0,0,0,2022,40,2022-10-02,2022-10-08,2022,2022-23,1,TRUE
Region 8,202241,146,2,8,1,0,0,0,2,0,2022,41,2022-10-09,2022-10-15,2022,2022-23,2,TRUE
Region 8,202242,162,3,22,1,0,0,0,3,0,2022,42,2022-10-16,2022-10-22,2022,2022-23,3,TRUE
Region 8,202243,196,12,33,2,0,0,0,0,0,2022,43,2022-10-23,2022-10-29,2022,2022-23,4,TRUE
Region 8,202244,231,27,71,2,0,0,0,1,0,2022,44,2022-10-30,2022-11-05,2022,2022-23,5,TRUE
Region 8,202245,249,38,80,4,0,0,0,0,0,2022,45,2022-11-06,2022-11-12,2022,2022-23,6,TRUE
Region 8,202246,308,42,115,31,0,0,0,0,0,2022,46,2022-11-13,2022-11-19,2022,2022-23,7,TRUE
Region 8,202247,418,50,152,44,0,0,0,0,0,2022,47,2022-11-20,2022-11-26,2022,2022-23,8,TRUE
Region 8,202248,390,50,145,23,0,0,0,0,0,2022,48,2022-11-27,2022-12-03,2022,2022-23,9,TRUE
Region 8,202249,305,48,123,27,0,0,0,1,0,2022,49,2022-12-04,2022-12-10,2022,2022-23,10,TRUE
Region 8,202250,315,71,107,25,0,0,0,0,0,2022,50,2022-12-11,2022-12-17,2022,2022-23,11,TRUE
Region 8,202251,230,47,92,5,0,0,0,0,0,2022,51,2022-12-18,2022-12-24,2022,2022-23,12,TRUE
Region 8,202252,233,43,113,8,0,0,0,1,0,2022,52,2022-12-25,2022-12-31,2022,2022-23,13,TRUE
Region 8,202301,212,46,72,8,0,0,0,3,0,2023,1,2023-01-01,2023-01-07,2022,2022-23,14,TRUE
Region 8,202302,155,25,52,2,0,0,0,1,0,2023,2,2023-01-08,2023-01-14,2022,2022-23,15,TRUE
Region 8,202303,167,40,43,5,0,0,0,1,0,2023,3,2023-01-15,2023-01-21,2022,2022-23,16,TRUE
Region 8,202304,148,25,29,7,0,0,0,0,0,2023,4,2023-01-22,2023-01-28,2022,2022-23,17,TRUE
Region 8,202305,128,28,20,1,0,0,0,5,0,2023,5,2023-01-29,2023-02-04,2022,2022-23,18,TRUE
Region 8,202306,142,23,13,3,0,0,0,5,0,2023,6,2023-02-05,2023-02-11,2022,2022-23,19,TRUE
Region 8,202307,166,22,11,1,0,0,0,14,0,2023,7,2023-02-12,2023-02-18,2022,2022-23,20,TRUE
Region 8,202308,113,15,8,1,0,0,0,5,0,2023,8,2023-02-19,2023-02-25,2022,2022-23,21,TRUE
Region 8,202309,117,16,11,0,0,0,1,2,0,2023,9,2023-02-26,2023-03-04,2022,2022-23,22,TRUE
Region 8,202310,121,18,9,0,0,0,1,4,0,2023,10,2023-03-05,2023-03-11,2022,2022-23,23,TRUE
Region 8,202311,110,13,2,3,0,0,2,3,0,2023,11,2023-03-12,2023-03-18,2022,2022-23,24,TRUE
Region 8,202312,108,12,2,1,0,0,1,6,0,2023,12,2023-03-19,2023-03-25,2022,2022-23,25,TRUE
Region 8,202313,66,6,1,3,0,0,1,2,0,2023,13,2023-03-26,2023-04-01,2022,2022-23,26,TRUE
Region 8,202314,74,15,2,0,0,0,0,8,0,2023,14,2023-04-02,2023-04-08,2022,2022-23,27,TRUE
Region 8,202315,100,10,1,2,0,0,0,12,0,2023,15,2023-04-09,2023-04-15,2022,2022-23,28,TRUE
Region 8,202316,65,3,1,1,0,0,0,6,0,2023,16,2023-04-16,2023-04-22,2022,2022-23,29,TRUE
Region 8,202317,47,5,0,0,0,0,0,7,0,2023,17,2023-04-23,2023-04-29,2022,2022-23,30,TRUE
Region 8,202318,77,10,0,0,0,0,1,10,0,2023,18,2023-04-30,2023-05-06,2022,2022-23,31,TRUE
Region 8,202319,68,10,0,0,0,0,1,13,0,2023,19,2023-05-07,2023-05-13,2022,2022-23,32,TRUE
Region 8,202320,61,7,0,0,0,0,0,7,0,2023,20,2023-05-14,2023-05-20,2022,2022-23,33,TRUE
Region 8,202321,53,3,0,0,0,0,0,7,0,2023,21,2023-05-21,2023-05-27,2022,2022-23,34,TRUE
Region 8,202322,47,8,0,0,0,0,1,7,0,2023,22,2023-05-28,2023-06-03,2022,2022-23,35,TRUE
Region 8,202323,35,1,0,0,0,0,0,7,0,2023,23,2023-06-04,2023-06-10,2022,2022-23,36,TRUE
Region 8,202324,35,5,1,0,0,0,0,2,0,2023,24,2023-06-11,2023-06-17,2022,2022-23,37,TRUE
Region 8,202325,21,1,0,0,0,0,1,1,0,2023,25,2023-06-18,2023-06-24,2022,2022-23,38,TRUE
Region 8,202326,25,2,1,0,0,0,1,3,0,2023,26,2023-06-25,2023-07-01,2022,2022-23,39,TRUE
Region 8,202327,25,4,0,0,0,0,0,2,0,2023,27,2023-07-02,2023-07-08,2022,2022-23,40,TRUE
Region 8,202328,32,2,0,1,0,0,0,1,0,2023,28,2023-07-09,2023-07-15,2022,2022-23,41,TRUE
Region 8,202329,34,1,0,0,0,0,1,1,0,2023,29,2023-07-16,2023-07-22,2022,2022-23,42,TRUE
Region 8,202330,19,1,1,0,0,0,0,1,0,2023,30,2023-07-23,2023-07-29,2022,2022-23,43,TRUE
Region 8,202331,22,3,0,1,0,0,0,2,0,2023,31,2023-07-30,2023-08-05,2022,2022-23,44,TRUE
Region 8,202332,26,1,1,1,0,0,0,1,0,2023,32,2023-08-06,2023-08-12,2022,2022-23,45,TRUE
Region 8,202333,24,0,1,0,0,0,0,0,0,2023,33,2023-08-13,2023-08-19,2022,2022-23,46,TRUE
Region 8,202334,30,1,0,0,0,0,0,1,0,2023,34,2023-08-20,2023-08-26,2022,2022-23,47,TRUE
Region 8,202335,33,0,0,1,0,0,0,0,0,2023,35,2023-08-27,2023-09-02,2022,2022-23,48,TRUE
Region 8,202336,54,2,1,4,0,0,0,1,0,2023,36,2023-09-03,2023-09-09,2022,2022-23,49,TRUE
Region 8,202337,68,3,0,0,0,0,0,1,0,2023,37,2023-09-10,2023-09-16,2022,2022-23,50,TRUE
Region 8,202338,63,4,0,1,0,0,0,0,0,2023,38,2023-09-17,2023-09-23,2022,2022-23,51,TRUE
Region 8,202339,80,6,0,0,0,0,0,0,0,2023,39,2023-09-24,2023-09-30,2022,2022-23,52,TRUE
Region 8,202340,80,8,1,3,0,0,0,3,0,2023,40,2023-10-01,2023-10-07,2023,2023-24,1,TRUE
Region 8,202341,77,10,0,2,0,0,0,2,0,2023,41,2023-10-08,2023-10-14,2023,2023-24,2,TRUE
Region 8,202342,47,5,1,0,0,0,0,4,0,2023,42,2023-10-15,2023-10-21,2023,2023-24,3,TRUE
Region 8,202343,59,12,4,0,0,0,0,3,0,2023,43,2023-10-22,2023-10-28,2023,2023-24,4,TRUE
Region 8,202344,79,20,1,0,0,0,0,2,0,2023,44,2023-10-29,2023-11-04,2023,2023-24,5,TRUE
Region 8,202345,83,20,3,0,0,0,1,7,0,2023,45,2023-11-05,2023-11-11,2023,2023-24,6,TRUE
Region 8,202346,124,38,8,0,0,0,4,13,0,2023,46,2023-11-12,2023-11-18,2023,2023-24,7,TRUE
Region 8,202347,108,42,9,4,0,0,0,18,0,2023,47,2023-11-19,2023-11-25,2023,2023-24,8,TRUE
Region 8,202348,178,77,8,5,0,0,1,34,0,2023,48,2023-11-26,2023-12-02,2023,2023-24,9,TRUE
Region 8,202349,192,71,17,5,0,0,2,45,0,2023,49,2023-12-03,2023-12-09,2023,2023-24,10,TRUE
Region 8,202350,237,97,37,2,0,0,6,66,0,2023,50,2023-12-10,2023-12-16,2023,2023-24,11,TRUE
Region 8,202351,230,115,28,4,0,0,3,42,0,2023,51,2023-12-17,2023-12-23,2023,2023-24,12,TRUE
Region 8,202352,240,91,33,7,0,0,2,54,0,2023,52,2023-12-24,2023-12-30,2023,2023-24,13,TRUE
Region 8,202401,255,96,42,7,0,0,6,58,0,2024,1,2023-12-31,2024-01-06,2023,2023-24,14,TRUE
Region 8,202402,210,76,30,1,0,0,2,42,0,2024,2,2024-01-07,2024-01-13,2023,2023-24,15,TRUE
Region 8,202403,175,55,35,1,0,0,0,38,0,2024,3,2024-01-14,2024-01-20,2023,2023-24,16,TRUE
Region 8,202404,210,55,50,2,0,0,1,42,0,2024,4,2024-01-21,2024-01-27,2023,2023-24,17,TRUE
Region 8,202405,205,53,39,4,0,0,2,51,0,2024,5,2024-01-28,2024-02-03,2023,2023-24,18,TRUE
Region 8,202406,199,30,48,5,0,0,5,66,0,2024,6,2024-02-04,2024-02-10,2023,2023-24,19,TRUE
Region 8,202407,191,32,36,1,0,0,4,69,0,2024,7,2024-02-11,2024-02-17,2023,2023-24,20,TRUE
Region 8,202408,180,31,43,3,0,0,3,58,0,2024,8,2024-02-18,2024-02-24,2023,2023-24,21,TRUE
Region 8,202409,146,26,41,0,0,0,2,58,0,2024,9,2024-02-25,2024-03-02,2023,2023-24,22,TRUE
Region 8,202410,177,31,43,9,0,0,3,60,0,2024,10,2024-03-03,2024-03-09,2023,2023-24,23,TRUE
Region 8,202411,143,21,39,1,0,0,0,58,0,2024,11,2024-03-10,2024-03-16,2023,2023-24,24,TRUE
Region 8,202412,137,24,29,14,0,0,1,53,0,2024,12,2024-03-17,2024-03-23,2023,2023-24,25,TRUE
Region 8,202413,121,20,23,10,0,0,0,41,0,2024,13,2024-03-24,2024-03-30,2023,2023-24,26,TRUE
Region 8,202414,111,15,33,0,0,0,3,48,0,2024,14,2024-03-31,2024-04-06,2023,2023-24,27,TRUE
Region 8,202415,96,15,24,1,0,0,0,36,0,2024,15,2024-04-07,2024-04-13,2023,2023-24,28,TRUE
Region 8,202416,98,15,36,1,0,0,1,25,0,2024,16,2024-04-14,2024-04-20,2023,2023-24,29,TRUE
Region 8,202417,49,9,11,0,0,0,0,15,0,2024,17,2024-04-21,2024-04-27,2023,2023-24,30,TRUE
Region 8,202418,46,8,7,0,0,0,1,15,0,2024,18,2024-04-28,2024-05-04,2023,2023-24,31,TRUE
Region 8,202419,68,9,16,3,0,0,1,6,0,2024,19,2024-05-05,2024-05-11,2023,2023-24,32,TRUE
Region 8,202420,34,8,11,3,0,0,1,2,0,2024,20,2024-05-12,2024-05-18,2023,2023-24,33,TRUE
Region 8,202421,38,7,16,0,0,0,0,1,0,2024,21,2024-05-19,2024-05-25,2023,2023-24,34,TRUE
Region 8,202422,44,14,17,0,0,0,0,0,0,2024,22,2024-05-26,2024-06-01,2023,2023-24,35,TRUE
Region 8,202423,44,6,21,0,0,0,0,3,0,2024,23,2024-06-02,2024-06-08,2023,2023-24,36,TRUE
Region 8,202424,50,15,18,0,0,0,0,0,0,2024,24,2024-06-09,2024-06-15,2023,2023-24,37,TRUE
Region 8,202425,54,10,14,0,0,0,1,0,0,2024,25,2024-06-16,2024-06-22,2023,2023-24,38,TRUE
Region 8,202426,40,6,8,0,0,0,0,0,0,2024,26,2024-06-23,2024-06-29,2023,2023-24,39,TRUE
Region 8,202427,33,12,13,0,0,0,0,1,0,2024,27,2024-06-30,2024-07-06,2023,2023-24,40,TRUE
Region 8,202428,122,12,6,4,1,8,0,0,0,2024,28,2024-07-07,2024-07-13,2023,2023-24,41,TRUE
Region 8,202429,118,7,4,4,0,2,0,0,0,2024,29,2024-07-14,2024-07-20,2023,2023-24,42,TRUE
Region 8,202430,78,5,4,0,0,1,0,1,0,2024,30,2024-07-21,2024-07-27,2023,2023-24,43,TRUE
Region 8,202431,26,6,8,0,0,0,0,0,0,2024,31,2024-07-28,2024-08-03,2023,2023-24,44,TRUE
Region 8,202432,24,6,10,0,0,0,0,0,0,2024,32,2024-08-04,2024-08-10,2023,2023-24,45,TRUE
Region 8,202433,19,4,5,0,0,0,0,0,0,2024,33,2024-08-11,2024-08-17,2023,2023-24,46,TRUE
Region 8,202434,29,4,5,0,0,0,0,0,0,2024,34,2024-08-18,2024-08-24,2023,2023-24,47,TRUE
Region 8,202435,23,1,1,0,0,0,0,0,0,2024,35,2024-08-25,2024-08-31,2023,2023-24,48,TRUE
Region 8,202436,23,5,2,0,0,0,0,0,0,2024,36,2024-09-01,2024-09-07,2023,2023-24,49,TRUE
Region 8,202437,30,5,2,0,0,0,0,1,0,2024,37,2024-09-08,2024-09-14,2023,2023-24,50,TRUE
Region 8,202438,25,7,5,0,0,0,0,0,0,2024,38,2024-09-15,2024-09-21,2023,2023-24,51,TRUE
Region 8,202439,25,11,3,0,0,0,0,0,0,2024,39,2024-09-22,2024-09-28,2023,2023-24,52,TRUE
Region 8,202440,43,9,6,0,0,0,0,0,0,2024,40,2024-09-29,2024-10-05,2024,2024-25,1,TRUE
Region 8,202441,55,9,11,0,0,0,0,1,0,2024,41,2024-10-06,2024-10-12,2024,2024-25,2,TRUE
Region 8,202442,98,9,15,0,0,0,0,0,0,2024,42,2024-10-13,2024-10-19,2024,2024-25,3,TRUE
Region 8,202443,114,12,23,0,0,0,0,1,0,2024,43,2024-10-20,2024-10-26,2024,2024-25,4,TRUE
Region 8,202444,118,17,34,0,0,0,0,2,0,2024,44,2024-10-27,2024-11-02,2024,2024-25,5,TRUE
Region 8,202445,102,10,38,1,0,0,0,0,0,2024,45,2024-11-03,2024-11-09,2024,2024-25,6,TRUE
Region 8,202446,99,12,48,5,0,0,2,0,0,2024,46,2024-11-10,2024-11-16,2024,2024-25,7,TRUE
Region 8,202447,108,14,40,5,0,0,2,0,0,2024,47,2024-11-17,2024-11-23,2024,2024-25,8,TRUE
Region 8,202448,133,31,57,4,0,0,1,0,0,2024,48,2024-11-24,2024-11-30,2024,2024-25,9,TRUE
Region 8,202449,172,36,80,7,0,0,1,0,0,2024,49,2024-12-01,2024-12-07,2024,2024-25,10,TRUE
Region 8,202450,226,51,97,9,0,0,1,0,0,2024,50,2024-12-08,2024-12-14,2024,2024-25,11,TRUE
Region 8,202451,263,56,121,11,0,0,0,0,0,2024,51,2024-12-15,2024-12-21,2024,2024-25,12,TRUE
Region 8,202452,256,72,112,15,0,0,1,1,0,2024,52,2024-12-22,2024-12-28,2024,2024-25,13,TRUE
Region 8,202501,300,85,122,21,0,0,0,0,0,2025,1,2024-12-29,2025-01-04,2024,2024-25,14,TRUE
Region 8,202502,315,76,95,11,0,0,0,0,0,2025,2,2025-01-05,2025-01-11,2024,2024-25,15,TRUE
Region 8,202503,328,122,76,15,0,0,3,2,0,2025,3,2025-01-12,2025-01-18,2024,2024-25,16,TRUE
Region 8,202504,397,181,109,18,0,0,7,0,0,2025,4,2025-01-19,2025-01-25,2024,2024-25,17,TRUE
Region 8,202505,513,240,108,22,0,0,1,1,0,2025,5,2025-01-26,2025-02-01,2024,2024-25,18,TRUE
Region 8,202506,582,264,123,28,0,0,2,2,0,2025,6,2025-02-02,2025-02-08,2024,2024-25,19,TRUE
Region 8,202507,444,177,96,20,0,0,4,5,0,2025,7,2025-02-09,2025-02-15,2024,2024-25,20,TRUE
Region 8,202508,407,170,82,33,0,0,4,5,0,2025,8,2025-02-16,2025-02-22,2024,2024-25,21,TRUE
Region 8,202509,359,124,65,19,0,0,5,6,0,2025,9,2025-02-23,2025-03-01,2024,2024-25,22,TRUE
Region 8,202510,293,86,54,7,0,0,3,1,0,2025,10,2025-03-02,2025-03-08,2024,2024-25,23,TRUE
Region 8,202511,242,71,52,1,0,0,1,0,0,2025,11,2025-03-09,2025-03-15,2024,2024-25,24,TRUE
Region 8,202512,196,52,26,2,0,0,0,2,0,2025,12,2025-03-16,2025-03-22,2024,2024-25,25,TRUE
Region 8,202513,172,54,15,0,0,0,2,4,0,2025,13,2025-03-23,2025-03-29,2024,2024-25,26,TRUE
Region 8,202514,137,51,14,0,0,0,7,6,0,2025,14,2025-03-30,2025-04-05,2024,2024-25,27,TRUE
Region 8,202515,122,52,13,3,0,0,5,4,0,2025,15,2025-04-06,2025-04-12,2024,2024-25,28,TRUE
Region 8,202516,77,22,6,4,0,0,7,4,0,2025,16,2025-04-13,2025-04-19,2024,2024-25,29,TRUE
Region 8,202517,84,27,5,8,0,0,3,0,0,2025,17,2025-04-20,2025-04-26,2024,2024-25,30,TRUE
Region 8,202518,58,8,4,1,0,0,2,7,0,2025,18,2025-04-27,2025-05-03,2024,2024-25,31,TRUE
Region 8,202519,58,10,1,0,0,0,2,17,0,2025,19,2025-05-04,2025-05-10,2024,2024-25,32,TRUE
Region 8,202520,38,6,1,0,0,0,1,4,0,2025,20,2025-05-11,2025-05-17,2024,2024-25,33,TRUE
Region 8,202521,37,3,0,0,0,0,1,0,0,2025,21,2025-05-18,2025-05-24,2024,2024-25,34,TRUE
Region 8,202522,37,3,2,0,0,0,4,7,0,2025,22,2025-05-25,2025-05-31,2024,2024-25,35,TRUE
Region 8,202523,35,6,3,0,0,0,1,7,0,2025,23,2025-06-01,2025-06-07,2024,2024-25,36,TRUE
Region 8,202524,33,5,0,0,0,0,3,3,0,2025,24,2025-06-08,2025-06-14,2024,2024-25,37,TRUE
Region 8,202525,26,5,2,0,0,0,2,1,0,2025,25,2025-06-15,2025-06-21,2024,2024-25,38,TRUE
Region 8,202526,23,5,1,0,0,0,0,2,0,2025,26,2025-06-22,2025-06-28,2024,2024-25,39,TRUE
Region 8,202527,21,1,2,0,0,0,0,1,0,2025,27,2025-06-29,2025-07-05,2024,2024-25,40,TRUE
Region 8,202528,17,1,0,0,0,0,0,0,0,2025,28,2025-07-06,2025-07-12,2024,2024-25,41,TRUE
Region 8,202529,10,2,0,0,0,0,0,0,0,2025,29,2025-07-13,2025-07-19,2024,2024-25,42,TRUE
Region 8,202530,9,1,0,0,0,0,0,0,0,2025,30,2025-07-20,2025-07-26,2024,2024-25,43,TRUE
Region 8,202531,22,1,1,0,0,0,0,0,0,2025,31,2025-07-27,2025-08-02,2024,2024-25,44,TRUE
Region 8,202532,24,4,1,0,0,0,0,0,0,2025,32,2025-08-03,2025-08-09,2024,2024-25,45,TRUE
Region 8,202533,30,4,1,0,0,0,0,0,0,2025,33,2025-08-10,2025-08-16,2024,2024-25,46,TRUE
Region 8,202534,29,3,1,0,0,0,0,0,0,2025,34,2025-08-17,2025-08-23,2024,2024-25,47,TRUE
Region 8,202535,31,4,1,0,0,0,0,0,0,2025,35,2025-08-24,2025-08-30,2024,2024-25,48,TRUE
Region 8,202536,40,1,3,1,0,0,0,0,0,2025,36,2025-08-31,2025-09-06,2024,2024-25,49,TRUE
Region 8,202537,44,3,2,0,0,0,0,0,0,2025,37,2025-09-07,2025-09-13,2024,2024-25,50,TRUE
Region 8,202538,44,1,3,0,0,0,0,0,0,2025,38,2025-09-14,2025-09-20,2024,2024-25,51,TRUE
Region 8,202539,47,3,1,0,0,0,0,0,0,2025,39,2025-09-21,2025-09-27,2024,2024-25,52,TRUE
Region 8,202540,46,7,4,1,0,0,0,2,0,2025,40,2025-09-28,2025-10-04,2025,2025-26,1,TRUE
Region 8,202541,62,9,6,0,0,0,0,0,0,2025,41,2025-10-05,2025-10-11,2025,2025-26,2,TRUE
Region 8,202542,75,8,13,0,0,0,0,1,0,2025,42,2025-10-12,2025-10-18,2025,2025-26,3,TRUE
Region 8,202543,69,8,7,2,0,0,0,0,0,2025,43,2025-10-19,2025-10-25,2025,2025-26,4,TRUE
Region 8,202544,100,7,22,0,0,0,0,1,0,2025,44,2025-10-26,2025-11-01,2025,2025-26,5,TRUE
Region 8,202545,121,5,55,1,0,0,2,0,0,2025,45,2025-11-02,2025-11-08,2025,2025-26,6,TRUE
Region 8,202546,105,21,52,0,0,0,0,1,0,2025,46,2025-11-09,2025-11-15,2025,2025-26,7,TRUE
Region 8,202547,139,16,70,0,0,0,2,1,0,2025,47,2025-11-16,2025-11-22,2025,2025-26,8,TRUE
Region 8,202548,169,16,100,4,0,0,4,1,0,2025,48,2025-11-23,2025-11-29,2025,2025-26,9,TRUE
Region 8,202549,264,19,146,4,0,0,5,1,0,2025,49,2025-11-30,2025-12-06,2025,2025-26,10,TRUE
Region 8,202550,290,15,202,1,0,0,7,3,0,2025,50,2025-12-07,2025-12-13,2025,2025-26,11,TRUE
Region 8,202551,369,20,267,2,0,0,12,2,0,2025,51,2025-12-14,2025-12-20,2025,2025-26,12,TRUE
Region 8,202552,362,27,271,6,0,0,22,4,0,2025,52,2025-12-21,2025-12-27,2025,2025-26,13,TRUE
Region 8,202553,389,20,287,3,0,0,24,4,0,2025,53,2025-12-28,2026-01-03,2025,2025-26,14,TRUE
Region 8,202601,303,14,188,7,0,0,19,4,0,2026,1,2026-01-04,2026-01-10,2025,2025-26,15,TRUE
Region 8,202602,247,17,151,4,0,0,11,5,0,2026,2,2026-01-11,2026-01-17,2025,2025-26,16,TRUE
Region 8,202603,235,11,160,0,0,0,12,7,0,2026,3,2026-01-18,2026-01-24,2025,2025-26,17,TRUE
Region 8,202604,242,9,136,3,0,0,19,18,0,2026,4,2026-01-25,2026-01-31,2025,2025-26,18,TRUE
Region 8,202605,281,13,134,3,0,0,26,30,0,2026,5,2026-02-01,2026-02-07,2025,2025-26,19,TRUE
Region 8,202606,317,8,100,3,0,0,51,40,0,2026,6,2026-02-08,2026-02-14,2025,2025-26,20,TRUE
Region 8,202607,210,9,69,0,0,0,49,32,0,2026,7,2026-02-15,2026-02-21,2025,2025-26,21,TRUE
Region 8,202608,200,12,53,1,0,0,43,35,0,2026,8,2026-02-22,2026-02-28,2025,2025-26,22,TRUE
Region 8,202609,230,7,49,1,0,0,58,40,0,2026,9,2026-03-01,2026-03-07,2025,2025-26,23,TRUE
Region 8,202610,180,3,25,0,0,0,50,48,0,2026,10,2026-03-08,2026-03-14,2025,2025-26,24,TRUE
Region 8,202611,179,6,23,1,0,0,46,45,0,2026,11,2026-03-15,2026-03-21,2025,2025-26,25,TRUE
Region 8,202612,163,5,14,0,0,0,33,50,0,2026,12,2026-03-22,2026-03-28,2025,2025-26,26,TRUE
Region 8,202613,139,9,6,0,0,0,32,35,0,2026,13,2026-03-29,2026-04-04,2025,2025-26,27,TRUE
Region 8,202614,139,3,7,0,0,0,35,34,0,2026,14,2026-04-05,2026-04-11,2025,2025-26,28,TRUE
Region 8,202615,124,5,4,0,0,0,26,35,0,2026,15,2026-04-12,2026-04-18,2025,2025-26,29,TRUE
Region 8,202616,109,3,3,0,0,0,29,19,0,2026,16,2026-04-19,2026-04-25,2025,2025-26,30,TRUE
Region 8,202617,83,3,1,0,0,0,9,25,0,2026,17,2026-04-26,2026-05-02,2025,2025-26,31,TRUE
Region 8,202618,73,2,1,0,0,0,5,24,0,2026,18,2026-05-03,2026-05-09,2025,2025-26,32,TRUE
Region 8,202619,62,3,1,0,0,0,3,21,0,2026,19,2026-05-10,2026-05-16,2025,2025-26,33,TRUE
Region 8,202620,42,1,0,0,0,0,3,16,0,2026,20,2026-05-17,2026-05-23,2025,2025-26,34,TRUE
Region 8,202621,38,0,0,0,0,0,1,10,0,2026,21,2026-05-24,2026-05-30,2025,2025-26,35,TRUE
Region 8,202622,28,1,0,0,0,0,1,3,0,2026,22,2026-05-31,2026-06-06,2025,2025-26,36,TRUE
Region 8,202623,33,2,1,0,0,0,0,2,0,2026,23,2026-06-07,2026-06-13,2025,2025-26,37,TRUE
Region 8,202624,20,1,1,0,0,0,0,1,0,2026,24,2026-06-14,2026-06-20,2025,2025-26,38,TRUE
Region 8,202625,28,0,1,0,0,0,0,1,0,2026,25,2026-06-21,2026-06-27,2025,2025-26,39,TRUE
Region 8,202626,53,1,5,0,0,0,1,0,0,2026,26,2026-06-28,2026-07-04,2025,2025-26,40,TRUE
Region 8,202627,59,2,0,0,0,0,0,3,0,2026,27,2026-07-05,2026-07-11,2025,2025-26,41,TRUE
Region 8,202628,46,2,2,0,0,0,0,1,0,2026,28,2026-07-12,2026-07-18,2025,2025-26,42,TRUE
Region 8,202629,51,2,1,0,0,0,0,0,0,2026,29,2026-07-19,2026-07-25,2025,2025-26,43,TRUE
Region 8,202630,38,0,0,0,0,0,0,0,0,2026,30,2026-07-26,2026-08-01,2025,2025-26,44,TRUE
Region 8,202631,18,1,0,0,0,0,0,0,0,2026,31,2026-08-02,2026-08-08,2025,2025-26,45,TRUE
Region 8,202632,23,3,0,0,0,0,0,0,0,2026,32,2026-08-09,2026-08-15,2025,2025-26,46,TRUE
Region 8,202633,19,5,2,0,0,0,0,0,0,2026,33,2026-08-16,2026-08-22,2025,2025-26,47,TRUE
Region 8,202634,37,6,3,1,0,0,0,0,0,2026,34,2026-08-23,2026-08-29,2025,2025-26,48,TRUE
Region 8,202635,29,6,0,0,0,0,0,1,0,2026,35,2026-08-30,2026-09-05,2025,2025-26,49,TRUE
Region 8,202636,42,19,1,0,0,0,0,0,0,2026,36,2026-09-06,2026-09-12,2025,2025-26,50,TRUE
Region 8,202637,41,16,2,1,0,0,1,1,0,2026,37,2026-09-13,2026-09-19,2025,2025-26,51,TRUE
Region 8,202638,26,9,0,0,0,0,0,0,0,2026,38,2026-09-20,2026-09-26,2025,2025-26,52,TRUE
Region 9,201940,163,8,14,20,0,0,2,16,0,2019,40,2019-09-29,2019-10-05,2019,2019-20,1,FALSE
Region 9,201941,205,9,20,20,0,0,3,20,0,2019,41,2019-10-06,2019-10-12,2019,2019-20,2,FALSE
Region 9,201942,237,13,19,23,0,0,1,28,1,2019,42,2019-10-13,2019-10-19,2019,2019-20,3,FALSE
Region 9,201943,320,17,25,47,0,0,4,20,2,2019,43,2019-10-20,2019-10-26,2019,2019-20,4,FALSE
Region 9,201944,364,22,13,81,0,0,9,45,0,2019,44,2019-10-27,2019-11-02,2019,2019-20,5,FALSE
Region 9,201945,799,56,27,200,0,0,32,107,2,2019,45,2019-11-03,2019-11-09,2019,2019-20,6,FALSE
Region 9,201946,715,53,16,142,0,0,40,119,5,2019,46,2019-11-10,2019-11-16,2019,2019-20,7,FALSE
Region 9,201947,828,89,21,167,0,0,73,106,3,2019,47,2019-11-17,2019-11-23,2019,2019-20,8,FALSE
Region 9,201948,592,105,14,85,0,0,37,104,2,2019,48,2019-11-24,2019-11-30,2019,2019-20,9,FALSE
Region 9,201949,826,156,15,84,0,0,33,166,6,2019,49,2019-12-01,2019-12-07,2019,2019-20,10,FALSE
Region 9,201950,718,162,13,36,0,0,68,154,5,2019,50,2019-12-08,2019-12-14,2019,2019-20,11,FALSE
Region 9,201951,738,205,8,37,0,0,20,197,2,2019,51,2019-12-15,2019-12-21,2019,2019-20,12,FALSE
Region 9,201952,855,281,20,16,0,0,101,215,2,2019,52,2019-12-22,2019-12-28,2019,2019-20,13,FALSE
Region 9,202001,840,320,26,26,0,0,11,237,2,2020,1,2019-12-29,2020-01-04,2019,2019-20,14,FALSE
Region 9,202002,986,365,22,18,0,0,16,248,1,2020,2,2020-01-05,2020-01-11,2019,2019-20,15,FALSE
Region 9,202003,981,434,23,23,0,0,37,244,2,2020,3,2020-01-12,2020-01-18,2019,2019-20,16,FALSE
Region 9,202004,858,383,19,17,0,0,19,153,2,2020,4,2020-01-19,2020-01-25,2019,2019-20,17,FALSE
Region 9,202005,1090,511,23,28,0,0,41,183,3,2020,5,2020-01-26,2020-02-01,2019,2019-20,18,FALSE
Region 9,202006,1031,500,18,17,0,0,46,142,1,2020,6,2020-02-02,2020-02-08,2019,2019-20,19,FALSE
Region 9,202007,869,400,4,65,0,0,36,107,1,2020,7,2020-02-09,2020-02-15,2019,2019-20,20,FALSE
Region 9,202008,669,310,9,38,0,0,16,67,0,2020,8,2020-02-16,2020-02-22,2019,2019-20,21,FALSE
Region 9,202009,552,236,8,19,0,0,11,62,1,2020,9,2020-02-23,2020-02-29,2019,2019-20,22,FALSE
Region 9,202010,641,300,12,10,0,0,3,58,0,2020,10,2020-03-01,2020-03-07,2019,2019-20,23,FALSE
Region 9,202011,608,200,12,12,0,0,15,44,0,2020,11,2020-03-08,2020-03-14,2019,2019-20,24,FALSE
Region 9,202012,600,84,5,9,0,0,5,26,0,2020,12,2020-03-15,2020-03-21,2019,2019-20,25,FALSE
Region 9,202013,414,40,1,4,0,0,7,5,2,2020,13,2020-03-22,2020-03-28,2019,2019-20,26,FALSE
Region 9,202014,266,8,0,3,0,0,0,2,0,2020,14,2020-03-29,2020-04-04,2019,2019-20,27,FALSE
Region 9,202015,199,0,0,2,0,0,1,0,0,2020,15,2020-04-05,2020-04-11,2019,2019-20,28,FALSE
Region 9,202016,184,0,0,0,0,0,0,2,0,2020,16,2020-04-12,2020-04-18,2019,2019-20,29,FALSE
Region 9,202017,209,1,0,0,0,0,2,0,0,2020,17,2020-04-19,2020-04-25,2019,2019-20,30,FALSE
Region 9,202018,175,0,0,1,0,0,0,1,0,2020,18,2020-04-26,2020-05-02,2019,2019-20,31,FALSE
Region 9,202019,129,0,0,0,0,0,0,0,0,2020,19,2020-05-03,2020-05-09,2019,2019-20,32,FALSE
Region 9,202020,90,0,0,0,0,0,2,0,0,2020,20,2020-05-10,2020-05-16,2019,2019-20,33,FALSE
Region 9,202021,75,0,0,1,0,0,0,0,0,2020,21,2020-05-17,2020-05-23,2019,2019-20,34,FALSE
Region 9,202022,81,0,0,1,0,0,1,0,0,2020,22,2020-05-24,2020-05-30,2019,2019-20,35,FALSE
Region 9,202023,72,0,0,0,0,0,2,0,0,2020,23,2020-05-31,2020-06-06,2019,2019-20,36,FALSE
Region 9,202024,59,0,0,1,0,0,3,0,0,2020,24,2020-06-07,2020-06-13,2019,2019-20,37,FALSE
Region 9,202025,64,0,0,0,0,0,0,0,0,2020,25,2020-06-14,2020-06-20,2019,2019-20,38,FALSE
Region 9,202026,67,0,0,3,0,0,0,0,0,2020,26,2020-06-21,2020-06-27,2019,2019-20,39,FALSE
Region 9,202027,49,0,0,0,1,0,0,0,0,2020,27,2020-06-28,2020-07-04,2019,2019-20,40,FALSE
Region 9,202028,83,0,0,1,0,0,1,0,0,2020,28,2020-07-05,2020-07-11,2019,2019-20,41,FALSE
Region 9,202029,90,0,0,0,0,0,0,0,0,2020,29,2020-07-12,2020-07-18,2019,2019-20,42,FALSE
Region 9,202030,120,0,0,2,0,0,0,0,0,2020,30,2020-07-19,2020-07-25,2019,2019-20,43,FALSE
Region 9,202031,80,0,0,0,0,0,0,0,0,2020,31,2020-07-26,2020-08-01,2019,2019-20,44,FALSE
Region 9,202032,73,0,0,0,0,0,0,0,0,2020,32,2020-08-02,2020-08-08,2019,2019-20,45,FALSE
Region 9,202033,22,0,0,0,0,0,1,0,0,2020,33,2020-08-09,2020-08-15,2019,2019-20,46,FALSE
Region 9,202034,55,0,0,0,0,0,0,0,0,2020,34,2020-08-16,2020-08-22,2019,2019-20,47,FALSE
Region 9,202035,57,0,0,0,0,0,0,0,0,2020,35,2020-08-23,2020-08-29,2019,2019-20,48,FALSE
Region 9,202036,44,0,0,0,0,0,0,0,0,2020,36,2020-08-30,2020-09-05,2019,2019-20,49,FALSE
Region 9,202037,20,0,0,0,0,0,0,0,0,2020,37,2020-09-06,2020-09-12,2019,2019-20,50,FALSE
Region 9,202038,43,0,0,0,0,0,0,0,0,2020,38,2020-09-13,2020-09-19,2019,2019-20,51,FALSE
Region 9,202039,454,0,0,0,0,0,0,0,0,2020,39,2020-09-20,2020-09-26,2019,2019-20,52,FALSE
Region 9,202040,6810,0,0,1,0,0,2,0,0,2020,40,2020-09-27,2020-10-03,2020,2020-21,1,FALSE
Region 9,202041,6799,0,0,0,0,0,2,0,0,2020,41,2020-10-04,2020-10-10,2020,2020-21,2,FALSE
Region 9,202042,5316,0,0,1,0,0,2,0,0,2020,42,2020-10-11,2020-10-17,2020,2020-21,3,FALSE
Region 9,202043,8429,0,1,9,0,0,1,0,0,2020,43,2020-10-18,2020-10-24,2020,2020-21,4,FALSE
Region 9,202044,8238,0,0,3,0,0,11,0,0,2020,44,2020-10-25,2020-10-31,2020,2020-21,5,FALSE
Region 9,202045,10177,0,0,1,0,0,2,0,0,2020,45,2020-11-01,2020-11-07,2020,2020-21,6,FALSE
Region 9,202046,13133,0,0,1,0,0,1,0,0,2020,46,2020-11-08,2020-11-14,2020,2020-21,7,FALSE
Region 9,202047,6146,0,0,0,0,0,1,0,0,2020,47,2020-11-15,2020-11-21,2020,2020-21,8,FALSE
Region 9,202048,3364,0,0,3,0,0,0,0,0,2020,48,2020-11-22,2020-11-28,2020,2020-21,9,FALSE
Region 9,202049,5154,0,0,1,0,0,0,0,2,2020,49,2020-11-29,2020-12-05,2020,2020-21,10,FALSE
Region 9,202050,5028,0,0,2,0,0,0,0,0,2020,50,2020-12-06,2020-12-12,2020,2020-21,11,FALSE
Region 9,202051,4488,0,0,1,0,0,0,0,0,2020,51,2020-12-13,2020-12-19,2020,2020-21,12,FALSE
Region 9,202052,2827,0,0,0,0,0,0,0,0,2020,52,2020-12-20,2020-12-26,2020,2020-21,13,FALSE
Region 9,202053,2613,0,0,0,0,0,0,0,0,2020,53,2020-12-27,2021-01-02,2020,2020-21,14,FALSE
Region 9,202101,3574,0,0,1,0,0,1,0,0,2021,1,2021-01-03,2021-01-09,2020,2020-21,15,FALSE
Region 9,202102,2764,0,1,3,0,0,2,0,0,2021,2,2021-01-10,2021-01-16,2020,2020-21,16,FALSE
Region 9,202103,2254,0,0,0,0,0,0,0,0,2021,3,2021-01-17,2021-01-23,2020,2020-21,17,FALSE
Region 9,202104,1759,0,0,2,0,0,1,0,0,2021,4,2021-01-24,2021-01-30,2020,2020-21,18,FALSE
Region 9,202105,2073,0,0,1,0,0,1,0,0,2021,5,2021-01-31,2021-02-06,2020,2020-21,19,FALSE
Region 9,202106,1729,0,0,1,0,0,0,0,0,2021,6,2021-02-07,2021-02-13,2020,2020-21,20,FALSE
Region 9,202107,1740,0,0,1,0,0,1,0,0,2021,7,2021-02-14,2021-02-20,2020,2020-21,21,FALSE
Region 9,202108,2577,0,0,0,0,0,2,0,0,2021,8,2021-02-21,2021-02-27,2020,2020-21,22,FALSE
Region 9,202109,2250,0,0,0,0,0,0,0,0,2021,9,2021-02-28,2021-03-06,2020,2020-21,23,FALSE
Region 9,202110,1871,0,0,0,0,0,0,0,0,2021,10,2021-03-07,2021-03-13,2020,2020-21,24,FALSE
Region 9,202111,1908,0,0,0,0,0,0,0,0,2021,11,2021-03-14,2021-03-20,2020,2020-21,25,FALSE
Region 9,202112,2372,0,0,0,0,0,0,0,0,2021,12,2021-03-21,2021-03-27,2020,2020-21,26,FALSE
Region 9,202113,2255,0,0,0,0,0,0,0,0,2021,13,2021-03-28,2021-04-03,2020,2020-21,27,FALSE
Region 9,202114,2155,0,0,0,0,0,0,0,0,2021,14,2021-04-04,2021-04-10,2020,2020-21,28,FALSE
Region 9,202115,2186,0,0,0,0,0,0,0,0,2021,15,2021-04-11,2021-04-17,2020,2020-21,29,FALSE
Region 9,202116,1893,0,0,0,0,0,0,0,0,2021,16,2021-04-18,2021-04-24,2020,2020-21,30,FALSE
Region 9,202117,1889,0,0,0,0,0,0,0,0,2021,17,2021-04-25,2021-05-01,2020,2020-21,31,FALSE
Region 9,202118,1814,0,0,0,0,0,0,0,0,2021,18,2021-05-02,2021-05-08,2020,2020-21,32,FALSE
Region 9,202119,1736,0,0,0,0,0,0,0,0,2021,19,2021-05-09,2021-05-15,2020,2020-21,33,FALSE
Region 9,202120,1769,0,0,0,0,0,0,0,0,2021,20,2021-05-16,2021-05-22,2020,2020-21,34,FALSE
Region 9,202121,1310,0,0,0,0,0,0,0,0,2021,21,2021-05-23,2021-05-29,2020,2020-21,35,FALSE
Region 9,202122,1205,1,0,0,0,0,0,0,0,2021,22,2021-05-30,2021-06-05,2020,2020-21,36,FALSE
Region 9,202123,1193,0,0,1,0,0,0,0,0,2021,23,2021-06-06,2021-06-12,2020,2020-21,37,FALSE
Region 9,202124,651,0,0,0,0,0,0,0,0,2021,24,2021-06-13,2021-06-19,2020,2020-21,38,FALSE
Region 9,202125,375,0,0,0,0,0,0,0,0,2021,25,2021-06-20,2021-06-26,2020,2020-21,39,FALSE
Region 9,202126,937,0,0,0,0,0,0,0,0,2021,26,2021-06-27,2021-07-03,2020,2020-21,40,FALSE
Region 9,202127,1050,0,0,0,0,0,0,0,0,2021,27,2021-07-04,2021-07-10,2020,2020-21,41,FALSE
Region 9,202128,2003,0,0,1,0,0,0,0,0,2021,28,2021-07-11,2021-07-17,2020,2020-21,42,FALSE
Region 9,202129,1822,0,2,0,0,0,0,0,0,2021,29,2021-07-18,2021-07-24,2020,2020-21,43,FALSE
Region 9,202130,2708,0,0,0,0,0,0,0,0,2021,30,2021-07-25,2021-07-31,2020,2020-21,44,FALSE
Region 9,202131,4663,0,0,0,0,0,0,0,0,2021,31,2021-08-01,2021-08-07,2020,2020-21,45,FALSE
Region 9,202132,6279,0,1,2,0,0,0,0,0,2021,32,2021-08-08,2021-08-14,2020,2020-21,46,FALSE
Region 9,202133,8386,0,0,2,0,0,1,0,0,2021,33,2021-08-15,2021-08-21,2020,2020-21,47,FALSE
Region 9,202134,10066,0,0,4,0,0,2,0,0,2021,34,2021-08-22,2021-08-28,2020,2020-21,48,FALSE
Region 9,202135,10769,0,0,0,0,0,1,1,0,2021,35,2021-08-29,2021-09-04,2020,2020-21,49,FALSE
Region 9,202136,7038,0,0,1,0,0,0,0,0,2021,36,2021-09-05,2021-09-11,2020,2020-21,50,FALSE
Region 9,202137,6978,0,0,1,0,0,0,0,0,2021,37,2021-09-12,2021-09-18,2020,2020-21,51,FALSE
Region 9,202138,6717,0,0,0,0,0,0,0,0,2021,38,2021-09-19,2021-09-25,2020,2020-21,52,FALSE
Region 9,202139,6239,0,1,0,0,0,0,1,1,2021,39,2021-09-26,2021-10-02,2020,2020-21,53,FALSE
Region 9,202140,8933,0,1,3,0,0,2,3,0,2021,40,2021-10-03,2021-10-09,2021,2021-22,1,FALSE
Region 9,202141,8466,0,2,0,0,0,2,1,0,2021,41,2021-10-10,2021-10-16,2021,2021-22,2,FALSE
Region 9,202142,6706,0,7,1,0,0,1,1,0,2021,42,2021-10-17,2021-10-23,2021,2021-22,3,FALSE
Region 9,202143,6711,0,5,1,0,0,2,1,0,2021,43,2021-10-24,2021-10-30,2021,2021-22,4,FALSE
Region 9,202144,5384,0,0,1,0,0,0,0,0,2021,44,2021-10-31,2021-11-06,2021,2021-22,5,FALSE
Region 9,202145,5506,0,6,2,0,0,0,0,0,2021,45,2021-11-07,2021-11-13,2021,2021-22,6,FALSE
Region 9,202146,4975,0,9,2,0,0,0,0,0,2021,46,2021-11-14,2021-11-20,2021,2021-22,7,FALSE
Region 9,202147,3311,0,22,3,0,0,0,0,0,2021,47,2021-11-21,2021-11-27,2021,2021-22,8,FALSE
Region 9,202148,4513,0,50,8,0,0,2,0,0,2021,48,2021-11-28,2021-12-04,2021,2021-22,9,FALSE
Region 9,202149,4252,0,67,43,0,0,0,0,0,2021,49,2021-12-05,2021-12-11,2021,2021-22,10,FALSE
Region 9,202150,3872,0,72,51,0,0,1,0,0,2021,50,2021-12-12,2021-12-18,2021,2021-22,11,FALSE
Region 9,202151,3889,0,56,25,0,0,1,0,0,2021,51,2021-12-19,2021-12-25,2021,2021-22,12,FALSE
Region 9,202152,5652,0,67,16,0,0,1,0,0,2021,52,2021-12-26,2022-01-01,2021,2021-22,13,FALSE
Region 9,202201,11535,0,74,19,0,0,1,0,0,2022,1,2022-01-02,2022-01-08,2021,2021-22,14,FALSE
Region 9,202202,13474,0,42,23,0,0,0,0,0,2022,2,2022-01-09,2022-01-15,2021,2021-22,15,FALSE
Region 9,202203,12920,0,26,8,0,0,0,0,0,2022,3,2022-01-16,2022-01-22,2021,2021-22,16,FALSE
Region 9,202204,10400,0,35,17,0,0,0,0,0,2022,4,2022-01-23,2022-01-29,2021,2021-22,17,FALSE
Region 9,202205,7162,0,27,25,0,0,1,0,0,2022,5,2022-01-30,2022-02-05,2021,2021-22,18,FALSE
Region 9,202206,8176,0,59,32,0,0,0,0,0,2022,6,2022-02-06,2022-02-12,2021,2021-22,19,FALSE
Region 9,202207,5922,0,46,15,0,0,0,0,0,2022,7,2022-02-13,2022-02-19,2021,2021-22,20,FALSE
Region 9,202208,4741,0,42,10,0,0,0,0,0,2022,8,2022-02-20,2022-02-26,2021,2021-22,21,FALSE
Region 9,202209,4640,0,57,8,0,0,2,0,0,2022,9,2022-02-27,2022-03-05,2021,2021-22,22,FALSE
Region 9,202210,3988,0,60,12,0,0,0,0,0,2022,10,2022-03-06,2022-03-12,2021,2021-22,23,FALSE
Region 9,202211,3167,0,58,35,0,0,0,0,0,2022,11,2022-03-13,2022-03-19,2021,2021-22,24,FALSE
Region 9,202212,3231,0,101,17,0,0,0,0,0,2022,12,2022-03-20,2022-03-26,2021,2021-22,25,FALSE
Region 9,202213,2964,0,110,27,0,0,0,0,0,2022,13,2022-03-27,2022-04-02,2021,2021-22,26,FALSE
Region 9,202214,2517,0,85,23,0,0,0,0,0,2022,14,2022-04-03,2022-04-09,2021,2021-22,27,FALSE
Region 9,202215,2585,0,86,27,0,0,3,0,0,2022,15,2022-04-10,2022-04-16,2021,2021-22,28,FALSE
Region 9,202216,2629,0,88,24,0,0,2,0,0,2022,16,2022-04-17,2022-04-23,2021,2021-22,29,FALSE
Region 9,202217,2486,1,93,17,0,0,0,0,0,2022,17,2022-04-24,2022-04-30,2021,2021-22,30,FALSE
Region 9,202218,2515,1,105,22,0,0,0,0,0,2022,18,2022-05-01,2022-05-07,2021,2021-22,31,FALSE
Region 9,202219,2561,0,138,18,0,0,0,0,0,2022,19,2022-05-08,2022-05-14,2021,2021-22,32,FALSE
Region 9,202220,2715,0,136,30,0,0,0,0,0,2022,20,2022-05-15,2022-05-21,2021,2021-22,33,FALSE
Region 9,202221,2792,0,141,23,0,0,0,0,0,2022,21,2022-05-22,2022-05-28,2021,2021-22,34,FALSE
Region 9,202222,2966,0,140,33,0,0,0,0,0,2022,22,2022-05-29,2022-06-04,2021,2021-22,35,FALSE
Region 9,202223,3096,0,109,22,0,0,2,0,0,2022,23,2022-06-05,2022-06-11,2021,2021-22,36,FALSE
Region 9,202224,4410,0,118,17,0,0,3,0,0,2022,24,2022-06-12,2022-06-18,2021,2021-22,37,FALSE
Region 9,202225,6476,0,45,4,0,0,0,0,0,2022,25,2022-06-19,2022-06-25,2021,2021-22,38,FALSE
Region 9,202226,8320,0,21,5,0,0,1,0,0,2022,26,2022-06-26,2022-07-02,2021,2021-22,39,FALSE
Region 9,202227,8204,0,35,5,0,0,1,0,0,2022,27,2022-07-03,2022-07-09,2021,2021-22,40,FALSE
Region 9,202228,8261,0,63,3,0,0,0,0,0,2022,28,2022-07-10,2022-07-16,2021,2021-22,41,FALSE
Region 9,202229,8886,0,20,2,0,0,1,0,0,2022,29,2022-07-17,2022-07-23,2021,2021-22,42,FALSE
Region 9,202230,10042,0,14,5,0,0,0,0,0,2022,30,2022-07-24,2022-07-30,2021,2021-22,43,FALSE
Region 9,202231,7864,0,10,14,0,0,1,0,0,2022,31,2022-07-31,2022-08-06,2021,2021-22,44,FALSE
Region 9,202232,5238,0,52,3,0,0,2,0,0,2022,32,2022-08-07,2022-08-13,2021,2021-22,45,FALSE
Region 9,202233,10832,0,38,3,0,0,1,0,0,2022,33,2022-08-14,2022-08-20,2021,2021-22,46,FALSE
Region 9,202234,8838,2,42,3,0,0,0,0,0,2022,34,2022-08-21,2022-08-27,2021,2021-22,47,FALSE
Region 9,202235,6437,0,30,0,0,0,3,1,0,2022,35,2022-08-28,2022-09-03,2021,2021-22,48,FALSE
Region 9,202236,2511,1,19,0,0,0,0,0,0,2022,36,2022-09-04,2022-09-10,2021,2021-22,49,FALSE
Region 9,202237,2415,0,12,3,0,0,4,0,0,2022,37,2022-09-11,2022-09-17,2021,2021-22,50,FALSE
Region 9,202238,2367,0,18,1,0,0,6,3,0,2022,38,2022-09-18,2022-09-24,2021,2021-22,51,FALSE
Region 9,202239,1899,2,17,7,0,0,0,1,0,2022,39,2022-09-25,2022-10-01,2021,2021-22,52,FALSE
Region 9,202240,1205,4,73,1,0,0,0,2,0,2022,40,2022-10-02,2022-10-08,2022,2022-23,1,TRUE
Region 9,202241,1260,1,106,2,0,0,1,1,0,2022,41,2022-10-09,2022-10-15,2022,2022-23,2,TRUE
Region 9,202242,1068,6,82,2,0,0,1,0,0,2022,42,2022-10-16,2022-10-22,2022,2022-23,3,TRUE
Region 9,202243,1073,4,155,1,0,0,1,1,0,2022,43,2022-10-23,2022-10-29,2022,2022-23,4,TRUE
Region 9,202244,1385,13,194,23,0,0,2,0,0,2022,44,2022-10-30,2022-11-05,2022,2022-23,5,TRUE
Region 9,202245,1520,10,183,20,0,0,0,0,0,2022,45,2022-11-06,2022-11-12,2022,2022-23,6,TRUE
Region 9,202246,1790,29,268,41,0,0,1,0,0,2022,46,2022-11-13,2022-11-19,2022,2022-23,7,TRUE
Region 9,202247,1367,17,373,49,0,0,0,1,0,2022,47,2022-11-20,2022-11-26,2022,2022-23,8,TRUE
Region 9,202248,1124,32,300,68,0,0,0,1,0,2022,48,2022-11-27,2022-12-03,2022,2022-23,9,TRUE
Region 9,202249,1176,40,340,67,0,0,0,0,0,2022,49,2022-12-04,2022-12-10,2022,2022-23,10,TRUE
Region 9,202250,1137,22,242,39,0,0,0,0,0,2022,50,2022-12-11,2022-12-17,2022,2022-23,11,TRUE
Region 9,202251,1283,38,238,69,0,0,0,1,0,2022,51,2022-12-18,2022-12-24,2022,2022-23,12,TRUE
Region 9,202252,953,28,83,24,0,0,0,1,0,2022,52,2022-12-25,2022-12-31,2022,2022-23,13,TRUE
Region 9,202301,1171,47,246,35,0,0,0,4,0,2023,1,2023-01-01,2023-01-07,2022,2022-23,14,TRUE
Region 9,202302,1213,26,247,14,0,0,0,1,0,2023,2,2023-01-08,2023-01-14,2022,2022-23,15,TRUE
Region 9,202303,916,28,148,17,0,0,2,1,0,2023,3,2023-01-15,2023-01-21,2022,2022-23,16,TRUE
Region 9,202304,791,15,47,4,0,0,0,3,0,2023,4,2023-01-22,2023-01-28,2022,2022-23,17,TRUE
Region 9,202305,531,15,20,7,0,0,2,2,0,2023,5,2023-01-29,2023-02-04,2022,2022-23,18,TRUE
Region 9,202306,1058,19,47,6,0,0,3,2,0,2023,6,2023-02-05,2023-02-11,2022,2022-23,19,TRUE
Region 9,202307,1203,15,19,7,0,0,0,1,0,2023,7,2023-02-12,2023-02-18,2022,2022-23,20,TRUE
Region 9,202308,1298,13,26,4,0,0,0,0,0,2023,8,2023-02-19,2023-02-25,2022,2022-23,21,TRUE
Region 9,202309,1171,10,11,4,0,0,3,2,0,2023,9,2023-02-26,2023-03-04,2022,2022-23,22,TRUE
Region 9,202310,1285,18,9,5,0,0,8,2,0,2023,10,2023-03-05,2023-03-11,2022,2022-23,23,TRUE
Region 9,202311,1034,15,5,1,0,0,0,3,0,2023,11,2023-03-12,2023-03-18,2022,2022-23,24,TRUE
Region 9,202312,1170,9,17,7,0,0,5,5,0,2023,12,2023-03-19,2023-03-25,2022,2022-23,25,TRUE
Region 9,202313,1002,7,5,1,0,0,3,3,0,2023,13,2023-03-26,2023-04-01,2022,2022-23,26,TRUE
Region 9,202314,873,13,9,0,0,0,4,1,0,2023,14,2023-04-02,2023-04-08,2022,2022-23,27,TRUE
Region 9,202315,1032,9,0,0,0,0,6,6,0,2023,15,2023-04-09,2023-04-15,2022,2022-23,28,TRUE
Region 9,202316,743,13,8,0,0,0,5,9,0,2023,16,2023-04-16,2023-04-22,2022,2022-23,29,TRUE
Region 9,202317,1016,9,15,0,0,0,6,15,0,2023,17,2023-04-23,2023-04-29,2022,2022-23,30,TRUE
Region 9,202318,922,4,7,0,0,0,0,7,0,2023,18,2023-04-30,2023-05-06,2022,2022-23,31,TRUE
Region 9,202319,871,7,2,0,0,0,0,11,0,2023,19,2023-05-07,2023-05-13,2022,2022-23,32,TRUE
Region 9,202320,660,3,9,1,0,0,1,18,0,2023,20,2023-05-14,2023-05-20,2022,2022-23,33,TRUE
Region 9,202321,474,13,2,1,0,0,4,14,0,2023,21,2023-05-21,2023-05-27,2022,2022-23,34,TRUE
Region 9,202322,478,9,0,1,0,0,5,11,0,2023,22,2023-05-28,2023-06-03,2022,2022-23,35,TRUE
Region 9,202323,564,9,0,1,0,0,6,9,0,2023,23,2023-06-04,2023-06-10,2022,2022-23,36,TRUE
Region 9,202324,678,16,1,2,0,0,0,9,0,2023,24,2023-06-11,2023-06-17,2022,2022-23,37,TRUE
Region 9,202325,671,20,4,0,0,0,1,22,0,2023,25,2023-06-18,2023-06-24,2022,2022-23,38,TRUE
Region 9,202326,758,26,2,1,0,0,1,18,0,2023,26,2023-06-25,2023-07-01,2022,2022-23,39,TRUE
Region 9,202327,510,18,1,1,0,0,1,12,0,2023,27,2023-07-02,2023-07-08,2022,2022-23,40,TRUE
Region 9,202328,599,19,1,1,0,0,0,12,0,2023,28,2023-07-09,2023-07-15,2022,2022-23,41,TRUE
Region 9,202329,594,20,2,1,0,0,1,3,0,2023,29,2023-07-16,2023-07-22,2022,2022-23,42,TRUE
Region 9,202330,478,16,4,0,0,0,0,9,0,2023,30,2023-07-23,2023-07-29,2022,2022-23,43,TRUE
Region 9,202331,259,38,1,2,0,0,0,7,0,2023,31,2023-07-30,2023-08-05,2022,2022-23,44,TRUE
Region 9,202332,206,8,2,0,0,0,3,10,0,2023,32,2023-08-06,2023-08-12,2022,2022-23,45,TRUE
Region 9,202333,231,17,6,2,0,0,0,6,0,2023,33,2023-08-13,2023-08-19,2022,2022-23,46,TRUE
Region 9,202334,336,13,6,2,0,0,7,4,0,2023,34,2023-08-20,2023-08-26,2022,2022-23,47,TRUE
Region 9,202335,503,20,3,3,0,0,3,2,0,2023,35,2023-08-27,2023-09-02,2022,2022-23,48,TRUE
Region 9,202336,364,13,1,2,0,0,4,3,0,2023,36,2023-09-03,2023-09-09,2022,2022-23,49,TRUE
Region 9,202337,456,15,5,0,0,0,1,3,0,2023,37,2023-09-10,2023-09-16,2022,2022-23,50,TRUE
Region 9,202338,565,27,4,4,0,0,0,3,0,2023,38,2023-09-17,2023-09-23,2022,2022-23,51,TRUE
Region 9,202339,525,27,2,2,0,0,1,3,0,2023,39,2023-09-24,2023-09-30,2022,2022-23,52,TRUE
Region 9,202340,472,38,3,0,0,0,0,11,0,2023,40,2023-10-01,2023-10-07,2023,2023-24,1,TRUE
Region 9,202341,579,38,13,0,0,0,2,13,0,2023,41,2023-10-08,2023-10-14,2023,2023-24,2,TRUE
Region 9,202342,714,66,10,19,0,0,3,15,0,2023,42,2023-10-15,2023-10-21,2023,2023-24,3,TRUE
Region 9,202343,598,77,11,32,0,0,8,12,0,2023,43,2023-10-22,2023-10-28,2023,2023-24,4,TRUE
Region 9,202344,578,55,5,34,0,0,8,15,0,2023,44,2023-10-29,2023-11-04,2023,2023-24,5,TRUE
Region 9,202345,737,110,12,81,0,0,22,17,0,2023,45,2023-11-05,2023-11-11,2023,2023-24,6,TRUE
Region 9,202346,932,122,24,114,0,0,30,14,0,2023,46,2023-11-12,2023-11-18,2023,2023-24,7,TRUE
Region 9,202347,675,120,28,108,0,0,22,21,0,2023,47,2023-11-19,2023-11-25,2023,2023-24,8,TRUE
Region 9,202348,842,142,31,122,0,0,15,16,0,2023,48,2023-11-26,2023-12-02,2023,2023-24,9,TRUE
Region 9,202349,970,215,52,151,0,0,34,25,0,2023,49,2023-12-03,2023-12-09,2023,2023-24,10,TRUE
Region 9,202350,1103,153,43,245,0,0,53,21,0,2023,50,2023-12-10,2023-12-16,2023,2023-24,11,TRUE
Region 9,202351,902,231,34,104,0,0,16,29,0,2023,51,2023-12-17,2023-12-23,2023,2023-24,12,TRUE
Region 9,202352,831,180,30,88,0,0,10,20,0,2023,52,2023-12-24,2023-12-30,2023,2023-24,13,TRUE
Region 9,202401,917,224,57,98,0,0,29,25,0,2024,1,2023-12-31,2024-01-06,2023,2023-24,14,TRUE
Region 9,202402,1213,133,43,109,0,0,44,17,0,2024,2,2024-01-07,2024-01-13,2023,2023-24,15,TRUE
Region 9,202403,859,121,35,63,0,0,33,18,0,2024,3,2024-01-14,2024-01-20,2023,2023-24,16,TRUE
Region 9,202404,915,94,34,61,0,0,35,29,0,2024,4,2024-01-21,2024-01-27,2023,2023-24,17,TRUE
Region 9,202405,839,97,49,32,0,0,35,25,0,2024,5,2024-01-28,2024-02-03,2023,2023-24,18,TRUE
Region 9,202406,739,63,47,30,0,0,29,29,0,2024,6,2024-02-04,2024-02-10,2023,2023-24,19,TRUE
Region 9,202407,992,47,40,20,0,0,34,24,0,2024,7,2024-02-11,2024-02-17,2023,2023-24,20,TRUE
Region 9,202408,809,18,32,26,0,0,35,35,0,2024,8,2024-02-18,2024-02-24,2023,2023-24,21,TRUE
Region 9,202409,734,45,31,18,0,0,21,24,0,2024,9,2024-02-25,2024-03-02,2023,2023-24,22,TRUE
Region 9,202410,617,24,32,9,0,0,17,32,0,2024,10,2024-03-03,2024-03-09,2023,2023-24,23,TRUE
Region 9,202411,613,30,28,6,0,0,13,24,0,2024,11,2024-03-10,2024-03-16,2023,2023-24,24,TRUE
Region 9,202412,378,21,26,13,0,0,19,27,0,2024,12,2024-03-17,2024-03-23,2023,2023-24,25,TRUE
Region 9,202413,396,19,25,15,0,0,15,22,0,2024,13,2024-03-24,2024-03-30,2023,2023-24,26,TRUE
Region 9,202414,373,13,24,4,0,0,13,23,0,2024,14,2024-03-31,2024-04-06,2023,2023-24,27,TRUE
Region 9,202415,371,23,45,17,0,0,5,30,0,2024,15,2024-04-07,2024-04-13,2023,2023-24,28,TRUE
Region 9,202416,356,22,24,18,0,0,11,15,0,2024,16,2024-04-14,2024-04-20,2023,2023-24,29,TRUE
Region 9,202417,296,19,21,13,0,0,7,21,0,2024,17,2024-04-21,2024-04-27,2023,2023-24,30,TRUE
Region 9,202418,294,23,31,13,0,0,8,20,0,2024,18,2024-04-28,2024-05-04,2023,2023-24,31,TRUE
Region 9,202419,334,17,27,7,0,0,9,23,0,2024,19,2024-05-05,2024-05-11,2023,2023-24,32,TRUE
Region 9,202420,243,15,25,2,0,0,0,16,0,2024,20,2024-05-12,2024-05-18,2023,2023-24,33,TRUE
Region 9,202421,341,19,41,5,0,0,1,18,0,2024,21,2024-05-19,2024-05-25,2023,2023-24,34,TRUE
Region 9,202422,299,18,46,1,0,0,2,43,0,2024,22,2024-05-26,2024-06-01,2023,2023-24,35,TRUE
Region 9,202423,390,30,54,2,0,0,0,37,0,2024,23,2024-06-02,2024-06-08,2023,2023-24,36,TRUE
Region 9,202424,466,39,70,5,0,0,1,41,0,2024,24,2024-06-09,2024-06-15,2023,2023-24,37,TRUE
Region 9,202425,388,33,63,4,0,0,2,16,0,2024,25,2024-06-16,2024-06-22,2023,2023-24,38,TRUE
Region 9,202426,380,41,89,3,0,0,1,25,0,2024,26,2024-06-23,2024-06-29,2023,2023-24,39,TRUE
Region 9,202427,404,23,75,10,0,0,0,10,0,2024,27,2024-06-30,2024-07-06,2023,2023-24,40,TRUE
Region 9,202428,585,41,88,5,0,0,1,8,0,2024,28,2024-07-07,2024-07-13,2023,2023-24,41,TRUE
Region 9,202429,388,23,54,5,0,0,0,6,0,2024,29,2024-07-14,2024-07-20,2023,2023-24,42,TRUE
Region 9,202430,406,24,67,2,0,0,0,7,0,2024,30,2024-07-21,2024-07-27,2023,2023-24,43,TRUE
Region 9,202431,324,25,39,3,0,0,1,1,0,2024,31,2024-07-28,2024-08-03,2023,2023-24,44,TRUE
Region 9,202432,393,43,53,3,0,0,0,3,0,2024,32,2024-08-04,2024-08-10,2023,2023-24,45,TRUE
Region 9,202433,339,37,34,3,0,0,0,2,0,2024,33,2024-08-11,2024-08-17,2023,2023-24,46,TRUE
Region 9,202434,374,23,26,3,0,0,0,3,0,2024,34,2024-08-18,2024-08-24,2023,2023-24,47,TRUE
Region 9,202435,381,28,57,2,0,0,0,2,0,2024,35,2024-08-25,2024-08-31,2023,2023-24,48,TRUE
Region 9,202436,496,30,39,3,0,0,0,1,0,2024,36,2024-09-01,2024-09-07,2023,2023-24,49,TRUE
Region 9,202437,544,16,43,2,0,0,0,1,0,2024,37,2024-09-08,2024-09-14,2023,2023-24,50,TRUE
Region 9,202438,471,28,40,8,0,0,0,1,0,2024,38,2024-09-15,2024-09-21,2023,2023-24,51,TRUE
Region 9,202439,248,22,44,6,0,0,0,2,0,2024,39,2024-09-22,2024-09-28,2023,2023-24,52,TRUE
Region 9,202440,333,43,46,19,0,4,0,1,0,2024,40,2024-09-29,2024-10-05,2024,2024-25,1,TRUE
Region 9,202441,361,24,35,26,0,16,0,1,0,2024,41,2024-10-06,2024-10-12,2024,2024-25,2,TRUE
Region 9,202442,320,39,26,13,0,3,0,5,0,2024,42,2024-10-13,2024-10-19,2024,2024-25,3,TRUE
Region 9,202443,613,47,47,17,0,5,1,4,0,2024,43,2024-10-20,2024-10-26,2024,2024-25,4,TRUE
Region 9,202444,448,74,67,18,0,3,4,6,0,2024,44,2024-10-27,2024-11-02,2024,2024-25,5,TRUE
Region 9,202445,512,82,88,28,0,3,6,11,0,2024,45,2024-11-03,2024-11-09,2024,2024-25,6,TRUE
Region 9,202446,561,75,119,33,0,5,7,16,0,2024,46,2024-11-10,2024-11-16,2024,2024-25,7,TRUE
Region 9,202447,730,109,167,31,0,4,11,24,0,2024,47,2024-11-17,2024-11-23,2024,2024-25,8,TRUE
Region 9,202448,480,82,158,14,0,6,2,7,0,2024,48,2024-11-24,2024-11-30,2024,2024-25,9,TRUE
Region 9,202449,680,138,252,21,0,3,3,13,0,2024,49,2024-12-01,2024-12-07,2024,2024-25,10,TRUE
Region 9,202450,855,210,342,16,0,2,3,29,0,2024,50,2024-12-08,2024-12-14,2024,2024-25,11,TRUE
Region 9,202451,1358,361,690,36,0,0,4,11,0,2024,51,2024-12-15,2024-12-21,2024,2024-25,12,TRUE
Region 9,202452,1251,305,668,78,0,0,1,14,0,2024,52,2024-12-22,2024-12-28,2024,2024-25,13,TRUE
Region 9,202501,1708,452,834,18,0,0,5,29,0,2025,1,2024-12-29,2025-01-04,2024,2024-25,14,TRUE
Region 9,202502,1479,417,685,19,0,1,6,16,0,2025,2,2025-01-05,2025-01-11,2024,2024-25,15,TRUE
Region 9,202503,1975,585,884,87,0,0,8,35,0,2025,3,2025-01-12,2025-01-18,2024,2024-25,16,TRUE
Region 9,202504,1900,673,862,48,0,0,8,22,0,2025,4,2025-01-19,2025-01-25,2024,2024-25,17,TRUE
Region 9,202505,2776,1062,1175,68,0,0,7,68,0,2025,5,2025-01-26,2025-02-01,2024,2024-25,18,TRUE
Region 9,202506,2105,809,746,44,0,0,16,40,0,2025,6,2025-02-02,2025-02-08,2024,2024-25,19,TRUE
Region 9,202507,2314,902,923,41,0,0,10,37,0,2025,7,2025-02-09,2025-02-15,2024,2024-25,20,TRUE
Region 9,202508,1473,606,498,14,0,0,10,60,0,2025,8,2025-02-16,2025-02-22,2024,2024-25,21,TRUE
Region 9,202509,1763,683,650,26,0,0,10,41,0,2025,9,2025-02-23,2025-03-01,2024,2024-25,22,TRUE
Region 9,202510,1585,675,546,15,0,0,7,84,0,2025,10,2025-03-02,2025-03-08,2024,2024-25,23,TRUE
Region 9,202511,1591,642,576,12,0,0,6,95,0,2025,11,2025-03-09,2025-03-15,2024,2024-25,24,TRUE
Region 9,202512,1667,630,640,19,0,0,9,67,0,2025,12,2025-03-16,2025-03-22,2024,2024-25,25,TRUE
Region 9,202513,889,316,300,17,0,0,9,55,0,2025,13,2025-03-23,2025-03-29,2024,2024-25,26,TRUE
Region 9,202514,933,378,329,19,0,0,10,35,0,2025,14,2025-03-30,2025-04-05,2024,2024-25,27,TRUE
Region 9,202515,703,222,104,19,0,0,3,139,0,2025,15,2025-04-06,2025-04-12,2024,2024-25,28,TRUE
Region 9,202516,510,165,73,9,0,0,10,108,0,2025,16,2025-04-13,2025-04-19,2024,2024-25,29,TRUE
Region 9,202517,951,315,263,12,0,0,7,137,0,2025,17,2025-04-20,2025-04-26,2024,2024-25,30,TRUE
Region 9,202518,659,182,161,12,0,0,9,120,0,2025,18,2025-04-27,2025-05-03,2024,2024-25,31,TRUE
Region 9,202519,675,255,147,6,0,0,6,128,0,2025,19,2025-05-04,2025-05-10,2024,2024-25,32,TRUE
Region 9,202520,315,96,27,2,0,0,5,48,0,2025,20,2025-05-11,2025-05-17,2024,2024-25,33,TRUE
Region 9,202521,277,53,28,2,0,0,6,35,0,2025,21,2025-05-18,2025-05-24,2024,2024-25,34,TRUE
Region 9,202522,220,43,17,6,0,0,4,34,0,2025,22,2025-05-25,2025-05-31,2024,2024-25,35,TRUE
Region 9,202523,261,40,10,2,0,0,5,25,0,2025,23,2025-06-01,2025-06-07,2024,2024-25,36,TRUE
Region 9,202524,210,27,5,1,0,0,2,17,0,2025,24,2025-06-08,2025-06-14,2024,2024-25,37,TRUE
Region 9,202525,190,9,4,0,0,0,0,22,0,2025,25,2025-06-15,2025-06-21,2024,2024-25,38,TRUE
Region 9,202526,189,28,1,1,0,0,2,15,0,2025,26,2025-06-22,2025-06-28,2024,2024-25,39,TRUE
Region 9,202527,156,15,0,0,0,0,2,9,0,2025,27,2025-06-29,2025-07-05,2024,2024-25,40,TRUE
Region 9,202528,292,14,3,1,0,0,0,10,0,2025,28,2025-07-06,2025-07-12,2024,2024-25,41,TRUE
Region 9,202529,178,17,2,0,0,0,0,8,0,2025,29,2025-07-13,2025-07-19,2024,2024-25,42,TRUE
Region 9,202530,158,19,4,2,0,0,0,13,0,2025,30,2025-07-20,2025-07-26,2024,2024-25,43,TRUE
Region 9,202531,168,21,4,1,0,0,0,7,0,2025,31,2025-07-27,2025-08-02,2024,2024-25,44,TRUE
Region 9,202532,176,15,5,0,0,0,0,1,0,2025,32,2025-08-03,2025-08-09,2024,2024-25,45,TRUE
Region 9,202533,269,14,5,1,0,0,0,2,0,2025,33,2025-08-10,2025-08-16,2024,2024-25,46,TRUE
Region 9,202534,198,20,1,2,0,0,0,1,0,2025,34,2025-08-17,2025-08-23,2024,2024-25,47,TRUE
Region 9,202535,244,9,8,4,0,0,0,1,0,2025,35,2025-08-24,2025-08-30,2024,2024-25,48,TRUE
Region 9,202536,268,11,6,0,0,0,0,1,0,2025,36,2025-08-31,2025-09-06,2024,2024-25,49,TRUE
Region 9,202537,231,16,11,2,0,0,1,0,0,2025,37,2025-09-07,2025-09-13,2024,2024-25,50,TRUE
Region 9,202538,195,9,4,4,0,0,0,1,0,2025,38,2025-09-14,2025-09-20,2024,2024-25,51,TRUE
Region 9,202539,177,12,7,3,0,0,0,2,0,2025,39,2025-09-21,2025-09-27,2024,2024-25,52,TRUE
Region 9,202540,255,16,8,1,0,0,1,3,0,2025,40,2025-09-28,2025-10-04,2025,2025-26,1,TRUE
Region 9,202541,195,8,12,0,0,0,0,1,0,2025,41,2025-10-05,2025-10-11,2025,2025-26,2,TRUE
Region 9,202542,213,28,24,4,0,0,0,0,0,2025,42,2025-10-12,2025-10-18,2025,2025-26,3,TRUE
Region 9,202543,264,30,34,3,0,0,0,2,0,2025,43,2025-10-19,2025-10-25,2025,2025-26,4,TRUE
Region 9,202544,281,21,40,6,0,0,0,1,0,2025,44,2025-10-26,2025-11-01,2025,2025-26,5,TRUE
Region 9,202545,386,30,90,9,0,0,1,1,0,2025,45,2025-11-02,2025-11-08,2025,2025-26,6,TRUE
Region 9,202546,396,35,184,12,0,0,0,0,0,2025,46,2025-11-09,2025-11-15,2025,2025-26,7,TRUE
Region 9,202547,425,40,204,16,0,0,2,2,0,2025,47,2025-11-16,2025-11-22,2025,2025-26,8,TRUE
Region 9,202548,338,31,199,10,0,0,0,1,0,2025,48,2025-11-23,2025-11-29,2025,2025-26,9,TRUE
Region 9,202549,460,34,199,24,0,0,1,5,0,2025,49,2025-11-30,2025-12-06,2025,2025-26,10,TRUE
Region 9,202550,547,54,299,33,0,0,2,5,0,2025,50,2025-12-07,2025-12-13,2025,2025-26,11,TRUE
Region 9,202551,573,43,325,33,0,0,3,3,0,2025,51,2025-12-14,2025-12-20,2025,2025-26,12,TRUE
Region 9,202552,596,55,309,34,0,0,1,8,0,2025,52,2025-12-21,2025-12-27,2025,2025-26,13,TRUE
Region 9,202553,646,58,373,52,0,0,2,10,0,2025,53,2025-12-28,2026-01-03,2025,2025-26,14,TRUE
Region 9,202601,780,68,459,35,0,0,5,3,0,2026,1,2026-01-04,2026-01-10,2025,2025-26,15,TRUE
Region 9,202602,627,59,312,28,0,0,11,17,0,2026,2,2026-01-11,2026-01-17,2025,2025-26,16,TRUE
Region 9,202603,629,75,359,19,0,0,22,10,0,2026,3,2026-01-18,2026-01-24,2025,2025-26,17,TRUE
Region 9,202604,718,83,426,24,0,0,21,14,0,2026,4,2026-01-25,2026-01-31,2025,2025-26,18,TRUE
Region 9,202605,832,111,477,27,0,0,23,18,0,2026,5,2026-02-01,2026-02-07,2025,2025-26,19,TRUE
Region 9,202606,845,120,379,26,0,0,30,28,0,2026,6,2026-02-08,2026-02-14,2025,2025-26,20,TRUE
Region 9,202607,676,87,300,28,0,0,42,17,0,2026,7,2026-02-15,2026-02-21,2025,2025-26,21,TRUE
Region 9,202608,702,84,311,31,0,0,57,19,0,2026,8,2026-02-22,2026-02-28,2025,2025-26,22,TRUE
Region 9,202609,641,87,246,22,0,0,66,42,0,2026,9,2026-03-01,2026-03-07,2025,2025-26,23,TRUE
Region 9,202610,572,74,189,16,0,0,66,37,0,2026,10,2026-03-08,2026-03-14,2025,2025-26,24,TRUE
Region 9,202611,494,67,127,11,0,0,82,39,0,2026,11,2026-03-15,2026-03-21,2025,2025-26,25,TRUE
Region 9,202612,474,70,112,6,0,0,98,55,0,2026,12,2026-03-22,2026-03-28,2025,2025-26,26,TRUE
Region 9,202613,426,55,124,2,0,0,64,43,0,2026,13,2026-03-29,2026-04-04,2025,2025-26,27,TRUE
Region 9,202614,349,72,66,4,0,0,69,39,0,2026,14,2026-04-05,2026-04-11,2025,2025-26,28,TRUE
Region 9,202615,379,41,99,4,0,0,70,45,0,2026,15,2026-04-12,2026-04-18,2025,2025-26,29,TRUE
Region 9,202616,339,30,75,3,0,0,74,34,0,2026,16,2026-04-19,2026-04-25,2025,2025-26,30,TRUE
Region 9,202617,379,41,106,3,0,0,72,27,0,2026,17,2026-04-26,2026-05-02,2025,2025-26,31,TRUE
Region 9,202618,389,34,89,1,0,0,67,44,0,2026,18,2026-05-03,2026-05-09,2025,2025-26,32,TRUE
Region 9,202619,266,17,4,2,0,0,72,12,0,2026,19,2026-05-10,2026-05-16,2025,2025-26,33,TRUE
Region 9,202620,370,37,43,1,0,0,43,18,0,2026,20,2026-05-17,2026-05-23,2025,2025-26,34,TRUE
Region 9,202621,199,10,8,0,0,0,55,8,0,2026,21,2026-05-24,2026-05-30,2025,2025-26,35,TRUE
Region 9,202622,242,13,15,4,0,0,44,21,0,2026,22,2026-05-31,2026-06-06,2025,2025-26,36,TRUE
Region 9,202623,167,18,5,0,0,0,42,9,0,2026,23,2026-06-07,2026-06-13,2025,2025-26,37,TRUE
Region 9,202624,133,2,3,0,0,0,26,8,0,2026,24,2026-06-14,2026-06-20,2025,2025-26,38,TRUE
Region 9,202625,174,5,6,2,0,0,24,6,0,2026,25,2026-06-21,2026-06-27,2025,2025-26,39,TRUE
Region 9,202626,189,28,8,3,0,0,18,6,0,2026,26,2026-06-28,2026-07-04,2025,2025-26,40,TRUE
Region 9,202627,211,22,5,2,0,0,10,10,0,2026,27,2026-07-05,2026-07-11,2025,2025-26,41,TRUE
Region 9,202628,169,11,6,0,0,0,3,9,0,2026,28,2026-07-12,2026-07-18,2025,2025-26,42,TRUE
Region 9,202629,167,14,2,0,0,0,11,9,0,2026,29,2026-07-19,2026-07-25,2025,2025-26,43,TRUE
Region 9,202630,170,6,12,0,0,0,8,4,0,2026,30,2026-07-26,2026-08-01,2025,2025-26,44,TRUE
Region 9,202631,148,14,12,1,0,0,4,1,0,2026,31,2026-08-02,2026-08-08,2025,2025-26,45,TRUE
Region 9,202632,169,11,13,2,0,0,3,3,0,2026,32,2026-08-09,2026-08-15,2025,2025-26,46,TRUE
Region 9,202633,206,22,12,2,0,0,3,2,0,2026,33,2026-08-16,2026-08-22,2025,2025-26,47,TRUE
Region 9,202634,234,38,8,3,0,0,3,2,0,2026,34,2026-08-23,2026-08-29,2025,2025-26,48,TRUE
Region 9,202635,252,39,9,6,0,0,2,1,0,2026,35,2026-08-30,2026-09-05,2025,2025-26,49,TRUE
Region 9,202636,281,82,3,5,0,0,3,0,0,2026,36,2026-09-06,2026-09-12,2025,2025-26,50,TRUE
Region 9,202637,378,77,2,6,0,0,3,0,0,2026,37,2026-09-13,2026-09-19,2025,2025-26,51,TRUE
Region 9,202638,312,12,0,10,0,0,0,0,0,2026,38,2026-09-20,2026-09-26,2025,2025-26,52,TRUE
