region,epiweek,lag,issue,value,metric,latest_issue,latest,revision,year,week,week_start,week_end,season_start_year,season,season_week,comparable_baseline
Region 6,202240,0,202240,3.6576,Weighted %ILI,202439,3.92228,0.26468000000000025,2022,40,2022-10-02,2022-10-08,2022,2022-23,1,TRUE
National,202240,0,202240,2.56561,Weighted %ILI,202439,2.61257,0.04695999999999989,2022,40,2022-10-02,2022-10-08,2022,2022-23,1,TRUE
Region 6,202241,0,202241,4.24352,Weighted %ILI,202439,4.52846,0.28493999999999975,2022,41,2022-10-09,2022-10-15,2022,2022-23,2,TRUE
National,202241,0,202241,2.99402,Weighted %ILI,202439,3.00763,0.0136099999999999,2022,41,2022-10-09,2022-10-15,2022,2022-23,2,TRUE
Region 6,202242,0,202242,4.50969,Weighted %ILI,202439,5.04861,0.5389200000000001,2022,42,2022-10-16,2022-10-22,2022,2022-23,3,TRUE
National,202242,0,202242,3.28302,Weighted %ILI,202439,3.31975,0.03672999999999993,2022,42,2022-10-16,2022-10-22,2022,2022-23,3,TRUE
Region 6,202243,0,202243,5.96179,Weighted %ILI,202439,6.57387,0.6120800000000006,2022,43,2022-10-23,2022-10-29,2022,2022-23,4,TRUE
National,202243,0,202243,4.33432,Weighted %ILI,202439,4.3682,0.03387999999999991,2022,43,2022-10-23,2022-10-29,2022,2022-23,4,TRUE
Region 6,202244,0,202244,7.03689,Weighted %ILI,202439,7.46723,0.43034000000000017,2022,44,2022-10-30,2022-11-05,2022,2022-23,5,TRUE
National,202244,0,202244,5.46189,Weighted %ILI,202439,5.42144,-0.04045000000000076,2022,44,2022-10-30,2022-11-05,2022,2022-23,5,TRUE
Region 6,202245,0,202245,7.2935,Weighted %ILI,202439,8.3698,1.0762999999999998,2022,45,2022-11-06,2022-11-12,2022,2022-23,6,TRUE
National,202245,0,202245,5.75059,Weighted %ILI,202439,5.73522,-0.015369999999999884,2022,45,2022-11-06,2022-11-12,2022,2022-23,6,TRUE
Region 6,202246,0,202246,8.52396,Weighted %ILI,202439,8.65742,0.13345999999999947,2022,46,2022-11-13,2022-11-19,2022,2022-23,7,TRUE
National,202246,0,202246,6.04771,Weighted %ILI,202439,5.91793,-0.12978000000000023,2022,46,2022-11-13,2022-11-19,2022,2022-23,7,TRUE
Region 6,202247,0,202247,8.63055,Weighted %ILI,202439,8.72204,0.0914900000000003,2022,47,2022-11-20,2022-11-26,2022,2022-23,8,TRUE
National,202247,0,202247,7.50257,Weighted %ILI,202439,7.42531,-0.07726000000000077,2022,47,2022-11-20,2022-11-26,2022,2022-23,8,TRUE
Region 6,202248,0,202248,8.06216,Weighted %ILI,202439,8.03877,-0.02339000000000091,2022,48,2022-11-27,2022-12-03,2022,2022-23,9,TRUE
National,202248,0,202248,7.24098,Weighted %ILI,202439,7.21822,-0.02276000000000078,2022,48,2022-11-27,2022-12-03,2022,2022-23,9,TRUE
Region 6,202249,0,202249,7.8317,Weighted %ILI,202439,7.90492,0.07322000000000006,2022,49,2022-12-04,2022-12-10,2022,2022-23,10,TRUE
National,202249,0,202249,6.85317,Weighted %ILI,202439,6.87034,0.01716999999999924,2022,49,2022-12-04,2022-12-10,2022,2022-23,10,TRUE
Region 6,202250,0,202250,7.19798,Weighted %ILI,202439,7.16369,-0.034290000000000376,2022,50,2022-12-11,2022-12-17,2022,2022-23,11,TRUE
National,202250,0,202250,6.32968,Weighted %ILI,202439,6.29772,-0.031959999999999766,2022,50,2022-12-11,2022-12-17,2022,2022-23,11,TRUE
Region 6,202251,0,202251,6.60034,Weighted %ILI,202439,6.67387,0.07352999999999987,2022,51,2022-12-18,2022-12-24,2022,2022-23,12,TRUE
National,202251,0,202251,6.17261,Weighted %ILI,202439,6.00293,-0.1696799999999996,2022,51,2022-12-18,2022-12-24,2022,2022-23,12,TRUE
Region 6,202252,0,202252,6.3058,Weighted %ILI,202439,6.33709,0.03129000000000026,2022,52,2022-12-25,2022-12-31,2022,2022-23,13,TRUE
National,202252,0,202252,5.36126,Weighted %ILI,202439,5.33838,-0.02287999999999979,2022,52,2022-12-25,2022-12-31,2022,2022-23,13,TRUE
Region 6,202301,0,202301,4.97381,Weighted %ILI,202439,4.96587,-0.007940000000000502,2023,1,2023-01-01,2023-01-07,2022,2022-23,14,TRUE
National,202301,0,202301,4.00199,Weighted %ILI,202439,3.93482,-0.06716999999999995,2023,1,2023-01-01,2023-01-07,2022,2022-23,14,TRUE
Region 6,202302,0,202302,3.77422,Weighted %ILI,202439,3.75259,-0.021630000000000038,2023,2,2023-01-08,2023-01-14,2022,2022-23,15,TRUE
National,202302,0,202302,3.02934,Weighted %ILI,202439,2.94553,-0.08380999999999972,2023,2,2023-01-08,2023-01-14,2022,2022-23,15,TRUE
Region 6,202303,0,202303,3.42359,Weighted %ILI,202439,3.42256,-0.0010300000000000864,2023,3,2023-01-15,2023-01-21,2022,2022-23,16,TRUE
National,202303,0,202303,2.56089,Weighted %ILI,202439,2.63811,0.07722000000000007,2023,3,2023-01-15,2023-01-21,2022,2022-23,16,TRUE
Region 6,202304,0,202304,3.65324,Weighted %ILI,202439,3.70169,0.048450000000000326,2023,4,2023-01-22,2023-01-28,2022,2022-23,17,TRUE
National,202304,0,202304,2.63698,Weighted %ILI,202439,2.62522,-0.01175999999999977,2023,4,2023-01-22,2023-01-28,2022,2022-23,17,TRUE
Region 6,202305,0,202305,3.12768,Weighted %ILI,202439,3.16017,0.03249000000000013,2023,5,2023-01-29,2023-02-04,2022,2022-23,18,TRUE
National,202305,0,202305,2.59032,Weighted %ILI,202439,2.58477,-0.005550000000000388,2023,5,2023-01-29,2023-02-04,2022,2022-23,18,TRUE
Region 6,202306,0,202306,2.99498,Weighted %ILI,202439,3.04066,0.04567999999999994,2023,6,2023-02-05,2023-02-11,2022,2022-23,19,TRUE
National,202306,0,202306,2.63511,Weighted %ILI,202439,2.59148,-0.04363000000000028,2023,6,2023-02-05,2023-02-11,2022,2022-23,19,TRUE
Region 6,202307,0,202307,2.89798,Weighted %ILI,202439,2.92535,0.027369999999999894,2023,7,2023-02-12,2023-02-18,2022,2022-23,20,TRUE
National,202307,0,202307,2.63311,Weighted %ILI,202439,2.5701,-0.06300999999999979,2023,7,2023-02-12,2023-02-18,2022,2022-23,20,TRUE
Region 6,202308,0,202308,2.68581,Weighted %ILI,202439,2.71271,0.026899999999999924,2023,8,2023-02-19,2023-02-25,2022,2022-23,21,TRUE
National,202308,0,202308,2.55626,Weighted %ILI,202439,2.52707,-0.029189999999999827,2023,8,2023-02-19,2023-02-25,2022,2022-23,21,TRUE
Region 6,202309,0,202309,2.72718,Weighted %ILI,202439,2.75133,0.024149999999999672,2023,9,2023-02-26,2023-03-04,2022,2022-23,22,TRUE
National,202309,0,202309,2.43256,Weighted %ILI,202439,2.40469,-0.02787000000000006,2023,9,2023-02-26,2023-03-04,2022,2022-23,22,TRUE
Region 6,202310,0,202310,2.47161,Weighted %ILI,202439,2.68354,0.21192999999999973,2023,10,2023-03-05,2023-03-11,2022,2022-23,23,TRUE
National,202310,0,202310,2.35252,Weighted %ILI,202439,2.3571,0.0045799999999998064,2023,10,2023-03-05,2023-03-11,2022,2022-23,23,TRUE
Region 6,202311,0,202311,2.25298,Weighted %ILI,202439,2.3325,0.07952000000000004,2023,11,2023-03-12,2023-03-18,2022,2022-23,24,TRUE
National,202311,0,202311,2.35814,Weighted %ILI,202439,2.3545,-0.0036400000000003097,2023,11,2023-03-12,2023-03-18,2022,2022-23,24,TRUE
Region 6,202312,0,202312,2.27902,Weighted %ILI,202439,2.21217,-0.06685000000000008,2023,12,2023-03-19,2023-03-25,2022,2022-23,25,TRUE
National,202312,0,202312,2.31955,Weighted %ILI,202439,2.31096,-0.008589999999999876,2023,12,2023-03-19,2023-03-25,2022,2022-23,25,TRUE
Region 6,202313,0,202313,3.08944,Weighted %ILI,202439,2.27809,-0.81135,2023,13,2023-03-26,2023-04-01,2022,2022-23,26,TRUE
National,202313,0,202313,2.38525,Weighted %ILI,202439,2.25771,-0.1275400000000002,2023,13,2023-03-26,2023-04-01,2022,2022-23,26,TRUE
Region 6,202314,0,202314,2.34363,Weighted %ILI,202439,2.33443,-0.009200000000000319,2023,14,2023-04-02,2023-04-08,2022,2022-23,27,TRUE
National,202314,0,202314,2.14881,Weighted %ILI,202439,2.12953,-0.019280000000000186,2023,14,2023-04-02,2023-04-08,2022,2022-23,27,TRUE
Region 6,202315,0,202315,2.14663,Weighted %ILI,202439,2.28709,0.14046000000000003,2023,15,2023-04-09,2023-04-15,2022,2022-23,28,TRUE
National,202315,0,202315,2.01702,Weighted %ILI,202439,2.01047,-0.006549999999999834,2023,15,2023-04-09,2023-04-15,2022,2022-23,28,TRUE
Region 6,202316,0,202316,2.20318,Weighted %ILI,202439,2.34276,0.13958000000000004,2023,16,2023-04-16,2023-04-22,2022,2022-23,29,TRUE
National,202316,0,202316,1.93736,Weighted %ILI,202439,1.90776,-0.02960000000000007,2023,16,2023-04-16,2023-04-22,2022,2022-23,29,TRUE
Region 6,202317,0,202317,2.27808,Weighted %ILI,202439,2.28899,0.010909999999999975,2023,17,2023-04-23,2023-04-29,2022,2022-23,30,TRUE
National,202317,0,202317,1.965,Weighted %ILI,202439,1.90393,-0.06107000000000018,2023,17,2023-04-23,2023-04-29,2022,2022-23,30,TRUE
Region 6,202318,0,202318,2.43073,Weighted %ILI,202439,2.49856,0.06782999999999983,2023,18,2023-04-30,2023-05-06,2022,2022-23,31,TRUE
National,202318,0,202318,1.99058,Weighted %ILI,202439,1.93608,-0.05449999999999999,2023,18,2023-04-30,2023-05-06,2022,2022-23,31,TRUE
Region 6,202319,0,202319,2.18278,Weighted %ILI,202439,2.19318,0.010399999999999743,2023,19,2023-05-07,2023-05-13,2022,2022-23,32,TRUE
National,202319,0,202319,1.93333,Weighted %ILI,202439,1.90846,-0.024869999999999948,2023,19,2023-05-07,2023-05-13,2022,2022-23,32,TRUE
Region 6,202320,0,202320,2.23739,Weighted %ILI,202439,2.22375,-0.013640000000000096,2023,20,2023-05-14,2023-05-20,2022,2022-23,33,TRUE
National,202320,0,202320,1.95528,Weighted %ILI,202439,1.88236,-0.07291999999999987,2023,20,2023-05-14,2023-05-20,2022,2022-23,33,TRUE
Region 6,202321,0,202321,2.16383,Weighted %ILI,202439,2.14453,-0.019299999999999873,2023,21,2023-05-21,2023-05-27,2022,2022-23,34,TRUE
National,202321,0,202321,1.92815,Weighted %ILI,202439,1.83328,-0.09487000000000001,2023,21,2023-05-21,2023-05-27,2022,2022-23,34,TRUE
Region 6,202322,0,202322,1.53295,Weighted %ILI,202439,1.90977,0.37681999999999993,2023,22,2023-05-28,2023-06-03,2022,2022-23,35,TRUE
National,202322,0,202322,1.8631,Weighted %ILI,202439,1.83857,-0.02452999999999994,2023,22,2023-05-28,2023-06-03,2022,2022-23,35,TRUE
Region 6,202323,0,202323,1.25128,Weighted %ILI,202439,1.28743,0.036150000000000126,2023,23,2023-06-04,2023-06-10,2022,2022-23,36,TRUE
National,202323,0,202323,1.64317,Weighted %ILI,202439,1.57748,-0.06569000000000003,2023,23,2023-06-04,2023-06-10,2022,2022-23,36,TRUE
Region 6,202324,0,202324,1.3311,Weighted %ILI,202439,1.34261,0.011510000000000131,2023,24,2023-06-11,2023-06-17,2022,2022-23,37,TRUE
National,202324,0,202324,1.52878,Weighted %ILI,202439,1.48614,-0.04264000000000001,2023,24,2023-06-11,2023-06-17,2022,2022-23,37,TRUE
Region 6,202325,0,202325,1.14972,Weighted %ILI,202439,1.15562,0.005900000000000016,2023,25,2023-06-18,2023-06-24,2022,2022-23,38,TRUE
National,202325,0,202325,1.3818,Weighted %ILI,202439,1.36472,-0.017079999999999984,2023,25,2023-06-18,2023-06-24,2022,2022-23,38,TRUE
Region 6,202326,0,202326,1.33574,Weighted %ILI,202439,1.26393,-0.07180999999999993,2023,26,2023-06-25,2023-07-01,2022,2022-23,39,TRUE
National,202326,0,202326,1.35195,Weighted %ILI,202439,1.27095,-0.08099999999999996,2023,26,2023-06-25,2023-07-01,2022,2022-23,39,TRUE
Region 6,202327,0,202327,1.1982,Weighted %ILI,202439,1.19416,-0.0040399999999998215,2023,27,2023-07-02,2023-07-08,2022,2022-23,40,TRUE
National,202327,0,202327,1.27301,Weighted %ILI,202439,1.22553,-0.04747999999999997,2023,27,2023-07-02,2023-07-08,2022,2022-23,40,TRUE
Region 6,202328,0,202328,1.05233,Weighted %ILI,202439,1.23386,0.18152999999999997,2023,28,2023-07-09,2023-07-15,2022,2022-23,41,TRUE
National,202328,0,202328,1.18207,Weighted %ILI,202439,1.15793,-0.02414000000000005,2023,28,2023-07-09,2023-07-15,2022,2022-23,41,TRUE
Region 6,202329,0,202329,1.07998,Weighted %ILI,202439,1.09263,0.01265000000000005,2023,29,2023-07-16,2023-07-22,2022,2022-23,42,TRUE
National,202329,0,202329,1.12795,Weighted %ILI,202439,1.12685,-0.001100000000000101,2023,29,2023-07-16,2023-07-22,2022,2022-23,42,TRUE
Region 6,202330,0,202330,1.06863,Weighted %ILI,202439,1.19759,0.12895999999999996,2023,30,2023-07-23,2023-07-29,2022,2022-23,43,TRUE
National,202330,0,202330,1.15296,Weighted %ILI,202439,1.16805,0.015090000000000048,2023,30,2023-07-23,2023-07-29,2022,2022-23,43,TRUE
Region 6,202331,0,202331,0.83513,Weighted %ILI,202439,1.35734,0.52221,2023,31,2023-07-30,2023-08-05,2022,2022-23,44,TRUE
National,202331,0,202331,1.13961,Weighted %ILI,202439,1.20299,0.06337999999999999,2023,31,2023-07-30,2023-08-05,2022,2022-23,44,TRUE
Region 6,202332,0,202332,1.4659,Weighted %ILI,202439,1.46102,-0.0048799999999999955,2023,32,2023-08-06,2023-08-12,2022,2022-23,45,TRUE
National,202332,0,202332,1.27428,Weighted %ILI,202439,1.27357,-7.099999999999884e-4,2023,32,2023-08-06,2023-08-12,2022,2022-23,45,TRUE
Region 6,202333,0,202333,1.45517,Weighted %ILI,202439,1.7849,0.32972999999999986,2023,33,2023-08-13,2023-08-19,2022,2022-23,46,TRUE
National,202333,0,202333,1.39752,Weighted %ILI,202439,1.44821,0.0506899999999999,2023,33,2023-08-13,2023-08-19,2022,2022-23,46,TRUE
Region 6,202334,0,202334,2.39211,Weighted %ILI,202439,2.26527,-0.12684000000000006,2023,34,2023-08-20,2023-08-26,2022,2022-23,47,TRUE
National,202334,0,202334,1.71084,Weighted %ILI,202439,1.70391,-0.006929999999999881,2023,34,2023-08-20,2023-08-26,2022,2022-23,47,TRUE
Region 6,202335,0,202335,2.59068,Weighted %ILI,202439,3.26193,0.6712500000000001,2023,35,2023-08-27,2023-09-02,2022,2022-23,48,TRUE
National,202335,0,202335,1.83995,Weighted %ILI,202439,1.93305,0.09309999999999996,2023,35,2023-08-27,2023-09-02,2022,2022-23,48,TRUE
Region 6,202336,0,202336,3.25105,Weighted %ILI,202439,3.27047,0.01941999999999977,2023,36,2023-09-03,2023-09-09,2022,2022-23,49,TRUE
National,202336,0,202336,2.02273,Weighted %ILI,202439,2.00204,-0.020690000000000097,2023,36,2023-09-03,2023-09-09,2022,2022-23,49,TRUE
Region 6,202337,0,202337,2.72413,Weighted %ILI,202439,2.72582,0.0016899999999999693,2023,37,2023-09-10,2023-09-16,2022,2022-23,50,TRUE
National,202337,0,202337,1.95642,Weighted %ILI,202439,1.94047,-0.01595000000000013,2023,37,2023-09-10,2023-09-16,2022,2022-23,50,TRUE
Region 6,202338,0,202338,2.12277,Weighted %ILI,202439,2.1524,0.029630000000000045,2023,38,2023-09-17,2023-09-23,2022,2022-23,51,TRUE
National,202338,0,202338,2.03181,Weighted %ILI,202439,2.03761,0.005799999999999805,2023,38,2023-09-17,2023-09-23,2022,2022-23,51,TRUE
Region 6,202339,0,202339,2.41496,Weighted %ILI,202439,2.43043,0.01546999999999965,2023,39,2023-09-24,2023-09-30,2022,2022-23,52,TRUE
National,202339,0,202339,2.11755,Weighted %ILI,202439,2.0899200000000002,-0.02762999999999982,2023,39,2023-09-24,2023-09-30,2022,2022-23,52,TRUE
Region 6,202340,0,202340,2.52757,Weighted %ILI,202538,2.96845,0.44087999999999994,2023,40,2023-10-01,2023-10-07,2023,2023-24,1,TRUE
National,202340,0,202340,2.16478,Weighted %ILI,202538,2.27908,0.11430000000000007,2023,40,2023-10-01,2023-10-07,2023,2023-24,1,TRUE
Region 6,202341,0,202341,2.80643,Weighted %ILI,202538,3.01509,0.20865999999999962,2023,41,2023-10-08,2023-10-14,2023,2023-24,2,TRUE
National,202341,0,202341,2.2621000000000002,Weighted %ILI,202538,2.33755,0.07544999999999957,2023,41,2023-10-08,2023-10-14,2023,2023-24,2,TRUE
Region 6,202342,0,202342,3.28308,Weighted %ILI,202538,3.50292,0.21984000000000004,2023,42,2023-10-15,2023-10-21,2023,2023-24,3,TRUE
National,202342,0,202342,2.52469,Weighted %ILI,202538,2.52242,-0.0022700000000002163,2023,42,2023-10-15,2023-10-21,2023,2023-24,3,TRUE
Region 6,202343,0,202343,3.36926,Weighted %ILI,202538,3.75354,0.38427999999999995,2023,43,2023-10-22,2023-10-28,2023,2023-24,4,TRUE
National,202343,0,202343,2.66086,Weighted %ILI,202538,2.71275,0.051890000000000214,2023,43,2023-10-22,2023-10-28,2023,2023-24,4,TRUE
Region 6,202344,0,202344,3.98144,Weighted %ILI,202538,4.16146,0.18001999999999985,2023,44,2023-10-29,2023-11-04,2023,2023-24,5,TRUE
National,202344,0,202344,2.94974,Weighted %ILI,202538,2.94538,-0.0043599999999996975,2023,44,2023-10-29,2023-11-04,2023,2023-24,5,TRUE
Region 6,202345,0,202345,5.10633,Weighted %ILI,202538,5.12307,0.01674000000000042,2023,45,2023-11-05,2023-11-11,2023,2023-24,6,TRUE
National,202345,0,202345,3.456,Weighted %ILI,202538,3.40957,-0.04642999999999997,2023,45,2023-11-05,2023-11-11,2023,2023-24,6,TRUE
Region 6,202346,0,202346,5.3616,Weighted %ILI,202538,5.68855,0.3269500000000001,2023,46,2023-11-12,2023-11-18,2023,2023-24,7,TRUE
National,202346,0,202346,3.69646,Weighted %ILI,202538,3.6903,-0.006159999999999943,2023,46,2023-11-12,2023-11-18,2023,2023-24,7,TRUE
Region 6,202347,0,202347,5.70685,Weighted %ILI,202538,5.9659,0.2590500000000002,2023,47,2023-11-19,2023-11-25,2023,2023-24,8,TRUE
National,202347,0,202347,3.94409,Weighted %ILI,202538,3.92958,-0.014510000000000023,2023,47,2023-11-19,2023-11-25,2023,2023-24,8,TRUE
Region 6,202348,0,202348,5.33514,Weighted %ILI,202538,5.63983,0.3046899999999999,2023,48,2023-11-26,2023-12-02,2023,2023-24,9,TRUE
National,202348,0,202348,4.0457,Weighted %ILI,202538,4.03334,-0.012360000000000149,2023,48,2023-11-26,2023-12-02,2023,2023-24,9,TRUE
Region 6,202349,0,202349,5.75129,Weighted %ILI,202538,6.07051,0.3192199999999996,2023,49,2023-12-03,2023-12-09,2023,2023-24,10,TRUE
National,202349,0,202349,4.40253,Weighted %ILI,202538,4.38382,-0.01870999999999956,2023,49,2023-12-03,2023-12-09,2023,2023-24,10,TRUE
Region 6,202350,0,202350,6.16082,Weighted %ILI,202538,7.11576,0.9549399999999997,2023,50,2023-12-10,2023-12-16,2023,2023-24,11,TRUE
National,202350,0,202350,5.12168,Weighted %ILI,202538,5.18426,0.06258000000000052,2023,50,2023-12-10,2023-12-16,2023,2023-24,11,TRUE
Region 6,202351,0,202351,6.922,Weighted %ILI,202538,8.2941,1.3721000000000005,2023,51,2023-12-17,2023-12-23,2023,2023-24,12,TRUE
National,202351,0,202351,6.08666,Weighted %ILI,202538,6.23157,0.14490999999999943,2023,51,2023-12-17,2023-12-23,2023,2023-24,12,TRUE
Region 6,202352,0,202352,7.77101,Weighted %ILI,202538,7.77249,0.0014799999999999258,2023,52,2023-12-24,2023-12-30,2023,2023-24,13,TRUE
National,202352,0,202352,6.85159,Weighted %ILI,202538,6.7962,-0.05539000000000005,2023,52,2023-12-24,2023-12-30,2023,2023-24,13,TRUE
Region 6,202401,0,202401,7.26903,Weighted %ILI,202538,7.36716,0.09813000000000027,2024,1,2023-12-31,2024-01-06,2023,2023-24,14,TRUE
National,202401,0,202401,5.74927,Weighted %ILI,202538,5.71536,-0.03390999999999966,2024,1,2023-12-31,2024-01-06,2023,2023-24,14,TRUE
Region 6,202402,0,202402,5.65875,Weighted %ILI,202538,5.67615,0.017399999999999416,2024,2,2024-01-07,2024-01-13,2023,2023-24,15,TRUE
National,202402,0,202402,4.72921,Weighted %ILI,202538,4.66576,-0.06345000000000045,2024,2,2024-01-07,2024-01-13,2023,2023-24,15,TRUE
Region 6,202403,0,202403,5.66227,Weighted %ILI,202538,5.99755,0.33528,2024,3,2024-01-14,2024-01-20,2023,2023-24,16,TRUE
National,202403,0,202403,4.28596,Weighted %ILI,202538,4.32446,0.03849999999999998,2024,3,2024-01-14,2024-01-20,2023,2023-24,16,TRUE
Region 6,202404,0,202404,6.48589,Weighted %ILI,202538,6.78314,0.29725,2024,4,2024-01-21,2024-01-27,2023,2023-24,17,TRUE
National,202404,0,202404,4.25981,Weighted %ILI,202538,4.22972,-0.030089999999999506,2024,4,2024-01-21,2024-01-27,2023,2023-24,17,TRUE
Region 6,202405,0,202405,7.38178,Weighted %ILI,202538,7.75475,0.3729699999999996,2024,5,2024-01-28,2024-02-03,2023,2023-24,18,TRUE
National,202405,0,202405,4.39705,Weighted %ILI,202538,4.42065,0.023600000000000065,2024,5,2024-01-28,2024-02-03,2023,2023-24,18,TRUE
Region 6,202406,0,202406,6.99029,Weighted %ILI,202538,7.03665,0.04635999999999996,2024,6,2024-02-04,2024-02-10,2023,2023-24,19,TRUE
National,202406,0,202406,4.49532,Weighted %ILI,202538,4.45705,-0.03827000000000069,2024,6,2024-02-04,2024-02-10,2023,2023-24,19,TRUE
Region 6,202407,0,202407,6.12703,Weighted %ILI,202538,6.18286,0.05582999999999938,2024,7,2024-02-11,2024-02-17,2023,2023-24,20,TRUE
National,202407,0,202407,4.45839,Weighted %ILI,202538,4.35511,-0.10327999999999982,2024,7,2024-02-11,2024-02-17,2023,2023-24,20,TRUE
Region 6,202408,0,202408,5.57829,Weighted %ILI,202538,5.62229,0.043999999999999595,2024,8,2024-02-18,2024-02-24,2023,2023-24,21,TRUE
National,202408,0,202408,4.38206,Weighted %ILI,202538,4.33545,-0.04661000000000026,2024,8,2024-02-18,2024-02-24,2023,2023-24,21,TRUE
Region 6,202409,0,202409,4.84448,Weighted %ILI,202538,4.8813,0.03682000000000052,2024,9,2024-02-25,2024-03-02,2023,2023-24,22,TRUE
National,202409,0,202409,4.10736,Weighted %ILI,202538,4.0587,-0.048659999999999926,2024,9,2024-02-25,2024-03-02,2023,2023-24,22,TRUE
Region 6,202410,0,202410,4.54522,Weighted %ILI,202538,4.59458,0.04936000000000007,2024,10,2024-03-03,2024-03-09,2023,2023-24,23,TRUE
National,202410,0,202410,3.7406,Weighted %ILI,202538,3.72797,-0.012630000000000141,2024,10,2024-03-03,2024-03-09,2023,2023-24,23,TRUE
Region 6,202411,0,202411,4.33799,Weighted %ILI,202538,4.30048,-0.037509999999999266,2024,11,2024-03-10,2024-03-16,2023,2023-24,24,TRUE
National,202411,0,202411,3.41941,Weighted %ILI,202538,3.39722,-0.022190000000000154,2024,11,2024-03-10,2024-03-16,2023,2023-24,24,TRUE
Region 6,202412,0,202412,3.23168,Weighted %ILI,202538,3.44709,0.21541000000000032,2024,12,2024-03-17,2024-03-23,2023,2023-24,25,TRUE
National,202412,0,202412,3.09302,Weighted %ILI,202538,3.08528,-0.00774000000000008,2024,12,2024-03-17,2024-03-23,2023,2023-24,25,TRUE
Region 6,202413,0,202413,3.3127,Weighted %ILI,202538,3.3403,0.02760000000000007,2024,13,2024-03-24,2024-03-30,2023,2023-24,26,TRUE
National,202413,0,202413,3.00297,Weighted %ILI,202538,2.97703,-0.025939999999999852,2024,13,2024-03-24,2024-03-30,2023,2023-24,26,TRUE
Region 6,202414,0,202414,2.94483,Weighted %ILI,202538,2.99283,0.04800000000000004,2024,14,2024-03-31,2024-04-06,2023,2023-24,27,TRUE
National,202414,0,202414,2.76464,Weighted %ILI,202538,2.76586,0.0012199999999999989,2024,14,2024-03-31,2024-04-06,2023,2023-24,27,TRUE
Region 6,202415,0,202415,2.70463,Weighted %ILI,202538,3.03666,0.33203000000000005,2024,15,2024-04-07,2024-04-13,2023,2023-24,28,TRUE
National,202415,0,202415,2.50692,Weighted %ILI,202538,2.53824,0.031320000000000014,2024,15,2024-04-07,2024-04-13,2023,2023-24,28,TRUE
Region 6,202416,0,202416,2.6458,Weighted %ILI,202538,2.67669,0.030889999999999862,2024,16,2024-04-14,2024-04-20,2023,2023-24,29,TRUE
National,202416,0,202416,2.25346,Weighted %ILI,202538,2.24747,-0.005990000000000162,2024,16,2024-04-14,2024-04-20,2023,2023-24,29,TRUE
Region 6,202417,0,202417,2.55364,Weighted %ILI,202538,2.5943,0.04065999999999992,2024,17,2024-04-21,2024-04-27,2023,2023-24,30,TRUE
National,202417,0,202417,2.19339,Weighted %ILI,202538,2.19144,-0.0019499999999998963,2024,17,2024-04-21,2024-04-27,2023,2023-24,30,TRUE
Region 6,202418,0,202418,2.54052,Weighted %ILI,202538,2.56249,0.021970000000000045,2024,18,2024-04-28,2024-05-04,2023,2023-24,31,TRUE
National,202418,0,202418,2.13128,Weighted %ILI,202538,2.09931,-0.03196999999999983,2024,18,2024-04-28,2024-05-04,2023,2023-24,31,TRUE
Region 6,202419,0,202419,2.50625,Weighted %ILI,202538,2.50847,0.0022199999999998887,2024,19,2024-05-05,2024-05-11,2023,2023-24,32,TRUE
National,202419,0,202419,2.03031,Weighted %ILI,202538,2.00488,-0.025430000000000064,2024,19,2024-05-05,2024-05-11,2023,2023-24,32,TRUE
Region 6,202420,0,202420,2.37533,Weighted %ILI,202538,2.36616,-0.009170000000000122,2024,20,2024-05-12,2024-05-18,2023,2023-24,33,TRUE
National,202420,0,202420,1.99238,Weighted %ILI,202538,1.97657,-0.015810000000000102,2024,20,2024-05-12,2024-05-18,2023,2023-24,33,TRUE
Region 6,202421,0,202421,2.23742,Weighted %ILI,202538,2.36158,0.12415999999999983,2024,21,2024-05-19,2024-05-25,2023,2023-24,34,TRUE
National,202421,0,202421,1.89731,Weighted %ILI,202538,1.90707,0.009759999999999991,2024,21,2024-05-19,2024-05-25,2023,2023-24,34,TRUE
Region 6,202422,0,202422,1.87795,Weighted %ILI,202538,2.20221,0.32426,2024,22,2024-05-26,2024-06-01,2023,2023-24,35,TRUE
National,202422,0,202422,1.85049,Weighted %ILI,202538,1.87651,0.026019999999999932,2024,22,2024-05-26,2024-06-01,2023,2023-24,35,TRUE
Region 6,202423,0,202423,1.84933,Weighted %ILI,202538,1.84052,-0.008809999999999985,2024,23,2024-06-02,2024-06-08,2023,2023-24,36,TRUE
National,202423,0,202423,1.66961,Weighted %ILI,202538,1.66065,-0.008960000000000079,2024,23,2024-06-02,2024-06-08,2023,2023-24,36,TRUE
Region 6,202424,0,202424,1.56418,Weighted %ILI,202538,1.91149,0.34731,2024,24,2024-06-09,2024-06-15,2023,2023-24,37,TRUE
National,202424,0,202424,1.55939,Weighted %ILI,202538,1.58178,0.02238999999999991,2024,24,2024-06-09,2024-06-15,2023,2023-24,37,TRUE
Region 6,202425,0,202425,1.37573,Weighted %ILI,202538,1.72322,0.3474900000000001,2024,25,2024-06-16,2024-06-22,2023,2023-24,38,TRUE
National,202425,0,202425,1.45663,Weighted %ILI,202538,1.49244,0.0358099999999999,2024,25,2024-06-16,2024-06-22,2023,2023-24,38,TRUE
Region 6,202426,0,202426,1.39887,Weighted %ILI,202538,1.71962,0.32074999999999987,2024,26,2024-06-23,2024-06-29,2023,2023-24,39,TRUE
National,202426,0,202426,1.42892,Weighted %ILI,202538,1.4663,0.03737999999999997,2024,26,2024-06-23,2024-06-29,2023,2023-24,39,TRUE
Region 6,202427,0,202427,1.39571,Weighted %ILI,202538,1.38139,-0.01432000000000011,2024,27,2024-06-30,2024-07-06,2023,2023-24,40,TRUE
National,202427,0,202427,1.3943,Weighted %ILI,202538,1.37639,-0.017910000000000093,2024,27,2024-06-30,2024-07-06,2023,2023-24,40,TRUE
Region 6,202428,0,202428,1.54295,Weighted %ILI,202538,1.84804,0.30508999999999986,2024,28,2024-07-07,2024-07-13,2023,2023-24,41,TRUE
National,202428,0,202428,1.39107,Weighted %ILI,202538,1.45548,0.06441000000000008,2024,28,2024-07-07,2024-07-13,2023,2023-24,41,TRUE
Region 6,202429,0,202429,1.63504,Weighted %ILI,202538,1.9343,0.29925999999999986,2024,29,2024-07-14,2024-07-20,2023,2023-24,42,TRUE
National,202429,0,202429,1.40864,Weighted %ILI,202538,1.45233,0.04369000000000001,2024,29,2024-07-14,2024-07-20,2023,2023-24,42,TRUE
Region 6,202430,0,202430,2.13985,Weighted %ILI,202538,2.14847,0.008620000000000072,2024,30,2024-07-21,2024-07-27,2023,2023-24,43,TRUE
National,202430,0,202430,1.50252,Weighted %ILI,202538,1.52211,0.019589999999999996,2024,30,2024-07-21,2024-07-27,2023,2023-24,43,TRUE
Region 6,202431,0,202431,1.77746,Weighted %ILI,202538,2.09273,0.31526999999999994,2024,31,2024-07-28,2024-08-03,2023,2023-24,44,TRUE
National,202431,0,202431,1.45939,Weighted %ILI,202538,1.53543,0.07604000000000011,2024,31,2024-07-28,2024-08-03,2023,2023-24,44,TRUE
Region 6,202432,0,202432,2.09136,Weighted %ILI,202538,2.09452,0.0031600000000002737,2024,32,2024-08-04,2024-08-10,2023,2023-24,45,TRUE
National,202432,0,202432,1.50821,Weighted %ILI,202538,1.53984,0.03163000000000005,2024,32,2024-08-04,2024-08-10,2023,2023-24,45,TRUE
Region 6,202433,0,202433,1.6658,Weighted %ILI,202538,1.95709,0.29129000000000005,2024,33,2024-08-11,2024-08-17,2023,2023-24,46,TRUE
National,202433,0,202433,1.51967,Weighted %ILI,202538,1.56577,0.04610000000000003,2024,33,2024-08-11,2024-08-17,2023,2023-24,46,TRUE
Region 6,202434,0,202434,2.50697,Weighted %ILI,202538,2.5142,0.007230000000000292,2024,34,2024-08-18,2024-08-24,2023,2023-24,47,TRUE
National,202434,0,202434,1.76501,Weighted %ILI,202538,1.76988,0.00486999999999993,2024,34,2024-08-18,2024-08-24,2023,2023-24,47,TRUE
Region 6,202435,0,202435,2.94078,Weighted %ILI,202538,3.21711,0.27632999999999974,2024,35,2024-08-25,2024-08-31,2023,2023-24,48,TRUE
National,202435,0,202435,1.88503,Weighted %ILI,202538,1.93414,0.04910999999999999,2024,35,2024-08-25,2024-08-31,2023,2023-24,48,TRUE
Region 6,202436,0,202436,2.5016,Weighted %ILI,202538,2.69289,0.19128999999999996,2024,36,2024-09-01,2024-09-07,2023,2023-24,49,TRUE
National,202436,0,202436,1.87793,Weighted %ILI,202538,1.9202,0.04226999999999981,2024,36,2024-09-01,2024-09-07,2023,2023-24,49,TRUE
Region 6,202437,0,202437,2.5563,Weighted %ILI,202538,2.62713,0.07083000000000039,2024,37,2024-09-08,2024-09-14,2023,2023-24,50,TRUE
National,202437,0,202437,1.916,Weighted %ILI,202538,1.95528,0.03927999999999998,2024,37,2024-09-08,2024-09-14,2023,2023-24,50,TRUE
Region 6,202438,0,202438,2.33529,Weighted %ILI,202538,2.35766,0.02237,2024,38,2024-09-15,2024-09-21,2023,2023-24,51,TRUE
National,202438,0,202438,1.91151,Weighted %ILI,202538,1.95303,0.04152,2024,38,2024-09-15,2024-09-21,2023,2023-24,51,TRUE
Region 6,202439,0,202439,2.18218,Weighted %ILI,202538,2.19249,0.010310000000000041,2024,39,2024-09-22,2024-09-28,2023,2023-24,52,TRUE
National,202439,0,202439,1.85583,Weighted %ILI,202538,1.93495,0.07911999999999986,2024,39,2024-09-22,2024-09-28,2023,2023-24,52,TRUE
Region 6,202440,0,202440,2.49109,Weighted %ILI,202638,2.17716,-0.3139299999999996,2024,40,2024-09-29,2024-10-05,2024,2024-25,1,TRUE
National,202440,0,202440,1.92456,Weighted %ILI,202638,1.90509,-0.0194700000000001,2024,40,2024-09-29,2024-10-05,2024,2024-25,1,TRUE
Region 6,202441,0,202441,2.55575,Weighted %ILI,202638,2.24314,-0.3126100000000003,2024,41,2024-10-06,2024-10-12,2024,2024-25,2,TRUE
National,202441,0,202441,2.06301,Weighted %ILI,202638,2.02014,-0.04286999999999974,2024,41,2024-10-06,2024-10-12,2024,2024-25,2,TRUE
Region 6,202442,0,202442,2.33196,Weighted %ILI,202638,2.14256,-0.1894,2024,42,2024-10-13,2024-10-19,2024,2024-25,3,TRUE
National,202442,0,202442,2.09617,Weighted %ILI,202638,2.07037,-0.025799999999999823,2024,42,2024-10-13,2024-10-19,2024,2024-25,3,TRUE
Region 6,202443,0,202443,2.48815,Weighted %ILI,202638,2.27193,-0.2162200000000003,2024,43,2024-10-20,2024-10-26,2024,2024-25,4,TRUE
National,202443,0,202443,2.24606,Weighted %ILI,202638,2.22044,-0.025619999999999976,2024,43,2024-10-20,2024-10-26,2024,2024-25,4,TRUE
Region 6,202444,0,202444,2.9913,Weighted %ILI,202638,2.45152,-0.5397799999999999,2024,44,2024-10-27,2024-11-02,2024,2024-25,5,TRUE
National,202444,0,202444,2.37225,Weighted %ILI,202638,2.31725,-0.05500000000000016,2024,44,2024-10-27,2024-11-02,2024,2024-25,5,TRUE
Region 6,202445,0,202445,2.91857,Weighted %ILI,202638,2.56867,-0.3498999999999999,2024,45,2024-11-03,2024-11-09,2024,2024-25,6,TRUE
National,202445,0,202445,2.5067,Weighted %ILI,202638,2.4719,-0.03479999999999972,2024,45,2024-11-03,2024-11-09,2024,2024-25,6,TRUE
Region 6,202446,0,202446,3.49549,Weighted %ILI,202638,3.17814,-0.31735000000000024,2024,46,2024-11-10,2024-11-16,2024,2024-25,7,TRUE
National,202446,0,202446,2.7333,Weighted %ILI,202638,2.6917,-0.04159999999999986,2024,46,2024-11-10,2024-11-16,2024,2024-25,7,TRUE
Region 6,202447,0,202447,3.91875,Weighted %ILI,202638,3.41741,-0.5013400000000003,2024,47,2024-11-17,2024-11-23,2024,2024-25,8,TRUE
National,202447,0,202447,2.95584,Weighted %ILI,202638,2.88949,-0.06634999999999991,2024,47,2024-11-17,2024-11-23,2024,2024-25,8,TRUE
Region 6,202448,0,202448,3.86444,Weighted %ILI,202638,3.69207,-0.1723699999999999,2024,48,2024-11-24,2024-11-30,2024,2024-25,9,TRUE
National,202448,0,202448,3.21659,Weighted %ILI,202638,3.18283,-0.03376000000000001,2024,48,2024-11-24,2024-11-30,2024,2024-25,9,TRUE
Region 6,202449,0,202449,3.92313,Weighted %ILI,202638,3.6056,-0.3175300000000001,2024,49,2024-12-01,2024-12-07,2024,2024-25,10,TRUE
National,202449,0,202449,3.38505,Weighted %ILI,202638,3.318,-0.06705000000000005,2024,49,2024-12-01,2024-12-07,2024,2024-25,10,TRUE
Region 6,202450,0,202450,4.51764,Weighted %ILI,202638,4.38606,-0.13158000000000047,2024,50,2024-12-08,2024-12-14,2024,2024-25,11,TRUE
National,202450,0,202450,3.7994,Weighted %ILI,202638,3.78793,-0.011470000000000091,2024,50,2024-12-08,2024-12-14,2024,2024-25,11,TRUE
Region 6,202451,0,202451,5.84875,Weighted %ILI,202638,5.86942,0.020669999999999966,2024,51,2024-12-15,2024-12-21,2024,2024-25,12,TRUE
National,202451,0,202451,4.92471,Weighted %ILI,202638,4.94489,0.020179999999999865,2024,51,2024-12-15,2024-12-21,2024,2024-25,12,TRUE
Region 6,202452,0,202452,7.64787,Weighted %ILI,202638,7.68463,0.036760000000000126,2024,52,2024-12-22,2024-12-28,2024,2024-25,13,TRUE
National,202452,0,202452,6.76785,Weighted %ILI,202638,6.74349,-0.024359999999999715,2024,52,2024-12-22,2024-12-28,2024,2024-25,13,TRUE
Region 6,202501,0,202501,6.29879,Weighted %ILI,202638,6.69361,0.3948199999999993,2025,1,2024-12-29,2025-01-04,2024,2024-25,14,TRUE
National,202501,0,202501,6.06477,Weighted %ILI,202638,6.25398,0.1892100000000001,2025,1,2024-12-29,2025-01-04,2024,2024-25,14,TRUE
Region 6,202502,0,202502,6.08057,Weighted %ILI,202638,5.65787,-0.42269999999999985,2025,2,2025-01-05,2025-01-11,2024,2024-25,15,TRUE
National,202502,0,202502,5.37231,Weighted %ILI,202638,5.30512,-0.06719000000000008,2025,2,2025-01-05,2025-01-11,2024,2024-25,15,TRUE
Region 6,202503,0,202503,5.93273,Weighted %ILI,202638,6.04577,0.11303999999999981,2025,3,2025-01-12,2025-01-18,2024,2024-25,16,TRUE
National,202503,0,202503,5.65402,Weighted %ILI,202638,5.74558,0.09156000000000031,2025,3,2025-01-12,2025-01-18,2024,2024-25,16,TRUE
Region 6,202504,0,202504,8.06806,Weighted %ILI,202638,8.16387,0.09581000000000017,2025,4,2025-01-19,2025-01-25,2024,2024-25,17,TRUE
National,202504,0,202504,6.94969,Weighted %ILI,202638,6.98693,0.03723999999999972,2025,4,2025-01-19,2025-01-25,2024,2024-25,17,TRUE
Region 6,202505,0,202505,10.0753,Weighted %ILI,202638,10.2722,0.1968999999999994,2025,5,2025-01-26,2025-02-01,2024,2024-25,18,TRUE
National,202505,0,202505,7.75581,Weighted %ILI,202638,7.79898,0.04316999999999993,2025,5,2025-01-26,2025-02-01,2024,2024-25,18,TRUE
Region 6,202506,0,202506,8.3889,Weighted %ILI,202638,8.66758,0.2786799999999996,2025,6,2025-02-02,2025-02-08,2024,2024-25,19,TRUE
National,202506,0,202506,7.79326,Weighted %ILI,202638,7.84378,0.050519999999999676,2025,6,2025-02-02,2025-02-08,2024,2024-25,19,TRUE
Region 6,202507,0,202507,6.16666,Weighted %ILI,202638,6.23912,0.07245999999999952,2025,7,2025-02-09,2025-02-15,2024,2024-25,20,TRUE
National,202507,0,202507,6.82809,Weighted %ILI,202638,6.93692,0.10882999999999932,2025,7,2025-02-09,2025-02-15,2024,2024-25,20,TRUE
Region 6,202508,0,202508,5.9183,Weighted %ILI,202638,5.43816,-0.48014000000000046,2025,8,2025-02-16,2025-02-22,2024,2024-25,21,TRUE
National,202508,0,202508,5.80963,Weighted %ILI,202638,5.90072,0.09108999999999945,2025,8,2025-02-16,2025-02-22,2024,2024-25,21,TRUE
Region 6,202509,0,202509,5.32473,Weighted %ILI,202638,4.87639,-0.44833999999999996,2025,9,2025-02-23,2025-03-01,2024,2024-25,22,TRUE
National,202509,0,202509,4.90486,Weighted %ILI,202638,4.87406,-0.03080000000000016,2025,9,2025-02-23,2025-03-01,2024,2024-25,22,TRUE
Region 6,202510,0,202510,4.65825,Weighted %ILI,202638,4.33175,-0.32649999999999935,2025,10,2025-03-02,2025-03-08,2024,2024-25,23,TRUE
National,202510,0,202510,4.30843,Weighted %ILI,202638,4.26679,-0.04164000000000012,2025,10,2025-03-02,2025-03-08,2024,2024-25,23,TRUE
Region 6,202511,0,202511,4.12493,Weighted %ILI,202638,3.63752,-0.4874100000000001,2025,11,2025-03-09,2025-03-15,2024,2024-25,24,TRUE
National,202511,0,202511,3.85517,Weighted %ILI,202638,3.81006,-0.045110000000000205,2025,11,2025-03-09,2025-03-15,2024,2024-25,24,TRUE
Region 6,202512,0,202512,3.52363,Weighted %ILI,202638,3.16021,-0.36341999999999963,2025,12,2025-03-16,2025-03-22,2024,2024-25,25,TRUE
National,202512,0,202512,3.29071,Weighted %ILI,202638,3.25232,-0.0383899999999997,2025,12,2025-03-16,2025-03-22,2024,2024-25,25,TRUE
Region 6,202513,0,202513,5.07337,Weighted %ILI,202638,2.78595,-2.2874199999999996,2025,13,2025-03-23,2025-03-29,2024,2024-25,26,TRUE
National,202513,0,202513,3.18769,Weighted %ILI,202638,2.89999,-0.28770000000000007,2025,13,2025-03-23,2025-03-29,2024,2024-25,26,TRUE
Region 6,202514,0,202514,2.86595,Weighted %ILI,202638,2.47165,-0.3943000000000003,2025,14,2025-03-30,2025-04-05,2024,2024-25,27,TRUE
National,202514,0,202514,2.5121000000000002,Weighted %ILI,202638,2.56142,0.04931999999999981,2025,14,2025-03-30,2025-04-05,2024,2024-25,27,TRUE
Region 6,202515,0,202515,2.80353,Weighted %ILI,202638,2.50516,-0.2983699999999998,2025,15,2025-04-06,2025-04-12,2024,2024-25,28,TRUE
National,202515,0,202515,2.36892,Weighted %ILI,202638,2.41066,0.04173999999999989,2025,15,2025-04-06,2025-04-12,2024,2024-25,28,TRUE
Region 6,202516,0,202516,2.57976,Weighted %ILI,202638,2.47863,-0.10112999999999994,2025,16,2025-04-13,2025-04-19,2024,2024-25,29,TRUE
National,202516,0,202516,2.2757,Weighted %ILI,202638,2.26966,-0.006040000000000045,2025,16,2025-04-13,2025-04-19,2024,2024-25,29,TRUE
Region 6,202517,0,202517,2.9121,Weighted %ILI,202638,2.45027,-0.46182999999999996,2025,17,2025-04-20,2025-04-26,2024,2024-25,30,TRUE
National,202517,0,202517,2.23787,Weighted %ILI,202638,2.16654,-0.07133000000000012,2025,17,2025-04-20,2025-04-26,2024,2024-25,30,TRUE
Region 6,202518,0,202518,2.66735,Weighted %ILI,202638,2.19069,-0.47665999999999986,2025,18,2025-04-27,2025-05-03,2024,2024-25,31,TRUE
National,202518,0,202518,2.05449,Weighted %ILI,202638,1.99958,-0.054910000000000014,2025,18,2025-04-27,2025-05-03,2024,2024-25,31,TRUE
Region 6,202519,0,202519,2.50815,Weighted %ILI,202638,2.02462,-0.48353,2025,19,2025-05-04,2025-05-10,2024,2024-25,32,TRUE
National,202519,0,202519,1.93718,Weighted %ILI,202638,1.89657,-0.04060999999999981,2025,19,2025-05-04,2025-05-10,2024,2024-25,32,TRUE
Region 6,202520,0,202520,2.60432,Weighted %ILI,202638,2.10074,-0.5035799999999999,2025,20,2025-05-11,2025-05-17,2024,2024-25,33,TRUE
National,202520,0,202520,1.92406,Weighted %ILI,202638,1.86402,-0.06004000000000009,2025,20,2025-05-11,2025-05-17,2024,2024-25,33,TRUE
Region 6,202521,0,202521,1.95808,Weighted %ILI,202638,1.9397,-0.018380000000000063,2025,21,2025-05-18,2025-05-24,2024,2024-25,34,TRUE
National,202521,0,202521,1.78288,Weighted %ILI,202638,1.8161,0.03322000000000003,2025,21,2025-05-18,2025-05-24,2024,2024-25,34,TRUE
Region 6,202522,0,202522,2.35056,Weighted %ILI,202638,1.87546,-0.4751000000000003,2025,22,2025-05-25,2025-05-31,2024,2024-25,35,TRUE
National,202522,0,202522,1.88669,Weighted %ILI,202638,1.82615,-0.06054000000000004,2025,22,2025-05-25,2025-05-31,2024,2024-25,35,TRUE
Region 6,202523,0,202523,1.92064,Weighted %ILI,202638,1.55942,-0.3612199999999999,2025,23,2025-06-01,2025-06-07,2024,2024-25,36,TRUE
National,202523,0,202523,1.64855,Weighted %ILI,202638,1.6042,-0.04434999999999989,2025,23,2025-06-01,2025-06-07,2024,2024-25,36,TRUE
Region 6,202524,0,202524,1.28216,Weighted %ILI,202638,1.29305,0.010890000000000066,2025,24,2025-06-08,2025-06-14,2024,2024-25,37,TRUE
National,202524,0,202524,1.40884,Weighted %ILI,202638,1.4049,-0.003940000000000055,2025,24,2025-06-08,2025-06-14,2024,2024-25,37,TRUE
Region 6,202525,0,202525,1.53222,Weighted %ILI,202638,1.23717,-0.2950499999999998,2025,25,2025-06-15,2025-06-21,2024,2024-25,38,TRUE
National,202525,0,202525,1.35378,Weighted %ILI,202638,1.31999,-0.03378999999999999,2025,25,2025-06-15,2025-06-21,2024,2024-25,38,TRUE
Region 6,202526,0,202526,1.30815,Weighted %ILI,202638,1.02931,-0.27884,2025,26,2025-06-22,2025-06-28,2024,2024-25,39,TRUE
National,202526,0,202526,1.20719,Weighted %ILI,202638,1.17989,-0.02729999999999988,2025,26,2025-06-22,2025-06-28,2024,2024-25,39,TRUE
Region 6,202527,0,202527,0.995116,Weighted %ILI,202638,1.00014,0.0050240000000000284,2025,27,2025-06-29,2025-07-05,2024,2024-25,40,TRUE
National,202527,0,202527,1.09309,Weighted %ILI,202638,1.108,0.014910000000000201,2025,27,2025-06-29,2025-07-05,2024,2024-25,40,TRUE
Region 6,202528,0,202528,1.3554,Weighted %ILI,202638,1.42247,0.06706999999999996,2025,28,2025-07-06,2025-07-12,2024,2024-25,41,TRUE
National,202528,0,202528,1.14366,Weighted %ILI,202638,1.15638,0.012720000000000065,2025,28,2025-07-06,2025-07-12,2024,2024-25,41,TRUE
Region 6,202529,0,202529,0.999856,Weighted %ILI,202638,1.07181,0.07195399999999996,2025,29,2025-07-13,2025-07-19,2024,2024-25,42,TRUE
National,202529,0,202529,1.03914,Weighted %ILI,202638,1.05736,0.018220000000000125,2025,29,2025-07-13,2025-07-19,2024,2024-25,42,TRUE
Region 6,202530,0,202530,0.941694,Weighted %ILI,202638,0.941368,-3.260000000000485e-4,2025,30,2025-07-20,2025-07-26,2024,2024-25,43,TRUE
National,202530,0,202530,1.02918,Weighted %ILI,202638,1.03242,0.0032399999999999096,2025,30,2025-07-20,2025-07-26,2024,2024-25,43,TRUE
Region 6,202531,0,202531,1.02609,Weighted %ILI,202638,1.03052,0.004430000000000156,2025,31,2025-07-27,2025-08-02,2024,2024-25,44,TRUE
National,202531,0,202531,1.04958,Weighted %ILI,202638,1.05832,0.00873999999999997,2025,31,2025-07-27,2025-08-02,2024,2024-25,44,TRUE
Region 6,202532,0,202532,1.12531,Weighted %ILI,202638,1.13493,0.009619999999999962,2025,32,2025-08-03,2025-08-09,2024,2024-25,45,TRUE
National,202532,0,202532,1.1445,Weighted %ILI,202638,1.14965,0.005149999999999988,2025,32,2025-08-03,2025-08-09,2024,2024-25,45,TRUE
Region 6,202533,0,202533,1.30527,Weighted %ILI,202638,1.32069,0.01541999999999999,2025,33,2025-08-10,2025-08-16,2024,2024-25,46,TRUE
National,202533,0,202533,1.20477,Weighted %ILI,202638,1.21395,0.009180000000000188,2025,33,2025-08-10,2025-08-16,2024,2024-25,46,TRUE
Region 6,202534,0,202534,1.77143,Weighted %ILI,202638,1.83438,0.06294999999999984,2025,34,2025-08-17,2025-08-23,2024,2024-25,47,TRUE
National,202534,0,202534,1.43677,Weighted %ILI,202638,1.45765,0.020879999999999788,2025,34,2025-08-17,2025-08-23,2024,2024-25,47,TRUE
Region 6,202535,0,202535,2.71719,Weighted %ILI,202638,2.79854,0.08135000000000003,2025,35,2025-08-24,2025-08-30,2024,2024-25,48,TRUE
National,202535,0,202535,1.75167,Weighted %ILI,202638,1.7911300000000001,0.03946000000000005,2025,35,2025-08-24,2025-08-30,2024,2024-25,48,TRUE
Region 6,202536,0,202536,2.19963,Weighted %ILI,202638,2.32175,0.12212000000000023,2025,36,2025-08-31,2025-09-06,2024,2024-25,49,TRUE
National,202536,0,202536,1.7648,Weighted %ILI,202638,1.80315,0.038350000000000106,2025,36,2025-08-31,2025-09-06,2024,2024-25,49,TRUE
Region 6,202537,0,202537,2.03473,Weighted %ILI,202638,2.15895,0.12421999999999978,2025,37,2025-09-07,2025-09-13,2024,2024-25,50,TRUE
National,202537,0,202537,1.72881,Weighted %ILI,202638,1.75434,0.025530000000000053,2025,37,2025-09-07,2025-09-13,2024,2024-25,50,TRUE
Region 6,202538,0,202538,1.93681,Weighted %ILI,202638,1.93811,0.0013000000000000789,2025,38,2025-09-14,2025-09-20,2024,2024-25,51,TRUE
National,202538,0,202538,1.67932,Weighted %ILI,202638,1.72128,0.04196,2025,38,2025-09-14,2025-09-20,2024,2024-25,51,TRUE
Region 6,202545,0,202545,2.21502,Weighted %ILI,202638,2.22711,0.012090000000000156,2025,45,2025-11-02,2025-11-08,2025,2025-26,6,TRUE
National,202545,0,202545,2.12052,Weighted %ILI,202638,2.12189,0.0013700000000000934,2025,45,2025-11-02,2025-11-08,2025,2025-26,6,TRUE
Region 6,202546,0,202546,2.71129,Weighted %ILI,202638,2.78106,0.06977000000000011,2025,46,2025-11-09,2025-11-15,2025,2025-26,7,TRUE
National,202546,0,202546,2.24636,Weighted %ILI,202638,2.26336,0.016999999999999904,2025,46,2025-11-09,2025-11-15,2025,2025-26,7,TRUE
Region 6,202547,0,202547,2.94226,Weighted %ILI,202638,3.05734,0.11507999999999985,2025,47,2025-11-16,2025-11-22,2025,2025-26,8,TRUE
National,202547,0,202547,2.49672,Weighted %ILI,202638,2.52529,0.028570000000000206,2025,47,2025-11-16,2025-11-22,2025,2025-26,8,TRUE
Region 6,202548,0,202548,3.13635,Weighted %ILI,202638,3.17568,0.03932999999999964,2025,48,2025-11-23,2025-11-29,2025,2025-26,9,TRUE
National,202548,0,202548,2.92979,Weighted %ILI,202638,2.96755,0.037760000000000016,2025,48,2025-11-23,2025-11-29,2025,2025-26,9,TRUE
Region 6,202549,0,202549,3.59207,Weighted %ILI,202638,3.72191,0.12983999999999973,2025,49,2025-11-30,2025-12-06,2025,2025-26,10,TRUE
National,202549,0,202549,3.23935,Weighted %ILI,202638,3.28462,0.04526999999999992,2025,49,2025-11-30,2025-12-06,2025,2025-26,10,TRUE
Region 6,202550,0,202550,4.22582,Weighted %ILI,202638,4.24602,0.020199999999999996,2025,50,2025-12-07,2025-12-13,2025,2025-26,11,TRUE
National,202550,0,202550,4.06182,Weighted %ILI,202638,4.11906,0.05724000000000018,2025,50,2025-12-07,2025-12-13,2025,2025-26,11,TRUE
Region 6,202551,0,202551,6.44082,Weighted %ILI,202638,6.39428,-0.04654000000000025,2025,51,2025-12-14,2025-12-20,2025,2025-26,12,TRUE
National,202551,0,202551,6.01516,Weighted %ILI,202638,6.00523,-0.009929999999999772,2025,51,2025-12-14,2025-12-20,2025,2025-26,12,TRUE
Region 6,202552,0,202552,8.83658,Weighted %ILI,202638,8.87308,0.0365000000000002,2025,52,2025-12-21,2025-12-27,2025,2025-26,13,TRUE
National,202552,0,202552,8.24573,Weighted %ILI,202638,8.29853,0.052799999999999514,2025,52,2025-12-21,2025-12-27,2025,2025-26,13,TRUE
Region 6,202553,0,202553,6.92123,Weighted %ILI,202638,6.94388,0.022649999999999615,2025,53,2025-12-28,2026-01-03,2025,2025-26,14,TRUE
National,202553,0,202553,7.15494,Weighted %ILI,202638,7.16834,0.013399999999999856,2025,53,2025-12-28,2026-01-03,2025,2025-26,14,TRUE
Region 6,202601,0,202601,5.16046,Weighted %ILI,202638,5.17786,0.017400000000000304,2026,1,2026-01-04,2026-01-10,2025,2025-26,15,TRUE
National,202601,0,202601,5.27769,Weighted %ILI,202638,5.29497,0.017280000000000406,2026,1,2026-01-04,2026-01-10,2025,2025-26,15,TRUE
Region 6,202602,0,202602,4.20928,Weighted %ILI,202638,4.2752,0.0659200000000002,2026,2,2026-01-11,2026-01-17,2025,2025-26,16,TRUE
National,202602,0,202602,4.36798,Weighted %ILI,202638,4.38293,0.014949999999999797,2026,2,2026-01-11,2026-01-17,2025,2025-26,16,TRUE
Region 6,202603,0,202603,6.71907,Weighted %ILI,202638,6.66516,-0.053910000000000124,2026,3,2026-01-18,2026-01-24,2025,2025-26,17,TRUE
National,202603,0,202603,4.7032,Weighted %ILI,202638,4.72432,0.021119999999999806,2026,3,2026-01-18,2026-01-24,2025,2025-26,17,TRUE
Region 6,202604,0,202604,5.17293,Weighted %ILI,202638,5.20187,0.02894000000000041,2026,4,2026-01-25,2026-01-31,2025,2025-26,18,TRUE
National,202604,0,202604,4.41332,Weighted %ILI,202638,4.4268,0.01348000000000038,2026,4,2026-01-25,2026-01-31,2025,2025-26,18,TRUE
Region 6,202605,0,202605,6.74072,Weighted %ILI,202638,6.74977,0.009050000000000225,2026,5,2026-02-01,2026-02-07,2025,2025-26,19,TRUE
National,202605,0,202605,4.59299,Weighted %ILI,202638,4.61316,0.020169999999999355,2026,5,2026-02-01,2026-02-07,2025,2025-26,19,TRUE
Region 6,202606,0,202606,5.13211,Weighted %ILI,202638,5.23502,0.10290999999999961,2026,6,2026-02-08,2026-02-14,2025,2025-26,20,TRUE
National,202606,0,202606,4.53938,Weighted %ILI,202638,4.57281,0.03342999999999918,2026,6,2026-02-08,2026-02-14,2025,2025-26,20,TRUE
Region 6,202607,0,202607,4.29854,Weighted %ILI,202638,4.44715,0.1486099999999997,2026,7,2026-02-15,2026-02-21,2025,2025-26,21,TRUE
National,202607,0,202607,4.37041,Weighted %ILI,202638,4.42213,0.05172000000000043,2026,7,2026-02-15,2026-02-21,2025,2025-26,21,TRUE
Region 6,202608,0,202608,3.78344,Weighted %ILI,202638,3.89653,0.11308999999999969,2026,8,2026-02-22,2026-02-28,2025,2025-26,22,TRUE
National,202608,0,202608,3.85742,Weighted %ILI,202638,3.87476,0.017340000000000355,2026,8,2026-02-22,2026-02-28,2025,2025-26,22,TRUE
Region 6,202609,0,202609,3.59,Weighted %ILI,202638,3.7014,0.11140000000000017,2026,9,2026-03-01,2026-03-07,2025,2025-26,23,TRUE
National,202609,0,202609,3.68402,Weighted %ILI,202638,3.7067,0.022680000000000256,2026,9,2026-03-01,2026-03-07,2025,2025-26,23,TRUE
Region 6,202610,0,202610,2.92952,Weighted %ILI,202638,2.95646,0.026939999999999742,2026,10,2026-03-08,2026-03-14,2025,2025-26,24,TRUE
National,202610,0,202610,3.25084,Weighted %ILI,202638,3.26681,0.015969999999999818,2026,10,2026-03-08,2026-03-14,2025,2025-26,24,TRUE
Region 6,202611,0,202611,2.57292,Weighted %ILI,202638,2.62268,0.049760000000000026,2026,11,2026-03-15,2026-03-21,2025,2025-26,25,TRUE
National,202611,0,202611,2.89563,Weighted %ILI,202638,2.90075,0.005119999999999791,2026,11,2026-03-15,2026-03-21,2025,2025-26,25,TRUE
Region 6,202612,0,202612,2.25198,Weighted %ILI,202638,2.27257,0.020589999999999886,2026,12,2026-03-22,2026-03-28,2025,2025-26,26,TRUE
National,202612,0,202612,2.64849,Weighted %ILI,202638,2.65042,0.0019300000000002093,2026,12,2026-03-22,2026-03-28,2025,2025-26,26,TRUE
Region 6,202613,0,202613,1.92348,Weighted %ILI,202638,1.92323,-2.500000000000835e-4,2026,13,2026-03-29,2026-04-04,2025,2025-26,27,TRUE
National,202613,0,202613,2.36316,Weighted %ILI,202638,2.37307,0.009909999999999641,2026,13,2026-03-29,2026-04-04,2025,2025-26,27,TRUE
Region 6,202614,0,202614,1.88873,Weighted %ILI,202638,1.92675,0.03801999999999994,2026,14,2026-04-05,2026-04-11,2025,2025-26,28,TRUE
National,202614,0,202614,2.0863,Weighted %ILI,202638,2.09566,0.009360000000000035,2026,14,2026-04-05,2026-04-11,2025,2025-26,28,TRUE
Region 6,202615,0,202615,1.7843,Weighted %ILI,202638,1.80674,0.022440000000000015,2026,15,2026-04-12,2026-04-18,2025,2025-26,29,TRUE
National,202615,0,202615,1.88242,Weighted %ILI,202638,1.88364,0.0012199999999999989,2026,15,2026-04-12,2026-04-18,2025,2025-26,29,TRUE
Region 6,202616,0,202616,1.84889,Weighted %ILI,202638,1.86886,0.019970000000000043,2026,16,2026-04-19,2026-04-25,2025,2025-26,30,TRUE
National,202616,0,202616,1.81594,Weighted %ILI,202638,1.82155,0.005609999999999893,2026,16,2026-04-19,2026-04-25,2025,2025-26,30,TRUE
Region 6,202617,0,202617,1.75964,Weighted %ILI,202638,1.79936,0.03971999999999998,2026,17,2026-04-26,2026-05-02,2025,2025-26,31,TRUE
National,202617,0,202617,1.75442,Weighted %ILI,202638,1.76016,0.005739999999999856,2026,17,2026-04-26,2026-05-02,2025,2025-26,31,TRUE
Region 6,202618,0,202618,2.01429,Weighted %ILI,202638,2.0254,0.011109999999999953,2026,18,2026-05-03,2026-05-09,2025,2025-26,32,TRUE
National,202618,0,202618,1.76343,Weighted %ILI,202638,1.76462,0.0011900000000000244,2026,18,2026-05-03,2026-05-09,2025,2025-26,32,TRUE
Region 6,202619,0,202619,1.83991,Weighted %ILI,202638,1.84094,0.0010300000000000864,2026,19,2026-05-10,2026-05-16,2025,2025-26,33,TRUE
National,202619,0,202619,1.75464,Weighted %ILI,202638,1.74194,-0.012699999999999934,2026,19,2026-05-10,2026-05-16,2025,2025-26,33,TRUE
Region 6,202620,0,202620,1.7095,Weighted %ILI,202638,1.71241,0.002909999999999968,2026,20,2026-05-17,2026-05-23,2025,2025-26,34,TRUE
National,202620,0,202620,1.58894,Weighted %ILI,202638,1.5853,-0.0036400000000000876,2026,20,2026-05-17,2026-05-23,2025,2025-26,34,TRUE
Region 6,202621,0,202621,1.71329,Weighted %ILI,202638,1.71568,0.0023900000000001143,2026,21,2026-05-24,2026-05-30,2025,2025-26,35,TRUE
National,202621,0,202621,1.56049,Weighted %ILI,202638,1.56833,0.00784000000000007,2026,21,2026-05-24,2026-05-30,2025,2025-26,35,TRUE
Region 6,202622,0,202622,1.38777,Weighted %ILI,202638,1.38403,-0.0037399999999998546,2026,22,2026-05-31,2026-06-06,2025,2025-26,36,TRUE
National,202622,0,202622,1.39229,Weighted %ILI,202638,1.39262,3.2999999999994145e-4,2026,22,2026-05-31,2026-06-06,2025,2025-26,36,TRUE
Region 6,202623,0,202623,1.23659,Weighted %ILI,202638,1.23659,0,2026,23,2026-06-07,2026-06-13,2025,2025-26,37,TRUE
National,202623,0,202623,1.22736,Weighted %ILI,202638,1.23565,0.008289999999999909,2026,23,2026-06-07,2026-06-13,2025,2025-26,37,TRUE
Region 6,202624,0,202624,1.07704,Weighted %ILI,202638,1.07434,-0.0026999999999999247,2026,24,2026-06-14,2026-06-20,2025,2025-26,38,TRUE
National,202624,0,202624,1.11953,Weighted %ILI,202638,1.1263,0.006770000000000165,2026,24,2026-06-14,2026-06-20,2025,2025-26,38,TRUE
Region 6,202625,0,202625,0.935769,Weighted %ILI,202638,0.934103,-0.0016659999999999453,2026,25,2026-06-21,2026-06-27,2025,2025-26,39,TRUE
National,202625,0,202625,1.0386,Weighted %ILI,202638,1.04397,0.005370000000000097,2026,25,2026-06-21,2026-06-27,2025,2025-26,39,TRUE
Region 6,202626,0,202626,0.961706,Weighted %ILI,202638,0.958433,-0.0032729999999999704,2026,26,2026-06-28,2026-07-04,2025,2025-26,40,TRUE
National,202626,0,202626,0.99576,Weighted %ILI,202638,0.997989,0.0022290000000000365,2026,26,2026-06-28,2026-07-04,2025,2025-26,40,TRUE
Region 6,202627,0,202627,0.842612,Weighted %ILI,202638,0.843151,5.389999999999562e-4,2026,27,2026-07-05,2026-07-11,2025,2025-26,41,TRUE
National,202627,0,202627,0.929592,Weighted %ILI,202638,0.941175,0.01158300000000001,2026,27,2026-07-05,2026-07-11,2025,2025-26,41,TRUE
Region 6,202628,0,202628,0.899742,Weighted %ILI,202638,0.885835,-0.013907000000000003,2026,28,2026-07-12,2026-07-18,2025,2025-26,42,TRUE
National,202628,0,202628,0.87159,Weighted %ILI,202638,0.902908,0.03131800000000007,2026,28,2026-07-12,2026-07-18,2025,2025-26,42,TRUE
Region 6,202629,0,202629,0.864707,Weighted %ILI,202638,0.864707,0,2026,29,2026-07-19,2026-07-25,2025,2025-26,43,TRUE
National,202629,0,202629,0.857203,Weighted %ILI,202638,0.871407,0.014203999999999994,2026,29,2026-07-19,2026-07-25,2025,2025-26,43,TRUE
Region 6,202630,0,202630,0.828448,Weighted %ILI,202638,0.831562,0.003114000000000061,2026,30,2026-07-26,2026-08-01,2025,2025-26,44,TRUE
National,202630,0,202630,0.857647,Weighted %ILI,202638,0.866641,0.008993999999999946,2026,30,2026-07-26,2026-08-01,2025,2025-26,44,TRUE
Region 6,202631,0,202631,0.807498,Weighted %ILI,202638,0.805366,-0.0021320000000000228,2026,31,2026-08-02,2026-08-08,2025,2025-26,45,TRUE
National,202631,0,202631,0.869745,Weighted %ILI,202638,0.873289,0.0035439999999999916,2026,31,2026-08-02,2026-08-08,2025,2025-26,45,TRUE
Region 6,202632,0,202632,1.05376,Weighted %ILI,202638,1.05698,0.0032200000000000006,2026,32,2026-08-09,2026-08-15,2025,2025-26,46,TRUE
National,202632,0,202632,0.940307,Weighted %ILI,202638,0.954391,0.014083999999999985,2026,32,2026-08-09,2026-08-15,2025,2025-26,46,TRUE
Region 6,202633,0,202633,1.39585,Weighted %ILI,202638,1.39363,-0.0022200000000001108,2026,33,2026-08-16,2026-08-22,2025,2025-26,47,TRUE
National,202633,0,202633,1.11448,Weighted %ILI,202638,1.13209,0.017610000000000126,2026,33,2026-08-16,2026-08-22,2025,2025-26,47,TRUE
Region 6,202634,0,202634,1.84465,Weighted %ILI,202638,1.87713,0.032480000000000064,2026,34,2026-08-23,2026-08-29,2025,2025-26,48,TRUE
National,202634,0,202634,1.3186,Weighted %ILI,202638,1.3561,0.03750000000000009,2026,34,2026-08-23,2026-08-29,2025,2025-26,48,TRUE
Region 6,202635,0,202635,2.04418,Weighted %ILI,202638,2.03848,-0.005700000000000038,2026,35,2026-08-30,2026-09-05,2025,2025-26,49,TRUE
National,202635,0,202635,1.50944,Weighted %ILI,202638,1.53034,0.02090000000000014,2026,35,2026-08-30,2026-09-05,2025,2025-26,49,TRUE
Region 6,202636,0,202636,1.90058,Weighted %ILI,202638,1.89682,-0.0037599999999999856,2026,36,2026-09-06,2026-09-12,2025,2025-26,50,TRUE
National,202636,0,202636,1.58048,Weighted %ILI,202638,1.58855,0.0080699999999998,2026,36,2026-09-06,2026-09-12,2025,2025-26,50,TRUE
Region 6,202637,0,202637,1.68465,Weighted %ILI,202638,1.79942,0.11477000000000004,2026,37,2026-09-13,2026-09-19,2025,2025-26,51,TRUE
National,202637,0,202637,1.62778,Weighted %ILI,202638,1.64559,0.017810000000000104,2026,37,2026-09-13,2026-09-19,2025,2025-26,51,TRUE
Region 6,202638,0,202638,1.79537,Weighted %ILI,202638,1.79537,0,2026,38,2026-09-20,2026-09-26,2025,2025-26,52,TRUE
National,202638,0,202638,1.74236,Weighted %ILI,202638,1.74236,0,2026,38,2026-09-20,2026-09-26,2025,2025-26,52,TRUE
Region 6,202240,1,202241,3.86498,Weighted %ILI,202439,3.92228,0.05730000000000013,2022,40,2022-10-02,2022-10-08,2022,2022-23,1,TRUE
National,202240,1,202241,2.62031,Weighted %ILI,202439,2.61257,-0.00774000000000008,2022,40,2022-10-02,2022-10-08,2022,2022-23,1,TRUE
Region 6,202241,1,202242,4.24134,Weighted %ILI,202439,4.52846,0.2871199999999998,2022,41,2022-10-09,2022-10-15,2022,2022-23,2,TRUE
National,202241,1,202242,2.93934,Weighted %ILI,202439,3.00763,0.06828999999999974,2022,41,2022-10-09,2022-10-15,2022,2022-23,2,TRUE
Region 6,202242,1,202243,4.5127,Weighted %ILI,202439,5.04861,0.5359100000000003,2022,42,2022-10-16,2022-10-22,2022,2022-23,3,TRUE
National,202242,1,202243,3.32253,Weighted %ILI,202439,3.31975,-0.0027800000000000047,2022,42,2022-10-16,2022-10-22,2022,2022-23,3,TRUE
Region 6,202243,1,202244,6.57145,Weighted %ILI,202439,6.57387,0.002420000000000755,2022,43,2022-10-23,2022-10-29,2022,2022-23,4,TRUE
National,202243,1,202244,4.43261,Weighted %ILI,202439,4.3682,-0.06441000000000052,2022,43,2022-10-23,2022-10-29,2022,2022-23,4,TRUE
Region 6,202244,1,202245,7.49082,Weighted %ILI,202439,7.46723,-0.023590000000000444,2022,44,2022-10-30,2022-11-05,2022,2022-23,5,TRUE
National,202244,1,202245,5.51216,Weighted %ILI,202439,5.42144,-0.09072000000000013,2022,44,2022-10-30,2022-11-05,2022,2022-23,5,TRUE
Region 6,202245,1,202246,8.36641,Weighted %ILI,202439,8.3698,0.00338999999999956,2022,45,2022-11-06,2022-11-12,2022,2022-23,6,TRUE
National,202245,1,202246,5.81279,Weighted %ILI,202439,5.73522,-0.0775699999999997,2022,45,2022-11-06,2022-11-12,2022,2022-23,6,TRUE
Region 6,202246,1,202247,8.62569,Weighted %ILI,202439,8.65742,0.03172999999999959,2022,46,2022-11-13,2022-11-19,2022,2022-23,7,TRUE
National,202246,1,202247,6.06224,Weighted %ILI,202439,5.91793,-0.14430999999999994,2022,46,2022-11-13,2022-11-19,2022,2022-23,7,TRUE
Region 6,202247,1,202248,8.76378,Weighted %ILI,202439,8.72204,-0.041740000000000776,2022,47,2022-11-20,2022-11-26,2022,2022-23,8,TRUE
National,202247,1,202248,7.56252,Weighted %ILI,202439,7.42531,-0.1372100000000005,2022,47,2022-11-20,2022-11-26,2022,2022-23,8,TRUE
Region 6,202248,1,202249,8.0664,Weighted %ILI,202439,8.03877,-0.027630000000000265,2022,48,2022-11-27,2022-12-03,2022,2022-23,9,TRUE
National,202248,1,202249,7.29726,Weighted %ILI,202439,7.21822,-0.07904,2022,48,2022-11-27,2022-12-03,2022,2022-23,9,TRUE
Region 6,202249,1,202250,7.9133,Weighted %ILI,202439,7.90492,-0.008379999999999832,2022,49,2022-12-04,2022-12-10,2022,2022-23,10,TRUE
National,202249,1,202250,6.89012,Weighted %ILI,202439,6.87034,-0.01977999999999991,2022,49,2022-12-04,2022-12-10,2022,2022-23,10,TRUE
Region 6,202250,1,202251,7.18136,Weighted %ILI,202439,7.16369,-0.017669999999999852,2022,50,2022-12-11,2022-12-17,2022,2022-23,11,TRUE
National,202250,1,202251,6.30369,Weighted %ILI,202439,6.29772,-0.005969999999999587,2022,50,2022-12-11,2022-12-17,2022,2022-23,11,TRUE
Region 6,202251,1,202252,6.69554,Weighted %ILI,202439,6.67387,-0.0216700000000003,2022,51,2022-12-18,2022-12-24,2022,2022-23,12,TRUE
National,202251,1,202252,6.04378,Weighted %ILI,202439,6.00293,-0.04084999999999983,2022,51,2022-12-18,2022-12-24,2022,2022-23,12,TRUE
Region 6,202252,1,202301,6.33323,Weighted %ILI,202439,6.33709,0.0038599999999995305,2022,52,2022-12-25,2022-12-31,2022,2022-23,13,TRUE
National,202252,1,202301,5.38847,Weighted %ILI,202439,5.33838,-0.05008999999999997,2022,52,2022-12-25,2022-12-31,2022,2022-23,13,TRUE
Region 6,202301,1,202302,4.97583,Weighted %ILI,202439,4.96587,-0.009960000000000413,2023,1,2023-01-01,2023-01-07,2022,2022-23,14,TRUE
National,202301,1,202302,4.0085,Weighted %ILI,202439,3.93482,-0.07367999999999952,2023,1,2023-01-01,2023-01-07,2022,2022-23,14,TRUE
Region 6,202302,1,202303,3.75654,Weighted %ILI,202439,3.75259,-0.00395000000000012,2023,2,2023-01-08,2023-01-14,2022,2022-23,15,TRUE
National,202302,1,202303,2.99822,Weighted %ILI,202439,2.94553,-0.05268999999999968,2023,2,2023-01-08,2023-01-14,2022,2022-23,15,TRUE
Region 6,202303,1,202304,3.42142,Weighted %ILI,202439,3.42256,0.0011399999999999189,2023,3,2023-01-15,2023-01-21,2022,2022-23,16,TRUE
National,202303,1,202304,2.64583,Weighted %ILI,202439,2.63811,-0.007719999999999949,2023,3,2023-01-15,2023-01-21,2022,2022-23,16,TRUE
Region 6,202304,1,202305,3.65656,Weighted %ILI,202439,3.70169,0.045130000000000337,2023,4,2023-01-22,2023-01-28,2022,2022-23,17,TRUE
National,202304,1,202305,2.66011,Weighted %ILI,202439,2.62522,-0.034889999999999866,2023,4,2023-01-22,2023-01-28,2022,2022-23,17,TRUE
Region 6,202305,1,202306,3.15245,Weighted %ILI,202439,3.16017,0.007719999999999949,2023,5,2023-01-29,2023-02-04,2022,2022-23,18,TRUE
National,202305,1,202306,2.6319,Weighted %ILI,202439,2.58477,-0.047130000000000116,2023,5,2023-01-29,2023-02-04,2022,2022-23,18,TRUE
Region 6,202306,1,202307,3.02894,Weighted %ILI,202439,3.04066,0.011719999999999953,2023,6,2023-02-05,2023-02-11,2022,2022-23,19,TRUE
National,202306,1,202307,2.64073,Weighted %ILI,202439,2.59148,-0.04925000000000024,2023,6,2023-02-05,2023-02-11,2022,2022-23,19,TRUE
Region 6,202307,1,202308,2.90541,Weighted %ILI,202439,2.92535,0.01994000000000007,2023,7,2023-02-12,2023-02-18,2022,2022-23,20,TRUE
National,202307,1,202308,2.63675,Weighted %ILI,202439,2.5701,-0.0666500000000001,2023,7,2023-02-12,2023-02-18,2022,2022-23,20,TRUE
Region 6,202308,1,202309,2.72478,Weighted %ILI,202439,2.71271,-0.012070000000000025,2023,8,2023-02-19,2023-02-25,2022,2022-23,21,TRUE
National,202308,1,202309,2.58263,Weighted %ILI,202439,2.52707,-0.05555999999999983,2023,8,2023-02-19,2023-02-25,2022,2022-23,21,TRUE
Region 6,202309,1,202310,2.74717,Weighted %ILI,202439,2.75133,0.0041599999999997195,2023,9,2023-02-26,2023-03-04,2022,2022-23,22,TRUE
National,202309,1,202310,2.45471,Weighted %ILI,202439,2.40469,-0.05001999999999995,2023,9,2023-02-26,2023-03-04,2022,2022-23,22,TRUE
Region 6,202310,1,202311,2.69524,Weighted %ILI,202439,2.68354,-0.011700000000000266,2023,10,2023-03-05,2023-03-11,2022,2022-23,23,TRUE
National,202310,1,202311,2.39552,Weighted %ILI,202439,2.3571,-0.0384199999999999,2023,10,2023-03-05,2023-03-11,2022,2022-23,23,TRUE
Region 6,202311,1,202312,2.33981,Weighted %ILI,202439,2.3325,-0.007309999999999928,2023,11,2023-03-12,2023-03-18,2022,2022-23,24,TRUE
National,202311,1,202312,2.3928,Weighted %ILI,202439,2.3545,-0.0383,2023,11,2023-03-12,2023-03-18,2022,2022-23,24,TRUE
Region 6,202312,1,202313,3.15851,Weighted %ILI,202439,2.21217,-0.9463400000000002,2023,12,2023-03-19,2023-03-25,2022,2022-23,25,TRUE
National,202312,1,202313,2.44431,Weighted %ILI,202439,2.31096,-0.13335000000000008,2023,12,2023-03-19,2023-03-25,2022,2022-23,25,TRUE
Region 6,202313,1,202314,2.27623,Weighted %ILI,202439,2.27809,0.0018600000000001948,2023,13,2023-03-26,2023-04-01,2022,2022-23,26,TRUE
National,202313,1,202314,2.29998,Weighted %ILI,202439,2.25771,-0.04227000000000025,2023,13,2023-03-26,2023-04-01,2022,2022-23,26,TRUE
Region 6,202314,1,202315,2.35256,Weighted %ILI,202439,2.33443,-0.0181300000000002,2023,14,2023-04-02,2023-04-08,2022,2022-23,27,TRUE
National,202314,1,202315,2.17597,Weighted %ILI,202439,2.12953,-0.04644000000000004,2023,14,2023-04-02,2023-04-08,2022,2022-23,27,TRUE
Region 6,202315,1,202316,2.25514,Weighted %ILI,202439,2.28709,0.031950000000000145,2023,15,2023-04-09,2023-04-15,2022,2022-23,28,TRUE
National,202315,1,202316,2.04488,Weighted %ILI,202439,2.01047,-0.03440999999999983,2023,15,2023-04-09,2023-04-15,2022,2022-23,28,TRUE
Region 6,202316,1,202317,2.32967,Weighted %ILI,202439,2.34276,0.013090000000000046,2023,16,2023-04-16,2023-04-22,2022,2022-23,29,TRUE
National,202316,1,202317,1.94841,Weighted %ILI,202439,1.90776,-0.040650000000000075,2023,16,2023-04-16,2023-04-22,2022,2022-23,29,TRUE
Region 6,202317,1,202318,2.29229,Weighted %ILI,202439,2.28899,-0.0032999999999998586,2023,17,2023-04-23,2023-04-29,2022,2022-23,30,TRUE
National,202317,1,202318,1.94451,Weighted %ILI,202439,1.90393,-0.04058000000000006,2023,17,2023-04-23,2023-04-29,2022,2022-23,30,TRUE
Region 6,202318,1,202319,2.46769,Weighted %ILI,202439,2.49856,0.03086999999999973,2023,18,2023-04-30,2023-05-06,2022,2022-23,31,TRUE
National,202318,1,202319,1.98074,Weighted %ILI,202439,1.93608,-0.04465999999999992,2023,18,2023-04-30,2023-05-06,2022,2022-23,31,TRUE
Region 6,202319,1,202320,2.17045,Weighted %ILI,202439,2.19318,0.022729999999999695,2023,19,2023-05-07,2023-05-13,2022,2022-23,32,TRUE
National,202319,1,202320,1.96017,Weighted %ILI,202439,1.90846,-0.05170999999999992,2023,19,2023-05-07,2023-05-13,2022,2022-23,32,TRUE
Region 6,202320,1,202321,2.2257,Weighted %ILI,202439,2.22375,-0.0019499999999998963,2023,20,2023-05-14,2023-05-20,2022,2022-23,33,TRUE
National,202320,1,202321,1.9494,Weighted %ILI,202439,1.88236,-0.06703999999999999,2023,20,2023-05-14,2023-05-20,2022,2022-23,33,TRUE
Region 6,202321,1,202322,2.16199,Weighted %ILI,202439,2.14453,-0.01745999999999981,2023,21,2023-05-21,2023-05-27,2022,2022-23,34,TRUE
National,202321,1,202322,1.8904,Weighted %ILI,202439,1.83328,-0.05712000000000006,2023,21,2023-05-21,2023-05-27,2022,2022-23,34,TRUE
Region 6,202322,1,202323,2.34531,Weighted %ILI,202439,1.90977,-0.43554000000000004,2023,22,2023-05-28,2023-06-03,2022,2022-23,35,TRUE
National,202322,1,202323,1.97227,Weighted %ILI,202439,1.83857,-0.13369999999999993,2023,22,2023-05-28,2023-06-03,2022,2022-23,35,TRUE
Region 6,202323,1,202324,1.28989,Weighted %ILI,202439,1.28743,-0.0024599999999999067,2023,23,2023-06-04,2023-06-10,2022,2022-23,36,TRUE
National,202323,1,202324,1.64861,Weighted %ILI,202439,1.57748,-0.07112999999999992,2023,23,2023-06-04,2023-06-10,2022,2022-23,36,TRUE
Region 6,202324,1,202325,1.33107,Weighted %ILI,202439,1.34261,0.011540000000000106,2023,24,2023-06-11,2023-06-17,2022,2022-23,37,TRUE
National,202324,1,202325,1.52697,Weighted %ILI,202439,1.48614,-0.04082999999999992,2023,24,2023-06-11,2023-06-17,2022,2022-23,37,TRUE
Region 6,202325,1,202326,1.13257,Weighted %ILI,202439,1.15562,0.023050000000000015,2023,25,2023-06-18,2023-06-24,2022,2022-23,38,TRUE
National,202325,1,202326,1.41756,Weighted %ILI,202439,1.36472,-0.05284,2023,25,2023-06-18,2023-06-24,2022,2022-23,38,TRUE
Region 6,202326,1,202327,1.26077,Weighted %ILI,202439,1.26393,0.0031600000000000517,2023,26,2023-06-25,2023-07-01,2022,2022-23,39,TRUE
National,202326,1,202327,1.32122,Weighted %ILI,202439,1.27095,-0.05027000000000004,2023,26,2023-06-25,2023-07-01,2022,2022-23,39,TRUE
Region 6,202327,1,202328,1.1982,Weighted %ILI,202439,1.19416,-0.0040399999999998215,2023,27,2023-07-02,2023-07-08,2022,2022-23,40,TRUE
National,202327,1,202328,1.27107,Weighted %ILI,202439,1.22553,-0.045539999999999914,2023,27,2023-07-02,2023-07-08,2022,2022-23,40,TRUE
Region 6,202328,1,202329,1.22913,Weighted %ILI,202439,1.23386,0.004729999999999901,2023,28,2023-07-09,2023-07-15,2022,2022-23,41,TRUE
National,202328,1,202329,1.16642,Weighted %ILI,202439,1.15793,-0.008490000000000109,2023,28,2023-07-09,2023-07-15,2022,2022-23,41,TRUE
Region 6,202329,1,202330,1.09758,Weighted %ILI,202439,1.09263,-0.00495000000000001,2023,29,2023-07-16,2023-07-22,2022,2022-23,42,TRUE
National,202329,1,202330,1.1389,Weighted %ILI,202439,1.12685,-0.012050000000000116,2023,29,2023-07-16,2023-07-22,2022,2022-23,42,TRUE
Region 6,202330,1,202331,1.19745,Weighted %ILI,202439,1.19759,1.40000000000029e-4,2023,30,2023-07-23,2023-07-29,2022,2022-23,43,TRUE
National,202330,1,202331,1.18003,Weighted %ILI,202439,1.16805,-0.01197999999999988,2023,30,2023-07-23,2023-07-29,2022,2022-23,43,TRUE
Region 6,202331,1,202332,1.35875,Weighted %ILI,202439,1.35734,-0.0014099999999999113,2023,31,2023-07-30,2023-08-05,2022,2022-23,44,TRUE
National,202331,1,202332,1.21698,Weighted %ILI,202439,1.20299,-0.013989999999999947,2023,31,2023-07-30,2023-08-05,2022,2022-23,44,TRUE
Region 6,202332,1,202333,1.46124,Weighted %ILI,202439,1.46102,-2.20000000000109e-4,2023,32,2023-08-06,2023-08-12,2022,2022-23,45,TRUE
National,202332,1,202333,1.28458,Weighted %ILI,202439,1.27357,-0.011009999999999964,2023,32,2023-08-06,2023-08-12,2022,2022-23,45,TRUE
Region 6,202333,1,202334,1.77515,Weighted %ILI,202439,1.7849,0.009749999999999925,2023,33,2023-08-13,2023-08-19,2022,2022-23,46,TRUE
National,202333,1,202334,1.45879,Weighted %ILI,202439,1.44821,-0.010580000000000034,2023,33,2023-08-13,2023-08-19,2022,2022-23,46,TRUE
Region 6,202334,1,202335,2.39171,Weighted %ILI,202439,2.26527,-0.12643999999999966,2023,34,2023-08-20,2023-08-26,2022,2022-23,47,TRUE
National,202334,1,202335,1.74436,Weighted %ILI,202439,1.70391,-0.040449999999999875,2023,34,2023-08-20,2023-08-26,2022,2022-23,47,TRUE
Region 6,202335,1,202336,3.23514,Weighted %ILI,202439,3.26193,0.02679000000000009,2023,35,2023-08-27,2023-09-02,2022,2022-23,48,TRUE
National,202335,1,202336,1.96403,Weighted %ILI,202439,1.93305,-0.030980000000000008,2023,35,2023-08-27,2023-09-02,2022,2022-23,48,TRUE
Region 6,202336,1,202337,3.26744,Weighted %ILI,202439,3.27047,0.003029999999999866,2023,36,2023-09-03,2023-09-09,2022,2022-23,49,TRUE
National,202336,1,202337,2.03463,Weighted %ILI,202439,2.00204,-0.0325899999999999,2023,36,2023-09-03,2023-09-09,2022,2022-23,49,TRUE
Region 6,202337,1,202338,2.72377,Weighted %ILI,202439,2.72582,0.0020500000000001073,2023,37,2023-09-10,2023-09-16,2022,2022-23,50,TRUE
National,202337,1,202338,1.96567,Weighted %ILI,202439,1.94047,-0.02520000000000011,2023,37,2023-09-10,2023-09-16,2022,2022-23,50,TRUE
Region 6,202338,1,202339,2.1216,Weighted %ILI,202439,2.1524,0.03080000000000016,2023,38,2023-09-17,2023-09-23,2022,2022-23,51,TRUE
National,202338,1,202339,2.04774,Weighted %ILI,202439,2.03761,-0.010130000000000194,2023,38,2023-09-17,2023-09-23,2022,2022-23,51,TRUE
Region 6,202339,1,202340,2.42467,Weighted %ILI,202439,2.43043,0.005759999999999987,2023,39,2023-09-24,2023-09-30,2022,2022-23,52,TRUE
National,202339,1,202340,2.09609,Weighted %ILI,202439,2.0899200000000002,-0.006169999999999565,2023,39,2023-09-24,2023-09-30,2022,2022-23,52,TRUE
Region 6,202340,1,202341,2.78307,Weighted %ILI,202538,2.96845,0.18537999999999988,2023,40,2023-10-01,2023-10-07,2023,2023-24,1,TRUE
National,202340,1,202341,2.25244,Weighted %ILI,202538,2.27908,0.026639999999999997,2023,40,2023-10-01,2023-10-07,2023,2023-24,1,TRUE
Region 6,202341,1,202342,2.83744,Weighted %ILI,202538,3.01509,0.17764999999999986,2023,41,2023-10-08,2023-10-14,2023,2023-24,2,TRUE
National,202341,1,202342,2.29406,Weighted %ILI,202538,2.33755,0.04348999999999981,2023,41,2023-10-08,2023-10-14,2023,2023-24,2,TRUE
Region 6,202342,1,202343,3.31044,Weighted %ILI,202538,3.50292,0.1924800000000002,2023,42,2023-10-15,2023-10-21,2023,2023-24,3,TRUE
National,202342,1,202343,2.51558,Weighted %ILI,202538,2.52242,0.006839999999999957,2023,42,2023-10-15,2023-10-21,2023,2023-24,3,TRUE
Region 6,202343,1,202344,3.57564,Weighted %ILI,202538,3.75354,0.17790000000000017,2023,43,2023-10-22,2023-10-28,2023,2023-24,4,TRUE
National,202343,1,202344,2.6893,Weighted %ILI,202538,2.71275,0.023450000000000415,2023,43,2023-10-22,2023-10-28,2023,2023-24,4,TRUE
Region 6,202344,1,202345,3.97452,Weighted %ILI,202538,4.16146,0.18693999999999988,2023,44,2023-10-29,2023-11-04,2023,2023-24,5,TRUE
National,202344,1,202345,2.96143,Weighted %ILI,202538,2.94538,-0.016049999999999898,2023,44,2023-10-29,2023-11-04,2023,2023-24,5,TRUE
Region 6,202345,1,202346,5.09854,Weighted %ILI,202538,5.12307,0.024530000000000385,2023,45,2023-11-05,2023-11-11,2023,2023-24,6,TRUE
National,202345,1,202346,3.46214,Weighted %ILI,202538,3.40957,-0.05257000000000023,2023,45,2023-11-05,2023-11-11,2023,2023-24,6,TRUE
Region 6,202346,1,202347,5.37489,Weighted %ILI,202538,5.68855,0.3136600000000005,2023,46,2023-11-12,2023-11-18,2023,2023-24,7,TRUE
National,202346,1,202347,3.71649,Weighted %ILI,202538,3.6903,-0.026189999999999714,2023,46,2023-11-12,2023-11-18,2023,2023-24,7,TRUE
Region 6,202347,1,202348,5.73867,Weighted %ILI,202538,5.9659,0.2272300000000005,2023,47,2023-11-19,2023-11-25,2023,2023-24,8,TRUE
National,202347,1,202348,3.95671,Weighted %ILI,202538,3.92958,-0.0271300000000001,2023,47,2023-11-19,2023-11-25,2023,2023-24,8,TRUE
Region 6,202348,1,202349,5.41073,Weighted %ILI,202538,5.63983,0.22909999999999986,2023,48,2023-11-26,2023-12-02,2023,2023-24,9,TRUE
National,202348,1,202349,4.05691,Weighted %ILI,202538,4.03334,-0.023570000000000313,2023,48,2023-11-26,2023-12-02,2023,2023-24,9,TRUE
Region 6,202349,1,202350,5.78242,Weighted %ILI,202538,6.07051,0.2880899999999995,2023,49,2023-12-03,2023-12-09,2023,2023-24,10,TRUE
National,202349,1,202350,4.4125,Weighted %ILI,202538,4.38382,-0.028679999999999595,2023,49,2023-12-03,2023-12-09,2023,2023-24,10,TRUE
Region 6,202350,1,202351,6.77776,Weighted %ILI,202538,7.11576,0.3380000000000001,2023,50,2023-12-10,2023-12-16,2023,2023-24,11,TRUE
National,202350,1,202351,5.19193,Weighted %ILI,202538,5.18426,-0.007670000000000066,2023,50,2023-12-10,2023-12-16,2023,2023-24,11,TRUE
Region 6,202351,1,202352,8.34305,Weighted %ILI,202538,8.2941,-0.048949999999999605,2023,51,2023-12-17,2023-12-23,2023,2023-24,12,TRUE
National,202351,1,202352,6.30754,Weighted %ILI,202538,6.23157,-0.07597000000000076,2023,51,2023-12-17,2023-12-23,2023,2023-24,12,TRUE
Region 6,202352,1,202401,7.77326,Weighted %ILI,202538,7.77249,-7.699999999992713e-4,2023,52,2023-12-24,2023-12-30,2023,2023-24,13,TRUE
National,202352,1,202401,6.85561,Weighted %ILI,202538,6.7962,-0.05941000000000063,2023,52,2023-12-24,2023-12-30,2023,2023-24,13,TRUE
Region 6,202401,1,202402,7.36717,Weighted %ILI,202538,7.36716,-9.999999999621423e-6,2024,1,2023-12-31,2024-01-06,2023,2023-24,14,TRUE
National,202401,1,202402,5.78495,Weighted %ILI,202538,5.71536,-0.06958999999999982,2024,1,2023-12-31,2024-01-06,2023,2023-24,14,TRUE
Region 6,202402,1,202403,5.64786,Weighted %ILI,202538,5.67615,0.02829000000000015,2024,2,2024-01-07,2024-01-13,2023,2023-24,15,TRUE
National,202402,1,202403,4.70803,Weighted %ILI,202538,4.66576,-0.04227000000000025,2024,2,2024-01-07,2024-01-13,2023,2023-24,15,TRUE
Region 6,202403,1,202404,5.966,Weighted %ILI,202538,5.99755,0.03155000000000019,2024,3,2024-01-14,2024-01-20,2023,2023-24,16,TRUE
National,202403,1,202404,4.3707,Weighted %ILI,202538,4.32446,-0.04624000000000006,2024,3,2024-01-14,2024-01-20,2023,2023-24,16,TRUE
Region 6,202404,1,202405,6.71349,Weighted %ILI,202538,6.78314,0.06965000000000021,2024,4,2024-01-21,2024-01-27,2023,2023-24,17,TRUE
National,202404,1,202405,4.28139,Weighted %ILI,202538,4.22972,-0.05166999999999966,2024,4,2024-01-21,2024-01-27,2023,2023-24,17,TRUE
Region 6,202405,1,202406,7.72903,Weighted %ILI,202538,7.75475,0.025719999999999743,2024,5,2024-01-28,2024-02-03,2023,2023-24,18,TRUE
National,202405,1,202406,4.47394,Weighted %ILI,202538,4.42065,-0.053289999999999615,2024,5,2024-01-28,2024-02-03,2023,2023-24,18,TRUE
Region 6,202406,1,202407,6.98957,Weighted %ILI,202538,7.03665,0.04708000000000023,2024,6,2024-02-04,2024-02-10,2023,2023-24,19,TRUE
National,202406,1,202407,4.49579,Weighted %ILI,202538,4.45705,-0.03874000000000066,2024,6,2024-02-04,2024-02-10,2023,2023-24,19,TRUE
Region 6,202407,1,202408,6.12445,Weighted %ILI,202538,6.18286,0.05840999999999941,2024,7,2024-02-11,2024-02-17,2023,2023-24,20,TRUE
National,202407,1,202408,4.40205,Weighted %ILI,202538,4.35511,-0.046940000000000204,2024,7,2024-02-11,2024-02-17,2023,2023-24,20,TRUE
Region 6,202408,1,202409,5.59913,Weighted %ILI,202538,5.62229,0.023159999999999847,2024,8,2024-02-18,2024-02-24,2023,2023-24,21,TRUE
National,202408,1,202409,4.38153,Weighted %ILI,202538,4.33545,-0.0460799999999999,2024,8,2024-02-18,2024-02-24,2023,2023-24,21,TRUE
Region 6,202409,1,202410,4.85129,Weighted %ILI,202538,4.8813,0.03001000000000076,2024,9,2024-02-25,2024-03-02,2023,2023-24,22,TRUE
National,202409,1,202410,4.10001,Weighted %ILI,202538,4.0587,-0.04131000000000018,2024,9,2024-02-25,2024-03-02,2023,2023-24,22,TRUE
Region 6,202410,1,202411,4.55523,Weighted %ILI,202538,4.59458,0.039349999999999774,2024,10,2024-03-03,2024-03-09,2023,2023-24,23,TRUE
National,202410,1,202411,3.75209,Weighted %ILI,202538,3.72797,-0.02411999999999992,2024,10,2024-03-03,2024-03-09,2023,2023-24,23,TRUE
Region 6,202411,1,202412,4.3257,Weighted %ILI,202538,4.30048,-0.02522000000000002,2024,11,2024-03-10,2024-03-16,2023,2023-24,24,TRUE
National,202411,1,202412,3.4459,Weighted %ILI,202538,3.39722,-0.04868000000000006,2024,11,2024-03-10,2024-03-16,2023,2023-24,24,TRUE
Region 6,202412,1,202413,3.41964,Weighted %ILI,202538,3.44709,0.02745000000000042,2024,12,2024-03-17,2024-03-23,2023,2023-24,25,TRUE
National,202412,1,202413,3.11778,Weighted %ILI,202538,3.08528,-0.032500000000000195,2024,12,2024-03-17,2024-03-23,2023,2023-24,25,TRUE
Region 6,202413,1,202414,3.31113,Weighted %ILI,202538,3.3403,0.02917000000000014,2024,13,2024-03-24,2024-03-30,2023,2023-24,26,TRUE
National,202413,1,202414,2.99548,Weighted %ILI,202538,2.97703,-0.018450000000000077,2024,13,2024-03-24,2024-03-30,2023,2023-24,26,TRUE
Region 6,202414,1,202415,2.97095,Weighted %ILI,202538,2.99283,0.0218799999999999,2024,14,2024-03-31,2024-04-06,2023,2023-24,27,TRUE
National,202414,1,202415,2.77498,Weighted %ILI,202538,2.76586,-0.009119999999999795,2024,14,2024-03-31,2024-04-06,2023,2023-24,27,TRUE
Region 6,202415,1,202416,2.98083,Weighted %ILI,202538,3.03666,0.055829999999999824,2024,15,2024-04-07,2024-04-13,2023,2023-24,28,TRUE
National,202415,1,202416,2.55092,Weighted %ILI,202538,2.53824,-0.012680000000000025,2024,15,2024-04-07,2024-04-13,2023,2023-24,28,TRUE
Region 6,202416,1,202417,2.6474,Weighted %ILI,202538,2.67669,0.029289999999999594,2024,16,2024-04-14,2024-04-20,2023,2023-24,29,TRUE
National,202416,1,202417,2.23872,Weighted %ILI,202538,2.24747,0.008750000000000036,2024,16,2024-04-14,2024-04-20,2023,2023-24,29,TRUE
Region 6,202417,1,202418,2.5464,Weighted %ILI,202538,2.5943,0.04789999999999983,2024,17,2024-04-21,2024-04-27,2023,2023-24,30,TRUE
National,202417,1,202418,2.19912,Weighted %ILI,202538,2.19144,-0.007680000000000131,2024,17,2024-04-21,2024-04-27,2023,2023-24,30,TRUE
Region 6,202418,1,202419,2.54348,Weighted %ILI,202538,2.56249,0.01900999999999975,2024,18,2024-04-28,2024-05-04,2023,2023-24,31,TRUE
National,202418,1,202419,2.11786,Weighted %ILI,202538,2.09931,-0.018549999999999844,2024,18,2024-04-28,2024-05-04,2023,2023-24,31,TRUE
Region 6,202419,1,202420,2.50425,Weighted %ILI,202538,2.50847,0.0042200000000001125,2024,19,2024-05-05,2024-05-11,2023,2023-24,32,TRUE
National,202419,1,202420,2.02654,Weighted %ILI,202538,2.00488,-0.02165999999999979,2024,19,2024-05-05,2024-05-11,2023,2023-24,32,TRUE
Region 6,202420,1,202421,2.36828,Weighted %ILI,202538,2.36616,-0.002120000000000122,2024,20,2024-05-12,2024-05-18,2023,2023-24,33,TRUE
National,202420,1,202421,2.00351,Weighted %ILI,202538,1.97657,-0.026939999999999964,2024,20,2024-05-12,2024-05-18,2023,2023-24,33,TRUE
Region 6,202421,1,202422,2.23866,Weighted %ILI,202538,2.36158,0.12292000000000014,2024,21,2024-05-19,2024-05-25,2023,2023-24,34,TRUE
National,202421,1,202422,1.90882,Weighted %ILI,202538,1.90707,-0.0017499999999999183,2024,21,2024-05-19,2024-05-25,2023,2023-24,34,TRUE
Region 6,202422,1,202423,2.20102,Weighted %ILI,202538,2.20221,0.0011899999999998023,2024,22,2024-05-26,2024-06-01,2023,2023-24,35,TRUE
National,202422,1,202423,1.90404,Weighted %ILI,202538,1.87651,-0.027530000000000054,2024,22,2024-05-26,2024-06-01,2023,2023-24,35,TRUE
Region 6,202423,1,202424,1.84155,Weighted %ILI,202538,1.84052,-0.0010300000000000864,2024,23,2024-06-02,2024-06-08,2023,2023-24,36,TRUE
National,202423,1,202424,1.66812,Weighted %ILI,202538,1.66065,-0.007470000000000088,2024,23,2024-06-02,2024-06-08,2023,2023-24,36,TRUE
Region 6,202424,1,202425,1.90731,Weighted %ILI,202538,1.91149,0.0041799999999998505,2024,24,2024-06-09,2024-06-15,2023,2023-24,37,TRUE
National,202424,1,202425,1.6035,Weighted %ILI,202538,1.58178,-0.02171999999999996,2024,24,2024-06-09,2024-06-15,2023,2023-24,37,TRUE
Region 6,202425,1,202426,1.71192,Weighted %ILI,202538,1.72322,0.011299999999999866,2024,25,2024-06-16,2024-06-22,2023,2023-24,38,TRUE
National,202425,1,202426,1.51155,Weighted %ILI,202538,1.49244,-0.01910999999999996,2024,25,2024-06-16,2024-06-22,2023,2023-24,38,TRUE
Region 6,202426,1,202427,1.71071,Weighted %ILI,202538,1.71962,0.008909999999999973,2024,26,2024-06-23,2024-06-29,2023,2023-24,39,TRUE
National,202426,1,202427,1.48758,Weighted %ILI,202538,1.4663,-0.021279999999999966,2024,26,2024-06-23,2024-06-29,2023,2023-24,39,TRUE
Region 6,202427,1,202428,1.37112,Weighted %ILI,202538,1.38139,0.010270000000000001,2024,27,2024-06-30,2024-07-06,2023,2023-24,40,TRUE
National,202427,1,202428,1.39399,Weighted %ILI,202538,1.37639,-0.01760000000000006,2024,27,2024-06-30,2024-07-06,2023,2023-24,40,TRUE
Region 6,202428,1,202429,1.83289,Weighted %ILI,202538,1.84804,0.015149999999999997,2024,28,2024-07-07,2024-07-13,2023,2023-24,41,TRUE
National,202428,1,202429,1.46117,Weighted %ILI,202538,1.45548,-0.005689999999999973,2024,28,2024-07-07,2024-07-13,2023,2023-24,41,TRUE
Region 6,202429,1,202430,1.92539,Weighted %ILI,202538,1.9343,0.008909999999999973,2024,29,2024-07-14,2024-07-20,2023,2023-24,42,TRUE
National,202429,1,202430,1.45437,Weighted %ILI,202538,1.45233,-0.0020400000000000418,2024,29,2024-07-14,2024-07-20,2023,2023-24,42,TRUE
Region 6,202430,1,202431,2.13805,Weighted %ILI,202538,2.14847,0.010420000000000318,2024,30,2024-07-21,2024-07-27,2023,2023-24,43,TRUE
National,202430,1,202431,1.51399,Weighted %ILI,202538,1.52211,0.008120000000000127,2024,30,2024-07-21,2024-07-27,2023,2023-24,43,TRUE
Region 6,202431,1,202432,2.08576,Weighted %ILI,202538,2.09273,0.006969999999999921,2024,31,2024-07-28,2024-08-03,2023,2023-24,44,TRUE
National,202431,1,202432,1.54206,Weighted %ILI,202538,1.53543,-0.006629999999999914,2024,31,2024-07-28,2024-08-03,2023,2023-24,44,TRUE
Region 6,202432,1,202433,2.08544,Weighted %ILI,202538,2.09452,0.009079999999999977,2024,32,2024-08-04,2024-08-10,2023,2023-24,45,TRUE
National,202432,1,202433,1.54425,Weighted %ILI,202538,1.53984,-0.004409999999999803,2024,32,2024-08-04,2024-08-10,2023,2023-24,45,TRUE
Region 6,202433,1,202434,1.95808,Weighted %ILI,202538,1.95709,-9.900000000000464e-4,2024,33,2024-08-11,2024-08-17,2023,2023-24,46,TRUE
National,202433,1,202434,1.56616,Weighted %ILI,202538,1.56577,-3.8999999999989043e-4,2024,33,2024-08-11,2024-08-17,2023,2023-24,46,TRUE
Region 6,202434,1,202435,2.50697,Weighted %ILI,202538,2.5142,0.007230000000000292,2024,34,2024-08-18,2024-08-24,2023,2023-24,47,TRUE
National,202434,1,202435,1.77513,Weighted %ILI,202538,1.76988,-0.005250000000000199,2024,34,2024-08-18,2024-08-24,2023,2023-24,47,TRUE
Region 6,202435,1,202436,2.96516,Weighted %ILI,202538,3.21711,0.2519499999999999,2024,35,2024-08-25,2024-08-31,2023,2023-24,48,TRUE
National,202435,1,202436,1.89425,Weighted %ILI,202538,1.93414,0.03988999999999998,2024,35,2024-08-25,2024-08-31,2023,2023-24,48,TRUE
Region 6,202436,1,202437,2.69289,Weighted %ILI,202538,2.69289,0,2024,36,2024-09-01,2024-09-07,2023,2023-24,49,TRUE
National,202436,1,202437,1.9038,Weighted %ILI,202538,1.9202,0.01639999999999997,2024,36,2024-09-01,2024-09-07,2023,2023-24,49,TRUE
Region 6,202437,1,202438,2.5534,Weighted %ILI,202538,2.62713,0.0737300000000003,2024,37,2024-09-08,2024-09-14,2023,2023-24,50,TRUE
National,202437,1,202438,1.94511,Weighted %ILI,202538,1.95528,0.010170000000000012,2024,37,2024-09-08,2024-09-14,2023,2023-24,50,TRUE
Region 6,202438,1,202439,2.31389,Weighted %ILI,202538,2.35766,0.04377000000000031,2024,38,2024-09-15,2024-09-21,2023,2023-24,51,TRUE
National,202438,1,202439,1.94609,Weighted %ILI,202538,1.95303,0.006939999999999946,2024,38,2024-09-15,2024-09-21,2023,2023-24,51,TRUE
Region 6,202439,1,202440,2.19249,Weighted %ILI,202538,2.19249,0,2024,39,2024-09-22,2024-09-28,2023,2023-24,52,TRUE
National,202439,1,202440,1.93947,Weighted %ILI,202538,1.93495,-0.0045200000000000795,2024,39,2024-09-22,2024-09-28,2023,2023-24,52,TRUE
Region 6,202440,1,202441,2.49703,Weighted %ILI,202638,2.17716,-0.3198699999999999,2024,40,2024-09-29,2024-10-05,2024,2024-25,1,TRUE
National,202440,1,202441,1.95511,Weighted %ILI,202638,1.90509,-0.05001999999999995,2024,40,2024-09-29,2024-10-05,2024,2024-25,1,TRUE
Region 6,202441,1,202442,2.54142,Weighted %ILI,202638,2.24314,-0.2982800000000001,2024,41,2024-10-06,2024-10-12,2024,2024-25,2,TRUE
National,202441,1,202442,2.07253,Weighted %ILI,202638,2.02014,-0.05238999999999994,2024,41,2024-10-06,2024-10-12,2024,2024-25,2,TRUE
Region 6,202442,1,202443,2.34211,Weighted %ILI,202638,2.14256,-0.1995499999999999,2024,42,2024-10-13,2024-10-19,2024,2024-25,3,TRUE
National,202442,1,202443,2.09463,Weighted %ILI,202638,2.07037,-0.02425999999999995,2024,42,2024-10-13,2024-10-19,2024,2024-25,3,TRUE
Region 6,202443,1,202444,2.48264,Weighted %ILI,202638,2.27193,-0.21071000000000017,2024,43,2024-10-20,2024-10-26,2024,2024-25,4,TRUE
National,202443,1,202444,2.2428,Weighted %ILI,202638,2.22044,-0.022359999999999935,2024,43,2024-10-20,2024-10-26,2024,2024-25,4,TRUE
Region 6,202444,1,202445,2.70873,Weighted %ILI,202638,2.45152,-0.25721000000000016,2024,44,2024-10-27,2024-11-02,2024,2024-25,5,TRUE
National,202444,1,202445,2.36289,Weighted %ILI,202638,2.31725,-0.045640000000000125,2024,44,2024-10-27,2024-11-02,2024,2024-25,5,TRUE
Region 6,202445,1,202446,2.91514,Weighted %ILI,202638,2.56867,-0.34647000000000006,2024,45,2024-11-03,2024-11-09,2024,2024-25,6,TRUE
National,202445,1,202446,2.53252,Weighted %ILI,202638,2.4719,-0.060619999999999674,2024,45,2024-11-03,2024-11-09,2024,2024-25,6,TRUE
Region 6,202446,1,202447,3.46216,Weighted %ILI,202638,3.17814,-0.28401999999999994,2024,46,2024-11-10,2024-11-16,2024,2024-25,7,TRUE
National,202446,1,202447,2.72511,Weighted %ILI,202638,2.6917,-0.03340999999999994,2024,46,2024-11-10,2024-11-16,2024,2024-25,7,TRUE
Region 6,202447,1,202448,3.78215,Weighted %ILI,202638,3.41741,-0.3647400000000003,2024,47,2024-11-17,2024-11-23,2024,2024-25,8,TRUE
National,202447,1,202448,2.9453,Weighted %ILI,202638,2.88949,-0.05581000000000014,2024,47,2024-11-17,2024-11-23,2024,2024-25,8,TRUE
Region 6,202448,1,202449,3.8592,Weighted %ILI,202638,3.69207,-0.16712999999999978,2024,48,2024-11-24,2024-11-30,2024,2024-25,9,TRUE
National,202448,1,202449,3.22463,Weighted %ILI,202638,3.18283,-0.04179999999999984,2024,48,2024-11-24,2024-11-30,2024,2024-25,9,TRUE
Region 6,202449,1,202450,3.91483,Weighted %ILI,202638,3.6056,-0.3092299999999999,2024,49,2024-12-01,2024-12-07,2024,2024-25,10,TRUE
National,202449,1,202450,3.37587,Weighted %ILI,202638,3.318,-0.057869999999999866,2024,49,2024-12-01,2024-12-07,2024,2024-25,10,TRUE
Region 6,202450,1,202451,4.51967,Weighted %ILI,202638,4.38606,-0.13361,2024,50,2024-12-08,2024-12-14,2024,2024-25,11,TRUE
National,202450,1,202451,3.82771,Weighted %ILI,202638,3.78793,-0.03978000000000037,2024,50,2024-12-08,2024-12-14,2024,2024-25,11,TRUE
Region 6,202451,1,202452,5.90717,Weighted %ILI,202638,5.86942,-0.03774999999999995,2024,51,2024-12-15,2024-12-21,2024,2024-25,12,TRUE
National,202451,1,202452,4.95733,Weighted %ILI,202638,4.94489,-0.012439999999999785,2024,51,2024-12-15,2024-12-21,2024,2024-25,12,TRUE
Region 6,202452,1,202501,7.67664,Weighted %ILI,202638,7.68463,0.007990000000000386,2024,52,2024-12-22,2024-12-28,2024,2024-25,13,TRUE
National,202452,1,202501,6.72972,Weighted %ILI,202638,6.74349,0.01377000000000006,2024,52,2024-12-22,2024-12-28,2024,2024-25,13,TRUE
Region 6,202501,1,202502,7.35889,Weighted %ILI,202638,6.69361,-0.6652800000000001,2025,1,2024-12-29,2025-01-04,2024,2024-25,14,TRUE
National,202501,1,202502,6.32776,Weighted %ILI,202638,6.25398,-0.07377999999999929,2025,1,2024-12-29,2025-01-04,2024,2024-25,14,TRUE
Region 6,202502,1,202503,6.0722,Weighted %ILI,202638,5.65787,-0.41432999999999964,2025,2,2025-01-05,2025-01-11,2024,2024-25,15,TRUE
National,202502,1,202503,5.35089,Weighted %ILI,202638,5.30512,-0.04577000000000009,2025,2,2025-01-05,2025-01-11,2024,2024-25,15,TRUE
Region 6,202503,1,202504,6.11516,Weighted %ILI,202638,6.04577,-0.06939000000000028,2025,3,2025-01-12,2025-01-18,2024,2024-25,16,TRUE
National,202503,1,202504,5.75471,Weighted %ILI,202638,5.74558,-0.00912999999999986,2025,3,2025-01-12,2025-01-18,2024,2024-25,16,TRUE
Region 6,202504,1,202505,8.10841,Weighted %ILI,202638,8.16387,0.055460000000000065,2025,4,2025-01-19,2025-01-25,2024,2024-25,17,TRUE
National,202504,1,202505,6.95884,Weighted %ILI,202638,6.98693,0.028089999999999726,2025,4,2025-01-19,2025-01-25,2024,2024-25,17,TRUE
Region 6,202505,1,202506,9.8553,Weighted %ILI,202638,10.2722,0.41690000000000005,2025,5,2025-01-26,2025-02-01,2024,2024-25,18,TRUE
National,202505,1,202506,7.71406,Weighted %ILI,202638,7.79898,0.08492000000000033,2025,5,2025-01-26,2025-02-01,2024,2024-25,18,TRUE
Region 6,202506,1,202507,8.54002,Weighted %ILI,202638,8.66758,0.127559999999999,2025,6,2025-02-02,2025-02-08,2024,2024-25,19,TRUE
National,202506,1,202507,7.79979,Weighted %ILI,202638,7.84378,0.043989999999999974,2025,6,2025-02-02,2025-02-08,2024,2024-25,19,TRUE
Region 6,202507,1,202508,6.19031,Weighted %ILI,202638,6.23912,0.048809999999999576,2025,7,2025-02-09,2025-02-15,2024,2024-25,20,TRUE
National,202507,1,202508,6.7946,Weighted %ILI,202638,6.93692,0.14231999999999978,2025,7,2025-02-09,2025-02-15,2024,2024-25,20,TRUE
Region 6,202508,1,202509,5.92407,Weighted %ILI,202638,5.43816,-0.4859100000000005,2025,8,2025-02-16,2025-02-22,2024,2024-25,21,TRUE
National,202508,1,202509,5.76645,Weighted %ILI,202638,5.90072,0.1342699999999999,2025,8,2025-02-16,2025-02-22,2024,2024-25,21,TRUE
Region 6,202509,1,202510,5.32706,Weighted %ILI,202638,4.87639,-0.45067000000000057,2025,9,2025-02-23,2025-03-01,2024,2024-25,22,TRUE
National,202509,1,202510,4.88375,Weighted %ILI,202638,4.87406,-0.009689999999999976,2025,9,2025-02-23,2025-03-01,2024,2024-25,22,TRUE
Region 6,202510,1,202511,4.6593,Weighted %ILI,202638,4.33175,-0.32754999999999956,2025,10,2025-03-02,2025-03-08,2024,2024-25,23,TRUE
National,202510,1,202511,4.27967,Weighted %ILI,202638,4.26679,-0.012880000000000003,2025,10,2025-03-02,2025-03-08,2024,2024-25,23,TRUE
Region 6,202511,1,202512,4.10825,Weighted %ILI,202638,3.63752,-0.4707300000000001,2025,11,2025-03-09,2025-03-15,2024,2024-25,24,TRUE
National,202511,1,202512,3.8699,Weighted %ILI,202638,3.81006,-0.05983999999999989,2025,11,2025-03-09,2025-03-15,2024,2024-25,24,TRUE
Region 6,202512,1,202513,3.54606,Weighted %ILI,202638,3.16021,-0.38585,2025,12,2025-03-16,2025-03-22,2024,2024-25,25,TRUE
National,202512,1,202513,3.30817,Weighted %ILI,202638,3.25232,-0.055849999999999955,2025,12,2025-03-16,2025-03-22,2024,2024-25,25,TRUE
Region 6,202513,1,202514,3.12377,Weighted %ILI,202638,2.78595,-0.3378199999999998,2025,13,2025-03-23,2025-03-29,2024,2024-25,26,TRUE
National,202513,1,202514,2.94654,Weighted %ILI,202638,2.89999,-0.04655000000000031,2025,13,2025-03-23,2025-03-29,2024,2024-25,26,TRUE
Region 6,202514,1,202515,2.87916,Weighted %ILI,202638,2.47165,-0.40751000000000026,2025,14,2025-03-30,2025-04-05,2024,2024-25,27,TRUE
National,202514,1,202515,2.55269,Weighted %ILI,202638,2.56142,0.008729999999999905,2025,14,2025-03-30,2025-04-05,2024,2024-25,27,TRUE
Region 6,202515,1,202516,2.80187,Weighted %ILI,202638,2.50516,-0.29671000000000003,2025,15,2025-04-06,2025-04-12,2024,2024-25,28,TRUE
National,202515,1,202516,2.45037,Weighted %ILI,202638,2.41066,-0.03970999999999991,2025,15,2025-04-06,2025-04-12,2024,2024-25,28,TRUE
Region 6,202516,1,202517,2.57724,Weighted %ILI,202638,2.47863,-0.09861000000000031,2025,16,2025-04-13,2025-04-19,2024,2024-25,29,TRUE
National,202516,1,202517,2.27785,Weighted %ILI,202638,2.26966,-0.00818999999999992,2025,16,2025-04-13,2025-04-19,2024,2024-25,29,TRUE
Region 6,202517,1,202518,2.89282,Weighted %ILI,202638,2.45027,-0.4425499999999998,2025,17,2025-04-20,2025-04-26,2024,2024-25,30,TRUE
National,202517,1,202518,2.22223,Weighted %ILI,202638,2.16654,-0.05569000000000024,2025,17,2025-04-20,2025-04-26,2024,2024-25,30,TRUE
Region 6,202518,1,202519,2.67059,Weighted %ILI,202638,2.19069,-0.47989999999999977,2025,18,2025-04-27,2025-05-03,2024,2024-25,31,TRUE
National,202518,1,202519,2.04614,Weighted %ILI,202638,1.99958,-0.046559999999999935,2025,18,2025-04-27,2025-05-03,2024,2024-25,31,TRUE
Region 6,202519,1,202520,2.50519,Weighted %ILI,202638,2.02462,-0.4805699999999997,2025,19,2025-05-04,2025-05-10,2024,2024-25,32,TRUE
National,202519,1,202520,1.9474,Weighted %ILI,202638,1.89657,-0.05082999999999993,2025,19,2025-05-04,2025-05-10,2024,2024-25,32,TRUE
Region 6,202520,1,202521,2.59945,Weighted %ILI,202638,2.10074,-0.49871,2025,20,2025-05-11,2025-05-17,2024,2024-25,33,TRUE
National,202520,1,202521,1.92508,Weighted %ILI,202638,1.86402,-0.06105999999999989,2025,20,2025-05-11,2025-05-17,2024,2024-25,33,TRUE
Region 6,202521,1,202522,2.40602,Weighted %ILI,202638,1.9397,-0.46631999999999985,2025,21,2025-05-18,2025-05-24,2024,2024-25,34,TRUE
National,202521,1,202522,1.87245,Weighted %ILI,202638,1.8161,-0.0563499999999999,2025,21,2025-05-18,2025-05-24,2024,2024-25,34,TRUE
Region 6,202522,1,202523,2.34621,Weighted %ILI,202638,1.87546,-0.4707500000000002,2025,22,2025-05-25,2025-05-31,2024,2024-25,35,TRUE
National,202522,1,202523,1.89102,Weighted %ILI,202638,1.82615,-0.06486999999999998,2025,22,2025-05-25,2025-05-31,2024,2024-25,35,TRUE
Region 6,202523,1,202524,1.91926,Weighted %ILI,202638,1.55942,-0.35983999999999994,2025,23,2025-06-01,2025-06-07,2024,2024-25,36,TRUE
National,202523,1,202524,1.65238,Weighted %ILI,202638,1.6042,-0.04817999999999989,2025,23,2025-06-01,2025-06-07,2024,2024-25,36,TRUE
Region 6,202524,1,202525,1.69096,Weighted %ILI,202638,1.29305,-0.39791,2025,24,2025-06-08,2025-06-14,2024,2024-25,37,TRUE
National,202524,1,202525,1.45893,Weighted %ILI,202638,1.4049,-0.05403000000000002,2025,24,2025-06-08,2025-06-14,2024,2024-25,37,TRUE
Region 6,202525,1,202526,1.53737,Weighted %ILI,202638,1.23717,-0.3001999999999998,2025,25,2025-06-15,2025-06-21,2024,2024-25,38,TRUE
National,202525,1,202526,1.35386,Weighted %ILI,202638,1.31999,-0.03387000000000007,2025,25,2025-06-15,2025-06-21,2024,2024-25,38,TRUE
Region 6,202526,1,202527,1.29881,Weighted %ILI,202638,1.02931,-0.2695000000000001,2025,26,2025-06-22,2025-06-28,2024,2024-25,39,TRUE
National,202526,1,202527,1.21358,Weighted %ILI,202638,1.17989,-0.03369,2025,26,2025-06-22,2025-06-28,2024,2024-25,39,TRUE
Region 6,202527,1,202528,0.994409,Weighted %ILI,202638,1.00014,0.005731000000000042,2025,27,2025-06-29,2025-07-05,2024,2024-25,40,TRUE
National,202527,1,202528,1.10579,Weighted %ILI,202638,1.108,0.0022100000000000453,2025,27,2025-06-29,2025-07-05,2024,2024-25,40,TRUE
Region 6,202528,1,202529,1.32872,Weighted %ILI,202638,1.42247,0.09375,2025,28,2025-07-06,2025-07-12,2024,2024-25,41,TRUE
National,202528,1,202529,1.14228,Weighted %ILI,202638,1.15638,0.014100000000000001,2025,28,2025-07-06,2025-07-12,2024,2024-25,41,TRUE
Region 6,202529,1,202530,0.999856,Weighted %ILI,202638,1.07181,0.07195399999999996,2025,29,2025-07-13,2025-07-19,2024,2024-25,42,TRUE
National,202529,1,202530,1.04067,Weighted %ILI,202638,1.05736,0.016690000000000094,2025,29,2025-07-13,2025-07-19,2024,2024-25,42,TRUE
Region 6,202530,1,202531,0.93812,Weighted %ILI,202638,0.941368,0.0032480000000000286,2025,30,2025-07-20,2025-07-26,2024,2024-25,43,TRUE
National,202530,1,202531,1.02878,Weighted %ILI,202638,1.03242,0.0036399999999998656,2025,30,2025-07-20,2025-07-26,2024,2024-25,43,TRUE
Region 6,202531,1,202532,1.02454,Weighted %ILI,202638,1.03052,0.005980000000000096,2025,31,2025-07-27,2025-08-02,2024,2024-25,44,TRUE
National,202531,1,202532,1.05547,Weighted %ILI,202638,1.05832,0.002850000000000019,2025,31,2025-07-27,2025-08-02,2024,2024-25,44,TRUE
Region 6,202532,1,202533,1.12597,Weighted %ILI,202638,1.13493,0.008960000000000079,2025,32,2025-08-03,2025-08-09,2024,2024-25,45,TRUE
National,202532,1,202533,1.14805,Weighted %ILI,202638,1.14965,0.0016000000000000458,2025,32,2025-08-03,2025-08-09,2024,2024-25,45,TRUE
Region 6,202533,1,202534,1.3046,Weighted %ILI,202638,1.32069,0.016089999999999938,2025,33,2025-08-10,2025-08-16,2024,2024-25,46,TRUE
National,202533,1,202534,1.2082,Weighted %ILI,202638,1.21395,0.005750000000000144,2025,33,2025-08-10,2025-08-16,2024,2024-25,46,TRUE
Region 6,202534,1,202535,1.79698,Weighted %ILI,202638,1.83438,0.03739999999999988,2025,34,2025-08-17,2025-08-23,2024,2024-25,47,TRUE
National,202534,1,202535,1.43998,Weighted %ILI,202638,1.45765,0.017669999999999852,2025,34,2025-08-17,2025-08-23,2024,2024-25,47,TRUE
Region 6,202535,1,202536,2.70949,Weighted %ILI,202638,2.79854,0.08904999999999985,2025,35,2025-08-24,2025-08-30,2024,2024-25,48,TRUE
National,202535,1,202536,1.75809,Weighted %ILI,202638,1.7911300000000001,0.03304000000000018,2025,35,2025-08-24,2025-08-30,2024,2024-25,48,TRUE
Region 6,202536,1,202537,2.19963,Weighted %ILI,202638,2.32175,0.12212000000000023,2025,36,2025-08-31,2025-09-06,2024,2024-25,49,TRUE
National,202536,1,202537,1.7648,Weighted %ILI,202638,1.80315,0.038350000000000106,2025,36,2025-08-31,2025-09-06,2024,2024-25,49,TRUE
Region 6,202537,1,202538,2.15895,Weighted %ILI,202638,2.15895,0,2025,37,2025-09-07,2025-09-13,2024,2024-25,50,TRUE
National,202537,1,202538,1.73451,Weighted %ILI,202638,1.75434,0.019830000000000014,2025,37,2025-09-07,2025-09-13,2024,2024-25,50,TRUE
Region 6,202544,1,202545,1.73943,Weighted %ILI,202638,1.77765,0.03821999999999992,2025,44,2025-10-26,2025-11-01,2025,2025-26,5,TRUE
National,202544,1,202545,1.81611,Weighted %ILI,202638,1.82557,0.009460000000000024,2025,44,2025-10-26,2025-11-01,2025,2025-26,5,TRUE
Region 6,202545,1,202546,2.16319,Weighted %ILI,202638,2.22711,0.06391999999999998,2025,45,2025-11-02,2025-11-08,2025,2025-26,6,TRUE
National,202545,1,202546,2.1088,Weighted %ILI,202638,2.12189,0.013090000000000046,2025,45,2025-11-02,2025-11-08,2025,2025-26,6,TRUE
Region 6,202546,1,202547,2.74353,Weighted %ILI,202638,2.78106,0.037530000000000285,2025,46,2025-11-09,2025-11-15,2025,2025-26,7,TRUE
National,202546,1,202547,2.2606,Weighted %ILI,202638,2.26336,0.0027599999999998737,2025,46,2025-11-09,2025-11-15,2025,2025-26,7,TRUE
Region 6,202547,1,202548,3.02588,Weighted %ILI,202638,3.05734,0.031460000000000043,2025,47,2025-11-16,2025-11-22,2025,2025-26,8,TRUE
National,202547,1,202548,2.52689,Weighted %ILI,202638,2.52529,-0.0015999999999998238,2025,47,2025-11-16,2025-11-22,2025,2025-26,8,TRUE
Region 6,202548,1,202549,3.15277,Weighted %ILI,202638,3.17568,0.022909999999999986,2025,48,2025-11-23,2025-11-29,2025,2025-26,9,TRUE
National,202548,1,202549,2.93493,Weighted %ILI,202638,2.96755,0.03262000000000009,2025,48,2025-11-23,2025-11-29,2025,2025-26,9,TRUE
Region 6,202549,1,202550,3.71851,Weighted %ILI,202638,3.72191,0.0033999999999996255,2025,49,2025-11-30,2025-12-06,2025,2025-26,10,TRUE
National,202549,1,202550,3.26176,Weighted %ILI,202638,3.28462,0.02285999999999966,2025,49,2025-11-30,2025-12-06,2025,2025-26,10,TRUE
Region 6,202550,1,202551,4.22582,Weighted %ILI,202638,4.24602,0.020199999999999996,2025,50,2025-12-07,2025-12-13,2025,2025-26,11,TRUE
National,202550,1,202551,4.11762,Weighted %ILI,202638,4.11906,0.001440000000000552,2025,50,2025-12-07,2025-12-13,2025,2025-26,11,TRUE
Region 6,202551,1,202552,6.41817,Weighted %ILI,202638,6.39428,-0.023889999999999745,2025,51,2025-12-14,2025-12-20,2025,2025-26,12,TRUE
National,202551,1,202552,6.01931,Weighted %ILI,202638,6.00523,-0.01407999999999987,2025,51,2025-12-14,2025-12-20,2025,2025-26,12,TRUE
Region 6,202552,1,202553,8.83658,Weighted %ILI,202638,8.87308,0.0365000000000002,2025,52,2025-12-21,2025-12-27,2025,2025-26,13,TRUE
National,202552,1,202553,8.27417,Weighted %ILI,202638,8.29853,0.024359999999999715,2025,52,2025-12-21,2025-12-27,2025,2025-26,13,TRUE
Region 6,202553,1,202601,6.91622,Weighted %ILI,202638,6.94388,0.027660000000000018,2025,53,2025-12-28,2026-01-03,2025,2025-26,14,TRUE
National,202553,1,202601,7.15231,Weighted %ILI,202638,7.16834,0.016029999999999767,2025,53,2025-12-28,2026-01-03,2025,2025-26,14,TRUE
Region 6,202601,1,202602,5.16528,Weighted %ILI,202638,5.17786,0.012579999999999814,2026,1,2026-01-04,2026-01-10,2025,2025-26,15,TRUE
National,202601,1,202602,5.28663,Weighted %ILI,202638,5.29497,0.008340000000000458,2026,1,2026-01-04,2026-01-10,2025,2025-26,15,TRUE
Region 6,202602,1,202603,4.26391,Weighted %ILI,202638,4.2752,0.0112899999999998,2026,2,2026-01-11,2026-01-17,2025,2025-26,16,TRUE
National,202602,1,202603,4.38195,Weighted %ILI,202638,4.38293,9.80000000000203e-4,2026,2,2026-01-11,2026-01-17,2025,2025-26,16,TRUE
Region 6,202603,1,202604,6.75291,Weighted %ILI,202638,6.66516,-0.08774999999999977,2026,3,2026-01-18,2026-01-24,2025,2025-26,17,TRUE
National,202603,1,202604,4.74004,Weighted %ILI,202638,4.72432,-0.015719999999999956,2026,3,2026-01-18,2026-01-24,2025,2025-26,17,TRUE
Region 6,202604,1,202605,5.19683,Weighted %ILI,202638,5.20187,0.0050400000000001555,2026,4,2026-01-25,2026-01-31,2025,2025-26,18,TRUE
National,202604,1,202605,4.42501,Weighted %ILI,202638,4.4268,0.0017899999999997362,2026,4,2026-01-25,2026-01-31,2025,2025-26,18,TRUE
Region 6,202605,1,202606,6.7414,Weighted %ILI,202638,6.74977,0.00837000000000021,2026,5,2026-02-01,2026-02-07,2025,2025-26,19,TRUE
National,202605,1,202606,4.61127,Weighted %ILI,202638,4.61316,0.0018899999999995032,2026,5,2026-02-01,2026-02-07,2025,2025-26,19,TRUE
Region 6,202606,1,202607,5.16374,Weighted %ILI,202638,5.23502,0.07127999999999979,2026,6,2026-02-08,2026-02-14,2025,2025-26,20,TRUE
National,202606,1,202607,4.54689,Weighted %ILI,202638,4.57281,0.025919999999999277,2026,6,2026-02-08,2026-02-14,2025,2025-26,20,TRUE
Region 6,202607,1,202608,4.32878,Weighted %ILI,202638,4.44715,0.11836999999999964,2026,7,2026-02-15,2026-02-21,2025,2025-26,21,TRUE
National,202607,1,202608,4.39477,Weighted %ILI,202638,4.42213,0.02735999999999983,2026,7,2026-02-15,2026-02-21,2025,2025-26,21,TRUE
Region 6,202608,1,202609,3.82767,Weighted %ILI,202638,3.89653,0.06885999999999992,2026,8,2026-02-22,2026-02-28,2025,2025-26,22,TRUE
National,202608,1,202609,3.86368,Weighted %ILI,202638,3.87476,0.0110800000000002,2026,8,2026-02-22,2026-02-28,2025,2025-26,22,TRUE
Region 6,202609,1,202610,3.64694,Weighted %ILI,202638,3.7014,0.054460000000000175,2026,9,2026-03-01,2026-03-07,2025,2025-26,23,TRUE
National,202609,1,202610,3.69308,Weighted %ILI,202638,3.7067,0.013619999999999965,2026,9,2026-03-01,2026-03-07,2025,2025-26,23,TRUE
Region 6,202610,1,202611,2.93357,Weighted %ILI,202638,2.95646,0.022889999999999855,2026,10,2026-03-08,2026-03-14,2025,2025-26,24,TRUE
National,202610,1,202611,3.26818,Weighted %ILI,202638,3.26681,-0.0013700000000000934,2026,10,2026-03-08,2026-03-14,2025,2025-26,24,TRUE
Region 6,202611,1,202612,2.58707,Weighted %ILI,202638,2.62268,0.0356099999999997,2026,11,2026-03-15,2026-03-21,2025,2025-26,25,TRUE
National,202611,1,202612,2.8901,Weighted %ILI,202638,2.90075,0.010650000000000048,2026,11,2026-03-15,2026-03-21,2025,2025-26,25,TRUE
Region 6,202612,1,202613,2.27257,Weighted %ILI,202638,2.27257,0,2026,12,2026-03-22,2026-03-28,2025,2025-26,26,TRUE
National,202612,1,202613,2.65442,Weighted %ILI,202638,2.65042,-0.0040000000000000036,2026,12,2026-03-22,2026-03-28,2025,2025-26,26,TRUE
Region 6,202613,1,202614,1.92349,Weighted %ILI,202638,1.92323,-2.5999999999992696e-4,2026,13,2026-03-29,2026-04-04,2025,2025-26,27,TRUE
National,202613,1,202614,2.36783,Weighted %ILI,202638,2.37307,0.005239999999999689,2026,13,2026-03-29,2026-04-04,2025,2025-26,27,TRUE
Region 6,202614,1,202615,1.89152,Weighted %ILI,202638,1.92675,0.03522999999999987,2026,14,2026-04-05,2026-04-11,2025,2025-26,28,TRUE
National,202614,1,202615,2.08648,Weighted %ILI,202638,2.09566,0.009180000000000188,2026,14,2026-04-05,2026-04-11,2025,2025-26,28,TRUE
Region 6,202615,1,202616,1.7843,Weighted %ILI,202638,1.80674,0.022440000000000015,2026,15,2026-04-12,2026-04-18,2025,2025-26,29,TRUE
National,202615,1,202616,1.87787,Weighted %ILI,202638,1.88364,0.005770000000000053,2026,15,2026-04-12,2026-04-18,2025,2025-26,29,TRUE
Region 6,202616,1,202617,1.84326,Weighted %ILI,202638,1.86886,0.025600000000000067,2026,16,2026-04-19,2026-04-25,2025,2025-26,30,TRUE
National,202616,1,202617,1.81466,Weighted %ILI,202638,1.82155,0.006890000000000063,2026,16,2026-04-19,2026-04-25,2025,2025-26,30,TRUE
Region 6,202617,1,202618,1.77384,Weighted %ILI,202638,1.79936,0.025519999999999987,2026,17,2026-04-26,2026-05-02,2025,2025-26,31,TRUE
National,202617,1,202618,1.75948,Weighted %ILI,202638,1.76016,6.800000000000139e-4,2026,17,2026-04-26,2026-05-02,2025,2025-26,31,TRUE
Region 6,202618,1,202619,2.01273,Weighted %ILI,202638,2.0254,0.012669999999999959,2026,18,2026-05-03,2026-05-09,2025,2025-26,32,TRUE
National,202618,1,202619,1.76798,Weighted %ILI,202638,1.76462,-0.0033600000000000296,2026,18,2026-05-03,2026-05-09,2025,2025-26,32,TRUE
Region 6,202619,1,202620,1.83946,Weighted %ILI,202638,1.84094,0.0014799999999999258,2026,19,2026-05-10,2026-05-16,2025,2025-26,33,TRUE
National,202619,1,202620,1.74938,Weighted %ILI,202638,1.74194,-0.007439999999999891,2026,19,2026-05-10,2026-05-16,2025,2025-26,33,TRUE
Region 6,202620,1,202621,1.70809,Weighted %ILI,202638,1.71241,0.0043199999999998795,2026,20,2026-05-17,2026-05-23,2025,2025-26,34,TRUE
National,202620,1,202621,1.583,Weighted %ILI,202638,1.5853,0.0022999999999999687,2026,20,2026-05-17,2026-05-23,2025,2025-26,34,TRUE
Region 6,202621,1,202622,1.71229,Weighted %ILI,202638,1.71568,0.003390000000000004,2026,21,2026-05-24,2026-05-30,2025,2025-26,35,TRUE
National,202621,1,202622,1.56694,Weighted %ILI,202638,1.56833,0.0013900000000000023,2026,21,2026-05-24,2026-05-30,2025,2025-26,35,TRUE
Region 6,202622,1,202623,1.38403,Weighted %ILI,202638,1.38403,0,2026,22,2026-05-31,2026-06-06,2025,2025-26,36,TRUE
National,202622,1,202623,1.39327,Weighted %ILI,202638,1.39262,-6.500000000000394e-4,2026,22,2026-05-31,2026-06-06,2025,2025-26,36,TRUE
Region 6,202623,1,202624,1.23659,Weighted %ILI,202638,1.23659,0,2026,23,2026-06-07,2026-06-13,2025,2025-26,37,TRUE
National,202623,1,202624,1.23701,Weighted %ILI,202638,1.23565,-0.0013600000000000279,2026,23,2026-06-07,2026-06-13,2025,2025-26,37,TRUE
Region 6,202624,1,202625,1.07434,Weighted %ILI,202638,1.07434,0,2026,24,2026-06-14,2026-06-20,2025,2025-26,38,TRUE
National,202624,1,202625,1.127,Weighted %ILI,202638,1.1263,-6.999999999999229e-4,2026,24,2026-06-14,2026-06-20,2025,2025-26,38,TRUE
Region 6,202625,1,202626,0.934866,Weighted %ILI,202638,0.934103,-7.629999999999582e-4,2026,25,2026-06-21,2026-06-27,2025,2025-26,39,TRUE
National,202625,1,202626,1.04511,Weighted %ILI,202638,1.04397,-0.0011399999999999189,2026,25,2026-06-21,2026-06-27,2025,2025-26,39,TRUE
Region 6,202626,1,202627,0.960848,Weighted %ILI,202638,0.958433,-0.002415000000000056,2026,26,2026-06-28,2026-07-04,2025,2025-26,40,TRUE
National,202626,1,202627,0.997674,Weighted %ILI,202638,0.997989,3.1500000000006523e-4,2026,26,2026-06-28,2026-07-04,2025,2025-26,40,TRUE
Region 6,202627,1,202628,0.843151,Weighted %ILI,202638,0.843151,0,2026,27,2026-07-05,2026-07-11,2025,2025-26,41,TRUE
National,202627,1,202628,0.93316,Weighted %ILI,202638,0.941175,0.008014999999999994,2026,27,2026-07-05,2026-07-11,2025,2025-26,41,TRUE
Region 6,202628,1,202629,0.885835,Weighted %ILI,202638,0.885835,0,2026,28,2026-07-12,2026-07-18,2025,2025-26,42,TRUE
National,202628,1,202629,0.873285,Weighted %ILI,202638,0.902908,0.029623000000000066,2026,28,2026-07-12,2026-07-18,2025,2025-26,42,TRUE
Region 6,202629,1,202630,0.864707,Weighted %ILI,202638,0.864707,0,2026,29,2026-07-19,2026-07-25,2025,2025-26,43,TRUE
National,202629,1,202630,0.870142,Weighted %ILI,202638,0.871407,0.0012650000000000716,2026,29,2026-07-19,2026-07-25,2025,2025-26,43,TRUE
Region 6,202630,1,202631,0.828448,Weighted %ILI,202638,0.831562,0.003114000000000061,2026,30,2026-07-26,2026-08-01,2025,2025-26,44,TRUE
National,202630,1,202631,0.866527,Weighted %ILI,202638,0.866641,1.1399999999994748e-4,2026,30,2026-07-26,2026-08-01,2025,2025-26,44,TRUE
Region 6,202631,1,202632,0.805494,Weighted %ILI,202638,0.805366,-1.28000000000017e-4,2026,31,2026-08-02,2026-08-08,2025,2025-26,45,TRUE
National,202631,1,202632,0.871083,Weighted %ILI,202638,0.873289,0.0022059999999999302,2026,31,2026-08-02,2026-08-08,2025,2025-26,45,TRUE
Region 6,202632,1,202633,1.05698,Weighted %ILI,202638,1.05698,0,2026,32,2026-08-09,2026-08-15,2025,2025-26,46,TRUE
National,202632,1,202633,0.943377,Weighted %ILI,202638,0.954391,0.011013999999999968,2026,32,2026-08-09,2026-08-15,2025,2025-26,46,TRUE
Region 6,202633,1,202634,1.39363,Weighted %ILI,202638,1.39363,0,2026,33,2026-08-16,2026-08-22,2025,2025-26,47,TRUE
National,202633,1,202634,1.12033,Weighted %ILI,202638,1.13209,0.011759999999999993,2026,33,2026-08-16,2026-08-22,2025,2025-26,47,TRUE
Region 6,202634,1,202635,1.8757,Weighted %ILI,202638,1.87713,0.0014300000000000423,2026,34,2026-08-23,2026-08-29,2025,2025-26,48,TRUE
National,202634,1,202635,1.34356,Weighted %ILI,202638,1.3561,0.012539999999999996,2026,34,2026-08-23,2026-08-29,2025,2025-26,48,TRUE
Region 6,202635,1,202636,2.03848,Weighted %ILI,202638,2.03848,0,2026,35,2026-08-30,2026-09-05,2025,2025-26,49,TRUE
National,202635,1,202636,1.52927,Weighted %ILI,202638,1.53034,0.0010700000000001264,2026,35,2026-08-30,2026-09-05,2025,2025-26,49,TRUE
Region 6,202636,1,202637,1.89682,Weighted %ILI,202638,1.89682,0,2026,36,2026-09-06,2026-09-12,2025,2025-26,50,TRUE
National,202636,1,202637,1.59012,Weighted %ILI,202638,1.58855,-0.0015700000000000713,2026,36,2026-09-06,2026-09-12,2025,2025-26,50,TRUE
Region 6,202637,1,202638,1.79942,Weighted %ILI,202638,1.79942,0,2026,37,2026-09-13,2026-09-19,2025,2025-26,51,TRUE
National,202637,1,202638,1.64559,Weighted %ILI,202638,1.64559,0,2026,37,2026-09-13,2026-09-19,2025,2025-26,51,TRUE
Region 6,202240,2,202242,3.8651,Weighted %ILI,202439,3.92228,0.05718000000000023,2022,40,2022-10-02,2022-10-08,2022,2022-23,1,TRUE
National,202240,2,202242,2.61285,Weighted %ILI,202439,2.61257,-2.80000000000058e-4,2022,40,2022-10-02,2022-10-08,2022,2022-23,1,TRUE
Region 6,202241,2,202243,4.22562,Weighted %ILI,202439,4.52846,0.3028399999999998,2022,41,2022-10-09,2022-10-15,2022,2022-23,2,TRUE
National,202241,2,202243,2.9609,Weighted %ILI,202439,3.00763,0.046729999999999716,2022,41,2022-10-09,2022-10-15,2022,2022-23,2,TRUE
Region 6,202242,2,202244,5.00953,Weighted %ILI,202439,5.04861,0.039080000000000226,2022,42,2022-10-16,2022-10-22,2022,2022-23,3,TRUE
National,202242,2,202244,3.37905,Weighted %ILI,202439,3.31975,-0.05929999999999991,2022,42,2022-10-16,2022-10-22,2022,2022-23,3,TRUE
Region 6,202243,2,202245,6.57962,Weighted %ILI,202439,6.57387,-0.005749999999999922,2022,43,2022-10-23,2022-10-29,2022,2022-23,4,TRUE
National,202243,2,202245,4.42214,Weighted %ILI,202439,4.3682,-0.05393999999999988,2022,43,2022-10-23,2022-10-29,2022,2022-23,4,TRUE
Region 6,202244,2,202246,7.46445,Weighted %ILI,202439,7.46723,0.0027799999999995606,2022,44,2022-10-30,2022-11-05,2022,2022-23,5,TRUE
National,202244,2,202246,5.50178,Weighted %ILI,202439,5.42144,-0.08034000000000052,2022,44,2022-10-30,2022-11-05,2022,2022-23,5,TRUE
Region 6,202245,2,202247,8.36579,Weighted %ILI,202439,8.3698,0.004009999999999181,2022,45,2022-11-06,2022-11-12,2022,2022-23,6,TRUE
National,202245,2,202247,5.81679,Weighted %ILI,202439,5.73522,-0.08157000000000014,2022,45,2022-11-06,2022-11-12,2022,2022-23,6,TRUE
Region 6,202246,2,202248,8.61609,Weighted %ILI,202439,8.65742,0.04133000000000031,2022,46,2022-11-13,2022-11-19,2022,2022-23,7,TRUE
National,202246,2,202248,5.9763,Weighted %ILI,202439,5.91793,-0.05837000000000003,2022,46,2022-11-13,2022-11-19,2022,2022-23,7,TRUE
Region 6,202247,2,202249,8.7806,Weighted %ILI,202439,8.72204,-0.058559999999999945,2022,47,2022-11-20,2022-11-26,2022,2022-23,8,TRUE
National,202247,2,202249,7.54328,Weighted %ILI,202439,7.42531,-0.11797000000000057,2022,47,2022-11-20,2022-11-26,2022,2022-23,8,TRUE
Region 6,202248,2,202250,8.06359,Weighted %ILI,202439,8.03877,-0.024820000000000064,2022,48,2022-11-27,2022-12-03,2022,2022-23,9,TRUE
National,202248,2,202250,7.29651,Weighted %ILI,202439,7.21822,-0.07828999999999997,2022,48,2022-11-27,2022-12-03,2022,2022-23,9,TRUE
Region 6,202249,2,202251,7.90183,Weighted %ILI,202439,7.90492,0.003089999999999371,2022,49,2022-12-04,2022-12-10,2022,2022-23,10,TRUE
National,202249,2,202251,6.89172,Weighted %ILI,202439,6.87034,-0.02138000000000062,2022,49,2022-12-04,2022-12-10,2022,2022-23,10,TRUE
Region 6,202250,2,202252,7.16204,Weighted %ILI,202439,7.16369,0.0016499999999997073,2022,50,2022-12-11,2022-12-17,2022,2022-23,11,TRUE
National,202250,2,202252,6.34469,Weighted %ILI,202439,6.29772,-0.046969999999999956,2022,50,2022-12-11,2022-12-17,2022,2022-23,11,TRUE
Region 6,202251,2,202301,6.67895,Weighted %ILI,202439,6.67387,-0.0050800000000004175,2022,51,2022-12-18,2022-12-24,2022,2022-23,12,TRUE
National,202251,2,202301,6.03379,Weighted %ILI,202439,6.00293,-0.030859999999999665,2022,51,2022-12-18,2022-12-24,2022,2022-23,12,TRUE
Region 6,202252,2,202302,6.33323,Weighted %ILI,202439,6.33709,0.0038599999999995305,2022,52,2022-12-25,2022-12-31,2022,2022-23,13,TRUE
National,202252,2,202302,5.393,Weighted %ILI,202439,5.33838,-0.05461999999999989,2022,52,2022-12-25,2022-12-31,2022,2022-23,13,TRUE
Region 6,202301,2,202303,4.96159,Weighted %ILI,202439,4.96587,0.0042799999999996174,2023,1,2023-01-01,2023-01-07,2022,2022-23,14,TRUE
National,202301,2,202303,4.02769,Weighted %ILI,202439,3.93482,-0.09286999999999956,2023,1,2023-01-01,2023-01-07,2022,2022-23,14,TRUE
Region 6,202302,2,202304,3.75438,Weighted %ILI,202439,3.75259,-0.0017899999999997362,2023,2,2023-01-08,2023-01-14,2022,2022-23,15,TRUE
National,202302,2,202304,3.00673,Weighted %ILI,202439,2.94553,-0.06119999999999992,2023,2,2023-01-08,2023-01-14,2022,2022-23,15,TRUE
Region 6,202303,2,202305,3.42142,Weighted %ILI,202439,3.42256,0.0011399999999999189,2023,3,2023-01-15,2023-01-21,2022,2022-23,16,TRUE
National,202303,2,202305,2.6685,Weighted %ILI,202439,2.63811,-0.030389999999999695,2023,3,2023-01-15,2023-01-21,2022,2022-23,16,TRUE
Region 6,202304,2,202306,3.67703,Weighted %ILI,202439,3.70169,0.02466000000000035,2023,4,2023-01-22,2023-01-28,2022,2022-23,17,TRUE
National,202304,2,202306,2.66636,Weighted %ILI,202439,2.62522,-0.041139999999999954,2023,4,2023-01-22,2023-01-28,2022,2022-23,17,TRUE
Region 6,202305,2,202307,3.1563,Weighted %ILI,202439,3.16017,0.00387000000000004,2023,5,2023-01-29,2023-02-04,2022,2022-23,18,TRUE
National,202305,2,202307,2.63314,Weighted %ILI,202439,2.58477,-0.048370000000000246,2023,5,2023-01-29,2023-02-04,2022,2022-23,18,TRUE
Region 6,202306,2,202308,3.02703,Weighted %ILI,202439,3.04066,0.013630000000000031,2023,6,2023-02-05,2023-02-11,2022,2022-23,19,TRUE
National,202306,2,202308,2.63472,Weighted %ILI,202439,2.59148,-0.04324000000000039,2023,6,2023-02-05,2023-02-11,2022,2022-23,19,TRUE
Region 6,202307,2,202309,2.92661,Weighted %ILI,202439,2.92535,-0.001260000000000261,2023,7,2023-02-12,2023-02-18,2022,2022-23,20,TRUE
National,202307,2,202309,2.63733,Weighted %ILI,202439,2.5701,-0.0672299999999999,2023,7,2023-02-12,2023-02-18,2022,2022-23,20,TRUE
Region 6,202308,2,202310,2.72478,Weighted %ILI,202439,2.71271,-0.012070000000000025,2023,8,2023-02-19,2023-02-25,2022,2022-23,21,TRUE
National,202308,2,202310,2.58059,Weighted %ILI,202439,2.52707,-0.05351999999999979,2023,8,2023-02-19,2023-02-25,2022,2022-23,21,TRUE
Region 6,202309,2,202311,2.75695,Weighted %ILI,202439,2.75133,-0.005619999999999958,2023,9,2023-02-26,2023-03-04,2022,2022-23,22,TRUE
National,202309,2,202311,2.45747,Weighted %ILI,202439,2.40469,-0.05277999999999983,2023,9,2023-02-26,2023-03-04,2022,2022-23,22,TRUE
Region 6,202310,2,202312,2.68876,Weighted %ILI,202439,2.68354,-0.005220000000000002,2023,10,2023-03-05,2023-03-11,2022,2022-23,23,TRUE
National,202310,2,202312,2.3972,Weighted %ILI,202439,2.3571,-0.04010000000000025,2023,10,2023-03-05,2023-03-11,2022,2022-23,23,TRUE
Region 6,202311,2,202313,2.33662,Weighted %ILI,202439,2.3325,-0.0041199999999999015,2023,11,2023-03-12,2023-03-18,2022,2022-23,24,TRUE
National,202311,2,202313,2.39071,Weighted %ILI,202439,2.3545,-0.036210000000000075,2023,11,2023-03-12,2023-03-18,2022,2022-23,24,TRUE
Region 6,202312,2,202314,2.18297,Weighted %ILI,202439,2.21217,0.029199999999999893,2023,12,2023-03-19,2023-03-25,2022,2022-23,25,TRUE
National,202312,2,202314,2.31842,Weighted %ILI,202439,2.31096,-0.007460000000000022,2023,12,2023-03-19,2023-03-25,2022,2022-23,25,TRUE
Region 6,202313,2,202315,2.27623,Weighted %ILI,202439,2.27809,0.0018600000000001948,2023,13,2023-03-26,2023-04-01,2022,2022-23,26,TRUE
National,202313,2,202315,2.30372,Weighted %ILI,202439,2.25771,-0.04601000000000033,2023,13,2023-03-26,2023-04-01,2022,2022-23,26,TRUE
Region 6,202314,2,202316,2.33144,Weighted %ILI,202439,2.33443,0.002989999999999604,2023,14,2023-04-02,2023-04-08,2022,2022-23,27,TRUE
National,202314,2,202316,2.16744,Weighted %ILI,202439,2.12953,-0.03791000000000011,2023,14,2023-04-02,2023-04-08,2022,2022-23,27,TRUE
Region 6,202315,2,202317,2.25514,Weighted %ILI,202439,2.28709,0.031950000000000145,2023,15,2023-04-09,2023-04-15,2022,2022-23,28,TRUE
National,202315,2,202317,2.04766,Weighted %ILI,202439,2.01047,-0.037189999999999834,2023,15,2023-04-09,2023-04-15,2022,2022-23,28,TRUE
Region 6,202316,2,202318,2.33106,Weighted %ILI,202439,2.34276,0.011700000000000266,2023,16,2023-04-16,2023-04-22,2022,2022-23,29,TRUE
National,202316,2,202318,1.94479,Weighted %ILI,202439,1.90776,-0.03703000000000012,2023,16,2023-04-16,2023-04-22,2022,2022-23,29,TRUE
Region 6,202317,2,202319,2.29998,Weighted %ILI,202439,2.28899,-0.010990000000000055,2023,17,2023-04-23,2023-04-29,2022,2022-23,30,TRUE
National,202317,2,202319,1.96023,Weighted %ILI,202439,1.90393,-0.05630000000000002,2023,17,2023-04-23,2023-04-29,2022,2022-23,30,TRUE
Region 6,202318,2,202320,2.46769,Weighted %ILI,202439,2.49856,0.03086999999999973,2023,18,2023-04-30,2023-05-06,2022,2022-23,31,TRUE
National,202318,2,202320,1.99704,Weighted %ILI,202439,1.93608,-0.0609599999999999,2023,18,2023-04-30,2023-05-06,2022,2022-23,31,TRUE
Region 6,202319,2,202321,2.17045,Weighted %ILI,202439,2.19318,0.022729999999999695,2023,19,2023-05-07,2023-05-13,2022,2022-23,32,TRUE
National,202319,2,202321,1.96709,Weighted %ILI,202439,1.90846,-0.05862999999999996,2023,19,2023-05-07,2023-05-13,2022,2022-23,32,TRUE
Region 6,202320,2,202322,2.23778,Weighted %ILI,202439,2.22375,-0.014029999999999987,2023,20,2023-05-14,2023-05-20,2022,2022-23,33,TRUE
National,202320,2,202322,1.93648,Weighted %ILI,202439,1.88236,-0.054119999999999946,2023,20,2023-05-14,2023-05-20,2022,2022-23,33,TRUE
Region 6,202321,2,202323,2.15507,Weighted %ILI,202439,2.14453,-0.010539999999999772,2023,21,2023-05-21,2023-05-27,2022,2022-23,34,TRUE
National,202321,2,202323,1.88698,Weighted %ILI,202439,1.83328,-0.05370000000000008,2023,21,2023-05-21,2023-05-27,2022,2022-23,34,TRUE
Region 6,202322,2,202324,1.91347,Weighted %ILI,202439,1.90977,-0.0037000000000000366,2023,22,2023-05-28,2023-06-03,2022,2022-23,35,TRUE
National,202322,2,202324,1.91763,Weighted %ILI,202439,1.83857,-0.07905999999999991,2023,22,2023-05-28,2023-06-03,2022,2022-23,35,TRUE
Region 6,202323,2,202325,1.28602,Weighted %ILI,202439,1.28743,0.0014100000000001334,2023,23,2023-06-04,2023-06-10,2022,2022-23,36,TRUE
National,202323,2,202325,1.64557,Weighted %ILI,202439,1.57748,-0.06808999999999998,2023,23,2023-06-04,2023-06-10,2022,2022-23,36,TRUE
Region 6,202324,2,202326,1.33107,Weighted %ILI,202439,1.34261,0.011540000000000106,2023,24,2023-06-11,2023-06-17,2022,2022-23,37,TRUE
National,202324,2,202326,1.53089,Weighted %ILI,202439,1.48614,-0.04475000000000007,2023,24,2023-06-11,2023-06-17,2022,2022-23,37,TRUE
Region 6,202325,2,202327,1.14848,Weighted %ILI,202439,1.15562,0.007140000000000146,2023,25,2023-06-18,2023-06-24,2022,2022-23,38,TRUE
National,202325,2,202327,1.41561,Weighted %ILI,202439,1.36472,-0.0508900000000001,2023,25,2023-06-18,2023-06-24,2022,2022-23,38,TRUE
Region 6,202326,2,202328,1.26156,Weighted %ILI,202439,1.26393,0.0023699999999999832,2023,26,2023-06-25,2023-07-01,2022,2022-23,39,TRUE
National,202326,2,202328,1.31944,Weighted %ILI,202439,1.27095,-0.04848999999999992,2023,26,2023-06-25,2023-07-01,2022,2022-23,39,TRUE
Region 6,202327,2,202329,1.19697,Weighted %ILI,202439,1.19416,-0.002809999999999979,2023,27,2023-07-02,2023-07-08,2022,2022-23,40,TRUE
National,202327,2,202329,1.23907,Weighted %ILI,202439,1.22553,-0.013539999999999885,2023,27,2023-07-02,2023-07-08,2022,2022-23,40,TRUE
Region 6,202328,2,202330,1.23258,Weighted %ILI,202439,1.23386,0.0012799999999999478,2023,28,2023-07-09,2023-07-15,2022,2022-23,41,TRUE
National,202328,2,202330,1.16762,Weighted %ILI,202439,1.15793,-0.009690000000000198,2023,28,2023-07-09,2023-07-15,2022,2022-23,41,TRUE
Region 6,202329,2,202331,1.0909,Weighted %ILI,202439,1.09263,0.0017300000000000093,2023,29,2023-07-16,2023-07-22,2022,2022-23,42,TRUE
National,202329,2,202331,1.13816,Weighted %ILI,202439,1.12685,-0.011310000000000153,2023,29,2023-07-16,2023-07-22,2022,2022-23,42,TRUE
Region 6,202330,2,202332,1.19647,Weighted %ILI,202439,1.19759,0.0011200000000000099,2023,30,2023-07-23,2023-07-29,2022,2022-23,43,TRUE
National,202330,2,202332,1.17576,Weighted %ILI,202439,1.16805,-0.007709999999999884,2023,30,2023-07-23,2023-07-29,2022,2022-23,43,TRUE
Region 6,202331,2,202333,1.35875,Weighted %ILI,202439,1.35734,-0.0014099999999999113,2023,31,2023-07-30,2023-08-05,2022,2022-23,44,TRUE
National,202331,2,202333,1.21565,Weighted %ILI,202439,1.20299,-0.012659999999999894,2023,31,2023-07-30,2023-08-05,2022,2022-23,44,TRUE
Region 6,202332,2,202334,1.46124,Weighted %ILI,202439,1.46102,-2.20000000000109e-4,2023,32,2023-08-06,2023-08-12,2022,2022-23,45,TRUE
National,202332,2,202334,1.28527,Weighted %ILI,202439,1.27357,-0.011699999999999822,2023,32,2023-08-06,2023-08-12,2022,2022-23,45,TRUE
Region 6,202333,2,202335,1.77502,Weighted %ILI,202439,1.7849,0.009879999999999889,2023,33,2023-08-13,2023-08-19,2022,2022-23,46,TRUE
National,202333,2,202335,1.46552,Weighted %ILI,202439,1.44821,-0.017309999999999937,2023,33,2023-08-13,2023-08-19,2022,2022-23,46,TRUE
Region 6,202334,2,202336,2.2608,Weighted %ILI,202439,2.26527,0.004469999999999974,2023,34,2023-08-20,2023-08-26,2022,2022-23,47,TRUE
National,202334,2,202336,1.73102,Weighted %ILI,202439,1.70391,-0.027109999999999967,2023,34,2023-08-20,2023-08-26,2022,2022-23,47,TRUE
Region 6,202335,2,202337,3.25924,Weighted %ILI,202439,3.26193,0.002689999999999859,2023,35,2023-08-27,2023-09-02,2022,2022-23,48,TRUE
National,202335,2,202337,1.96321,Weighted %ILI,202439,1.93305,-0.030159999999999965,2023,35,2023-08-27,2023-09-02,2022,2022-23,48,TRUE
Region 6,202336,2,202338,3.26744,Weighted %ILI,202439,3.27047,0.003029999999999866,2023,36,2023-09-03,2023-09-09,2022,2022-23,49,TRUE
National,202336,2,202338,2.02955,Weighted %ILI,202439,2.00204,-0.027509999999999923,2023,36,2023-09-03,2023-09-09,2022,2022-23,49,TRUE
Region 6,202337,2,202339,2.72377,Weighted %ILI,202439,2.72582,0.0020500000000001073,2023,37,2023-09-10,2023-09-16,2022,2022-23,50,TRUE
National,202337,2,202339,1.96618,Weighted %ILI,202439,1.94047,-0.02571000000000012,2023,37,2023-09-10,2023-09-16,2022,2022-23,50,TRUE
Region 6,202338,2,202340,2.1225,Weighted %ILI,202439,2.1524,0.029900000000000038,2023,38,2023-09-17,2023-09-23,2022,2022-23,51,TRUE
National,202338,2,202340,2.02688,Weighted %ILI,202439,2.03761,0.010730000000000128,2023,38,2023-09-17,2023-09-23,2022,2022-23,51,TRUE
Region 6,202339,2,202341,2.42467,Weighted %ILI,202439,2.43043,0.005759999999999987,2023,39,2023-09-24,2023-09-30,2022,2022-23,52,TRUE
National,202339,2,202341,2.10074,Weighted %ILI,202439,2.0899200000000002,-0.01081999999999983,2023,39,2023-09-24,2023-09-30,2022,2022-23,52,TRUE
Region 6,202340,2,202342,2.78771,Weighted %ILI,202538,2.96845,0.18073999999999968,2023,40,2023-10-01,2023-10-07,2023,2023-24,1,TRUE
National,202340,2,202342,2.26306,Weighted %ILI,202538,2.27908,0.016020000000000145,2023,40,2023-10-01,2023-10-07,2023,2023-24,1,TRUE
Region 6,202341,2,202343,2.83744,Weighted %ILI,202538,3.01509,0.17764999999999986,2023,41,2023-10-08,2023-10-14,2023,2023-24,2,TRUE
National,202341,2,202343,2.29214,Weighted %ILI,202538,2.33755,0.04540999999999995,2023,41,2023-10-08,2023-10-14,2023,2023-24,2,TRUE
Region 6,202342,2,202344,3.3023,Weighted %ILI,202538,3.50292,0.20062000000000024,2023,42,2023-10-15,2023-10-21,2023,2023-24,3,TRUE
National,202342,2,202344,2.50666,Weighted %ILI,202538,2.52242,0.015759999999999774,2023,42,2023-10-15,2023-10-21,2023,2023-24,3,TRUE
Region 6,202343,2,202345,3.56865,Weighted %ILI,202538,3.75354,0.18489000000000022,2023,43,2023-10-22,2023-10-28,2023,2023-24,4,TRUE
National,202343,2,202345,2.6958,Weighted %ILI,202538,2.71275,0.01695000000000002,2023,43,2023-10-22,2023-10-28,2023,2023-24,4,TRUE
Region 6,202344,2,202346,3.97099,Weighted %ILI,202538,4.16146,0.19046999999999992,2023,44,2023-10-29,2023-11-04,2023,2023-24,5,TRUE
National,202344,2,202346,2.95316,Weighted %ILI,202538,2.94538,-0.007779999999999898,2023,44,2023-10-29,2023-11-04,2023,2023-24,5,TRUE
Region 6,202345,2,202347,5.07013,Weighted %ILI,202538,5.12307,0.05294000000000043,2023,45,2023-11-05,2023-11-11,2023,2023-24,6,TRUE
National,202345,2,202347,3.46562,Weighted %ILI,202538,3.40957,-0.05604999999999993,2023,45,2023-11-05,2023-11-11,2023,2023-24,6,TRUE
Region 6,202346,2,202348,5.43116,Weighted %ILI,202538,5.68855,0.25739,2023,46,2023-11-12,2023-11-18,2023,2023-24,7,TRUE
National,202346,2,202348,3.70805,Weighted %ILI,202538,3.6903,-0.017749999999999932,2023,46,2023-11-12,2023-11-18,2023,2023-24,7,TRUE
Region 6,202347,2,202349,5.72734,Weighted %ILI,202538,5.9659,0.23856000000000055,2023,47,2023-11-19,2023-11-25,2023,2023-24,8,TRUE
National,202347,2,202349,3.93878,Weighted %ILI,202538,3.92958,-0.009199999999999875,2023,47,2023-11-19,2023-11-25,2023,2023-24,8,TRUE
Region 6,202348,2,202350,5.41073,Weighted %ILI,202538,5.63983,0.22909999999999986,2023,48,2023-11-26,2023-12-02,2023,2023-24,9,TRUE
National,202348,2,202350,4.05946,Weighted %ILI,202538,4.03334,-0.0261199999999997,2023,48,2023-11-26,2023-12-02,2023,2023-24,9,TRUE
Region 6,202349,2,202351,5.78276,Weighted %ILI,202538,6.07051,0.28774999999999995,2023,49,2023-12-03,2023-12-09,2023,2023-24,10,TRUE
National,202349,2,202351,4.3953,Weighted %ILI,202538,4.38382,-0.011479999999999713,2023,49,2023-12-03,2023-12-09,2023,2023-24,10,TRUE
Region 6,202350,2,202352,7.12372,Weighted %ILI,202538,7.11576,-0.007959999999999745,2023,50,2023-12-10,2023-12-16,2023,2023-24,11,TRUE
National,202350,2,202352,5.23849,Weighted %ILI,202538,5.18426,-0.054229999999999556,2023,50,2023-12-10,2023-12-16,2023,2023-24,11,TRUE
Region 6,202351,2,202401,8.29258,Weighted %ILI,202538,8.2941,0.001520000000001076,2023,51,2023-12-17,2023-12-23,2023,2023-24,12,TRUE
National,202351,2,202401,6.30061,Weighted %ILI,202538,6.23157,-0.06904000000000021,2023,51,2023-12-17,2023-12-23,2023,2023-24,12,TRUE
Region 6,202352,2,202402,7.77326,Weighted %ILI,202538,7.77249,-7.699999999992713e-4,2023,52,2023-12-24,2023-12-30,2023,2023-24,13,TRUE
National,202352,2,202402,6.86198,Weighted %ILI,202538,6.7962,-0.06578000000000017,2023,52,2023-12-24,2023-12-30,2023,2023-24,13,TRUE
Region 6,202401,2,202403,7.36577,Weighted %ILI,202538,7.36716,0.0013899999999997803,2024,1,2023-12-31,2024-01-06,2023,2023-24,14,TRUE
National,202401,2,202403,5.77449,Weighted %ILI,202538,5.71536,-0.05912999999999968,2024,1,2023-12-31,2024-01-06,2023,2023-24,14,TRUE
Region 6,202402,2,202404,5.65017,Weighted %ILI,202538,5.67615,0.02597999999999967,2024,2,2024-01-07,2024-01-13,2023,2023-24,15,TRUE
National,202402,2,202404,4.70729,Weighted %ILI,202538,4.66576,-0.04153000000000073,2024,2,2024-01-07,2024-01-13,2023,2023-24,15,TRUE
Region 6,202403,2,202405,5.96486,Weighted %ILI,202538,5.99755,0.03269000000000055,2024,3,2024-01-14,2024-01-20,2023,2023-24,16,TRUE
National,202403,2,202405,4.37042,Weighted %ILI,202538,4.32446,-0.04596,2024,3,2024-01-14,2024-01-20,2023,2023-24,16,TRUE
Region 6,202404,2,202406,6.74299,Weighted %ILI,202538,6.78314,0.040150000000000574,2024,4,2024-01-21,2024-01-27,2023,2023-24,17,TRUE
National,202404,2,202406,4.29006,Weighted %ILI,202538,4.22972,-0.06034000000000006,2024,4,2024-01-21,2024-01-27,2023,2023-24,17,TRUE
Region 6,202405,2,202407,7.72903,Weighted %ILI,202538,7.75475,0.025719999999999743,2024,5,2024-01-28,2024-02-03,2023,2023-24,18,TRUE
National,202405,2,202407,4.4679,Weighted %ILI,202538,4.42065,-0.047250000000000014,2024,5,2024-01-28,2024-02-03,2023,2023-24,18,TRUE
Region 6,202406,2,202408,7.00207,Weighted %ILI,202538,7.03665,0.034580000000000055,2024,6,2024-02-04,2024-02-10,2023,2023-24,19,TRUE
National,202406,2,202408,4.50576,Weighted %ILI,202538,4.45705,-0.0487100000000007,2024,6,2024-02-04,2024-02-10,2023,2023-24,19,TRUE
Region 6,202407,2,202409,6.15834,Weighted %ILI,202538,6.18286,0.024519999999999875,2024,7,2024-02-11,2024-02-17,2023,2023-24,20,TRUE
National,202407,2,202409,4.40654,Weighted %ILI,202538,4.35511,-0.051429999999999865,2024,7,2024-02-11,2024-02-17,2023,2023-24,20,TRUE
Region 6,202408,2,202410,5.5951,Weighted %ILI,202538,5.62229,0.02718999999999916,2024,8,2024-02-18,2024-02-24,2023,2023-24,21,TRUE
National,202408,2,202410,4.38308,Weighted %ILI,202538,4.33545,-0.04762999999999984,2024,8,2024-02-18,2024-02-24,2023,2023-24,21,TRUE
Region 6,202409,2,202411,4.85129,Weighted %ILI,202538,4.8813,0.03001000000000076,2024,9,2024-02-25,2024-03-02,2023,2023-24,22,TRUE
National,202409,2,202411,4.10261,Weighted %ILI,202538,4.0587,-0.04391000000000034,2024,9,2024-02-25,2024-03-02,2023,2023-24,22,TRUE
Region 6,202410,2,202412,4.55276,Weighted %ILI,202538,4.59458,0.041819999999999524,2024,10,2024-03-03,2024-03-09,2023,2023-24,23,TRUE
National,202410,2,202412,3.7544,Weighted %ILI,202538,3.72797,-0.026429999999999954,2024,10,2024-03-03,2024-03-09,2023,2023-24,23,TRUE
Region 6,202411,2,202413,4.3257,Weighted %ILI,202538,4.30048,-0.02522000000000002,2024,11,2024-03-10,2024-03-16,2023,2023-24,24,TRUE
National,202411,2,202413,3.43758,Weighted %ILI,202538,3.39722,-0.040360000000000174,2024,11,2024-03-10,2024-03-16,2023,2023-24,24,TRUE
Region 6,202412,2,202414,3.41964,Weighted %ILI,202538,3.44709,0.02745000000000042,2024,12,2024-03-17,2024-03-23,2023,2023-24,25,TRUE
National,202412,2,202414,3.11081,Weighted %ILI,202538,3.08528,-0.02552999999999983,2024,12,2024-03-17,2024-03-23,2023,2023-24,25,TRUE
Region 6,202413,2,202415,3.32027,Weighted %ILI,202538,3.3403,0.020030000000000214,2024,13,2024-03-24,2024-03-30,2023,2023-24,26,TRUE
National,202413,2,202415,2.98701,Weighted %ILI,202538,2.97703,-0.0099800000000001,2024,13,2024-03-24,2024-03-30,2023,2023-24,26,TRUE
Region 6,202414,2,202416,2.97095,Weighted %ILI,202538,2.99283,0.0218799999999999,2024,14,2024-03-31,2024-04-06,2023,2023-24,27,TRUE
National,202414,2,202416,2.77513,Weighted %ILI,202538,2.76586,-0.00926999999999989,2024,14,2024-03-31,2024-04-06,2023,2023-24,27,TRUE
Region 6,202415,2,202417,2.98029,Weighted %ILI,202538,3.03666,0.05636999999999981,2024,15,2024-04-07,2024-04-13,2023,2023-24,28,TRUE
National,202415,2,202417,2.54083,Weighted %ILI,202538,2.53824,-0.0025900000000000922,2024,15,2024-04-07,2024-04-13,2023,2023-24,28,TRUE
Region 6,202416,2,202418,2.6474,Weighted %ILI,202538,2.67669,0.029289999999999594,2024,16,2024-04-14,2024-04-20,2023,2023-24,29,TRUE
National,202416,2,202418,2.25979,Weighted %ILI,202538,2.24747,-0.01232000000000033,2024,16,2024-04-14,2024-04-20,2023,2023-24,29,TRUE
Region 6,202417,2,202419,2.54575,Weighted %ILI,202538,2.5943,0.04855000000000009,2024,17,2024-04-21,2024-04-27,2023,2023-24,30,TRUE
National,202417,2,202419,2.19885,Weighted %ILI,202538,2.19144,-0.007410000000000139,2024,17,2024-04-21,2024-04-27,2023,2023-24,30,TRUE
Region 6,202418,2,202420,2.54318,Weighted %ILI,202538,2.56249,0.01930999999999994,2024,18,2024-04-28,2024-05-04,2023,2023-24,31,TRUE
National,202418,2,202420,2.11849,Weighted %ILI,202538,2.09931,-0.019179999999999975,2024,18,2024-04-28,2024-05-04,2023,2023-24,31,TRUE
Region 6,202419,2,202421,2.49977,Weighted %ILI,202538,2.50847,0.008700000000000152,2024,19,2024-05-05,2024-05-11,2023,2023-24,32,TRUE
National,202419,2,202421,2.02991,Weighted %ILI,202538,2.00488,-0.025030000000000108,2024,19,2024-05-05,2024-05-11,2023,2023-24,32,TRUE
Region 6,202420,2,202422,2.36828,Weighted %ILI,202538,2.36616,-0.002120000000000122,2024,20,2024-05-12,2024-05-18,2023,2023-24,33,TRUE
National,202420,2,202422,2.00017,Weighted %ILI,202538,1.97657,-0.023599999999999843,2024,20,2024-05-12,2024-05-18,2023,2023-24,33,TRUE
Region 6,202421,2,202423,2.23572,Weighted %ILI,202538,2.36158,0.12585999999999986,2024,21,2024-05-19,2024-05-25,2023,2023-24,34,TRUE
National,202421,2,202423,1.91197,Weighted %ILI,202538,1.90707,-0.0048999999999999044,2024,21,2024-05-19,2024-05-25,2023,2023-24,34,TRUE
Region 6,202422,2,202424,2.20102,Weighted %ILI,202538,2.20221,0.0011899999999998023,2024,22,2024-05-26,2024-06-01,2023,2023-24,35,TRUE
National,202422,2,202424,1.90356,Weighted %ILI,202538,1.87651,-0.02705000000000002,2024,22,2024-05-26,2024-06-01,2023,2023-24,35,TRUE
Region 6,202423,2,202425,1.84155,Weighted %ILI,202538,1.84052,-0.0010300000000000864,2024,23,2024-06-02,2024-06-08,2023,2023-24,36,TRUE
National,202423,2,202425,1.68458,Weighted %ILI,202538,1.66065,-0.023930000000000007,2024,23,2024-06-02,2024-06-08,2023,2023-24,36,TRUE
Region 6,202424,2,202426,1.90729,Weighted %ILI,202538,1.91149,0.0041999999999999815,2024,24,2024-06-09,2024-06-15,2023,2023-24,37,TRUE
National,202424,2,202426,1.60289,Weighted %ILI,202538,1.58178,-0.021109999999999962,2024,24,2024-06-09,2024-06-15,2023,2023-24,37,TRUE
Region 6,202425,2,202427,1.71192,Weighted %ILI,202538,1.72322,0.011299999999999866,2024,25,2024-06-16,2024-06-22,2023,2023-24,38,TRUE
National,202425,2,202427,1.51185,Weighted %ILI,202538,1.49244,-0.019409999999999927,2024,25,2024-06-16,2024-06-22,2023,2023-24,38,TRUE
Region 6,202426,2,202428,1.70942,Weighted %ILI,202538,1.71962,0.010199999999999987,2024,26,2024-06-23,2024-06-29,2023,2023-24,39,TRUE
National,202426,2,202428,1.48754,Weighted %ILI,202538,1.4663,-0.021240000000000148,2024,26,2024-06-23,2024-06-29,2023,2023-24,39,TRUE
Region 6,202427,2,202429,1.37018,Weighted %ILI,202538,1.38139,0.011209999999999942,2024,27,2024-06-30,2024-07-06,2023,2023-24,40,TRUE
National,202427,2,202429,1.39648,Weighted %ILI,202538,1.37639,-0.02008999999999994,2024,27,2024-06-30,2024-07-06,2023,2023-24,40,TRUE
Region 6,202428,2,202430,1.83289,Weighted %ILI,202538,1.84804,0.015149999999999997,2024,28,2024-07-07,2024-07-13,2023,2023-24,41,TRUE
National,202428,2,202430,1.45773,Weighted %ILI,202538,1.45548,-0.0022499999999998632,2024,28,2024-07-07,2024-07-13,2023,2023-24,41,TRUE
Region 6,202429,2,202431,1.92539,Weighted %ILI,202538,1.9343,0.008909999999999973,2024,29,2024-07-14,2024-07-20,2023,2023-24,42,TRUE
National,202429,2,202431,1.45737,Weighted %ILI,202538,1.45233,-0.0050400000000001555,2024,29,2024-07-14,2024-07-20,2023,2023-24,42,TRUE
Region 6,202430,2,202432,2.13805,Weighted %ILI,202538,2.14847,0.010420000000000318,2024,30,2024-07-21,2024-07-27,2023,2023-24,43,TRUE
National,202430,2,202432,1.52416,Weighted %ILI,202538,1.52211,-0.0020499999999998852,2024,30,2024-07-21,2024-07-27,2023,2023-24,43,TRUE
Region 6,202431,2,202433,2.08576,Weighted %ILI,202538,2.09273,0.006969999999999921,2024,31,2024-07-28,2024-08-03,2023,2023-24,44,TRUE
National,202431,2,202433,1.5366,Weighted %ILI,202538,1.53543,-0.0011699999999998933,2024,31,2024-07-28,2024-08-03,2023,2023-24,44,TRUE
Region 6,202432,2,202434,2.08902,Weighted %ILI,202538,2.09452,0.00550000000000006,2024,32,2024-08-04,2024-08-10,2023,2023-24,45,TRUE
National,202432,2,202434,1.54144,Weighted %ILI,202538,1.53984,-0.0015999999999998238,2024,32,2024-08-04,2024-08-10,2023,2023-24,45,TRUE
Region 6,202433,2,202435,1.95808,Weighted %ILI,202538,1.95709,-9.900000000000464e-4,2024,33,2024-08-11,2024-08-17,2023,2023-24,46,TRUE
National,202433,2,202435,1.56824,Weighted %ILI,202538,1.56577,-0.0024699999999999722,2024,33,2024-08-11,2024-08-17,2023,2023-24,46,TRUE
Region 6,202434,2,202436,2.5142,Weighted %ILI,202538,2.5142,0,2024,34,2024-08-18,2024-08-24,2023,2023-24,47,TRUE
National,202434,2,202436,1.76708,Weighted %ILI,202538,1.76988,0.0027999999999999137,2024,34,2024-08-18,2024-08-24,2023,2023-24,47,TRUE
Region 6,202435,2,202437,3.21711,Weighted %ILI,202538,3.21711,0,2024,35,2024-08-25,2024-08-31,2023,2023-24,48,TRUE
National,202435,2,202437,1.93024,Weighted %ILI,202538,1.93414,0.0039000000000000146,2024,35,2024-08-25,2024-08-31,2023,2023-24,48,TRUE
Region 6,202436,2,202438,2.69289,Weighted %ILI,202538,2.69289,0,2024,36,2024-09-01,2024-09-07,2023,2023-24,49,TRUE
National,202436,2,202438,1.91639,Weighted %ILI,202538,1.9202,0.003809999999999869,2024,36,2024-09-01,2024-09-07,2023,2023-24,49,TRUE
Region 6,202437,2,202439,2.5534,Weighted %ILI,202538,2.62713,0.0737300000000003,2024,37,2024-09-08,2024-09-14,2023,2023-24,50,TRUE
National,202437,2,202439,1.95632,Weighted %ILI,202538,1.95528,-0.001040000000000152,2024,37,2024-09-08,2024-09-14,2023,2023-24,50,TRUE
Region 6,202438,2,202440,2.35766,Weighted %ILI,202538,2.35766,0,2024,38,2024-09-15,2024-09-21,2023,2023-24,51,TRUE
National,202438,2,202440,1.96165,Weighted %ILI,202538,1.95303,-0.00861999999999985,2024,38,2024-09-15,2024-09-21,2023,2023-24,51,TRUE
Region 6,202439,2,202441,2.19249,Weighted %ILI,202538,2.19249,0,2024,39,2024-09-22,2024-09-28,2023,2023-24,52,TRUE
National,202439,2,202441,1.93906,Weighted %ILI,202538,1.93495,-0.004110000000000058,2024,39,2024-09-22,2024-09-28,2023,2023-24,52,TRUE
Region 6,202440,2,202442,2.50123,Weighted %ILI,202638,2.17716,-0.32406999999999986,2024,40,2024-09-29,2024-10-05,2024,2024-25,1,TRUE
National,202440,2,202442,1.95972,Weighted %ILI,202638,1.90509,-0.054629999999999956,2024,40,2024-09-29,2024-10-05,2024,2024-25,1,TRUE
Region 6,202441,2,202443,2.5411,Weighted %ILI,202638,2.24314,-0.2979600000000002,2024,41,2024-10-06,2024-10-12,2024,2024-25,2,TRUE
National,202441,2,202443,2.06636,Weighted %ILI,202638,2.02014,-0.04621999999999993,2024,41,2024-10-06,2024-10-12,2024,2024-25,2,TRUE
Region 6,202442,2,202444,2.34211,Weighted %ILI,202638,2.14256,-0.1995499999999999,2024,42,2024-10-13,2024-10-19,2024,2024-25,3,TRUE
National,202442,2,202444,2.09833,Weighted %ILI,202638,2.07037,-0.027959999999999763,2024,42,2024-10-13,2024-10-19,2024,2024-25,3,TRUE
Region 6,202443,2,202445,2.4843,Weighted %ILI,202638,2.27193,-0.2123700000000004,2024,43,2024-10-20,2024-10-26,2024,2024-25,4,TRUE
National,202443,2,202445,2.25853,Weighted %ILI,202638,2.22044,-0.03808999999999996,2024,43,2024-10-20,2024-10-26,2024,2024-25,4,TRUE
Region 6,202444,2,202446,2.70657,Weighted %ILI,202638,2.45152,-0.2550500000000002,2024,44,2024-10-27,2024-11-02,2024,2024-25,5,TRUE
National,202444,2,202446,2.36388,Weighted %ILI,202638,2.31725,-0.04662999999999995,2024,44,2024-10-27,2024-11-02,2024,2024-25,5,TRUE
Region 6,202445,2,202447,2.91887,Weighted %ILI,202638,2.56867,-0.35020000000000007,2024,45,2024-11-03,2024-11-09,2024,2024-25,6,TRUE
National,202445,2,202447,2.52842,Weighted %ILI,202638,2.4719,-0.056519999999999904,2024,45,2024-11-03,2024-11-09,2024,2024-25,6,TRUE
Region 6,202446,2,202448,3.46216,Weighted %ILI,202638,3.17814,-0.28401999999999994,2024,46,2024-11-10,2024-11-16,2024,2024-25,7,TRUE
National,202446,2,202448,2.72934,Weighted %ILI,202638,2.6917,-0.03764000000000012,2024,46,2024-11-10,2024-11-16,2024,2024-25,7,TRUE
Region 6,202447,2,202449,3.78638,Weighted %ILI,202638,3.41741,-0.36897,2024,47,2024-11-17,2024-11-23,2024,2024-25,8,TRUE
National,202447,2,202449,2.9468,Weighted %ILI,202638,2.88949,-0.057310000000000194,2024,47,2024-11-17,2024-11-23,2024,2024-25,8,TRUE
Region 6,202448,2,202450,3.85528,Weighted %ILI,202638,3.69207,-0.16320999999999986,2024,48,2024-11-24,2024-11-30,2024,2024-25,9,TRUE
National,202448,2,202450,3.21702,Weighted %ILI,202638,3.18283,-0.034190000000000165,2024,48,2024-11-24,2024-11-30,2024,2024-25,9,TRUE
Region 6,202449,2,202451,3.91483,Weighted %ILI,202638,3.6056,-0.3092299999999999,2024,49,2024-12-01,2024-12-07,2024,2024-25,10,TRUE
National,202449,2,202451,3.37378,Weighted %ILI,202638,3.318,-0.05577999999999994,2024,49,2024-12-01,2024-12-07,2024,2024-25,10,TRUE
Region 6,202450,2,202452,4.51967,Weighted %ILI,202638,4.38606,-0.13361,2024,50,2024-12-08,2024-12-14,2024,2024-25,11,TRUE
National,202450,2,202452,3.80466,Weighted %ILI,202638,3.78793,-0.016730000000000356,2024,50,2024-12-08,2024-12-14,2024,2024-25,11,TRUE
Region 6,202451,2,202501,5.88082,Weighted %ILI,202638,5.86942,-0.011400000000000077,2024,51,2024-12-15,2024-12-21,2024,2024-25,12,TRUE
National,202451,2,202501,4.94415,Weighted %ILI,202638,4.94489,7.40000000000407e-4,2024,51,2024-12-15,2024-12-21,2024,2024-25,12,TRUE
Region 6,202452,2,202502,7.84378,Weighted %ILI,202638,7.68463,-0.15914999999999946,2024,52,2024-12-22,2024-12-28,2024,2024-25,13,TRUE
National,202452,2,202502,6.75843,Weighted %ILI,202638,6.74349,-0.014939999999999287,2024,52,2024-12-22,2024-12-28,2024,2024-25,13,TRUE
Region 6,202501,2,202503,7.35889,Weighted %ILI,202638,6.69361,-0.6652800000000001,2025,1,2024-12-29,2025-01-04,2024,2024-25,14,TRUE
National,202501,2,202503,6.29946,Weighted %ILI,202638,6.25398,-0.04547999999999952,2025,1,2024-12-29,2025-01-04,2024,2024-25,14,TRUE
Region 6,202502,2,202504,6.04449,Weighted %ILI,202638,5.65787,-0.38661999999999974,2025,2,2025-01-05,2025-01-11,2024,2024-25,15,TRUE
National,202502,2,202504,5.37051,Weighted %ILI,202638,5.30512,-0.06539000000000073,2025,2,2025-01-05,2025-01-11,2024,2024-25,15,TRUE
Region 6,202503,2,202505,6.11516,Weighted %ILI,202638,6.04577,-0.06939000000000028,2025,3,2025-01-12,2025-01-18,2024,2024-25,16,TRUE
National,202503,2,202505,5.75027,Weighted %ILI,202638,5.74558,-0.004690000000000083,2025,3,2025-01-12,2025-01-18,2024,2024-25,16,TRUE
Region 6,202504,2,202506,8.10841,Weighted %ILI,202638,8.16387,0.055460000000000065,2025,4,2025-01-19,2025-01-25,2024,2024-25,17,TRUE
National,202504,2,202506,6.95402,Weighted %ILI,202638,6.98693,0.03291000000000022,2025,4,2025-01-19,2025-01-25,2024,2024-25,17,TRUE
Region 6,202505,2,202507,9.83395,Weighted %ILI,202638,10.2722,0.43825000000000003,2025,5,2025-01-26,2025-02-01,2024,2024-25,18,TRUE
National,202505,2,202507,7.7233,Weighted %ILI,202638,7.79898,0.07568000000000019,2025,5,2025-01-26,2025-02-01,2024,2024-25,18,TRUE
Region 6,202506,2,202508,8.63424,Weighted %ILI,202638,8.66758,0.03333999999999904,2025,6,2025-02-02,2025-02-08,2024,2024-25,19,TRUE
National,202506,2,202508,7.81472,Weighted %ILI,202638,7.84378,0.02905999999999942,2025,6,2025-02-02,2025-02-08,2024,2024-25,19,TRUE
Region 6,202507,2,202509,6.20355,Weighted %ILI,202638,6.23912,0.03556999999999988,2025,7,2025-02-09,2025-02-15,2024,2024-25,20,TRUE
National,202507,2,202509,6.8021,Weighted %ILI,202638,6.93692,0.1348199999999995,2025,7,2025-02-09,2025-02-15,2024,2024-25,20,TRUE
Region 6,202508,2,202510,5.92407,Weighted %ILI,202638,5.43816,-0.4859100000000005,2025,8,2025-02-16,2025-02-22,2024,2024-25,21,TRUE
National,202508,2,202510,5.96492,Weighted %ILI,202638,5.90072,-0.06420000000000048,2025,8,2025-02-16,2025-02-22,2024,2024-25,21,TRUE
Region 6,202509,2,202511,5.32706,Weighted %ILI,202638,4.87639,-0.45067000000000057,2025,9,2025-02-23,2025-03-01,2024,2024-25,22,TRUE
National,202509,2,202511,4.9202,Weighted %ILI,202638,4.87406,-0.04614000000000029,2025,9,2025-02-23,2025-03-01,2024,2024-25,22,TRUE
Region 6,202510,2,202512,4.63521,Weighted %ILI,202638,4.33175,-0.3034599999999994,2025,10,2025-03-02,2025-03-08,2024,2024-25,23,TRUE
National,202510,2,202512,4.28468,Weighted %ILI,202638,4.26679,-0.017889999999999517,2025,10,2025-03-02,2025-03-08,2024,2024-25,23,TRUE
Region 6,202511,2,202513,4.10825,Weighted %ILI,202638,3.63752,-0.4707300000000001,2025,11,2025-03-09,2025-03-15,2024,2024-25,24,TRUE
National,202511,2,202513,3.87585,Weighted %ILI,202638,3.81006,-0.0657899999999998,2025,11,2025-03-09,2025-03-15,2024,2024-25,24,TRUE
Region 6,202512,2,202514,3.54606,Weighted %ILI,202638,3.16021,-0.38585,2025,12,2025-03-16,2025-03-22,2024,2024-25,25,TRUE
National,202512,2,202514,3.30337,Weighted %ILI,202638,3.25232,-0.05105000000000004,2025,12,2025-03-16,2025-03-22,2024,2024-25,25,TRUE
Region 6,202513,2,202515,3.15116,Weighted %ILI,202638,2.78595,-0.3652099999999998,2025,13,2025-03-23,2025-03-29,2024,2024-25,26,TRUE
National,202513,2,202515,2.95362,Weighted %ILI,202638,2.89999,-0.053630000000000067,2025,13,2025-03-23,2025-03-29,2024,2024-25,26,TRUE
Region 6,202514,2,202516,2.87662,Weighted %ILI,202638,2.47165,-0.40497000000000005,2025,14,2025-03-30,2025-04-05,2024,2024-25,27,TRUE
National,202514,2,202516,2.61982,Weighted %ILI,202638,2.56142,-0.058399999999999785,2025,14,2025-03-30,2025-04-05,2024,2024-25,27,TRUE
Region 6,202515,2,202517,2.79888,Weighted %ILI,202638,2.50516,-0.29372,2025,15,2025-04-06,2025-04-12,2024,2024-25,28,TRUE
National,202515,2,202517,2.45178,Weighted %ILI,202638,2.41066,-0.04111999999999982,2025,15,2025-04-06,2025-04-12,2024,2024-25,28,TRUE
Region 6,202516,2,202518,2.56784,Weighted %ILI,202638,2.47863,-0.08921000000000001,2025,16,2025-04-13,2025-04-19,2024,2024-25,29,TRUE
National,202516,2,202518,2.27673,Weighted %ILI,202638,2.26966,-0.007070000000000132,2025,16,2025-04-13,2025-04-19,2024,2024-25,29,TRUE
Region 6,202517,2,202519,2.89282,Weighted %ILI,202638,2.45027,-0.4425499999999998,2025,17,2025-04-20,2025-04-26,2024,2024-25,30,TRUE
National,202517,2,202519,2.21972,Weighted %ILI,202638,2.16654,-0.05318000000000023,2025,17,2025-04-20,2025-04-26,2024,2024-25,30,TRUE
Region 6,202518,2,202520,2.67059,Weighted %ILI,202638,2.19069,-0.47989999999999977,2025,18,2025-04-27,2025-05-03,2024,2024-25,31,TRUE
National,202518,2,202520,2.05051,Weighted %ILI,202638,1.99958,-0.05093000000000014,2025,18,2025-04-27,2025-05-03,2024,2024-25,31,TRUE
Region 6,202519,2,202521,2.50519,Weighted %ILI,202638,2.02462,-0.4805699999999997,2025,19,2025-05-04,2025-05-10,2024,2024-25,32,TRUE
National,202519,2,202521,1.95415,Weighted %ILI,202638,1.89657,-0.057579999999999965,2025,19,2025-05-04,2025-05-10,2024,2024-25,32,TRUE
Region 6,202520,2,202522,2.59945,Weighted %ILI,202638,2.10074,-0.49871,2025,20,2025-05-11,2025-05-17,2024,2024-25,33,TRUE
National,202520,2,202522,1.92451,Weighted %ILI,202638,1.86402,-0.06048999999999993,2025,20,2025-05-11,2025-05-17,2024,2024-25,33,TRUE
Region 6,202521,2,202523,2.40345,Weighted %ILI,202638,1.9397,-0.4637499999999999,2025,21,2025-05-18,2025-05-24,2024,2024-25,34,TRUE
National,202521,2,202523,1.87332,Weighted %ILI,202638,1.8161,-0.05722000000000005,2025,21,2025-05-18,2025-05-24,2024,2024-25,34,TRUE
Region 6,202522,2,202524,2.34621,Weighted %ILI,202638,1.87546,-0.4707500000000002,2025,22,2025-05-25,2025-05-31,2024,2024-25,35,TRUE
National,202522,2,202524,1.89157,Weighted %ILI,202638,1.82615,-0.06542000000000003,2025,22,2025-05-25,2025-05-31,2024,2024-25,35,TRUE
Region 6,202523,2,202525,1.91926,Weighted %ILI,202638,1.55942,-0.35983999999999994,2025,23,2025-06-01,2025-06-07,2024,2024-25,36,TRUE
National,202523,2,202525,1.64924,Weighted %ILI,202638,1.6042,-0.04503999999999997,2025,23,2025-06-01,2025-06-07,2024,2024-25,36,TRUE
Region 6,202524,2,202526,1.69753,Weighted %ILI,202638,1.29305,-0.40447999999999995,2025,24,2025-06-08,2025-06-14,2024,2024-25,37,TRUE
National,202524,2,202526,1.45725,Weighted %ILI,202638,1.4049,-0.0523499999999999,2025,24,2025-06-08,2025-06-14,2024,2024-25,37,TRUE
Region 6,202525,2,202527,1.53737,Weighted %ILI,202638,1.23717,-0.3001999999999998,2025,25,2025-06-15,2025-06-21,2024,2024-25,38,TRUE
National,202525,2,202527,1.35723,Weighted %ILI,202638,1.31999,-0.03723999999999994,2025,25,2025-06-15,2025-06-21,2024,2024-25,38,TRUE
Region 6,202526,2,202528,1.02663,Weighted %ILI,202638,1.02931,0.0026800000000000157,2025,26,2025-06-22,2025-06-28,2024,2024-25,39,TRUE
National,202526,2,202528,1.17813,Weighted %ILI,202638,1.17989,0.0017600000000002058,2025,26,2025-06-22,2025-06-28,2024,2024-25,39,TRUE
Region 6,202527,2,202529,0.994312,Weighted %ILI,202638,1.00014,0.005828000000000055,2025,27,2025-06-29,2025-07-05,2024,2024-25,40,TRUE
National,202527,2,202529,1.10568,Weighted %ILI,202638,1.108,0.0023200000000000998,2025,27,2025-06-29,2025-07-05,2024,2024-25,40,TRUE
Region 6,202528,2,202530,1.32872,Weighted %ILI,202638,1.42247,0.09375,2025,28,2025-07-06,2025-07-12,2024,2024-25,41,TRUE
National,202528,2,202530,1.14143,Weighted %ILI,202638,1.15638,0.014950000000000019,2025,28,2025-07-06,2025-07-12,2024,2024-25,41,TRUE
Region 6,202529,2,202531,0.999856,Weighted %ILI,202638,1.07181,0.07195399999999996,2025,29,2025-07-13,2025-07-19,2024,2024-25,42,TRUE
National,202529,2,202531,1.0452,Weighted %ILI,202638,1.05736,0.01216000000000017,2025,29,2025-07-13,2025-07-19,2024,2024-25,42,TRUE
Region 6,202530,2,202532,0.936682,Weighted %ILI,202638,0.941368,0.004685999999999968,2025,30,2025-07-20,2025-07-26,2024,2024-25,43,TRUE
National,202530,2,202532,1.02945,Weighted %ILI,202638,1.03242,0.002969999999999917,2025,30,2025-07-20,2025-07-26,2024,2024-25,43,TRUE
Region 6,202531,2,202533,1.02454,Weighted %ILI,202638,1.03052,0.005980000000000096,2025,31,2025-07-27,2025-08-02,2024,2024-25,44,TRUE
National,202531,2,202533,1.05546,Weighted %ILI,202638,1.05832,0.0028599999999998627,2025,31,2025-07-27,2025-08-02,2024,2024-25,44,TRUE
Region 6,202532,2,202534,1.12597,Weighted %ILI,202638,1.13493,0.008960000000000079,2025,32,2025-08-03,2025-08-09,2024,2024-25,45,TRUE
National,202532,2,202534,1.14866,Weighted %ILI,202638,1.14965,9.900000000000464e-4,2025,32,2025-08-03,2025-08-09,2024,2024-25,45,TRUE
Region 6,202533,2,202535,1.3046,Weighted %ILI,202638,1.32069,0.016089999999999938,2025,33,2025-08-10,2025-08-16,2024,2024-25,46,TRUE
National,202533,2,202535,1.20875,Weighted %ILI,202638,1.21395,0.0052000000000000934,2025,33,2025-08-10,2025-08-16,2024,2024-25,46,TRUE
Region 6,202534,2,202536,1.79563,Weighted %ILI,202638,1.83438,0.03874999999999984,2025,34,2025-08-17,2025-08-23,2024,2024-25,47,TRUE
National,202534,2,202536,1.43854,Weighted %ILI,202638,1.45765,0.01910999999999996,2025,34,2025-08-17,2025-08-23,2024,2024-25,47,TRUE
Region 6,202535,2,202537,2.70949,Weighted %ILI,202638,2.79854,0.08904999999999985,2025,35,2025-08-24,2025-08-30,2024,2024-25,48,TRUE
National,202535,2,202537,1.75809,Weighted %ILI,202638,1.7911300000000001,0.03304000000000018,2025,35,2025-08-24,2025-08-30,2024,2024-25,48,TRUE
Region 6,202536,2,202538,2.32175,Weighted %ILI,202638,2.32175,0,2025,36,2025-08-31,2025-09-06,2024,2024-25,49,TRUE
National,202536,2,202538,1.78106,Weighted %ILI,202638,1.80315,0.022089999999999943,2025,36,2025-08-31,2025-09-06,2024,2024-25,49,TRUE
Region 6,202543,2,202545,1.71321,Weighted %ILI,202638,1.73807,0.024860000000000104,2025,43,2025-10-19,2025-10-25,2025,2025-26,4,TRUE
National,202543,2,202545,1.73761,Weighted %ILI,202638,1.74036,0.002749999999999808,2025,43,2025-10-19,2025-10-25,2025,2025-26,4,TRUE
Region 6,202544,2,202546,1.73779,Weighted %ILI,202638,1.77765,0.03986000000000001,2025,44,2025-10-26,2025-11-01,2025,2025-26,5,TRUE
National,202544,2,202546,1.82058,Weighted %ILI,202638,1.82557,0.004989999999999828,2025,44,2025-10-26,2025-11-01,2025,2025-26,5,TRUE
Region 6,202545,2,202547,2.18675,Weighted %ILI,202638,2.22711,0.040360000000000174,2025,45,2025-11-02,2025-11-08,2025,2025-26,6,TRUE
National,202545,2,202547,2.11973,Weighted %ILI,202638,2.12189,0.0021599999999999397,2025,45,2025-11-02,2025-11-08,2025,2025-26,6,TRUE
Region 6,202546,2,202548,2.74353,Weighted %ILI,202638,2.78106,0.037530000000000285,2025,46,2025-11-09,2025-11-15,2025,2025-26,7,TRUE
National,202546,2,202548,2.2662,Weighted %ILI,202638,2.26336,-0.0028399999999999537,2025,46,2025-11-09,2025-11-15,2025,2025-26,7,TRUE
Region 6,202547,2,202549,3.0206,Weighted %ILI,202638,3.05734,0.036739999999999995,2025,47,2025-11-16,2025-11-22,2025,2025-26,8,TRUE
National,202547,2,202549,2.52499,Weighted %ILI,202638,2.52529,3.00000000000189e-4,2025,47,2025-11-16,2025-11-22,2025,2025-26,8,TRUE
Region 6,202548,2,202550,3.17321,Weighted %ILI,202638,3.17568,0.00246999999999975,2025,48,2025-11-23,2025-11-29,2025,2025-26,9,TRUE
National,202548,2,202550,2.94558,Weighted %ILI,202638,2.96755,0.021970000000000045,2025,48,2025-11-23,2025-11-29,2025,2025-26,9,TRUE
Region 6,202549,2,202551,3.71851,Weighted %ILI,202638,3.72191,0.0033999999999996255,2025,49,2025-11-30,2025-12-06,2025,2025-26,10,TRUE
National,202549,2,202551,3.29095,Weighted %ILI,202638,3.28462,-0.006330000000000169,2025,49,2025-11-30,2025-12-06,2025,2025-26,10,TRUE
Region 6,202550,2,202552,4.22427,Weighted %ILI,202638,4.24602,0.021749999999999936,2025,50,2025-12-07,2025-12-13,2025,2025-26,11,TRUE
National,202550,2,202552,4.12379,Weighted %ILI,202638,4.11906,-0.004729999999999457,2025,50,2025-12-07,2025-12-13,2025,2025-26,11,TRUE
Region 6,202551,2,202553,6.41837,Weighted %ILI,202638,6.39428,-0.024090000000000167,2025,51,2025-12-14,2025-12-20,2025,2025-26,12,TRUE
National,202551,2,202553,6.02149,Weighted %ILI,202638,6.00523,-0.01625999999999994,2025,51,2025-12-14,2025-12-20,2025,2025-26,12,TRUE
Region 6,202552,2,202601,8.8334,Weighted %ILI,202638,8.87308,0.039680000000000604,2025,52,2025-12-21,2025-12-27,2025,2025-26,13,TRUE
National,202552,2,202601,8.26416,Weighted %ILI,202638,8.29853,0.034369999999999123,2025,52,2025-12-21,2025-12-27,2025,2025-26,13,TRUE
Region 6,202553,2,202602,6.91622,Weighted %ILI,202638,6.94388,0.027660000000000018,2025,53,2025-12-28,2026-01-03,2025,2025-26,14,TRUE
National,202553,2,202602,7.15462,Weighted %ILI,202638,7.16834,0.013719999999999288,2025,53,2025-12-28,2026-01-03,2025,2025-26,14,TRUE
Region 6,202601,2,202603,5.16528,Weighted %ILI,202638,5.17786,0.012579999999999814,2026,1,2026-01-04,2026-01-10,2025,2025-26,15,TRUE
National,202601,2,202603,5.29891,Weighted %ILI,202638,5.29497,-0.003940000000000055,2026,1,2026-01-04,2026-01-10,2025,2025-26,15,TRUE
Region 6,202602,2,202604,4.26311,Weighted %ILI,202638,4.2752,0.012089999999999712,2026,2,2026-01-11,2026-01-17,2025,2025-26,16,TRUE
National,202602,2,202604,4.38366,Weighted %ILI,202638,4.38293,-7.299999999998974e-4,2026,2,2026-01-11,2026-01-17,2025,2025-26,16,TRUE
Region 6,202603,2,202605,6.73016,Weighted %ILI,202638,6.66516,-0.0649999999999995,2026,3,2026-01-18,2026-01-24,2025,2025-26,17,TRUE
National,202603,2,202605,4.74069,Weighted %ILI,202638,4.72432,-0.016370000000000218,2026,3,2026-01-18,2026-01-24,2025,2025-26,17,TRUE
Region 6,202604,2,202606,5.19683,Weighted %ILI,202638,5.20187,0.0050400000000001555,2026,4,2026-01-25,2026-01-31,2025,2025-26,18,TRUE
National,202604,2,202606,4.42389,Weighted %ILI,202638,4.4268,0.002909999999999968,2026,4,2026-01-25,2026-01-31,2025,2025-26,18,TRUE
Region 6,202605,2,202607,6.7414,Weighted %ILI,202638,6.74977,0.00837000000000021,2026,5,2026-02-01,2026-02-07,2025,2025-26,19,TRUE
National,202605,2,202607,4.60709,Weighted %ILI,202638,4.61316,0.006069999999999354,2026,5,2026-02-01,2026-02-07,2025,2025-26,19,TRUE
Region 6,202606,2,202608,5.16374,Weighted %ILI,202638,5.23502,0.07127999999999979,2026,6,2026-02-08,2026-02-14,2025,2025-26,20,TRUE
National,202606,2,202608,4.55855,Weighted %ILI,202638,4.57281,0.014259999999999273,2026,6,2026-02-08,2026-02-14,2025,2025-26,20,TRUE
Region 6,202607,2,202609,4.32878,Weighted %ILI,202638,4.44715,0.11836999999999964,2026,7,2026-02-15,2026-02-21,2025,2025-26,21,TRUE
National,202607,2,202609,4.39529,Weighted %ILI,202638,4.42213,0.026839999999999975,2026,7,2026-02-15,2026-02-21,2025,2025-26,21,TRUE
Region 6,202608,2,202610,3.80968,Weighted %ILI,202638,3.89653,0.08684999999999965,2026,8,2026-02-22,2026-02-28,2025,2025-26,22,TRUE
National,202608,2,202610,3.86304,Weighted %ILI,202638,3.87476,0.011720000000000397,2026,8,2026-02-22,2026-02-28,2025,2025-26,22,TRUE
Region 6,202609,2,202611,3.63514,Weighted %ILI,202638,3.7014,0.06626000000000021,2026,9,2026-03-01,2026-03-07,2025,2025-26,23,TRUE
National,202609,2,202611,3.69201,Weighted %ILI,202638,3.7067,0.014690000000000314,2026,9,2026-03-01,2026-03-07,2025,2025-26,23,TRUE
Region 6,202610,2,202612,2.94841,Weighted %ILI,202638,2.95646,0.00804999999999989,2026,10,2026-03-08,2026-03-14,2025,2025-26,24,TRUE
National,202610,2,202612,3.2698,Weighted %ILI,202638,3.26681,-0.002990000000000048,2026,10,2026-03-08,2026-03-14,2025,2025-26,24,TRUE
Region 6,202611,2,202613,2.62268,Weighted %ILI,202638,2.62268,0,2026,11,2026-03-15,2026-03-21,2025,2025-26,25,TRUE
National,202611,2,202613,2.89917,Weighted %ILI,202638,2.90075,0.0015800000000001369,2026,11,2026-03-15,2026-03-21,2025,2025-26,25,TRUE
Region 6,202612,2,202614,2.27257,Weighted %ILI,202638,2.27257,0,2026,12,2026-03-22,2026-03-28,2025,2025-26,26,TRUE
National,202612,2,202614,2.65501,Weighted %ILI,202638,2.65042,-0.004589999999999872,2026,12,2026-03-22,2026-03-28,2025,2025-26,26,TRUE
Region 6,202613,2,202615,1.92323,Weighted %ILI,202638,1.92323,0,2026,13,2026-03-29,2026-04-04,2025,2025-26,27,TRUE
National,202613,2,202615,2.36796,Weighted %ILI,202638,2.37307,0.005109999999999726,2026,13,2026-03-29,2026-04-04,2025,2025-26,27,TRUE
Region 6,202614,2,202616,1.89152,Weighted %ILI,202638,1.92675,0.03522999999999987,2026,14,2026-04-05,2026-04-11,2025,2025-26,28,TRUE
National,202614,2,202616,2.08574,Weighted %ILI,202638,2.09566,0.009920000000000151,2026,14,2026-04-05,2026-04-11,2025,2025-26,28,TRUE
Region 6,202615,2,202617,1.7843,Weighted %ILI,202638,1.80674,0.022440000000000015,2026,15,2026-04-12,2026-04-18,2025,2025-26,29,TRUE
National,202615,2,202617,1.8769,Weighted %ILI,202638,1.88364,0.006739999999999968,2026,15,2026-04-12,2026-04-18,2025,2025-26,29,TRUE
Region 6,202616,2,202618,1.84326,Weighted %ILI,202638,1.86886,0.025600000000000067,2026,16,2026-04-19,2026-04-25,2025,2025-26,30,TRUE
National,202616,2,202618,1.81749,Weighted %ILI,202638,1.82155,0.0040599999999999525,2026,16,2026-04-19,2026-04-25,2025,2025-26,30,TRUE
Region 6,202617,2,202619,1.77384,Weighted %ILI,202638,1.79936,0.025519999999999987,2026,17,2026-04-26,2026-05-02,2025,2025-26,31,TRUE
National,202617,2,202619,1.76072,Weighted %ILI,202638,1.76016,-5.60000000000116e-4,2026,17,2026-04-26,2026-05-02,2025,2025-26,31,TRUE
Region 6,202618,2,202620,2.01273,Weighted %ILI,202638,2.0254,0.012669999999999959,2026,18,2026-05-03,2026-05-09,2025,2025-26,32,TRUE
National,202618,2,202620,1.76627,Weighted %ILI,202638,1.76462,-0.0016499999999999293,2026,18,2026-05-03,2026-05-09,2025,2025-26,32,TRUE
Region 6,202619,2,202621,1.83946,Weighted %ILI,202638,1.84094,0.0014799999999999258,2026,19,2026-05-10,2026-05-16,2025,2025-26,33,TRUE
National,202619,2,202621,1.74043,Weighted %ILI,202638,1.74194,0.0015100000000001224,2026,19,2026-05-10,2026-05-16,2025,2025-26,33,TRUE
Region 6,202620,2,202622,1.70711,Weighted %ILI,202638,1.71241,0.005300000000000082,2026,20,2026-05-17,2026-05-23,2025,2025-26,34,TRUE
National,202620,2,202622,1.58511,Weighted %ILI,202638,1.5853,1.8999999999991246e-4,2026,20,2026-05-17,2026-05-23,2025,2025-26,34,TRUE
Region 6,202621,2,202623,1.71568,Weighted %ILI,202638,1.71568,0,2026,21,2026-05-24,2026-05-30,2025,2025-26,35,TRUE
National,202621,2,202623,1.56771,Weighted %ILI,202638,1.56833,6.200000000000649e-4,2026,21,2026-05-24,2026-05-30,2025,2025-26,35,TRUE
Region 6,202622,2,202624,1.38403,Weighted %ILI,202638,1.38403,0,2026,22,2026-05-31,2026-06-06,2025,2025-26,36,TRUE
National,202622,2,202624,1.39393,Weighted %ILI,202638,1.39262,-0.0013099999999999223,2026,22,2026-05-31,2026-06-06,2025,2025-26,36,TRUE
Region 6,202623,2,202625,1.23659,Weighted %ILI,202638,1.23659,0,2026,23,2026-06-07,2026-06-13,2025,2025-26,37,TRUE
National,202623,2,202625,1.23625,Weighted %ILI,202638,1.23565,-6.00000000000156e-4,2026,23,2026-06-07,2026-06-13,2025,2025-26,37,TRUE
Region 6,202624,2,202626,1.07434,Weighted %ILI,202638,1.07434,0,2026,24,2026-06-14,2026-06-20,2025,2025-26,38,TRUE
National,202624,2,202626,1.12795,Weighted %ILI,202638,1.1263,-0.0016499999999999293,2026,24,2026-06-14,2026-06-20,2025,2025-26,38,TRUE
Region 6,202625,2,202627,0.934103,Weighted %ILI,202638,0.934103,0,2026,25,2026-06-21,2026-06-27,2025,2025-26,39,TRUE
National,202625,2,202627,1.04575,Weighted %ILI,202638,1.04397,-0.0017799999999998928,2026,25,2026-06-21,2026-06-27,2025,2025-26,39,TRUE
Region 6,202626,2,202628,0.958433,Weighted %ILI,202638,0.958433,0,2026,26,2026-06-28,2026-07-04,2025,2025-26,40,TRUE
National,202626,2,202628,0.999418,Weighted %ILI,202638,0.997989,-0.0014290000000000136,2026,26,2026-06-28,2026-07-04,2025,2025-26,40,TRUE
Region 6,202627,2,202629,0.843151,Weighted %ILI,202638,0.843151,0,2026,27,2026-07-05,2026-07-11,2025,2025-26,41,TRUE
National,202627,2,202629,0.933008,Weighted %ILI,202638,0.941175,0.008167000000000035,2026,27,2026-07-05,2026-07-11,2025,2025-26,41,TRUE
Region 6,202628,2,202630,0.885835,Weighted %ILI,202638,0.885835,0,2026,28,2026-07-12,2026-07-18,2025,2025-26,42,TRUE
National,202628,2,202630,0.902993,Weighted %ILI,202638,0.902908,-8.500000000000174e-5,2026,28,2026-07-12,2026-07-18,2025,2025-26,42,TRUE
Region 6,202629,2,202631,0.864707,Weighted %ILI,202638,0.864707,0,2026,29,2026-07-19,2026-07-25,2025,2025-26,43,TRUE
National,202629,2,202631,0.871237,Weighted %ILI,202638,0.871407,1.7000000000000348e-4,2026,29,2026-07-19,2026-07-25,2025,2025-26,43,TRUE
Region 6,202630,2,202632,0.828448,Weighted %ILI,202638,0.831562,0.003114000000000061,2026,30,2026-07-26,2026-08-01,2025,2025-26,44,TRUE
National,202630,2,202632,0.86659,Weighted %ILI,202638,0.866641,5.100000000002325e-5,2026,30,2026-07-26,2026-08-01,2025,2025-26,44,TRUE
Region 6,202631,2,202633,0.805366,Weighted %ILI,202638,0.805366,0,2026,31,2026-08-02,2026-08-08,2025,2025-26,45,TRUE
National,202631,2,202633,0.87081,Weighted %ILI,202638,0.873289,0.002479000000000009,2026,31,2026-08-02,2026-08-08,2025,2025-26,45,TRUE
Region 6,202632,2,202634,1.05698,Weighted %ILI,202638,1.05698,0,2026,32,2026-08-09,2026-08-15,2025,2025-26,46,TRUE
National,202632,2,202634,0.94371,Weighted %ILI,202638,0.954391,0.01068099999999994,2026,32,2026-08-09,2026-08-15,2025,2025-26,46,TRUE
Region 6,202633,2,202635,1.39363,Weighted %ILI,202638,1.39363,0,2026,33,2026-08-16,2026-08-22,2025,2025-26,47,TRUE
National,202633,2,202635,1.12009,Weighted %ILI,202638,1.13209,0.01200000000000001,2026,33,2026-08-16,2026-08-22,2025,2025-26,47,TRUE
Region 6,202634,2,202636,1.87713,Weighted %ILI,202638,1.87713,0,2026,34,2026-08-23,2026-08-29,2025,2025-26,48,TRUE
National,202634,2,202636,1.35571,Weighted %ILI,202638,1.3561,3.900000000001125e-4,2026,34,2026-08-23,2026-08-29,2025,2025-26,48,TRUE
Region 6,202635,2,202637,2.03848,Weighted %ILI,202638,2.03848,0,2026,35,2026-08-30,2026-09-05,2025,2025-26,49,TRUE
National,202635,2,202637,1.53047,Weighted %ILI,202638,1.53034,-1.2999999999996348e-4,2026,35,2026-08-30,2026-09-05,2025,2025-26,49,TRUE
Region 6,202636,2,202638,1.89682,Weighted %ILI,202638,1.89682,0,2026,36,2026-09-06,2026-09-12,2025,2025-26,50,TRUE
National,202636,2,202638,1.58855,Weighted %ILI,202638,1.58855,0,2026,36,2026-09-06,2026-09-12,2025,2025-26,50,TRUE
Region 6,202240,3,202243,3.84136,Weighted %ILI,202439,3.92228,0.080920000000000325,2022,40,2022-10-02,2022-10-08,2022,2022-23,1,TRUE
National,202240,3,202243,2.60821,Weighted %ILI,202439,2.61257,0.0043599999999996975,2022,40,2022-10-02,2022-10-08,2022,2022-23,1,TRUE
Region 6,202241,3,202244,4.48525,Weighted %ILI,202439,4.52846,0.04321000000000019,2022,41,2022-10-09,2022-10-15,2022,2022-23,2,TRUE
National,202241,3,202244,2.99289,Weighted %ILI,202439,3.00763,0.014739999999999753,2022,41,2022-10-09,2022-10-15,2022,2022-23,2,TRUE
Region 6,202242,3,202245,5.03113,Weighted %ILI,202439,5.04861,0.01747999999999994,2022,42,2022-10-16,2022-10-22,2022,2022-23,3,TRUE
National,202242,3,202245,3.38305,Weighted %ILI,202439,3.31975,-0.06329999999999991,2022,42,2022-10-16,2022-10-22,2022,2022-23,3,TRUE
Region 6,202243,3,202246,6.56699,Weighted %ILI,202439,6.57387,0.006880000000000663,2022,43,2022-10-23,2022-10-29,2022,2022-23,4,TRUE
National,202243,3,202246,4.42217,Weighted %ILI,202439,4.3682,-0.05397000000000052,2022,43,2022-10-23,2022-10-29,2022,2022-23,4,TRUE
Region 6,202244,3,202247,7.46446,Weighted %ILI,202439,7.46723,0.002769999999999939,2022,44,2022-10-30,2022-11-05,2022,2022-23,5,TRUE
National,202244,3,202247,5.50098,Weighted %ILI,202439,5.42144,-0.07954000000000061,2022,44,2022-10-30,2022-11-05,2022,2022-23,5,TRUE
Region 6,202245,3,202248,8.36579,Weighted %ILI,202439,8.3698,0.004009999999999181,2022,45,2022-11-06,2022-11-12,2022,2022-23,6,TRUE
National,202245,3,202248,5.81694,Weighted %ILI,202439,5.73522,-0.08171999999999979,2022,45,2022-11-06,2022-11-12,2022,2022-23,6,TRUE
Region 6,202246,3,202249,8.6627,Weighted %ILI,202439,8.65742,-0.005279999999999063,2022,46,2022-11-13,2022-11-19,2022,2022-23,7,TRUE
National,202246,3,202249,5.97588,Weighted %ILI,202439,5.91793,-0.057949999999999946,2022,46,2022-11-13,2022-11-19,2022,2022-23,7,TRUE
Region 6,202247,3,202250,8.78258,Weighted %ILI,202439,8.72204,-0.060539999999999594,2022,47,2022-11-20,2022-11-26,2022,2022-23,8,TRUE
National,202247,3,202250,7.53948,Weighted %ILI,202439,7.42531,-0.11417000000000055,2022,47,2022-11-20,2022-11-26,2022,2022-23,8,TRUE
Region 6,202248,3,202251,8.03931,Weighted %ILI,202439,8.03877,-5.400000000008731e-4,2022,48,2022-11-27,2022-12-03,2022,2022-23,9,TRUE
National,202248,3,202251,7.29164,Weighted %ILI,202439,7.21822,-0.07342000000000048,2022,48,2022-11-27,2022-12-03,2022,2022-23,9,TRUE
Region 6,202249,3,202252,7.90183,Weighted %ILI,202439,7.90492,0.003089999999999371,2022,49,2022-12-04,2022-12-10,2022,2022-23,10,TRUE
National,202249,3,202252,6.88362,Weighted %ILI,202439,6.87034,-0.013279999999999959,2022,49,2022-12-04,2022-12-10,2022,2022-23,10,TRUE
Region 6,202250,3,202301,7.15622,Weighted %ILI,202439,7.16369,0.007469999999999644,2022,50,2022-12-11,2022-12-17,2022,2022-23,11,TRUE
National,202250,3,202301,6.33802,Weighted %ILI,202439,6.29772,-0.040300000000000225,2022,50,2022-12-11,2022-12-17,2022,2022-23,11,TRUE
Region 6,202251,3,202302,6.67338,Weighted %ILI,202439,6.67387,4.900000000001015e-4,2022,51,2022-12-18,2022-12-24,2022,2022-23,12,TRUE
National,202251,3,202302,6.03229,Weighted %ILI,202439,6.00293,-0.02935999999999961,2022,51,2022-12-18,2022-12-24,2022,2022-23,12,TRUE
Region 6,202252,3,202303,6.33323,Weighted %ILI,202439,6.33709,0.0038599999999995305,2022,52,2022-12-25,2022-12-31,2022,2022-23,13,TRUE
National,202252,3,202303,5.38498,Weighted %ILI,202439,5.33838,-0.04659999999999975,2022,52,2022-12-25,2022-12-31,2022,2022-23,13,TRUE
Region 6,202301,3,202304,4.96159,Weighted %ILI,202439,4.96587,0.0042799999999996174,2023,1,2023-01-01,2023-01-07,2022,2022-23,14,TRUE
National,202301,3,202304,4.02791,Weighted %ILI,202439,3.93482,-0.09309000000000012,2023,1,2023-01-01,2023-01-07,2022,2022-23,14,TRUE
Region 6,202302,3,202305,3.75438,Weighted %ILI,202439,3.75259,-0.0017899999999997362,2023,2,2023-01-08,2023-01-14,2022,2022-23,15,TRUE
National,202302,3,202305,3.00337,Weighted %ILI,202439,2.94553,-0.05783999999999967,2023,2,2023-01-08,2023-01-14,2022,2022-23,15,TRUE
Region 6,202303,3,202306,3.4154,Weighted %ILI,202439,3.42256,0.007159999999999833,2023,3,2023-01-15,2023-01-21,2022,2022-23,16,TRUE
National,202303,3,202306,2.68676,Weighted %ILI,202439,2.63811,-0.04864999999999986,2023,3,2023-01-15,2023-01-21,2022,2022-23,16,TRUE
Region 6,202304,3,202307,3.67703,Weighted %ILI,202439,3.70169,0.02466000000000035,2023,4,2023-01-22,2023-01-28,2022,2022-23,17,TRUE
National,202304,3,202307,2.66866,Weighted %ILI,202439,2.62522,-0.04343999999999992,2023,4,2023-01-22,2023-01-28,2022,2022-23,17,TRUE
Region 6,202305,3,202308,3.15613,Weighted %ILI,202439,3.16017,0.0040399999999998215,2023,5,2023-01-29,2023-02-04,2022,2022-23,18,TRUE
National,202305,3,202308,2.63106,Weighted %ILI,202439,2.58477,-0.046290000000000386,2023,5,2023-01-29,2023-02-04,2022,2022-23,18,TRUE
Region 6,202306,3,202309,3.0453,Weighted %ILI,202439,3.04066,-0.0046400000000001995,2023,6,2023-02-05,2023-02-11,2022,2022-23,19,TRUE
National,202306,3,202309,2.63713,Weighted %ILI,202439,2.59148,-0.04565000000000019,2023,6,2023-02-05,2023-02-11,2022,2022-23,19,TRUE
Region 6,202307,3,202310,2.92661,Weighted %ILI,202439,2.92535,-0.001260000000000261,2023,7,2023-02-12,2023-02-18,2022,2022-23,20,TRUE
National,202307,3,202310,2.63573,Weighted %ILI,202439,2.5701,-0.06563000000000008,2023,7,2023-02-12,2023-02-18,2022,2022-23,20,TRUE
Region 6,202308,3,202311,2.72937,Weighted %ILI,202439,2.71271,-0.016659999999999897,2023,8,2023-02-19,2023-02-25,2022,2022-23,21,TRUE
National,202308,3,202311,2.5814,Weighted %ILI,202439,2.52707,-0.05432999999999977,2023,8,2023-02-19,2023-02-25,2022,2022-23,21,TRUE
Region 6,202309,3,202312,2.74945,Weighted %ILI,202439,2.75133,0.0018799999999998818,2023,9,2023-02-26,2023-03-04,2022,2022-23,22,TRUE
National,202309,3,202312,2.45715,Weighted %ILI,202439,2.40469,-0.05245999999999995,2023,9,2023-02-26,2023-03-04,2022,2022-23,22,TRUE
Region 6,202310,3,202313,2.6781,Weighted %ILI,202439,2.68354,0.005439999999999667,2023,10,2023-03-05,2023-03-11,2022,2022-23,23,TRUE
National,202310,3,202313,2.39545,Weighted %ILI,202439,2.3571,-0.038349999999999884,2023,10,2023-03-05,2023-03-11,2022,2022-23,23,TRUE
Region 6,202311,3,202314,2.3292,Weighted %ILI,202439,2.3325,0.0032999999999998586,2023,11,2023-03-12,2023-03-18,2022,2022-23,24,TRUE
National,202311,3,202314,2.3892,Weighted %ILI,202439,2.3545,-0.0347000000000004,2023,11,2023-03-12,2023-03-18,2022,2022-23,24,TRUE
Region 6,202312,3,202315,2.18297,Weighted %ILI,202439,2.21217,0.029199999999999893,2023,12,2023-03-19,2023-03-25,2022,2022-23,25,TRUE
National,202312,3,202315,2.32189,Weighted %ILI,202439,2.31096,-0.010929999999999662,2023,12,2023-03-19,2023-03-25,2022,2022-23,25,TRUE
Region 6,202313,3,202316,2.26624,Weighted %ILI,202439,2.27809,0.01185000000000036,2023,13,2023-03-26,2023-04-01,2022,2022-23,26,TRUE
National,202313,3,202316,2.29967,Weighted %ILI,202439,2.25771,-0.04196,2023,13,2023-03-26,2023-04-01,2022,2022-23,26,TRUE
Region 6,202314,3,202317,2.33144,Weighted %ILI,202439,2.33443,0.002989999999999604,2023,14,2023-04-02,2023-04-08,2022,2022-23,27,TRUE
National,202314,3,202317,2.17257,Weighted %ILI,202439,2.12953,-0.04303999999999997,2023,14,2023-04-02,2023-04-08,2022,2022-23,27,TRUE
Region 6,202315,3,202318,2.25514,Weighted %ILI,202439,2.28709,0.031950000000000145,2023,15,2023-04-09,2023-04-15,2022,2022-23,28,TRUE
National,202315,3,202318,2.0493,Weighted %ILI,202439,2.01047,-0.03882999999999992,2023,15,2023-04-09,2023-04-15,2022,2022-23,28,TRUE
Region 6,202316,3,202319,2.34903,Weighted %ILI,202439,2.34276,-0.006269999999999776,2023,16,2023-04-16,2023-04-22,2022,2022-23,29,TRUE
National,202316,3,202319,1.95946,Weighted %ILI,202439,1.90776,-0.05170000000000008,2023,16,2023-04-16,2023-04-22,2022,2022-23,29,TRUE
Region 6,202317,3,202320,2.29998,Weighted %ILI,202439,2.28899,-0.010990000000000055,2023,17,2023-04-23,2023-04-29,2022,2022-23,30,TRUE
National,202317,3,202320,1.96207,Weighted %ILI,202439,1.90393,-0.05814000000000008,2023,17,2023-04-23,2023-04-29,2022,2022-23,30,TRUE
Region 6,202318,3,202321,2.46501,Weighted %ILI,202439,2.49856,0.03354999999999997,2023,18,2023-04-30,2023-05-06,2022,2022-23,31,TRUE
National,202318,3,202321,2.00416,Weighted %ILI,202439,1.93608,-0.06808000000000014,2023,18,2023-04-30,2023-05-06,2022,2022-23,31,TRUE
Region 6,202319,3,202322,2.19778,Weighted %ILI,202439,2.19318,-0.0045999999999999375,2023,19,2023-05-07,2023-05-13,2022,2022-23,32,TRUE
National,202319,3,202322,1.97064,Weighted %ILI,202439,1.90846,-0.0621799999999999,2023,19,2023-05-07,2023-05-13,2022,2022-23,32,TRUE
Region 6,202320,3,202323,2.23345,Weighted %ILI,202439,2.22375,-0.009700000000000042,2023,20,2023-05-14,2023-05-20,2022,2022-23,33,TRUE
National,202320,3,202323,1.93107,Weighted %ILI,202439,1.88236,-0.04871000000000003,2023,20,2023-05-14,2023-05-20,2022,2022-23,33,TRUE
Region 6,202321,3,202324,2.15507,Weighted %ILI,202439,2.14453,-0.010539999999999772,2023,21,2023-05-21,2023-05-27,2022,2022-23,34,TRUE
National,202321,3,202324,1.88704,Weighted %ILI,202439,1.83328,-0.05376000000000003,2023,21,2023-05-21,2023-05-27,2022,2022-23,34,TRUE
Region 6,202322,3,202325,1.90821,Weighted %ILI,202439,1.90977,0.0015600000000000058,2023,22,2023-05-28,2023-06-03,2022,2022-23,35,TRUE
National,202322,3,202325,1.91177,Weighted %ILI,202439,1.83857,-0.07319999999999993,2023,22,2023-05-28,2023-06-03,2022,2022-23,35,TRUE
Region 6,202323,3,202326,1.28602,Weighted %ILI,202439,1.28743,0.0014100000000001334,2023,23,2023-06-04,2023-06-10,2022,2022-23,36,TRUE
National,202323,3,202326,1.64515,Weighted %ILI,202439,1.57748,-0.0676699999999999,2023,23,2023-06-04,2023-06-10,2022,2022-23,36,TRUE
Region 6,202324,3,202327,1.33107,Weighted %ILI,202439,1.34261,0.011540000000000106,2023,24,2023-06-11,2023-06-17,2022,2022-23,37,TRUE
National,202324,3,202327,1.53074,Weighted %ILI,202439,1.48614,-0.04459999999999997,2023,24,2023-06-11,2023-06-17,2022,2022-23,37,TRUE
Region 6,202325,3,202328,1.15203,Weighted %ILI,202439,1.15562,0.003589999999999982,2023,25,2023-06-18,2023-06-24,2022,2022-23,38,TRUE
National,202325,3,202328,1.41678,Weighted %ILI,202439,1.36472,-0.052059999999999995,2023,25,2023-06-18,2023-06-24,2022,2022-23,38,TRUE
Region 6,202326,3,202329,1.26156,Weighted %ILI,202439,1.26393,0.0023699999999999832,2023,26,2023-06-25,2023-07-01,2022,2022-23,39,TRUE
National,202326,3,202329,1.28216,Weighted %ILI,202439,1.27095,-0.011209999999999942,2023,26,2023-06-25,2023-07-01,2022,2022-23,39,TRUE
Region 6,202327,3,202330,1.19697,Weighted %ILI,202439,1.19416,-0.002809999999999979,2023,27,2023-07-02,2023-07-08,2022,2022-23,40,TRUE
National,202327,3,202330,1.24097,Weighted %ILI,202439,1.22553,-0.015439999999999898,2023,27,2023-07-02,2023-07-08,2022,2022-23,40,TRUE
Region 6,202328,3,202331,1.23316,Weighted %ILI,202439,1.23386,6.999999999999229e-4,2023,28,2023-07-09,2023-07-15,2022,2022-23,41,TRUE
National,202328,3,202331,1.16802,Weighted %ILI,202439,1.15793,-0.010090000000000154,2023,28,2023-07-09,2023-07-15,2022,2022-23,41,TRUE
Region 6,202329,3,202332,1.09192,Weighted %ILI,202439,1.09263,7.099999999999884e-4,2023,29,2023-07-16,2023-07-22,2022,2022-23,42,TRUE
National,202329,3,202332,1.13422,Weighted %ILI,202439,1.12685,-0.007370000000000099,2023,29,2023-07-16,2023-07-22,2022,2022-23,42,TRUE
Region 6,202330,3,202333,1.19647,Weighted %ILI,202439,1.19759,0.0011200000000000099,2023,30,2023-07-23,2023-07-29,2022,2022-23,43,TRUE
National,202330,3,202333,1.17567,Weighted %ILI,202439,1.16805,-0.00761999999999996,2023,30,2023-07-23,2023-07-29,2022,2022-23,43,TRUE
Region 6,202331,3,202334,1.35875,Weighted %ILI,202439,1.35734,-0.0014099999999999113,2023,31,2023-07-30,2023-08-05,2022,2022-23,44,TRUE
National,202331,3,202334,1.21451,Weighted %ILI,202439,1.20299,-0.011519999999999975,2023,31,2023-07-30,2023-08-05,2022,2022-23,44,TRUE
Region 6,202332,3,202335,1.46124,Weighted %ILI,202439,1.46102,-2.20000000000109e-4,2023,32,2023-08-06,2023-08-12,2022,2022-23,45,TRUE
National,202332,3,202335,1.28631,Weighted %ILI,202439,1.27357,-0.012739999999999974,2023,32,2023-08-06,2023-08-12,2022,2022-23,45,TRUE
Region 6,202333,3,202336,1.77681,Weighted %ILI,202439,1.7849,0.00808999999999993,2023,33,2023-08-13,2023-08-19,2022,2022-23,46,TRUE
National,202333,3,202336,1.46511,Weighted %ILI,202439,1.44821,-0.016899999999999915,2023,33,2023-08-13,2023-08-19,2022,2022-23,46,TRUE
Region 6,202334,3,202337,2.26368,Weighted %ILI,202439,2.26527,0.0015900000000002024,2023,34,2023-08-20,2023-08-26,2022,2022-23,47,TRUE
National,202334,3,202337,1.7263,Weighted %ILI,202439,1.70391,-0.02238999999999991,2023,34,2023-08-20,2023-08-26,2022,2022-23,47,TRUE
Region 6,202335,3,202338,3.25924,Weighted %ILI,202439,3.26193,0.002689999999999859,2023,35,2023-08-27,2023-09-02,2022,2022-23,48,TRUE
National,202335,3,202338,1.96208,Weighted %ILI,202439,1.93305,-0.02903000000000011,2023,35,2023-08-27,2023-09-02,2022,2022-23,48,TRUE
Region 6,202336,3,202339,3.26744,Weighted %ILI,202439,3.27047,0.003029999999999866,2023,36,2023-09-03,2023-09-09,2022,2022-23,49,TRUE
National,202336,3,202339,2.02959,Weighted %ILI,202439,2.00204,-0.02754999999999974,2023,36,2023-09-03,2023-09-09,2022,2022-23,49,TRUE
Region 6,202337,3,202340,2.72577,Weighted %ILI,202439,2.72582,5.000000000032756e-5,2023,37,2023-09-10,2023-09-16,2022,2022-23,50,TRUE
National,202337,3,202340,1.94864,Weighted %ILI,202439,1.94047,-0.00817000000000001,2023,37,2023-09-10,2023-09-16,2022,2022-23,50,TRUE
Region 6,202338,3,202341,2.1225,Weighted %ILI,202439,2.1524,0.029900000000000038,2023,38,2023-09-17,2023-09-23,2022,2022-23,51,TRUE
National,202338,3,202341,2.0264,Weighted %ILI,202439,2.03761,0.01120999999999972,2023,38,2023-09-17,2023-09-23,2022,2022-23,51,TRUE
Region 6,202339,3,202342,2.42328,Weighted %ILI,202439,2.43043,0.007149999999999768,2023,39,2023-09-24,2023-09-30,2022,2022-23,52,TRUE
National,202339,3,202342,2.1032,Weighted %ILI,202439,2.0899200000000002,-0.013279999999999959,2023,39,2023-09-24,2023-09-30,2022,2022-23,52,TRUE
Region 6,202340,3,202343,2.78771,Weighted %ILI,202538,2.96845,0.18073999999999968,2023,40,2023-10-01,2023-10-07,2023,2023-24,1,TRUE
National,202340,3,202343,2.26125,Weighted %ILI,202538,2.27908,0.017830000000000013,2023,40,2023-10-01,2023-10-07,2023,2023-24,1,TRUE
Region 6,202341,3,202344,2.8397,Weighted %ILI,202538,3.01509,0.1753899999999997,2023,41,2023-10-08,2023-10-14,2023,2023-24,2,TRUE
National,202341,3,202344,2.29287,Weighted %ILI,202538,2.33755,0.04467999999999961,2023,41,2023-10-08,2023-10-14,2023,2023-24,2,TRUE
Region 6,202342,3,202345,3.3023,Weighted %ILI,202538,3.50292,0.20062000000000024,2023,42,2023-10-15,2023-10-21,2023,2023-24,3,TRUE
National,202342,3,202345,2.50619,Weighted %ILI,202538,2.52242,0.016229999999999745,2023,42,2023-10-15,2023-10-21,2023,2023-24,3,TRUE
Region 6,202343,3,202346,3.56865,Weighted %ILI,202538,3.75354,0.18489000000000022,2023,43,2023-10-22,2023-10-28,2023,2023-24,4,TRUE
National,202343,3,202346,2.69558,Weighted %ILI,202538,2.71275,0.01717000000000013,2023,43,2023-10-22,2023-10-28,2023,2023-24,4,TRUE
Region 6,202344,3,202347,3.97054,Weighted %ILI,202538,4.16146,0.19091999999999976,2023,44,2023-10-29,2023-11-04,2023,2023-24,5,TRUE
National,202344,3,202347,2.96164,Weighted %ILI,202538,2.94538,-0.01625999999999994,2023,44,2023-10-29,2023-11-04,2023,2023-24,5,TRUE
Region 6,202345,3,202348,5.11443,Weighted %ILI,202538,5.12307,0.008640000000000647,2023,45,2023-11-05,2023-11-11,2023,2023-24,6,TRUE
National,202345,3,202348,3.46028,Weighted %ILI,202538,3.40957,-0.05071000000000003,2023,45,2023-11-05,2023-11-11,2023,2023-24,6,TRUE
Region 6,202346,3,202349,5.4123,Weighted %ILI,202538,5.68855,0.2762500000000001,2023,46,2023-11-12,2023-11-18,2023,2023-24,7,TRUE
National,202346,3,202349,3.69408,Weighted %ILI,202538,3.6903,-0.0037799999999998946,2023,46,2023-11-12,2023-11-18,2023,2023-24,7,TRUE
Region 6,202347,3,202350,5.72734,Weighted %ILI,202538,5.9659,0.23856000000000055,2023,47,2023-11-19,2023-11-25,2023,2023-24,8,TRUE
National,202347,3,202350,3.94098,Weighted %ILI,202538,3.92958,-0.011400000000000077,2023,47,2023-11-19,2023-11-25,2023,2023-24,8,TRUE
Region 6,202348,3,202351,5.41073,Weighted %ILI,202538,5.63983,0.22909999999999986,2023,48,2023-11-26,2023-12-02,2023,2023-24,9,TRUE
National,202348,3,202351,4.04053,Weighted %ILI,202538,4.03334,-0.007190000000000474,2023,48,2023-11-26,2023-12-02,2023,2023-24,9,TRUE
Region 6,202349,3,202352,6.05103,Weighted %ILI,202538,6.07051,0.01947999999999972,2023,49,2023-12-03,2023-12-09,2023,2023-24,10,TRUE
National,202349,3,202352,4.43036,Weighted %ILI,202538,4.38382,-0.04654000000000025,2023,49,2023-12-03,2023-12-09,2023,2023-24,10,TRUE
Region 6,202350,3,202401,7.09859,Weighted %ILI,202538,7.11576,0.01717000000000013,2023,50,2023-12-10,2023-12-16,2023,2023-24,11,TRUE
National,202350,3,202401,5.22867,Weighted %ILI,202538,5.18426,-0.04441000000000006,2023,50,2023-12-10,2023-12-16,2023,2023-24,11,TRUE
Region 6,202351,3,202402,8.29258,Weighted %ILI,202538,8.2941,0.001520000000001076,2023,51,2023-12-17,2023-12-23,2023,2023-24,12,TRUE
National,202351,3,202402,6.3012,Weighted %ILI,202538,6.23157,-0.06963000000000008,2023,51,2023-12-17,2023-12-23,2023,2023-24,12,TRUE
Region 6,202352,3,202403,7.77326,Weighted %ILI,202538,7.77249,-7.699999999992713e-4,2023,52,2023-12-24,2023-12-30,2023,2023-24,13,TRUE
National,202352,3,202403,6.86236,Weighted %ILI,202538,6.7962,-0.06616,2023,52,2023-12-24,2023-12-30,2023,2023-24,13,TRUE
Region 6,202401,3,202404,7.36574,Weighted %ILI,202538,7.36716,0.001420000000000421,2024,1,2023-12-31,2024-01-06,2023,2023-24,14,TRUE
National,202401,3,202404,5.77454,Weighted %ILI,202538,5.71536,-0.059179999999999566,2024,1,2023-12-31,2024-01-06,2023,2023-24,14,TRUE
Region 6,202402,3,202405,5.65019,Weighted %ILI,202538,5.67615,0.02595999999999954,2024,2,2024-01-07,2024-01-13,2023,2023-24,15,TRUE
National,202402,3,202405,4.71528,Weighted %ILI,202538,4.66576,-0.04952000000000023,2024,2,2024-01-07,2024-01-13,2023,2023-24,15,TRUE
Region 6,202403,3,202406,5.97149,Weighted %ILI,202538,5.99755,0.026060000000000194,2024,3,2024-01-14,2024-01-20,2023,2023-24,16,TRUE
National,202403,3,202406,4.37712,Weighted %ILI,202538,4.32446,-0.052659999999999485,2024,3,2024-01-14,2024-01-20,2023,2023-24,16,TRUE
Region 6,202404,3,202407,6.74299,Weighted %ILI,202538,6.78314,0.040150000000000574,2024,4,2024-01-21,2024-01-27,2023,2023-24,17,TRUE
National,202404,3,202407,4.28972,Weighted %ILI,202538,4.22972,-0.05999999999999961,2024,4,2024-01-21,2024-01-27,2023,2023-24,17,TRUE
Region 6,202405,3,202408,7.72903,Weighted %ILI,202538,7.75475,0.025719999999999743,2024,5,2024-01-28,2024-02-03,2023,2023-24,18,TRUE
National,202405,3,202408,4.46748,Weighted %ILI,202538,4.42065,-0.04682999999999993,2024,5,2024-01-28,2024-02-03,2023,2023-24,18,TRUE
Region 6,202406,3,202409,6.99987,Weighted %ILI,202538,7.03665,0.03678000000000026,2024,6,2024-02-04,2024-02-10,2023,2023-24,19,TRUE
National,202406,3,202409,4.5066,Weighted %ILI,202538,4.45705,-0.04954999999999998,2024,6,2024-02-04,2024-02-10,2023,2023-24,19,TRUE
Region 6,202407,3,202410,6.16546,Weighted %ILI,202538,6.18286,0.017399999999999416,2024,7,2024-02-11,2024-02-17,2023,2023-24,20,TRUE
National,202407,3,202410,4.40691,Weighted %ILI,202538,4.35511,-0.05180000000000007,2024,7,2024-02-11,2024-02-17,2023,2023-24,20,TRUE
Region 6,202408,3,202411,5.5951,Weighted %ILI,202538,5.62229,0.02718999999999916,2024,8,2024-02-18,2024-02-24,2023,2023-24,21,TRUE
National,202408,3,202411,4.3829,Weighted %ILI,202538,4.33545,-0.047450000000000436,2024,8,2024-02-18,2024-02-24,2023,2023-24,21,TRUE
Region 6,202409,3,202412,4.85129,Weighted %ILI,202538,4.8813,0.03001000000000076,2024,9,2024-02-25,2024-03-02,2023,2023-24,22,TRUE
National,202409,3,202412,4.10269,Weighted %ILI,202538,4.0587,-0.043989999999999974,2024,9,2024-02-25,2024-03-02,2023,2023-24,22,TRUE
Region 6,202410,3,202413,4.55276,Weighted %ILI,202538,4.59458,0.041819999999999524,2024,10,2024-03-03,2024-03-09,2023,2023-24,23,TRUE
National,202410,3,202413,3.75153,Weighted %ILI,202538,3.72797,-0.023559999999999803,2024,10,2024-03-03,2024-03-09,2023,2023-24,23,TRUE
Region 6,202411,3,202414,4.3257,Weighted %ILI,202538,4.30048,-0.02522000000000002,2024,11,2024-03-10,2024-03-16,2023,2023-24,24,TRUE
National,202411,3,202414,3.43764,Weighted %ILI,202538,3.39722,-0.04042000000000012,2024,11,2024-03-10,2024-03-16,2023,2023-24,24,TRUE
Region 6,202412,3,202415,3.41964,Weighted %ILI,202538,3.44709,0.02745000000000042,2024,12,2024-03-17,2024-03-23,2023,2023-24,25,TRUE
National,202412,3,202415,3.10692,Weighted %ILI,202538,3.08528,-0.021640000000000104,2024,12,2024-03-17,2024-03-23,2023,2023-24,25,TRUE
Region 6,202413,3,202416,3.32027,Weighted %ILI,202538,3.3403,0.020030000000000214,2024,13,2024-03-24,2024-03-30,2023,2023-24,26,TRUE
National,202413,3,202416,2.98337,Weighted %ILI,202538,2.97703,-0.00633999999999979,2024,13,2024-03-24,2024-03-30,2023,2023-24,26,TRUE
Region 6,202414,3,202417,2.97095,Weighted %ILI,202538,2.99283,0.0218799999999999,2024,14,2024-03-31,2024-04-06,2023,2023-24,27,TRUE
National,202414,3,202417,2.77628,Weighted %ILI,202538,2.76586,-0.010419999999999874,2024,14,2024-03-31,2024-04-06,2023,2023-24,27,TRUE
Region 6,202415,3,202418,2.98029,Weighted %ILI,202538,3.03666,0.05636999999999981,2024,15,2024-04-07,2024-04-13,2023,2023-24,28,TRUE
National,202415,3,202418,2.54548,Weighted %ILI,202538,2.53824,-0.007239999999999913,2024,15,2024-04-07,2024-04-13,2023,2023-24,28,TRUE
Region 6,202416,3,202419,2.6474,Weighted %ILI,202538,2.67669,0.029289999999999594,2024,16,2024-04-14,2024-04-20,2023,2023-24,29,TRUE
National,202416,3,202419,2.26328,Weighted %ILI,202538,2.24747,-0.015810000000000102,2024,16,2024-04-14,2024-04-20,2023,2023-24,29,TRUE
Region 6,202417,3,202420,2.54394,Weighted %ILI,202538,2.5943,0.05035999999999996,2024,17,2024-04-21,2024-04-27,2023,2023-24,30,TRUE
National,202417,3,202420,2.19903,Weighted %ILI,202538,2.19144,-0.007589999999999986,2024,17,2024-04-21,2024-04-27,2023,2023-24,30,TRUE
Region 6,202418,3,202421,2.54924,Weighted %ILI,202538,2.56249,0.013249999999999762,2024,18,2024-04-28,2024-05-04,2023,2023-24,31,TRUE
National,202418,3,202421,2.12283,Weighted %ILI,202538,2.09931,-0.023519999999999985,2024,18,2024-04-28,2024-05-04,2023,2023-24,31,TRUE
Region 6,202419,3,202422,2.49977,Weighted %ILI,202538,2.50847,0.008700000000000152,2024,19,2024-05-05,2024-05-11,2023,2023-24,32,TRUE
National,202419,3,202422,2.03065,Weighted %ILI,202538,2.00488,-0.02577000000000007,2024,19,2024-05-05,2024-05-11,2023,2023-24,32,TRUE
Region 6,202420,3,202423,2.36828,Weighted %ILI,202538,2.36616,-0.002120000000000122,2024,20,2024-05-12,2024-05-18,2023,2023-24,33,TRUE
National,202420,3,202423,1.99805,Weighted %ILI,202538,1.97657,-0.021480000000000166,2024,20,2024-05-12,2024-05-18,2023,2023-24,33,TRUE
Region 6,202421,3,202424,2.23572,Weighted %ILI,202538,2.36158,0.12585999999999986,2024,21,2024-05-19,2024-05-25,2023,2023-24,34,TRUE
National,202421,3,202424,1.91311,Weighted %ILI,202538,1.90707,-0.006040000000000045,2024,21,2024-05-19,2024-05-25,2023,2023-24,34,TRUE
Region 6,202422,3,202425,2.2099,Weighted %ILI,202538,2.20221,-0.007690000000000197,2024,22,2024-05-26,2024-06-01,2023,2023-24,35,TRUE
National,202422,3,202425,1.90686,Weighted %ILI,202538,1.87651,-0.0303500000000001,2024,22,2024-05-26,2024-06-01,2023,2023-24,35,TRUE
Region 6,202423,3,202426,1.84242,Weighted %ILI,202538,1.84052,-0.0019000000000000128,2024,23,2024-06-02,2024-06-08,2023,2023-24,36,TRUE
National,202423,3,202426,1.68334,Weighted %ILI,202538,1.66065,-0.0226900000000001,2024,23,2024-06-02,2024-06-08,2023,2023-24,36,TRUE
Region 6,202424,3,202427,1.90729,Weighted %ILI,202538,1.91149,0.0041999999999999815,2024,24,2024-06-09,2024-06-15,2023,2023-24,37,TRUE
National,202424,3,202427,1.60335,Weighted %ILI,202538,1.58178,-0.02157000000000009,2024,24,2024-06-09,2024-06-15,2023,2023-24,37,TRUE
Region 6,202425,3,202428,1.71346,Weighted %ILI,202538,1.72322,0.009759999999999991,2024,25,2024-06-16,2024-06-22,2023,2023-24,38,TRUE
National,202425,3,202428,1.51236,Weighted %ILI,202538,1.49244,-0.019919999999999938,2024,25,2024-06-16,2024-06-22,2023,2023-24,38,TRUE
Region 6,202426,3,202429,1.71054,Weighted %ILI,202538,1.71962,0.009079999999999977,2024,26,2024-06-23,2024-06-29,2023,2023-24,39,TRUE
National,202426,3,202429,1.48856,Weighted %ILI,202538,1.4663,-0.02226000000000017,2024,26,2024-06-23,2024-06-29,2023,2023-24,39,TRUE
Region 6,202427,3,202430,1.37018,Weighted %ILI,202538,1.38139,0.011209999999999942,2024,27,2024-06-30,2024-07-06,2023,2023-24,40,TRUE
National,202427,3,202430,1.39652,Weighted %ILI,202538,1.37639,-0.02012999999999998,2024,27,2024-06-30,2024-07-06,2023,2023-24,40,TRUE
Region 6,202428,3,202431,1.83289,Weighted %ILI,202538,1.84804,0.015149999999999997,2024,28,2024-07-07,2024-07-13,2023,2023-24,41,TRUE
National,202428,3,202431,1.45798,Weighted %ILI,202538,1.45548,-0.0024999999999999467,2024,28,2024-07-07,2024-07-13,2023,2023-24,41,TRUE
Region 6,202429,3,202432,1.92539,Weighted %ILI,202538,1.9343,0.008909999999999973,2024,29,2024-07-14,2024-07-20,2023,2023-24,42,TRUE
National,202429,3,202432,1.45873,Weighted %ILI,202538,1.45233,-0.006400000000000183,2024,29,2024-07-14,2024-07-20,2023,2023-24,42,TRUE
Region 6,202430,3,202433,2.13805,Weighted %ILI,202538,2.14847,0.010420000000000318,2024,30,2024-07-21,2024-07-27,2023,2023-24,43,TRUE
National,202430,3,202433,1.5251,Weighted %ILI,202538,1.52211,-0.002989999999999826,2024,30,2024-07-21,2024-07-27,2023,2023-24,43,TRUE
Region 6,202431,3,202434,2.09195,Weighted %ILI,202538,2.09273,7.799999999997809e-4,2024,31,2024-07-28,2024-08-03,2023,2023-24,44,TRUE
National,202431,3,202434,1.53751,Weighted %ILI,202538,1.53543,-0.0020799999999998597,2024,31,2024-07-28,2024-08-03,2023,2023-24,44,TRUE
Region 6,202432,3,202435,2.08902,Weighted %ILI,202538,2.09452,0.00550000000000006,2024,32,2024-08-04,2024-08-10,2023,2023-24,45,TRUE
National,202432,3,202435,1.54189,Weighted %ILI,202538,1.53984,-0.0020499999999998852,2024,32,2024-08-04,2024-08-10,2023,2023-24,45,TRUE
Region 6,202433,3,202436,1.95709,Weighted %ILI,202538,1.95709,0,2024,33,2024-08-11,2024-08-17,2023,2023-24,46,TRUE
National,202433,3,202436,1.56676,Weighted %ILI,202538,1.56577,-9.899999999998244e-4,2024,33,2024-08-11,2024-08-17,2023,2023-24,46,TRUE
Region 6,202434,3,202437,2.5142,Weighted %ILI,202538,2.5142,0,2024,34,2024-08-18,2024-08-24,2023,2023-24,47,TRUE
National,202434,3,202437,1.76729,Weighted %ILI,202538,1.76988,0.00258999999999987,2024,34,2024-08-18,2024-08-24,2023,2023-24,47,TRUE
Region 6,202435,3,202438,3.21711,Weighted %ILI,202538,3.21711,0,2024,35,2024-08-25,2024-08-31,2023,2023-24,48,TRUE
National,202435,3,202438,1.93083,Weighted %ILI,202538,1.93414,0.003309999999999924,2024,35,2024-08-25,2024-08-31,2023,2023-24,48,TRUE
Region 6,202436,3,202439,2.69289,Weighted %ILI,202538,2.69289,0,2024,36,2024-09-01,2024-09-07,2023,2023-24,49,TRUE
National,202436,3,202439,1.92324,Weighted %ILI,202538,1.9202,-0.0030400000000001537,2024,36,2024-09-01,2024-09-07,2023,2023-24,49,TRUE
Region 6,202437,3,202440,2.62713,Weighted %ILI,202538,2.62713,0,2024,37,2024-09-08,2024-09-14,2023,2023-24,50,TRUE
National,202437,3,202440,1.96343,Weighted %ILI,202538,1.95528,-0.008150000000000102,2024,37,2024-09-08,2024-09-14,2023,2023-24,50,TRUE
Region 6,202438,3,202441,2.35766,Weighted %ILI,202538,2.35766,0,2024,38,2024-09-15,2024-09-21,2023,2023-24,51,TRUE
National,202438,3,202441,1.96072,Weighted %ILI,202538,1.95303,-0.007689999999999975,2024,38,2024-09-15,2024-09-21,2023,2023-24,51,TRUE
Region 6,202439,3,202442,2.19249,Weighted %ILI,202538,2.19249,0,2024,39,2024-09-22,2024-09-28,2023,2023-24,52,TRUE
National,202439,3,202442,1.94019,Weighted %ILI,202538,1.93495,-0.0052400000000001334,2024,39,2024-09-22,2024-09-28,2023,2023-24,52,TRUE
Region 6,202440,3,202443,2.50123,Weighted %ILI,202638,2.17716,-0.32406999999999986,2024,40,2024-09-29,2024-10-05,2024,2024-25,1,TRUE
National,202440,3,202443,1.95364,Weighted %ILI,202638,1.90509,-0.04855000000000009,2024,40,2024-09-29,2024-10-05,2024,2024-25,1,TRUE
Region 6,202441,3,202444,2.5411,Weighted %ILI,202638,2.24314,-0.2979600000000002,2024,41,2024-10-06,2024-10-12,2024,2024-25,2,TRUE
National,202441,3,202444,2.06519,Weighted %ILI,202638,2.02014,-0.04504999999999981,2024,41,2024-10-06,2024-10-12,2024,2024-25,2,TRUE
Region 6,202442,3,202445,2.34211,Weighted %ILI,202638,2.14256,-0.1995499999999999,2024,42,2024-10-13,2024-10-19,2024,2024-25,3,TRUE
National,202442,3,202445,2.10714,Weighted %ILI,202638,2.07037,-0.03676999999999975,2024,42,2024-10-13,2024-10-19,2024,2024-25,3,TRUE
Region 6,202443,3,202446,2.4843,Weighted %ILI,202638,2.27193,-0.2123700000000004,2024,43,2024-10-20,2024-10-26,2024,2024-25,4,TRUE
National,202443,3,202446,2.25807,Weighted %ILI,202638,2.22044,-0.03763000000000005,2024,43,2024-10-20,2024-10-26,2024,2024-25,4,TRUE
Region 6,202444,3,202447,2.71284,Weighted %ILI,202638,2.45152,-0.26132,2024,44,2024-10-27,2024-11-02,2024,2024-25,5,TRUE
National,202444,3,202447,2.36157,Weighted %ILI,202638,2.31725,-0.044319999999999915,2024,44,2024-10-27,2024-11-02,2024,2024-25,5,TRUE
Region 6,202445,3,202448,2.91887,Weighted %ILI,202638,2.56867,-0.35020000000000007,2024,45,2024-11-03,2024-11-09,2024,2024-25,6,TRUE
National,202445,3,202448,2.52774,Weighted %ILI,202638,2.4719,-0.05583999999999989,2024,45,2024-11-03,2024-11-09,2024,2024-25,6,TRUE
Region 6,202446,3,202449,3.46216,Weighted %ILI,202638,3.17814,-0.28401999999999994,2024,46,2024-11-10,2024-11-16,2024,2024-25,7,TRUE
National,202446,3,202449,2.7383,Weighted %ILI,202638,2.6917,-0.0466000000000002,2024,46,2024-11-10,2024-11-16,2024,2024-25,7,TRUE
Region 6,202447,3,202450,3.78638,Weighted %ILI,202638,3.41741,-0.36897,2024,47,2024-11-17,2024-11-23,2024,2024-25,8,TRUE
National,202447,3,202450,2.94331,Weighted %ILI,202638,2.88949,-0.05381999999999998,2024,47,2024-11-17,2024-11-23,2024,2024-25,8,TRUE
Region 6,202448,3,202451,3.85528,Weighted %ILI,202638,3.69207,-0.16320999999999986,2024,48,2024-11-24,2024-11-30,2024,2024-25,9,TRUE
National,202448,3,202451,3.21605,Weighted %ILI,202638,3.18283,-0.03322000000000003,2024,48,2024-11-24,2024-11-30,2024,2024-25,9,TRUE
Region 6,202449,3,202452,3.91483,Weighted %ILI,202638,3.6056,-0.3092299999999999,2024,49,2024-12-01,2024-12-07,2024,2024-25,10,TRUE
National,202449,3,202452,3.35933,Weighted %ILI,202638,3.318,-0.04132999999999987,2024,49,2024-12-01,2024-12-07,2024,2024-25,10,TRUE
Region 6,202450,3,202501,4.51967,Weighted %ILI,202638,4.38606,-0.13361,2024,50,2024-12-08,2024-12-14,2024,2024-25,11,TRUE
National,202450,3,202501,3.80511,Weighted %ILI,202638,3.78793,-0.017180000000000195,2024,50,2024-12-08,2024-12-14,2024,2024-25,11,TRUE
Region 6,202451,3,202502,5.88082,Weighted %ILI,202638,5.86942,-0.011400000000000077,2024,51,2024-12-15,2024-12-21,2024,2024-25,12,TRUE
National,202451,3,202502,4.93494,Weighted %ILI,202638,4.94489,0.009949999999999903,2024,51,2024-12-15,2024-12-21,2024,2024-25,12,TRUE
Region 6,202452,3,202503,7.84378,Weighted %ILI,202638,7.68463,-0.15914999999999946,2024,52,2024-12-22,2024-12-28,2024,2024-25,13,TRUE
National,202452,3,202503,6.73017,Weighted %ILI,202638,6.74349,0.01332000000000022,2024,52,2024-12-22,2024-12-28,2024,2024-25,13,TRUE
Region 6,202501,3,202504,7.33878,Weighted %ILI,202638,6.69361,-0.6451700000000002,2025,1,2024-12-29,2025-01-04,2024,2024-25,14,TRUE
National,202501,3,202504,6.33203,Weighted %ILI,202638,6.25398,-0.07804999999999929,2025,1,2024-12-29,2025-01-04,2024,2024-25,14,TRUE
Region 6,202502,3,202505,6.04449,Weighted %ILI,202638,5.65787,-0.38661999999999974,2025,2,2025-01-05,2025-01-11,2024,2024-25,15,TRUE
National,202502,3,202505,5.37152,Weighted %ILI,202638,5.30512,-0.06640000000000068,2025,2,2025-01-05,2025-01-11,2024,2024-25,15,TRUE
Region 6,202503,3,202506,6.11516,Weighted %ILI,202638,6.04577,-0.06939000000000028,2025,3,2025-01-12,2025-01-18,2024,2024-25,16,TRUE
National,202503,3,202506,5.74246,Weighted %ILI,202638,5.74558,0.0031200000000000117,2025,3,2025-01-12,2025-01-18,2024,2024-25,16,TRUE
Region 6,202504,3,202507,8.10841,Weighted %ILI,202638,8.16387,0.055460000000000065,2025,4,2025-01-19,2025-01-25,2024,2024-25,17,TRUE
National,202504,3,202507,6.97752,Weighted %ILI,202638,6.98693,0.009409999999999918,2025,4,2025-01-19,2025-01-25,2024,2024-25,17,TRUE
Region 6,202505,3,202508,9.93709,Weighted %ILI,202638,10.2722,0.33511000000000024,2025,5,2025-01-26,2025-02-01,2024,2024-25,18,TRUE
National,202505,3,202508,7.74141,Weighted %ILI,202638,7.79898,0.05757000000000012,2025,5,2025-01-26,2025-02-01,2024,2024-25,18,TRUE
Region 6,202506,3,202509,8.65192,Weighted %ILI,202638,8.66758,0.015659999999998675,2025,6,2025-02-02,2025-02-08,2024,2024-25,19,TRUE
National,202506,3,202509,7.82487,Weighted %ILI,202638,7.84378,0.018909999999999982,2025,6,2025-02-02,2025-02-08,2024,2024-25,19,TRUE
Region 6,202507,3,202510,6.20355,Weighted %ILI,202638,6.23912,0.03556999999999988,2025,7,2025-02-09,2025-02-15,2024,2024-25,20,TRUE
National,202507,3,202510,6.94467,Weighted %ILI,202638,6.93692,-0.00775000000000059,2025,7,2025-02-09,2025-02-15,2024,2024-25,20,TRUE
Region 6,202508,3,202511,5.92407,Weighted %ILI,202638,5.43816,-0.4859100000000005,2025,8,2025-02-16,2025-02-22,2024,2024-25,21,TRUE
National,202508,3,202511,5.95354,Weighted %ILI,202638,5.90072,-0.05282000000000053,2025,8,2025-02-16,2025-02-22,2024,2024-25,21,TRUE
Region 6,202509,3,202512,5.29656,Weighted %ILI,202638,4.87639,-0.4201700000000006,2025,9,2025-02-23,2025-03-01,2024,2024-25,22,TRUE
National,202509,3,202512,4.91674,Weighted %ILI,202638,4.87406,-0.04267999999999983,2025,9,2025-02-23,2025-03-01,2024,2024-25,22,TRUE
Region 6,202510,3,202513,4.63521,Weighted %ILI,202638,4.33175,-0.3034599999999994,2025,10,2025-03-02,2025-03-08,2024,2024-25,23,TRUE
National,202510,3,202513,4.29549,Weighted %ILI,202638,4.26679,-0.028699999999999726,2025,10,2025-03-02,2025-03-08,2024,2024-25,23,TRUE
Region 6,202511,3,202514,4.10825,Weighted %ILI,202638,3.63752,-0.4707300000000001,2025,11,2025-03-09,2025-03-15,2024,2024-25,24,TRUE
National,202511,3,202514,3.87896,Weighted %ILI,202638,3.81006,-0.06890000000000018,2025,11,2025-03-09,2025-03-15,2024,2024-25,24,TRUE
Region 6,202512,3,202515,3.56003,Weighted %ILI,202638,3.16021,-0.3998199999999996,2025,12,2025-03-16,2025-03-22,2024,2024-25,25,TRUE
National,202512,3,202515,3.3163299999999998,Weighted %ILI,202638,3.25232,-0.06400999999999968,2025,12,2025-03-16,2025-03-22,2024,2024-25,25,TRUE
Region 6,202513,3,202516,3.15223,Weighted %ILI,202638,2.78595,-0.3662799999999997,2025,13,2025-03-23,2025-03-29,2024,2024-25,26,TRUE
National,202513,3,202516,2.95612,Weighted %ILI,202638,2.89999,-0.05613000000000001,2025,13,2025-03-23,2025-03-29,2024,2024-25,26,TRUE
Region 6,202514,3,202517,2.87542,Weighted %ILI,202638,2.47165,-0.4037700000000002,2025,14,2025-03-30,2025-04-05,2024,2024-25,27,TRUE
National,202514,3,202517,2.62022,Weighted %ILI,202638,2.56142,-0.058800000000000185,2025,14,2025-03-30,2025-04-05,2024,2024-25,27,TRUE
Region 6,202515,3,202518,2.91624,Weighted %ILI,202638,2.50516,-0.4110800000000001,2025,15,2025-04-06,2025-04-12,2024,2024-25,28,TRUE
National,202515,3,202518,2.46775,Weighted %ILI,202638,2.41066,-0.057090000000000085,2025,15,2025-04-06,2025-04-12,2024,2024-25,28,TRUE
Region 6,202516,3,202519,2.56784,Weighted %ILI,202638,2.47863,-0.08921000000000001,2025,16,2025-04-13,2025-04-19,2024,2024-25,29,TRUE
National,202516,3,202519,2.27496,Weighted %ILI,202638,2.26966,-0.005300000000000082,2025,16,2025-04-13,2025-04-19,2024,2024-25,29,TRUE
Region 6,202517,3,202520,2.89282,Weighted %ILI,202638,2.45027,-0.4425499999999998,2025,17,2025-04-20,2025-04-26,2024,2024-25,30,TRUE
National,202517,3,202520,2.21983,Weighted %ILI,202638,2.16654,-0.05329000000000006,2025,17,2025-04-20,2025-04-26,2024,2024-25,30,TRUE
Region 6,202518,3,202521,2.67059,Weighted %ILI,202638,2.19069,-0.47989999999999977,2025,18,2025-04-27,2025-05-03,2024,2024-25,31,TRUE
National,202518,3,202521,2.05033,Weighted %ILI,202638,1.99958,-0.050750000000000295,2025,18,2025-04-27,2025-05-03,2024,2024-25,31,TRUE
Region 6,202519,3,202522,2.50519,Weighted %ILI,202638,2.02462,-0.4805699999999997,2025,19,2025-05-04,2025-05-10,2024,2024-25,32,TRUE
National,202519,3,202522,1.95298,Weighted %ILI,202638,1.89657,-0.05640999999999985,2025,19,2025-05-04,2025-05-10,2024,2024-25,32,TRUE
Region 6,202520,3,202523,2.59945,Weighted %ILI,202638,2.10074,-0.49871,2025,20,2025-05-11,2025-05-17,2024,2024-25,33,TRUE
National,202520,3,202523,1.92569,Weighted %ILI,202638,1.86402,-0.06166999999999989,2025,20,2025-05-11,2025-05-17,2024,2024-25,33,TRUE
Region 6,202521,3,202524,2.40345,Weighted %ILI,202638,1.9397,-0.4637499999999999,2025,21,2025-05-18,2025-05-24,2024,2024-25,34,TRUE
National,202521,3,202524,1.87398,Weighted %ILI,202638,1.8161,-0.05787999999999993,2025,21,2025-05-18,2025-05-24,2024,2024-25,34,TRUE
Region 6,202522,3,202525,2.34621,Weighted %ILI,202638,1.87546,-0.4707500000000002,2025,22,2025-05-25,2025-05-31,2024,2024-25,35,TRUE
National,202522,3,202525,1.89014,Weighted %ILI,202638,1.82615,-0.06398999999999999,2025,22,2025-05-25,2025-05-31,2024,2024-25,35,TRUE
Region 6,202523,3,202526,1.9205,Weighted %ILI,202638,1.55942,-0.36108000000000007,2025,23,2025-06-01,2025-06-07,2024,2024-25,36,TRUE
National,202523,3,202526,1.64753,Weighted %ILI,202638,1.6042,-0.04332999999999987,2025,23,2025-06-01,2025-06-07,2024,2024-25,36,TRUE
Region 6,202524,3,202527,1.68236,Weighted %ILI,202638,1.29305,-0.38931000000000004,2025,24,2025-06-08,2025-06-14,2024,2024-25,37,TRUE
National,202524,3,202527,1.45631,Weighted %ILI,202638,1.4049,-0.051409999999999956,2025,24,2025-06-08,2025-06-14,2024,2024-25,37,TRUE
Region 6,202525,3,202528,1.23672,Weighted %ILI,202638,1.23717,4.5000000000006146e-4,2025,25,2025-06-15,2025-06-21,2024,2024-25,38,TRUE
National,202525,3,202528,1.31937,Weighted %ILI,202638,1.31999,6.200000000000649e-4,2025,25,2025-06-15,2025-06-21,2024,2024-25,38,TRUE
Region 6,202526,3,202529,1.02663,Weighted %ILI,202638,1.02931,0.0026800000000000157,2025,26,2025-06-22,2025-06-28,2024,2024-25,39,TRUE
National,202526,3,202529,1.17827,Weighted %ILI,202638,1.17989,0.0016200000000001769,2025,26,2025-06-22,2025-06-28,2024,2024-25,39,TRUE
Region 6,202527,3,202530,0.994312,Weighted %ILI,202638,1.00014,0.005828000000000055,2025,27,2025-06-29,2025-07-05,2024,2024-25,40,TRUE
National,202527,3,202530,1.10419,Weighted %ILI,202638,1.108,0.003810000000000091,2025,27,2025-06-29,2025-07-05,2024,2024-25,40,TRUE
Region 6,202528,3,202531,1.32872,Weighted %ILI,202638,1.42247,0.09375,2025,28,2025-07-06,2025-07-12,2024,2024-25,41,TRUE
National,202528,3,202531,1.14112,Weighted %ILI,202638,1.15638,0.015260000000000051,2025,28,2025-07-06,2025-07-12,2024,2024-25,41,TRUE
Region 6,202529,3,202532,1.04058,Weighted %ILI,202638,1.07181,0.03122999999999987,2025,29,2025-07-13,2025-07-19,2024,2024-25,42,TRUE
National,202529,3,202532,1.05119,Weighted %ILI,202638,1.05736,0.006170000000000009,2025,29,2025-07-13,2025-07-19,2024,2024-25,42,TRUE
Region 6,202530,3,202533,0.936682,Weighted %ILI,202638,0.941368,0.004685999999999968,2025,30,2025-07-20,2025-07-26,2024,2024-25,43,TRUE
National,202530,3,202533,1.0294,Weighted %ILI,202638,1.03242,0.0030199999999998006,2025,30,2025-07-20,2025-07-26,2024,2024-25,43,TRUE
Region 6,202531,3,202534,1.02454,Weighted %ILI,202638,1.03052,0.005980000000000096,2025,31,2025-07-27,2025-08-02,2024,2024-25,44,TRUE
National,202531,3,202534,1.05567,Weighted %ILI,202638,1.05832,0.002649999999999819,2025,31,2025-07-27,2025-08-02,2024,2024-25,44,TRUE
Region 6,202532,3,202535,1.12597,Weighted %ILI,202638,1.13493,0.008960000000000079,2025,32,2025-08-03,2025-08-09,2024,2024-25,45,TRUE
National,202532,3,202535,1.14855,Weighted %ILI,202638,1.14965,0.001100000000000101,2025,32,2025-08-03,2025-08-09,2024,2024-25,45,TRUE
Region 6,202533,3,202536,1.30566,Weighted %ILI,202638,1.32069,0.015029999999999877,2025,33,2025-08-10,2025-08-16,2024,2024-25,46,TRUE
National,202533,3,202536,1.20872,Weighted %ILI,202638,1.21395,0.005230000000000068,2025,33,2025-08-10,2025-08-16,2024,2024-25,46,TRUE
Region 6,202534,3,202537,1.79563,Weighted %ILI,202638,1.83438,0.03874999999999984,2025,34,2025-08-17,2025-08-23,2024,2024-25,47,TRUE
National,202534,3,202537,1.43854,Weighted %ILI,202638,1.45765,0.01910999999999996,2025,34,2025-08-17,2025-08-23,2024,2024-25,47,TRUE
Region 6,202535,3,202538,2.79854,Weighted %ILI,202638,2.79854,0,2025,35,2025-08-24,2025-08-30,2024,2024-25,48,TRUE
National,202535,3,202538,1.78127,Weighted %ILI,202638,1.7911300000000001,0.009860000000000202,2025,35,2025-08-24,2025-08-30,2024,2024-25,48,TRUE
Region 6,202542,3,202545,1.87092,Weighted %ILI,202638,1.90439,0.03347000000000011,2025,42,2025-10-12,2025-10-18,2025,2025-26,3,TRUE
National,202542,3,202545,1.6955,Weighted %ILI,202638,1.6992,0.0037000000000000366,2025,42,2025-10-12,2025-10-18,2025,2025-26,3,TRUE
Region 6,202543,3,202546,1.71112,Weighted %ILI,202638,1.73807,0.02695000000000003,2025,43,2025-10-19,2025-10-25,2025,2025-26,4,TRUE
National,202543,3,202546,1.73785,Weighted %ILI,202638,1.74036,0.0025100000000000122,2025,43,2025-10-19,2025-10-25,2025,2025-26,4,TRUE
Region 6,202544,3,202547,1.73779,Weighted %ILI,202638,1.77765,0.03986000000000001,2025,44,2025-10-26,2025-11-01,2025,2025-26,5,TRUE
National,202544,3,202547,1.8253,Weighted %ILI,202638,1.82557,2.6999999999999247e-4,2025,44,2025-10-26,2025-11-01,2025,2025-26,5,TRUE
Region 6,202545,3,202548,2.18675,Weighted %ILI,202638,2.22711,0.040360000000000174,2025,45,2025-11-02,2025-11-08,2025,2025-26,6,TRUE
National,202545,3,202548,2.11985,Weighted %ILI,202638,2.12189,0.0020400000000000418,2025,45,2025-11-02,2025-11-08,2025,2025-26,6,TRUE
Region 6,202546,3,202549,2.74353,Weighted %ILI,202638,2.78106,0.037530000000000285,2025,46,2025-11-09,2025-11-15,2025,2025-26,7,TRUE
National,202546,3,202549,2.26274,Weighted %ILI,202638,2.26336,6.200000000000649e-4,2025,46,2025-11-09,2025-11-15,2025,2025-26,7,TRUE
Region 6,202547,3,202550,3.05524,Weighted %ILI,202638,3.05734,0.0020999999999999908,2025,47,2025-11-16,2025-11-22,2025,2025-26,8,TRUE
National,202547,3,202550,2.52423,Weighted %ILI,202638,2.52529,0.0010599999999998388,2025,47,2025-11-16,2025-11-22,2025,2025-26,8,TRUE
Region 6,202548,3,202551,3.17321,Weighted %ILI,202638,3.17568,0.00246999999999975,2025,48,2025-11-23,2025-11-29,2025,2025-26,9,TRUE
National,202548,3,202551,2.96957,Weighted %ILI,202638,2.96755,-0.0020199999999999108,2025,48,2025-11-23,2025-11-29,2025,2025-26,9,TRUE
Region 6,202549,3,202552,3.71799,Weighted %ILI,202638,3.72191,0.0039199999999999235,2025,49,2025-11-30,2025-12-06,2025,2025-26,10,TRUE
National,202549,3,202552,3.2907,Weighted %ILI,202638,3.28462,-0.006080000000000307,2025,49,2025-11-30,2025-12-06,2025,2025-26,10,TRUE
Region 6,202550,3,202553,4.22427,Weighted %ILI,202638,4.24602,0.021749999999999936,2025,50,2025-12-07,2025-12-13,2025,2025-26,11,TRUE
National,202550,3,202553,4.12321,Weighted %ILI,202638,4.11906,-0.004150000000000098,2025,50,2025-12-07,2025-12-13,2025,2025-26,11,TRUE
Region 6,202551,3,202601,6.37761,Weighted %ILI,202638,6.39428,0.016670000000000407,2025,51,2025-12-14,2025-12-20,2025,2025-26,12,TRUE
National,202551,3,202601,6.00028,Weighted %ILI,202638,6.00523,0.00495000000000001,2025,51,2025-12-14,2025-12-20,2025,2025-26,12,TRUE
Region 6,202552,3,202602,8.83308,Weighted %ILI,202638,8.87308,0.03999999999999915,2025,52,2025-12-21,2025-12-27,2025,2025-26,13,TRUE
National,202552,3,202602,8.26452,Weighted %ILI,202638,8.29853,0.03401000000000032,2025,52,2025-12-21,2025-12-27,2025,2025-26,13,TRUE
Region 6,202553,3,202603,6.91622,Weighted %ILI,202638,6.94388,0.027660000000000018,2025,53,2025-12-28,2026-01-03,2025,2025-26,14,TRUE
National,202553,3,202603,7.16615,Weighted %ILI,202638,7.16834,0.002189999999999692,2025,53,2025-12-28,2026-01-03,2025,2025-26,14,TRUE
Region 6,202601,3,202604,5.16528,Weighted %ILI,202638,5.17786,0.012579999999999814,2026,1,2026-01-04,2026-01-10,2025,2025-26,15,TRUE
National,202601,3,202604,5.2975,Weighted %ILI,202638,5.29497,-0.0025300000000001432,2026,1,2026-01-04,2026-01-10,2025,2025-26,15,TRUE
Region 6,202602,3,202605,4.26836,Weighted %ILI,202638,4.2752,0.006839999999999513,2026,2,2026-01-11,2026-01-17,2025,2025-26,16,TRUE
National,202602,3,202605,4.38263,Weighted %ILI,202638,4.38293,3.00000000000189e-4,2026,2,2026-01-11,2026-01-17,2025,2025-26,16,TRUE
Region 6,202603,3,202606,6.73016,Weighted %ILI,202638,6.66516,-0.0649999999999995,2026,3,2026-01-18,2026-01-24,2025,2025-26,17,TRUE
National,202603,3,202606,4.74032,Weighted %ILI,202638,4.72432,-0.016000000000000014,2026,3,2026-01-18,2026-01-24,2025,2025-26,17,TRUE
Region 6,202604,3,202607,5.19683,Weighted %ILI,202638,5.20187,0.0050400000000001555,2026,4,2026-01-25,2026-01-31,2025,2025-26,18,TRUE
National,202604,3,202607,4.42434,Weighted %ILI,202638,4.4268,0.0024600000000001288,2026,4,2026-01-25,2026-01-31,2025,2025-26,18,TRUE
Region 6,202605,3,202608,6.7414,Weighted %ILI,202638,6.74977,0.00837000000000021,2026,5,2026-02-01,2026-02-07,2025,2025-26,19,TRUE
National,202605,3,202608,4.6074,Weighted %ILI,202638,4.61316,0.005759999999999543,2026,5,2026-02-01,2026-02-07,2025,2025-26,19,TRUE
Region 6,202606,3,202609,5.16374,Weighted %ILI,202638,5.23502,0.07127999999999979,2026,6,2026-02-08,2026-02-14,2025,2025-26,20,TRUE
National,202606,3,202609,4.55802,Weighted %ILI,202638,4.57281,0.014789999999999637,2026,6,2026-02-08,2026-02-14,2025,2025-26,20,TRUE
Region 6,202607,3,202610,4.32878,Weighted %ILI,202638,4.44715,0.11836999999999964,2026,7,2026-02-15,2026-02-21,2025,2025-26,21,TRUE
National,202607,3,202610,4.39494,Weighted %ILI,202638,4.42213,0.027190000000000047,2026,7,2026-02-15,2026-02-21,2025,2025-26,21,TRUE
Region 6,202608,3,202611,3.81799,Weighted %ILI,202638,3.89653,0.07853999999999983,2026,8,2026-02-22,2026-02-28,2025,2025-26,22,TRUE
National,202608,3,202611,3.86254,Weighted %ILI,202638,3.87476,0.01222000000000012,2026,8,2026-02-22,2026-02-28,2025,2025-26,22,TRUE
Region 6,202609,3,202612,3.64409,Weighted %ILI,202638,3.7014,0.057310000000000194,2026,9,2026-03-01,2026-03-07,2025,2025-26,23,TRUE
National,202609,3,202612,3.69483,Weighted %ILI,202638,3.7067,0.011870000000000047,2026,9,2026-03-01,2026-03-07,2025,2025-26,23,TRUE
Region 6,202610,3,202613,2.95646,Weighted %ILI,202638,2.95646,0,2026,10,2026-03-08,2026-03-14,2025,2025-26,24,TRUE
National,202610,3,202613,3.27242,Weighted %ILI,202638,3.26681,-0.005609999999999893,2026,10,2026-03-08,2026-03-14,2025,2025-26,24,TRUE
Region 6,202611,3,202614,2.62268,Weighted %ILI,202638,2.62268,0,2026,11,2026-03-15,2026-03-21,2025,2025-26,25,TRUE
National,202611,3,202614,2.8994,Weighted %ILI,202638,2.90075,0.0013499999999999623,2026,11,2026-03-15,2026-03-21,2025,2025-26,25,TRUE
Region 6,202612,3,202615,2.27257,Weighted %ILI,202638,2.27257,0,2026,12,2026-03-22,2026-03-28,2025,2025-26,26,TRUE
National,202612,3,202615,2.65495,Weighted %ILI,202638,2.65042,-0.004529999999999923,2026,12,2026-03-22,2026-03-28,2025,2025-26,26,TRUE
Region 6,202613,3,202616,1.92323,Weighted %ILI,202638,1.92323,0,2026,13,2026-03-29,2026-04-04,2025,2025-26,27,TRUE
National,202613,3,202616,2.36765,Weighted %ILI,202638,2.37307,0.00541999999999998,2026,13,2026-03-29,2026-04-04,2025,2025-26,27,TRUE
Region 6,202614,3,202617,1.89466,Weighted %ILI,202638,1.92675,0.03208999999999995,2026,14,2026-04-05,2026-04-11,2025,2025-26,28,TRUE
National,202614,3,202617,2.08649,Weighted %ILI,202638,2.09566,0.009170000000000122,2026,14,2026-04-05,2026-04-11,2025,2025-26,28,TRUE
Region 6,202615,3,202618,1.7843,Weighted %ILI,202638,1.80674,0.022440000000000015,2026,15,2026-04-12,2026-04-18,2025,2025-26,29,TRUE
National,202615,3,202618,1.87996,Weighted %ILI,202638,1.88364,0.0036799999999999056,2026,15,2026-04-12,2026-04-18,2025,2025-26,29,TRUE
Region 6,202616,3,202619,1.84326,Weighted %ILI,202638,1.86886,0.025600000000000067,2026,16,2026-04-19,2026-04-25,2025,2025-26,30,TRUE
National,202616,3,202619,1.8172,Weighted %ILI,202638,1.82155,0.004350000000000076,2026,16,2026-04-19,2026-04-25,2025,2025-26,30,TRUE
Region 6,202617,3,202620,1.77384,Weighted %ILI,202638,1.79936,0.025519999999999987,2026,17,2026-04-26,2026-05-02,2025,2025-26,31,TRUE
National,202617,3,202620,1.75938,Weighted %ILI,202638,1.76016,7.800000000000029e-4,2026,17,2026-04-26,2026-05-02,2025,2025-26,31,TRUE
Region 6,202618,3,202621,2.01273,Weighted %ILI,202638,2.0254,0.012669999999999959,2026,18,2026-05-03,2026-05-09,2025,2025-26,32,TRUE
National,202618,3,202621,1.76441,Weighted %ILI,202638,1.76462,2.1000000000004349e-4,2026,18,2026-05-03,2026-05-09,2025,2025-26,32,TRUE
Region 6,202619,3,202622,1.83946,Weighted %ILI,202638,1.84094,0.0014799999999999258,2026,19,2026-05-10,2026-05-16,2025,2025-26,33,TRUE
National,202619,3,202622,1.74109,Weighted %ILI,202638,1.74194,8.500000000000174e-4,2026,19,2026-05-10,2026-05-16,2025,2025-26,33,TRUE
Region 6,202620,3,202623,1.71241,Weighted %ILI,202638,1.71241,0,2026,20,2026-05-17,2026-05-23,2025,2025-26,34,TRUE
National,202620,3,202623,1.5858,Weighted %ILI,202638,1.5853,-5.00000000000167e-4,2026,20,2026-05-17,2026-05-23,2025,2025-26,34,TRUE
Region 6,202621,3,202624,1.71568,Weighted %ILI,202638,1.71568,0,2026,21,2026-05-24,2026-05-30,2025,2025-26,35,TRUE
National,202621,3,202624,1.56831,Weighted %ILI,202638,1.56833,1.999999999990898e-5,2026,21,2026-05-24,2026-05-30,2025,2025-26,35,TRUE
Region 6,202622,3,202625,1.38403,Weighted %ILI,202638,1.38403,0,2026,22,2026-05-31,2026-06-06,2025,2025-26,36,TRUE
National,202622,3,202625,1.39307,Weighted %ILI,202638,1.39262,-4.5000000000006146e-4,2026,22,2026-05-31,2026-06-06,2025,2025-26,36,TRUE
Region 6,202623,3,202626,1.23659,Weighted %ILI,202638,1.23659,0,2026,23,2026-06-07,2026-06-13,2025,2025-26,37,TRUE
National,202623,3,202626,1.23772,Weighted %ILI,202638,1.23565,-0.0020700000000000163,2026,23,2026-06-07,2026-06-13,2025,2025-26,37,TRUE
Region 6,202624,3,202627,1.07434,Weighted %ILI,202638,1.07434,0,2026,24,2026-06-14,2026-06-20,2025,2025-26,38,TRUE
National,202624,3,202627,1.12791,Weighted %ILI,202638,1.1263,-0.0016099999999998893,2026,24,2026-06-14,2026-06-20,2025,2025-26,38,TRUE
Region 6,202625,3,202628,0.934103,Weighted %ILI,202638,0.934103,0,2026,25,2026-06-21,2026-06-27,2025,2025-26,39,TRUE
National,202625,3,202628,1.04575,Weighted %ILI,202638,1.04397,-0.0017799999999998928,2026,25,2026-06-21,2026-06-27,2025,2025-26,39,TRUE
Region 6,202626,3,202629,0.958433,Weighted %ILI,202638,0.958433,0,2026,26,2026-06-28,2026-07-04,2025,2025-26,40,TRUE
National,202626,3,202629,0.998301,Weighted %ILI,202638,0.997989,-3.1199999999997896e-4,2026,26,2026-06-28,2026-07-04,2025,2025-26,40,TRUE
Region 6,202627,3,202630,0.843151,Weighted %ILI,202638,0.843151,0,2026,27,2026-07-05,2026-07-11,2025,2025-26,41,TRUE
National,202627,3,202630,0.941627,Weighted %ILI,202638,0.941175,-4.5200000000000795e-4,2026,27,2026-07-05,2026-07-11,2025,2025-26,41,TRUE
Region 6,202628,3,202631,0.885835,Weighted %ILI,202638,0.885835,0,2026,28,2026-07-12,2026-07-18,2025,2025-26,42,TRUE
National,202628,3,202631,0.903123,Weighted %ILI,202638,0.902908,-2.1499999999996522e-4,2026,28,2026-07-12,2026-07-18,2025,2025-26,42,TRUE
Region 6,202629,3,202632,0.864707,Weighted %ILI,202638,0.864707,0,2026,29,2026-07-19,2026-07-25,2025,2025-26,43,TRUE
National,202629,3,202632,0.871557,Weighted %ILI,202638,0.871407,-1.4999999999998348e-4,2026,29,2026-07-19,2026-07-25,2025,2025-26,43,TRUE
Region 6,202630,3,202633,0.831562,Weighted %ILI,202638,0.831562,0,2026,30,2026-07-26,2026-08-01,2025,2025-26,44,TRUE
National,202630,3,202633,0.866762,Weighted %ILI,202638,0.866641,-1.2100000000003774e-4,2026,30,2026-07-26,2026-08-01,2025,2025-26,44,TRUE
Region 6,202631,3,202634,0.805366,Weighted %ILI,202638,0.805366,0,2026,31,2026-08-02,2026-08-08,2025,2025-26,45,TRUE
National,202631,3,202634,0.871196,Weighted %ILI,202638,0.873289,0.0020930000000000115,2026,31,2026-08-02,2026-08-08,2025,2025-26,45,TRUE
Region 6,202632,3,202635,1.05698,Weighted %ILI,202638,1.05698,0,2026,32,2026-08-09,2026-08-15,2025,2025-26,46,TRUE
National,202632,3,202635,0.943821,Weighted %ILI,202638,0.954391,0.010569999999999968,2026,32,2026-08-09,2026-08-15,2025,2025-26,46,TRUE
Region 6,202633,3,202636,1.39363,Weighted %ILI,202638,1.39363,0,2026,33,2026-08-16,2026-08-22,2025,2025-26,47,TRUE
National,202633,3,202636,1.13223,Weighted %ILI,202638,1.13209,-1.40000000000029e-4,2026,33,2026-08-16,2026-08-22,2025,2025-26,47,TRUE
Region 6,202634,3,202637,1.87713,Weighted %ILI,202638,1.87713,0,2026,34,2026-08-23,2026-08-29,2025,2025-26,48,TRUE
National,202634,3,202637,1.35604,Weighted %ILI,202638,1.3561,6.000000000017103e-5,2026,34,2026-08-23,2026-08-29,2025,2025-26,48,TRUE
Region 6,202635,3,202638,2.03848,Weighted %ILI,202638,2.03848,0,2026,35,2026-08-30,2026-09-05,2025,2025-26,49,TRUE
National,202635,3,202638,1.53034,Weighted %ILI,202638,1.53034,0,2026,35,2026-08-30,2026-09-05,2025,2025-26,49,TRUE
Region 6,202240,4,202244,3.84085,Weighted %ILI,202439,3.92228,0.08143000000000011,2022,40,2022-10-02,2022-10-08,2022,2022-23,1,TRUE
National,202240,4,202244,2.6071,Weighted %ILI,202439,2.61257,0.005469999999999864,2022,40,2022-10-02,2022-10-08,2022,2022-23,1,TRUE
Region 6,202241,4,202245,4.49251,Weighted %ILI,202439,4.52846,0.035949999999999704,2022,41,2022-10-09,2022-10-15,2022,2022-23,2,TRUE
National,202241,4,202245,2.993,Weighted %ILI,202439,3.00763,0.01462999999999992,2022,41,2022-10-09,2022-10-15,2022,2022-23,2,TRUE
Region 6,202242,4,202246,5.01969,Weighted %ILI,202439,5.04861,0.02892000000000028,2022,42,2022-10-16,2022-10-22,2022,2022-23,3,TRUE
National,202242,4,202246,3.38226,Weighted %ILI,202439,3.31975,-0.06251000000000007,2022,42,2022-10-16,2022-10-22,2022,2022-23,3,TRUE
Region 6,202243,4,202247,6.56707,Weighted %ILI,202439,6.57387,0.006800000000000139,2022,43,2022-10-23,2022-10-29,2022,2022-23,4,TRUE
National,202243,4,202247,4.42292,Weighted %ILI,202439,4.3682,-0.054720000000000546,2022,43,2022-10-23,2022-10-29,2022,2022-23,4,TRUE
Region 6,202244,4,202248,7.46446,Weighted %ILI,202439,7.46723,0.002769999999999939,2022,44,2022-10-30,2022-11-05,2022,2022-23,5,TRUE
National,202244,4,202248,5.50258,Weighted %ILI,202439,5.42144,-0.08114000000000043,2022,44,2022-10-30,2022-11-05,2022,2022-23,5,TRUE
Region 6,202245,4,202249,8.38734,Weighted %ILI,202439,8.3698,-0.017540000000000333,2022,45,2022-11-06,2022-11-12,2022,2022-23,6,TRUE
National,202245,4,202249,5.81419,Weighted %ILI,202439,5.73522,-0.07896999999999998,2022,45,2022-11-06,2022-11-12,2022,2022-23,6,TRUE
Region 6,202246,4,202250,8.66147,Weighted %ILI,202439,8.65742,-0.004049999999999443,2022,46,2022-11-13,2022-11-19,2022,2022-23,7,TRUE
National,202246,4,202250,5.9718,Weighted %ILI,202439,5.91793,-0.05386999999999986,2022,46,2022-11-13,2022-11-19,2022,2022-23,7,TRUE
Region 6,202247,4,202251,8.76159,Weighted %ILI,202439,8.72204,-0.039550000000000196,2022,47,2022-11-20,2022-11-26,2022,2022-23,8,TRUE
National,202247,4,202251,7.53787,Weighted %ILI,202439,7.42531,-0.11256000000000022,2022,47,2022-11-20,2022-11-26,2022,2022-23,8,TRUE
Region 6,202248,4,202252,8.03931,Weighted %ILI,202439,8.03877,-5.400000000008731e-4,2022,48,2022-11-27,2022-12-03,2022,2022-23,9,TRUE
National,202248,4,202252,7.28329,Weighted %ILI,202439,7.21822,-0.0650700000000004,2022,48,2022-11-27,2022-12-03,2022,2022-23,9,TRUE
Region 6,202249,4,202301,7.89679,Weighted %ILI,202439,7.90492,0.008129999999999526,2022,49,2022-12-04,2022-12-10,2022,2022-23,10,TRUE
National,202249,4,202301,6.88291,Weighted %ILI,202439,6.87034,-0.012570000000000192,2022,49,2022-12-04,2022-12-10,2022,2022-23,10,TRUE
Region 6,202250,4,202302,7.1599,Weighted %ILI,202439,7.16369,0.003789999999999516,2022,50,2022-12-11,2022-12-17,2022,2022-23,11,TRUE
National,202250,4,202302,6.33853,Weighted %ILI,202439,6.29772,-0.04081000000000046,2022,50,2022-12-11,2022-12-17,2022,2022-23,11,TRUE
Region 6,202251,4,202303,6.67069,Weighted %ILI,202439,6.67387,0.0031800000000004047,2022,51,2022-12-18,2022-12-24,2022,2022-23,12,TRUE
National,202251,4,202303,6.0267,Weighted %ILI,202439,6.00293,-0.023769999999999847,2022,51,2022-12-18,2022-12-24,2022,2022-23,12,TRUE
Region 6,202252,4,202304,6.33323,Weighted %ILI,202439,6.33709,0.0038599999999995305,2022,52,2022-12-25,2022-12-31,2022,2022-23,13,TRUE
National,202252,4,202304,5.38555,Weighted %ILI,202439,5.33838,-0.04717000000000038,2022,52,2022-12-25,2022-12-31,2022,2022-23,13,TRUE
Region 6,202301,4,202305,4.96159,Weighted %ILI,202439,4.96587,0.0042799999999996174,2023,1,2023-01-01,2023-01-07,2022,2022-23,14,TRUE
National,202301,4,202305,4.02347,Weighted %ILI,202439,3.93482,-0.08864999999999945,2023,1,2023-01-01,2023-01-07,2022,2022-23,14,TRUE
Region 6,202302,4,202306,3.74814,Weighted %ILI,202439,3.75259,0.004450000000000287,2023,2,2023-01-08,2023-01-14,2022,2022-23,15,TRUE
National,202302,4,202306,3.00324,Weighted %ILI,202439,2.94553,-0.057709999999999706,2023,2,2023-01-08,2023-01-14,2022,2022-23,15,TRUE
Region 6,202303,4,202307,3.4154,Weighted %ILI,202439,3.42256,0.007159999999999833,2023,3,2023-01-15,2023-01-21,2022,2022-23,16,TRUE
National,202303,4,202307,2.68522,Weighted %ILI,202439,2.63811,-0.047109999999999985,2023,3,2023-01-15,2023-01-21,2022,2022-23,16,TRUE
Region 6,202304,4,202308,3.67688,Weighted %ILI,202439,3.70169,0.02481,2023,4,2023-01-22,2023-01-28,2022,2022-23,17,TRUE
National,202304,4,202308,2.66873,Weighted %ILI,202439,2.62522,-0.04350999999999994,2023,4,2023-01-22,2023-01-28,2022,2022-23,17,TRUE
Region 6,202305,4,202309,3.17344,Weighted %ILI,202439,3.16017,-0.013269999999999893,2023,5,2023-01-29,2023-02-04,2022,2022-23,18,TRUE
National,202305,4,202309,2.63161,Weighted %ILI,202439,2.58477,-0.04683999999999999,2023,5,2023-01-29,2023-02-04,2022,2022-23,18,TRUE
Region 6,202306,4,202310,3.0453,Weighted %ILI,202439,3.04066,-0.0046400000000001995,2023,6,2023-02-05,2023-02-11,2022,2022-23,19,TRUE
National,202306,4,202310,2.63804,Weighted %ILI,202439,2.59148,-0.04656000000000038,2023,6,2023-02-05,2023-02-11,2022,2022-23,19,TRUE
Region 6,202307,4,202311,2.92661,Weighted %ILI,202439,2.92535,-0.001260000000000261,2023,7,2023-02-12,2023-02-18,2022,2022-23,20,TRUE
National,202307,4,202311,2.63478,Weighted %ILI,202439,2.5701,-0.06468000000000007,2023,7,2023-02-12,2023-02-18,2022,2022-23,20,TRUE
Region 6,202308,4,202312,2.72215,Weighted %ILI,202439,2.71271,-0.009440000000000115,2023,8,2023-02-19,2023-02-25,2022,2022-23,21,TRUE
National,202308,4,202312,2.58038,Weighted %ILI,202439,2.52707,-0.053309999999999746,2023,8,2023-02-19,2023-02-25,2022,2022-23,21,TRUE
Region 6,202309,4,202313,2.74945,Weighted %ILI,202439,2.75133,0.0018799999999998818,2023,9,2023-02-26,2023-03-04,2022,2022-23,22,TRUE
National,202309,4,202313,2.45521,Weighted %ILI,202439,2.40469,-0.05052000000000012,2023,9,2023-02-26,2023-03-04,2022,2022-23,22,TRUE
Region 6,202310,4,202314,2.67109,Weighted %ILI,202439,2.68354,0.01244999999999985,2023,10,2023-03-05,2023-03-11,2022,2022-23,23,TRUE
National,202310,4,202314,2.39412,Weighted %ILI,202439,2.3571,-0.03702000000000005,2023,10,2023-03-05,2023-03-11,2022,2022-23,23,TRUE
Region 6,202311,4,202315,2.3292,Weighted %ILI,202439,2.3325,0.0032999999999998586,2023,11,2023-03-12,2023-03-18,2022,2022-23,24,TRUE
National,202311,4,202315,2.39361,Weighted %ILI,202439,2.3545,-0.03910999999999998,2023,11,2023-03-12,2023-03-18,2022,2022-23,24,TRUE
Region 6,202312,4,202316,2.20091,Weighted %ILI,202439,2.21217,0.011260000000000048,2023,12,2023-03-19,2023-03-25,2022,2022-23,25,TRUE
National,202312,4,202316,2.32072,Weighted %ILI,202439,2.31096,-0.009759999999999991,2023,12,2023-03-19,2023-03-25,2022,2022-23,25,TRUE
Region 6,202313,4,202317,2.26624,Weighted %ILI,202439,2.27809,0.01185000000000036,2023,13,2023-03-26,2023-04-01,2022,2022-23,26,TRUE
National,202313,4,202317,2.29918,Weighted %ILI,202439,2.25771,-0.041469999999999896,2023,13,2023-03-26,2023-04-01,2022,2022-23,26,TRUE
Region 6,202314,4,202318,2.33144,Weighted %ILI,202439,2.33443,0.002989999999999604,2023,14,2023-04-02,2023-04-08,2022,2022-23,27,TRUE
National,202314,4,202318,2.17241,Weighted %ILI,202439,2.12953,-0.04288000000000025,2023,14,2023-04-02,2023-04-08,2022,2022-23,27,TRUE
Region 6,202315,4,202319,2.28967,Weighted %ILI,202439,2.28709,-0.0025800000000000267,2023,15,2023-04-09,2023-04-15,2022,2022-23,28,TRUE
National,202315,4,202319,2.05246,Weighted %ILI,202439,2.01047,-0.04198999999999975,2023,15,2023-04-09,2023-04-15,2022,2022-23,28,TRUE
Region 6,202316,4,202320,2.34903,Weighted %ILI,202439,2.34276,-0.006269999999999776,2023,16,2023-04-16,2023-04-22,2022,2022-23,29,TRUE
National,202316,4,202320,1.9583,Weighted %ILI,202439,1.90776,-0.05054000000000003,2023,16,2023-04-16,2023-04-22,2022,2022-23,29,TRUE
Region 6,202317,4,202321,2.29628,Weighted %ILI,202439,2.28899,-0.007289999999999797,2023,17,2023-04-23,2023-04-29,2022,2022-23,30,TRUE
National,202317,4,202321,1.96127,Weighted %ILI,202439,1.90393,-0.05734000000000017,2023,17,2023-04-23,2023-04-29,2022,2022-23,30,TRUE
Region 6,202318,4,202322,2.51029,Weighted %ILI,202439,2.49856,-0.011730000000000018,2023,18,2023-04-30,2023-05-06,2022,2022-23,31,TRUE
National,202318,4,202322,2.00944,Weighted %ILI,202439,1.93608,-0.07336000000000009,2023,18,2023-04-30,2023-05-06,2022,2022-23,31,TRUE
Region 6,202319,4,202323,2.19669,Weighted %ILI,202439,2.19318,-0.003509999999999902,2023,19,2023-05-07,2023-05-13,2022,2022-23,32,TRUE
National,202319,4,202323,1.96596,Weighted %ILI,202439,1.90846,-0.057499999999999885,2023,19,2023-05-07,2023-05-13,2022,2022-23,32,TRUE
Region 6,202320,4,202324,2.23345,Weighted %ILI,202439,2.22375,-0.009700000000000042,2023,20,2023-05-14,2023-05-20,2022,2022-23,33,TRUE
National,202320,4,202324,1.92838,Weighted %ILI,202439,1.88236,-0.04601999999999995,2023,20,2023-05-14,2023-05-20,2022,2022-23,33,TRUE
Region 6,202321,4,202325,2.1403,Weighted %ILI,202439,2.14453,0.004230000000000178,2023,21,2023-05-21,2023-05-27,2022,2022-23,34,TRUE
National,202321,4,202325,1.88379,Weighted %ILI,202439,1.83328,-0.050510000000000055,2023,21,2023-05-21,2023-05-27,2022,2022-23,34,TRUE
Region 6,202322,4,202326,1.90821,Weighted %ILI,202439,1.90977,0.0015600000000000058,2023,22,2023-05-28,2023-06-03,2022,2022-23,35,TRUE
National,202322,4,202326,1.91146,Weighted %ILI,202439,1.83857,-0.0728899999999999,2023,22,2023-05-28,2023-06-03,2022,2022-23,35,TRUE
Region 6,202323,4,202327,1.28602,Weighted %ILI,202439,1.28743,0.0014100000000001334,2023,23,2023-06-04,2023-06-10,2022,2022-23,36,TRUE
National,202323,4,202327,1.64556,Weighted %ILI,202439,1.57748,-0.06807999999999992,2023,23,2023-06-04,2023-06-10,2022,2022-23,36,TRUE
Region 6,202324,4,202328,1.34605,Weighted %ILI,202439,1.34261,-0.0034399999999998876,2023,24,2023-06-11,2023-06-17,2022,2022-23,37,TRUE
National,202324,4,202328,1.53295,Weighted %ILI,202439,1.48614,-0.04681000000000002,2023,24,2023-06-11,2023-06-17,2022,2022-23,37,TRUE
Region 6,202325,4,202329,1.15203,Weighted %ILI,202439,1.15562,0.003589999999999982,2023,25,2023-06-18,2023-06-24,2022,2022-23,38,TRUE
National,202325,4,202329,1.37277,Weighted %ILI,202439,1.36472,-0.008050000000000113,2023,25,2023-06-18,2023-06-24,2022,2022-23,38,TRUE
Region 6,202326,4,202330,1.26156,Weighted %ILI,202439,1.26393,0.0023699999999999832,2023,26,2023-06-25,2023-07-01,2022,2022-23,39,TRUE
National,202326,4,202330,1.28177,Weighted %ILI,202439,1.27095,-0.010820000000000052,2023,26,2023-06-25,2023-07-01,2022,2022-23,39,TRUE
Region 6,202327,4,202331,1.19697,Weighted %ILI,202439,1.19416,-0.002809999999999979,2023,27,2023-07-02,2023-07-08,2022,2022-23,40,TRUE
National,202327,4,202331,1.24093,Weighted %ILI,202439,1.22553,-0.01540000000000008,2023,27,2023-07-02,2023-07-08,2022,2022-23,40,TRUE
Region 6,202328,4,202332,1.23375,Weighted %ILI,202439,1.23386,1.100000000000545e-4,2023,28,2023-07-09,2023-07-15,2022,2022-23,41,TRUE
National,202328,4,202332,1.16543,Weighted %ILI,202439,1.15793,-0.007500000000000062,2023,28,2023-07-09,2023-07-15,2022,2022-23,41,TRUE
Region 6,202329,4,202333,1.09192,Weighted %ILI,202439,1.09263,7.099999999999884e-4,2023,29,2023-07-16,2023-07-22,2022,2022-23,42,TRUE
National,202329,4,202333,1.13285,Weighted %ILI,202439,1.12685,-0.006000000000000005,2023,29,2023-07-16,2023-07-22,2022,2022-23,42,TRUE
Region 6,202330,4,202334,1.19647,Weighted %ILI,202439,1.19759,0.0011200000000000099,2023,30,2023-07-23,2023-07-29,2022,2022-23,43,TRUE
National,202330,4,202334,1.17456,Weighted %ILI,202439,1.16805,-0.006510000000000016,2023,30,2023-07-23,2023-07-29,2022,2022-23,43,TRUE
Region 6,202331,4,202335,1.35875,Weighted %ILI,202439,1.35734,-0.0014099999999999113,2023,31,2023-07-30,2023-08-05,2022,2022-23,44,TRUE
National,202331,4,202335,1.21448,Weighted %ILI,202439,1.20299,-0.01149,2023,31,2023-07-30,2023-08-05,2022,2022-23,44,TRUE
Region 6,202332,4,202336,1.45996,Weighted %ILI,202439,1.46102,0.001060000000000061,2023,32,2023-08-06,2023-08-12,2022,2022-23,45,TRUE
National,202332,4,202336,1.28528,Weighted %ILI,202439,1.27357,-0.011709999999999887,2023,32,2023-08-06,2023-08-12,2022,2022-23,45,TRUE
Region 6,202333,4,202337,1.78333,Weighted %ILI,202439,1.7849,0.0015699999999998493,2023,33,2023-08-13,2023-08-19,2022,2022-23,46,TRUE
National,202333,4,202337,1.46264,Weighted %ILI,202439,1.44821,-0.014429999999999943,2023,33,2023-08-13,2023-08-19,2022,2022-23,46,TRUE
Region 6,202334,4,202338,2.26368,Weighted %ILI,202439,2.26527,0.0015900000000002024,2023,34,2023-08-20,2023-08-26,2022,2022-23,47,TRUE
National,202334,4,202338,1.72434,Weighted %ILI,202439,1.70391,-0.020429999999999948,2023,34,2023-08-20,2023-08-26,2022,2022-23,47,TRUE
Region 6,202335,4,202339,3.25924,Weighted %ILI,202439,3.26193,0.002689999999999859,2023,35,2023-08-27,2023-09-02,2022,2022-23,48,TRUE
National,202335,4,202339,1.96196,Weighted %ILI,202439,1.93305,-0.02890999999999999,2023,35,2023-08-27,2023-09-02,2022,2022-23,48,TRUE
Region 6,202336,4,202340,3.27039,Weighted %ILI,202439,3.27047,8.000000000008001e-5,2023,36,2023-09-03,2023-09-09,2022,2022-23,49,TRUE
National,202336,4,202340,2.01453,Weighted %ILI,202439,2.00204,-0.012490000000000112,2023,36,2023-09-03,2023-09-09,2022,2022-23,49,TRUE
Region 6,202337,4,202341,2.72577,Weighted %ILI,202439,2.72582,5.000000000032756e-5,2023,37,2023-09-10,2023-09-16,2022,2022-23,50,TRUE
National,202337,4,202341,1.94812,Weighted %ILI,202439,1.94047,-0.007650000000000157,2023,37,2023-09-10,2023-09-16,2022,2022-23,50,TRUE
Region 6,202338,4,202342,2.1225,Weighted %ILI,202439,2.1524,0.029900000000000038,2023,38,2023-09-17,2023-09-23,2022,2022-23,51,TRUE
National,202338,4,202342,2.02741,Weighted %ILI,202439,2.03761,0.010199999999999765,2023,38,2023-09-17,2023-09-23,2022,2022-23,51,TRUE
Region 6,202339,4,202343,2.42328,Weighted %ILI,202439,2.43043,0.007149999999999768,2023,39,2023-09-24,2023-09-30,2022,2022-23,52,TRUE
National,202339,4,202343,2.1028,Weighted %ILI,202439,2.0899200000000002,-0.012879999999999558,2023,39,2023-09-24,2023-09-30,2022,2022-23,52,TRUE
Region 6,202340,4,202344,2.78095,Weighted %ILI,202538,2.96845,0.1875,2023,40,2023-10-01,2023-10-07,2023,2023-24,1,TRUE
National,202340,4,202344,2.25806,Weighted %ILI,202538,2.27908,0.02102000000000004,2023,40,2023-10-01,2023-10-07,2023,2023-24,1,TRUE
Region 6,202341,4,202345,2.8397,Weighted %ILI,202538,3.01509,0.1753899999999997,2023,41,2023-10-08,2023-10-14,2023,2023-24,2,TRUE
National,202341,4,202345,2.29191,Weighted %ILI,202538,2.33755,0.04563999999999968,2023,41,2023-10-08,2023-10-14,2023,2023-24,2,TRUE
Region 6,202342,4,202346,3.3023,Weighted %ILI,202538,3.50292,0.20062000000000024,2023,42,2023-10-15,2023-10-21,2023,2023-24,3,TRUE
National,202342,4,202346,2.50644,Weighted %ILI,202538,2.52242,0.015979999999999883,2023,42,2023-10-15,2023-10-21,2023,2023-24,3,TRUE
Region 6,202343,4,202347,3.56865,Weighted %ILI,202538,3.75354,0.18489000000000022,2023,43,2023-10-22,2023-10-28,2023,2023-24,4,TRUE
National,202343,4,202347,2.70377,Weighted %ILI,202538,2.71275,0.00898000000000021,2023,43,2023-10-22,2023-10-28,2023,2023-24,4,TRUE
Region 6,202344,4,202348,3.99118,Weighted %ILI,202538,4.16146,0.17028,2023,44,2023-10-29,2023-11-04,2023,2023-24,5,TRUE
National,202344,4,202348,2.96361,Weighted %ILI,202538,2.94538,-0.01822999999999997,2023,44,2023-10-29,2023-11-04,2023,2023-24,5,TRUE
Region 6,202345,4,202349,5.09327,Weighted %ILI,202538,5.12307,0.029799999999999827,2023,45,2023-11-05,2023-11-11,2023,2023-24,6,TRUE
National,202345,4,202349,3.4445,Weighted %ILI,202538,3.40957,-0.03493000000000013,2023,45,2023-11-05,2023-11-11,2023,2023-24,6,TRUE
Region 6,202346,4,202350,5.4123,Weighted %ILI,202538,5.68855,0.2762500000000001,2023,46,2023-11-12,2023-11-18,2023,2023-24,7,TRUE
National,202346,4,202350,3.69364,Weighted %ILI,202538,3.6903,-0.0033399999999996766,2023,46,2023-11-12,2023-11-18,2023,2023-24,7,TRUE
Region 6,202347,4,202351,5.72734,Weighted %ILI,202538,5.9659,0.23856000000000055,2023,47,2023-11-19,2023-11-25,2023,2023-24,8,TRUE
National,202347,4,202351,3.92824,Weighted %ILI,202538,3.92958,0.0013399999999998968,2023,47,2023-11-19,2023-11-25,2023,2023-24,8,TRUE
Region 6,202348,4,202352,5.62442,Weighted %ILI,202538,5.63983,0.015410000000000146,2023,48,2023-11-26,2023-12-02,2023,2023-24,9,TRUE
National,202348,4,202352,4.06944,Weighted %ILI,202538,4.03334,-0.03610000000000024,2023,48,2023-11-26,2023-12-02,2023,2023-24,9,TRUE
Region 6,202349,4,202401,6.04211,Weighted %ILI,202538,6.07051,0.028399999999999537,2023,49,2023-12-03,2023-12-09,2023,2023-24,10,TRUE
National,202349,4,202401,4.41796,Weighted %ILI,202538,4.38382,-0.03413999999999984,2023,49,2023-12-03,2023-12-09,2023,2023-24,10,TRUE
Region 6,202350,4,202402,7.09859,Weighted %ILI,202538,7.11576,0.01717000000000013,2023,50,2023-12-10,2023-12-16,2023,2023-24,11,TRUE
National,202350,4,202402,5.22833,Weighted %ILI,202538,5.18426,-0.04406999999999961,2023,50,2023-12-10,2023-12-16,2023,2023-24,11,TRUE
Region 6,202351,4,202403,8.29258,Weighted %ILI,202538,8.2941,0.001520000000001076,2023,51,2023-12-17,2023-12-23,2023,2023-24,12,TRUE
National,202351,4,202403,6.29858,Weighted %ILI,202538,6.23157,-0.06701000000000068,2023,51,2023-12-17,2023-12-23,2023,2023-24,12,TRUE
Region 6,202352,4,202404,7.77326,Weighted %ILI,202538,7.77249,-7.699999999992713e-4,2023,52,2023-12-24,2023-12-30,2023,2023-24,13,TRUE
National,202352,4,202404,6.86211,Weighted %ILI,202538,6.7962,-0.06591000000000058,2023,52,2023-12-24,2023-12-30,2023,2023-24,13,TRUE
Region 6,202401,4,202405,7.365,Weighted %ILI,202538,7.36716,0.0021599999999999397,2024,1,2023-12-31,2024-01-06,2023,2023-24,14,TRUE
National,202401,4,202405,5.77719,Weighted %ILI,202538,5.71536,-0.06182999999999961,2024,1,2023-12-31,2024-01-06,2023,2023-24,14,TRUE
Region 6,202402,4,202406,5.6442,Weighted %ILI,202538,5.67615,0.031950000000000145,2024,2,2024-01-07,2024-01-13,2023,2023-24,15,TRUE
National,202402,4,202406,4.71313,Weighted %ILI,202538,4.66576,-0.04736999999999991,2024,2,2024-01-07,2024-01-13,2023,2023-24,15,TRUE
Region 6,202403,4,202407,5.97149,Weighted %ILI,202538,5.99755,0.026060000000000194,2024,3,2024-01-14,2024-01-20,2023,2023-24,16,TRUE
National,202403,4,202407,4.37697,Weighted %ILI,202538,4.32446,-0.052509999999999835,2024,3,2024-01-14,2024-01-20,2023,2023-24,16,TRUE
Region 6,202404,4,202408,6.74299,Weighted %ILI,202538,6.78314,0.040150000000000574,2024,4,2024-01-21,2024-01-27,2023,2023-24,17,TRUE
National,202404,4,202408,4.29234,Weighted %ILI,202538,4.22972,-0.0626199999999999,2024,4,2024-01-21,2024-01-27,2023,2023-24,17,TRUE
Region 6,202405,4,202409,7.72903,Weighted %ILI,202538,7.75475,0.025719999999999743,2024,5,2024-01-28,2024-02-03,2023,2023-24,18,TRUE
National,202405,4,202409,4.46799,Weighted %ILI,202538,4.42065,-0.04734000000000016,2024,5,2024-01-28,2024-02-03,2023,2023-24,18,TRUE
Region 6,202406,4,202410,7.03655,Weighted %ILI,202538,7.03665,9.999999999976694e-5,2024,6,2024-02-04,2024-02-10,2023,2023-24,19,TRUE
National,202406,4,202410,4.51179,Weighted %ILI,202538,4.45705,-0.05474000000000068,2024,6,2024-02-04,2024-02-10,2023,2023-24,19,TRUE
Region 6,202407,4,202411,6.16546,Weighted %ILI,202538,6.18286,0.017399999999999416,2024,7,2024-02-11,2024-02-17,2023,2023-24,20,TRUE
National,202407,4,202411,4.40783,Weighted %ILI,202538,4.35511,-0.05271999999999988,2024,7,2024-02-11,2024-02-17,2023,2023-24,20,TRUE
Region 6,202408,4,202412,5.5951,Weighted %ILI,202538,5.62229,0.02718999999999916,2024,8,2024-02-18,2024-02-24,2023,2023-24,21,TRUE
National,202408,4,202412,4.38232,Weighted %ILI,202538,4.33545,-0.04687000000000019,2024,8,2024-02-18,2024-02-24,2023,2023-24,21,TRUE
Region 6,202409,4,202413,4.85129,Weighted %ILI,202538,4.8813,0.03001000000000076,2024,9,2024-02-25,2024-03-02,2023,2023-24,22,TRUE
National,202409,4,202413,4.10117,Weighted %ILI,202538,4.0587,-0.042469999999999786,2024,9,2024-02-25,2024-03-02,2023,2023-24,22,TRUE
Region 6,202410,4,202414,4.55276,Weighted %ILI,202538,4.59458,0.041819999999999524,2024,10,2024-03-03,2024-03-09,2023,2023-24,23,TRUE
National,202410,4,202414,3.75122,Weighted %ILI,202538,3.72797,-0.023249999999999993,2024,10,2024-03-03,2024-03-09,2023,2023-24,23,TRUE
Region 6,202411,4,202415,4.3257,Weighted %ILI,202538,4.30048,-0.02522000000000002,2024,11,2024-03-10,2024-03-16,2023,2023-24,24,TRUE
National,202411,4,202415,3.43332,Weighted %ILI,202538,3.39722,-0.03610000000000024,2024,11,2024-03-10,2024-03-16,2023,2023-24,24,TRUE
Region 6,202412,4,202416,3.41964,Weighted %ILI,202538,3.44709,0.02745000000000042,2024,12,2024-03-17,2024-03-23,2023,2023-24,25,TRUE
National,202412,4,202416,3.1062,Weighted %ILI,202538,3.08528,-0.020919999999999828,2024,12,2024-03-17,2024-03-23,2023,2023-24,25,TRUE
Region 6,202413,4,202417,3.32027,Weighted %ILI,202538,3.3403,0.020030000000000214,2024,13,2024-03-24,2024-03-30,2023,2023-24,26,TRUE
National,202413,4,202417,2.9835,Weighted %ILI,202538,2.97703,-0.006469999999999754,2024,13,2024-03-24,2024-03-30,2023,2023-24,26,TRUE
Region 6,202414,4,202418,2.97095,Weighted %ILI,202538,2.99283,0.0218799999999999,2024,14,2024-03-31,2024-04-06,2023,2023-24,27,TRUE
National,202414,4,202418,2.78701,Weighted %ILI,202538,2.76586,-0.021150000000000002,2024,14,2024-03-31,2024-04-06,2023,2023-24,27,TRUE
Region 6,202415,4,202419,2.98029,Weighted %ILI,202538,3.03666,0.05636999999999981,2024,15,2024-04-07,2024-04-13,2023,2023-24,28,TRUE
National,202415,4,202419,2.54455,Weighted %ILI,202538,2.53824,-0.006310000000000038,2024,15,2024-04-07,2024-04-13,2023,2023-24,28,TRUE
Region 6,202416,4,202420,2.6474,Weighted %ILI,202538,2.67669,0.029289999999999594,2024,16,2024-04-14,2024-04-20,2023,2023-24,29,TRUE
National,202416,4,202420,2.26286,Weighted %ILI,202538,2.24747,-0.015390000000000015,2024,16,2024-04-14,2024-04-20,2023,2023-24,29,TRUE
Region 6,202417,4,202421,2.57426,Weighted %ILI,202538,2.5943,0.020039999999999836,2024,17,2024-04-21,2024-04-27,2023,2023-24,30,TRUE
National,202417,4,202421,2.20681,Weighted %ILI,202538,2.19144,-0.015369999999999884,2024,17,2024-04-21,2024-04-27,2023,2023-24,30,TRUE
Region 6,202418,4,202422,2.54924,Weighted %ILI,202538,2.56249,0.013249999999999762,2024,18,2024-04-28,2024-05-04,2023,2023-24,31,TRUE
National,202418,4,202422,2.12262,Weighted %ILI,202538,2.09931,-0.023309999999999942,2024,18,2024-04-28,2024-05-04,2023,2023-24,31,TRUE
Region 6,202419,4,202423,2.49977,Weighted %ILI,202538,2.50847,0.008700000000000152,2024,19,2024-05-05,2024-05-11,2023,2023-24,32,TRUE
National,202419,4,202423,2.03071,Weighted %ILI,202538,2.00488,-0.02583000000000002,2024,19,2024-05-05,2024-05-11,2023,2023-24,32,TRUE
Region 6,202420,4,202424,2.36828,Weighted %ILI,202538,2.36616,-0.002120000000000122,2024,20,2024-05-12,2024-05-18,2023,2023-24,33,TRUE
National,202420,4,202424,1.99793,Weighted %ILI,202538,1.97657,-0.021360000000000046,2024,20,2024-05-12,2024-05-18,2023,2023-24,33,TRUE
Region 6,202421,4,202425,2.23572,Weighted %ILI,202538,2.36158,0.12585999999999986,2024,21,2024-05-19,2024-05-25,2023,2023-24,34,TRUE
National,202421,4,202425,1.9151,Weighted %ILI,202538,1.90707,-0.008029999999999982,2024,21,2024-05-19,2024-05-25,2023,2023-24,34,TRUE
Region 6,202422,4,202426,2.2095,Weighted %ILI,202538,2.20221,-0.007289999999999797,2024,22,2024-05-26,2024-06-01,2023,2023-24,35,TRUE
National,202422,4,202426,1.90329,Weighted %ILI,202538,1.87651,-0.026780000000000026,2024,22,2024-05-26,2024-06-01,2023,2023-24,35,TRUE
Region 6,202423,4,202427,1.84242,Weighted %ILI,202538,1.84052,-0.0019000000000000128,2024,23,2024-06-02,2024-06-08,2023,2023-24,36,TRUE
National,202423,4,202427,1.68337,Weighted %ILI,202538,1.66065,-0.022720000000000073,2024,23,2024-06-02,2024-06-08,2023,2023-24,36,TRUE
Region 6,202424,4,202428,1.90923,Weighted %ILI,202538,1.91149,0.0022599999999999287,2024,24,2024-06-09,2024-06-15,2023,2023-24,37,TRUE
National,202424,4,202428,1.60359,Weighted %ILI,202538,1.58178,-0.021810000000000107,2024,24,2024-06-09,2024-06-15,2023,2023-24,37,TRUE
Region 6,202425,4,202429,1.71346,Weighted %ILI,202538,1.72322,0.009759999999999991,2024,25,2024-06-16,2024-06-22,2023,2023-24,38,TRUE
National,202425,4,202429,1.51243,Weighted %ILI,202538,1.49244,-0.019989999999999952,2024,25,2024-06-16,2024-06-22,2023,2023-24,38,TRUE
Region 6,202426,4,202430,1.71054,Weighted %ILI,202538,1.71962,0.009079999999999977,2024,26,2024-06-23,2024-06-29,2023,2023-24,39,TRUE
National,202426,4,202430,1.48853,Weighted %ILI,202538,1.4663,-0.022229999999999972,2024,26,2024-06-23,2024-06-29,2023,2023-24,39,TRUE
Region 6,202427,4,202431,1.37018,Weighted %ILI,202538,1.38139,0.011209999999999942,2024,27,2024-06-30,2024-07-06,2023,2023-24,40,TRUE
National,202427,4,202431,1.39634,Weighted %ILI,202538,1.37639,-0.019949999999999912,2024,27,2024-06-30,2024-07-06,2023,2023-24,40,TRUE
Region 6,202428,4,202432,1.83289,Weighted %ILI,202538,1.84804,0.015149999999999997,2024,28,2024-07-07,2024-07-13,2023,2023-24,41,TRUE
National,202428,4,202432,1.45839,Weighted %ILI,202538,1.45548,-0.002909999999999968,2024,28,2024-07-07,2024-07-13,2023,2023-24,41,TRUE
Region 6,202429,4,202433,1.92539,Weighted %ILI,202538,1.9343,0.008909999999999973,2024,29,2024-07-14,2024-07-20,2023,2023-24,42,TRUE
National,202429,4,202433,1.45455,Weighted %ILI,202538,1.45233,-0.0022200000000001108,2024,29,2024-07-14,2024-07-20,2023,2023-24,42,TRUE
Region 6,202430,4,202434,2.14565,Weighted %ILI,202538,2.14847,0.0028200000000002667,2024,30,2024-07-21,2024-07-27,2023,2023-24,43,TRUE
National,202430,4,202434,1.52601,Weighted %ILI,202538,1.52211,-0.0039000000000000146,2024,30,2024-07-21,2024-07-27,2023,2023-24,43,TRUE
Region 6,202431,4,202435,2.09195,Weighted %ILI,202538,2.09273,7.799999999997809e-4,2024,31,2024-07-28,2024-08-03,2023,2023-24,44,TRUE
National,202431,4,202435,1.53739,Weighted %ILI,202538,1.53543,-0.0019599999999999618,2024,31,2024-07-28,2024-08-03,2023,2023-24,44,TRUE
Region 6,202432,4,202436,2.09452,Weighted %ILI,202538,2.09452,0,2024,32,2024-08-04,2024-08-10,2023,2023-24,45,TRUE
National,202432,4,202436,1.5398,Weighted %ILI,202538,1.53984,4.0000000000040004e-5,2024,32,2024-08-04,2024-08-10,2023,2023-24,45,TRUE
Region 6,202433,4,202437,1.95709,Weighted %ILI,202538,1.95709,0,2024,33,2024-08-11,2024-08-17,2023,2023-24,46,TRUE
National,202433,4,202437,1.56635,Weighted %ILI,202538,1.56577,-5.799999999998029e-4,2024,33,2024-08-11,2024-08-17,2023,2023-24,46,TRUE
Region 6,202434,4,202438,2.5142,Weighted %ILI,202538,2.5142,0,2024,34,2024-08-18,2024-08-24,2023,2023-24,47,TRUE
National,202434,4,202438,1.76661,Weighted %ILI,202538,1.76988,0.003269999999999884,2024,34,2024-08-18,2024-08-24,2023,2023-24,47,TRUE
Region 6,202435,4,202439,3.21711,Weighted %ILI,202538,3.21711,0,2024,35,2024-08-25,2024-08-31,2023,2023-24,48,TRUE
National,202435,4,202439,1.93481,Weighted %ILI,202538,1.93414,-6.699999999999484e-4,2024,35,2024-08-25,2024-08-31,2023,2023-24,48,TRUE
Region 6,202436,4,202440,2.69289,Weighted %ILI,202538,2.69289,0,2024,36,2024-09-01,2024-09-07,2023,2023-24,49,TRUE
National,202436,4,202440,1.92359,Weighted %ILI,202538,1.9202,-0.003390000000000004,2024,36,2024-09-01,2024-09-07,2023,2023-24,49,TRUE
Region 6,202437,4,202441,2.62713,Weighted %ILI,202538,2.62713,0,2024,37,2024-09-08,2024-09-14,2023,2023-24,50,TRUE
National,202437,4,202441,1.9624,Weighted %ILI,202538,1.95528,-0.007120000000000015,2024,37,2024-09-08,2024-09-14,2023,2023-24,50,TRUE
Region 6,202438,4,202442,2.35766,Weighted %ILI,202538,2.35766,0,2024,38,2024-09-15,2024-09-21,2023,2023-24,51,TRUE
National,202438,4,202442,1.95937,Weighted %ILI,202538,1.95303,-0.006340000000000012,2024,38,2024-09-15,2024-09-21,2023,2023-24,51,TRUE
Region 6,202439,4,202443,2.19249,Weighted %ILI,202538,2.19249,0,2024,39,2024-09-22,2024-09-28,2023,2023-24,52,TRUE
National,202439,4,202443,1.93427,Weighted %ILI,202538,1.93495,6.800000000000139e-4,2024,39,2024-09-22,2024-09-28,2023,2023-24,52,TRUE
Region 6,202440,4,202444,2.50123,Weighted %ILI,202638,2.17716,-0.32406999999999986,2024,40,2024-09-29,2024-10-05,2024,2024-25,1,TRUE
National,202440,4,202444,1.95382,Weighted %ILI,202638,1.90509,-0.04872999999999994,2024,40,2024-09-29,2024-10-05,2024,2024-25,1,TRUE
Region 6,202441,4,202445,2.5411,Weighted %ILI,202638,2.24314,-0.2979600000000002,2024,41,2024-10-06,2024-10-12,2024,2024-25,2,TRUE
National,202441,4,202445,2.07167,Weighted %ILI,202638,2.02014,-0.051530000000000076,2024,41,2024-10-06,2024-10-12,2024,2024-25,2,TRUE
Region 6,202442,4,202446,2.34211,Weighted %ILI,202638,2.14256,-0.1995499999999999,2024,42,2024-10-13,2024-10-19,2024,2024-25,3,TRUE
National,202442,4,202446,2.10609,Weighted %ILI,202638,2.07037,-0.035719999999999974,2024,42,2024-10-13,2024-10-19,2024,2024-25,3,TRUE
Region 6,202443,4,202447,2.49402,Weighted %ILI,202638,2.27193,-0.22209000000000012,2024,43,2024-10-20,2024-10-26,2024,2024-25,4,TRUE
National,202443,4,202447,2.25594,Weighted %ILI,202638,2.22044,-0.035499999999999865,2024,43,2024-10-20,2024-10-26,2024,2024-25,4,TRUE
Region 6,202444,4,202448,2.71284,Weighted %ILI,202638,2.45152,-0.26132,2024,44,2024-10-27,2024-11-02,2024,2024-25,5,TRUE
National,202444,4,202448,2.36166,Weighted %ILI,202638,2.31725,-0.04441000000000006,2024,44,2024-10-27,2024-11-02,2024,2024-25,5,TRUE
Region 6,202445,4,202449,2.91887,Weighted %ILI,202638,2.56867,-0.35020000000000007,2024,45,2024-11-03,2024-11-09,2024,2024-25,6,TRUE
National,202445,4,202449,2.52649,Weighted %ILI,202638,2.4719,-0.054589999999999694,2024,45,2024-11-03,2024-11-09,2024,2024-25,6,TRUE
Region 6,202446,4,202450,3.46216,Weighted %ILI,202638,3.17814,-0.28401999999999994,2024,46,2024-11-10,2024-11-16,2024,2024-25,7,TRUE
National,202446,4,202450,2.73688,Weighted %ILI,202638,2.6917,-0.04518000000000022,2024,46,2024-11-10,2024-11-16,2024,2024-25,7,TRUE
Region 6,202447,4,202451,3.78638,Weighted %ILI,202638,3.41741,-0.36897,2024,47,2024-11-17,2024-11-23,2024,2024-25,8,TRUE
National,202447,4,202451,2.9423,Weighted %ILI,202638,2.88949,-0.052810000000000024,2024,47,2024-11-17,2024-11-23,2024,2024-25,8,TRUE
Region 6,202448,4,202452,3.85528,Weighted %ILI,202638,3.69207,-0.16320999999999986,2024,48,2024-11-24,2024-11-30,2024,2024-25,9,TRUE
National,202448,4,202452,3.21594,Weighted %ILI,202638,3.18283,-0.03310999999999975,2024,48,2024-11-24,2024-11-30,2024,2024-25,9,TRUE
Region 6,202449,4,202501,3.91483,Weighted %ILI,202638,3.6056,-0.3092299999999999,2024,49,2024-12-01,2024-12-07,2024,2024-25,10,TRUE
National,202449,4,202501,3.3606,Weighted %ILI,202638,3.318,-0.04259999999999975,2024,49,2024-12-01,2024-12-07,2024,2024-25,10,TRUE
Region 6,202450,4,202502,4.51967,Weighted %ILI,202638,4.38606,-0.13361,2024,50,2024-12-08,2024-12-14,2024,2024-25,11,TRUE
National,202450,4,202502,3.80985,Weighted %ILI,202638,3.78793,-0.02192000000000016,2024,50,2024-12-08,2024-12-14,2024,2024-25,11,TRUE
Region 6,202451,4,202503,5.87725,Weighted %ILI,202638,5.86942,-0.007830000000000226,2024,51,2024-12-15,2024-12-21,2024,2024-25,12,TRUE
National,202451,4,202503,4.9125,Weighted %ILI,202638,4.94489,0.03239000000000036,2024,51,2024-12-15,2024-12-21,2024,2024-25,12,TRUE
Region 6,202452,4,202504,7.84666,Weighted %ILI,202638,7.68463,-0.16202999999999967,2024,52,2024-12-22,2024-12-28,2024,2024-25,13,TRUE
National,202452,4,202504,6.76121,Weighted %ILI,202638,6.74349,-0.017719999999999736,2024,52,2024-12-22,2024-12-28,2024,2024-25,13,TRUE
Region 6,202501,4,202505,7.33878,Weighted %ILI,202638,6.69361,-0.6451700000000002,2025,1,2024-12-29,2025-01-04,2024,2024-25,14,TRUE
National,202501,4,202505,6.3318,Weighted %ILI,202638,6.25398,-0.07782,2025,1,2024-12-29,2025-01-04,2024,2024-25,14,TRUE
Region 6,202502,4,202506,6.04449,Weighted %ILI,202638,5.65787,-0.38661999999999974,2025,2,2025-01-05,2025-01-11,2024,2024-25,15,TRUE
National,202502,4,202506,5.35084,Weighted %ILI,202638,5.30512,-0.045720000000000205,2025,2,2025-01-05,2025-01-11,2024,2024-25,15,TRUE
Region 6,202503,4,202507,6.11516,Weighted %ILI,202638,6.04577,-0.06939000000000028,2025,3,2025-01-12,2025-01-18,2024,2024-25,16,TRUE
National,202503,4,202507,5.75999,Weighted %ILI,202638,5.74558,-0.014409999999999812,2025,3,2025-01-12,2025-01-18,2024,2024-25,16,TRUE
Region 6,202504,4,202508,8.10841,Weighted %ILI,202638,8.16387,0.055460000000000065,2025,4,2025-01-19,2025-01-25,2024,2024-25,17,TRUE
National,202504,4,202508,6.97752,Weighted %ILI,202638,6.98693,0.009409999999999918,2025,4,2025-01-19,2025-01-25,2024,2024-25,17,TRUE
Region 6,202505,4,202509,9.97953,Weighted %ILI,202638,10.2722,0.2926699999999993,2025,5,2025-01-26,2025-02-01,2024,2024-25,18,TRUE
National,202505,4,202509,7.75135,Weighted %ILI,202638,7.79898,0.04762999999999984,2025,5,2025-01-26,2025-02-01,2024,2024-25,18,TRUE
Region 6,202506,4,202510,8.65501,Weighted %ILI,202638,8.66758,0.012569999999998416,2025,6,2025-02-02,2025-02-08,2024,2024-25,19,TRUE
National,202506,4,202510,7.82521,Weighted %ILI,202638,7.84378,0.01856999999999953,2025,6,2025-02-02,2025-02-08,2024,2024-25,19,TRUE
Region 6,202507,4,202511,6.20355,Weighted %ILI,202638,6.23912,0.03556999999999988,2025,7,2025-02-09,2025-02-15,2024,2024-25,20,TRUE
National,202507,4,202511,6.93015,Weighted %ILI,202638,6.93692,0.006769999999999499,2025,7,2025-02-09,2025-02-15,2024,2024-25,20,TRUE
Region 6,202508,4,202512,5.92407,Weighted %ILI,202638,5.43816,-0.4859100000000005,2025,8,2025-02-16,2025-02-22,2024,2024-25,21,TRUE
National,202508,4,202512,5.95217,Weighted %ILI,202638,5.90072,-0.051449999999999996,2025,8,2025-02-16,2025-02-22,2024,2024-25,21,TRUE
Region 6,202509,4,202513,5.29656,Weighted %ILI,202638,4.87639,-0.4201700000000006,2025,9,2025-02-23,2025-03-01,2024,2024-25,22,TRUE
National,202509,4,202513,4.9156,Weighted %ILI,202638,4.87406,-0.041540000000000354,2025,9,2025-02-23,2025-03-01,2024,2024-25,22,TRUE
Region 6,202510,4,202514,4.63521,Weighted %ILI,202638,4.33175,-0.3034599999999994,2025,10,2025-03-02,2025-03-08,2024,2024-25,23,TRUE
National,202510,4,202514,4.29769,Weighted %ILI,202638,4.26679,-0.030899999999999928,2025,10,2025-03-02,2025-03-08,2024,2024-25,23,TRUE
Region 6,202511,4,202515,4.1125,Weighted %ILI,202638,3.63752,-0.47497999999999996,2025,11,2025-03-09,2025-03-15,2024,2024-25,24,TRUE
National,202511,4,202515,3.88833,Weighted %ILI,202638,3.81006,-0.07826999999999984,2025,11,2025-03-09,2025-03-15,2024,2024-25,24,TRUE
Region 6,202512,4,202516,3.55761,Weighted %ILI,202638,3.16021,-0.39739999999999975,2025,12,2025-03-16,2025-03-22,2024,2024-25,25,TRUE
National,202512,4,202516,3.31604,Weighted %ILI,202638,3.25232,-0.06372,2025,12,2025-03-16,2025-03-22,2024,2024-25,25,TRUE
Region 6,202513,4,202517,3.15075,Weighted %ILI,202638,2.78595,-0.3647999999999998,2025,13,2025-03-23,2025-03-29,2024,2024-25,26,TRUE
National,202513,4,202517,2.95547,Weighted %ILI,202638,2.89999,-0.055480000000000196,2025,13,2025-03-23,2025-03-29,2024,2024-25,26,TRUE
Region 6,202514,4,202518,2.87542,Weighted %ILI,202638,2.47165,-0.4037700000000002,2025,14,2025-03-30,2025-04-05,2024,2024-25,27,TRUE
National,202514,4,202518,2.6204,Weighted %ILI,202638,2.56142,-0.05898000000000003,2025,14,2025-03-30,2025-04-05,2024,2024-25,27,TRUE
Region 6,202515,4,202519,2.91624,Weighted %ILI,202638,2.50516,-0.4110800000000001,2025,15,2025-04-06,2025-04-12,2024,2024-25,28,TRUE
National,202515,4,202519,2.46702,Weighted %ILI,202638,2.41066,-0.05636000000000019,2025,15,2025-04-06,2025-04-12,2024,2024-25,28,TRUE
Region 6,202516,4,202520,2.56784,Weighted %ILI,202638,2.47863,-0.08921000000000001,2025,16,2025-04-13,2025-04-19,2024,2024-25,29,TRUE
National,202516,4,202520,2.27459,Weighted %ILI,202638,2.26966,-0.004929999999999879,2025,16,2025-04-13,2025-04-19,2024,2024-25,29,TRUE
Region 6,202517,4,202521,2.89282,Weighted %ILI,202638,2.45027,-0.4425499999999998,2025,17,2025-04-20,2025-04-26,2024,2024-25,30,TRUE
National,202517,4,202521,2.21983,Weighted %ILI,202638,2.16654,-0.05329000000000006,2025,17,2025-04-20,2025-04-26,2024,2024-25,30,TRUE
Region 6,202518,4,202522,2.67059,Weighted %ILI,202638,2.19069,-0.47989999999999977,2025,18,2025-04-27,2025-05-03,2024,2024-25,31,TRUE
National,202518,4,202522,2.05143,Weighted %ILI,202638,1.99958,-0.05184999999999995,2025,18,2025-04-27,2025-05-03,2024,2024-25,31,TRUE
Region 6,202519,4,202523,2.50519,Weighted %ILI,202638,2.02462,-0.4805699999999997,2025,19,2025-05-04,2025-05-10,2024,2024-25,32,TRUE
National,202519,4,202523,1.95472,Weighted %ILI,202638,1.89657,-0.058149999999999924,2025,19,2025-05-04,2025-05-10,2024,2024-25,32,TRUE
Region 6,202520,4,202524,2.59945,Weighted %ILI,202638,2.10074,-0.49871,2025,20,2025-05-11,2025-05-17,2024,2024-25,33,TRUE
National,202520,4,202524,1.92539,Weighted %ILI,202638,1.86402,-0.061369999999999925,2025,20,2025-05-11,2025-05-17,2024,2024-25,33,TRUE
Region 6,202521,4,202525,2.40345,Weighted %ILI,202638,1.9397,-0.4637499999999999,2025,21,2025-05-18,2025-05-24,2024,2024-25,34,TRUE
National,202521,4,202525,1.87338,Weighted %ILI,202638,1.8161,-0.05728,2025,21,2025-05-18,2025-05-24,2024,2024-25,34,TRUE
Region 6,202522,4,202526,2.34582,Weighted %ILI,202638,1.87546,-0.4703599999999999,2025,22,2025-05-25,2025-05-31,2024,2024-25,35,TRUE
National,202522,4,202526,1.88824,Weighted %ILI,202638,1.82615,-0.06208999999999998,2025,22,2025-05-25,2025-05-31,2024,2024-25,35,TRUE
Region 6,202523,4,202527,1.9205,Weighted %ILI,202638,1.55942,-0.36108000000000007,2025,23,2025-06-01,2025-06-07,2024,2024-25,36,TRUE
National,202523,4,202527,1.64851,Weighted %ILI,202638,1.6042,-0.04430999999999985,2025,23,2025-06-01,2025-06-07,2024,2024-25,36,TRUE
Region 6,202524,4,202528,1.29029,Weighted %ILI,202638,1.29305,0.0027600000000000957,2025,24,2025-06-08,2025-06-14,2024,2024-25,37,TRUE
National,202524,4,202528,1.40493,Weighted %ILI,202638,1.4049,-2.999999999997449e-5,2025,24,2025-06-08,2025-06-14,2024,2024-25,37,TRUE
Region 6,202525,4,202529,1.23672,Weighted %ILI,202638,1.23717,4.5000000000006146e-4,2025,25,2025-06-15,2025-06-21,2024,2024-25,38,TRUE
National,202525,4,202529,1.31882,Weighted %ILI,202638,1.31999,0.0011699999999998933,2025,25,2025-06-15,2025-06-21,2024,2024-25,38,TRUE
Region 6,202526,4,202530,1.02663,Weighted %ILI,202638,1.02931,0.0026800000000000157,2025,26,2025-06-22,2025-06-28,2024,2024-25,39,TRUE
National,202526,4,202530,1.17839,Weighted %ILI,202638,1.17989,0.0015000000000000568,2025,26,2025-06-22,2025-06-28,2024,2024-25,39,TRUE
Region 6,202527,4,202531,0.994312,Weighted %ILI,202638,1.00014,0.005828000000000055,2025,27,2025-06-29,2025-07-05,2024,2024-25,40,TRUE
National,202527,4,202531,1.10364,Weighted %ILI,202638,1.108,0.0043600000000001415,2025,27,2025-06-29,2025-07-05,2024,2024-25,40,TRUE
Region 6,202528,4,202532,1.391,Weighted %ILI,202638,1.42247,0.03146999999999989,2025,28,2025-07-06,2025-07-12,2024,2024-25,41,TRUE
National,202528,4,202532,1.14904,Weighted %ILI,202638,1.15638,0.007339999999999902,2025,28,2025-07-06,2025-07-12,2024,2024-25,41,TRUE
Region 6,202529,4,202533,1.04058,Weighted %ILI,202638,1.07181,0.03122999999999987,2025,29,2025-07-13,2025-07-19,2024,2024-25,42,TRUE
National,202529,4,202533,1.0513,Weighted %ILI,202638,1.05736,0.006060000000000176,2025,29,2025-07-13,2025-07-19,2024,2024-25,42,TRUE
Region 6,202530,4,202534,0.936682,Weighted %ILI,202638,0.941368,0.004685999999999968,2025,30,2025-07-20,2025-07-26,2024,2024-25,43,TRUE
National,202530,4,202534,1.03009,Weighted %ILI,202638,1.03242,0.0023299999999999432,2025,30,2025-07-20,2025-07-26,2024,2024-25,43,TRUE
Region 6,202531,4,202535,1.02454,Weighted %ILI,202638,1.03052,0.005980000000000096,2025,31,2025-07-27,2025-08-02,2024,2024-25,44,TRUE
National,202531,4,202535,1.05557,Weighted %ILI,202638,1.05832,0.00275000000000003,2025,31,2025-07-27,2025-08-02,2024,2024-25,44,TRUE
Region 6,202532,4,202536,1.12597,Weighted %ILI,202638,1.13493,0.008960000000000079,2025,32,2025-08-03,2025-08-09,2024,2024-25,45,TRUE
National,202532,4,202536,1.148,Weighted %ILI,202638,1.14965,0.0016500000000001513,2025,32,2025-08-03,2025-08-09,2024,2024-25,45,TRUE
Region 6,202533,4,202537,1.30566,Weighted %ILI,202638,1.32069,0.015029999999999877,2025,33,2025-08-10,2025-08-16,2024,2024-25,46,TRUE
National,202533,4,202537,1.20872,Weighted %ILI,202638,1.21395,0.005230000000000068,2025,33,2025-08-10,2025-08-16,2024,2024-25,46,TRUE
Region 6,202534,4,202538,1.83438,Weighted %ILI,202638,1.83438,0,2025,34,2025-08-17,2025-08-23,2024,2024-25,47,TRUE
National,202534,4,202538,1.443,Weighted %ILI,202638,1.45765,0.01464999999999983,2025,34,2025-08-17,2025-08-23,2024,2024-25,47,TRUE
Region 6,202541,4,202545,1.86325,Weighted %ILI,202638,1.8621,-0.0011499999999999844,2025,41,2025-10-05,2025-10-11,2025,2025-26,2,TRUE
National,202541,4,202545,1.63564,Weighted %ILI,202638,1.63607,4.2999999999993044e-4,2025,41,2025-10-05,2025-10-11,2025,2025-26,2,TRUE
Region 6,202542,4,202546,1.86862,Weighted %ILI,202638,1.90439,0.03577000000000008,2025,42,2025-10-12,2025-10-18,2025,2025-26,3,TRUE
National,202542,4,202546,1.69542,Weighted %ILI,202638,1.6992,0.0037800000000001166,2025,42,2025-10-12,2025-10-18,2025,2025-26,3,TRUE
Region 6,202543,4,202547,1.71112,Weighted %ILI,202638,1.73807,0.02695000000000003,2025,43,2025-10-19,2025-10-25,2025,2025-26,4,TRUE
National,202543,4,202547,1.74132,Weighted %ILI,202638,1.74036,-9.600000000000719e-4,2025,43,2025-10-19,2025-10-25,2025,2025-26,4,TRUE
Region 6,202544,4,202548,1.73779,Weighted %ILI,202638,1.77765,0.03986000000000001,2025,44,2025-10-26,2025-11-01,2025,2025-26,5,TRUE
National,202544,4,202548,1.82589,Weighted %ILI,202638,1.82557,-3.20000000000098e-4,2025,44,2025-10-26,2025-11-01,2025,2025-26,5,TRUE
Region 6,202545,4,202549,2.18675,Weighted %ILI,202638,2.22711,0.040360000000000174,2025,45,2025-11-02,2025-11-08,2025,2025-26,6,TRUE
National,202545,4,202549,2.11896,Weighted %ILI,202638,2.12189,0.002930000000000099,2025,45,2025-11-02,2025-11-08,2025,2025-26,6,TRUE
Region 6,202546,4,202550,2.78109,Weighted %ILI,202638,2.78106,-2.9999999999752447e-5,2025,46,2025-11-09,2025-11-15,2025,2025-26,7,TRUE
National,202546,4,202550,2.26781,Weighted %ILI,202638,2.26336,-0.004449999999999843,2025,46,2025-11-09,2025-11-15,2025,2025-26,7,TRUE
Region 6,202547,4,202551,3.05524,Weighted %ILI,202638,3.05734,0.0020999999999999908,2025,47,2025-11-16,2025-11-22,2025,2025-26,8,TRUE
National,202547,4,202551,2.52853,Weighted %ILI,202638,2.52529,-0.0032399999999999096,2025,47,2025-11-16,2025-11-22,2025,2025-26,8,TRUE
Region 6,202548,4,202552,3.17321,Weighted %ILI,202638,3.17568,0.00246999999999975,2025,48,2025-11-23,2025-11-29,2025,2025-26,9,TRUE
National,202548,4,202552,2.96957,Weighted %ILI,202638,2.96755,-0.0020199999999999108,2025,48,2025-11-23,2025-11-29,2025,2025-26,9,TRUE
Region 6,202549,4,202553,3.71799,Weighted %ILI,202638,3.72191,0.0039199999999999235,2025,49,2025-11-30,2025-12-06,2025,2025-26,10,TRUE
National,202549,4,202553,3.29263,Weighted %ILI,202638,3.28462,-0.008010000000000073,2025,49,2025-11-30,2025-12-06,2025,2025-26,10,TRUE
Region 6,202550,4,202601,4.22427,Weighted %ILI,202638,4.24602,0.021749999999999936,2025,50,2025-12-07,2025-12-13,2025,2025-26,11,TRUE
National,202550,4,202601,4.11563,Weighted %ILI,202638,4.11906,0.003429999999999822,2025,50,2025-12-07,2025-12-13,2025,2025-26,11,TRUE
Region 6,202551,4,202602,6.37902,Weighted %ILI,202638,6.39428,0.015260000000000495,2025,51,2025-12-14,2025-12-20,2025,2025-26,12,TRUE
National,202551,4,202602,5.99995,Weighted %ILI,202638,6.00523,0.005279999999999951,2025,51,2025-12-14,2025-12-20,2025,2025-26,12,TRUE
Region 6,202552,4,202603,8.83308,Weighted %ILI,202638,8.87308,0.03999999999999915,2025,52,2025-12-21,2025-12-27,2025,2025-26,13,TRUE
National,202552,4,202603,8.27768,Weighted %ILI,202638,8.29853,0.02084999999999937,2025,52,2025-12-21,2025-12-27,2025,2025-26,13,TRUE
Region 6,202553,4,202604,6.91622,Weighted %ILI,202638,6.94388,0.027660000000000018,2025,53,2025-12-28,2026-01-03,2025,2025-26,14,TRUE
National,202553,4,202604,7.16633,Weighted %ILI,202638,7.16834,0.002009999999999401,2025,53,2025-12-28,2026-01-03,2025,2025-26,14,TRUE
Region 6,202601,4,202605,5.17097,Weighted %ILI,202638,5.17786,0.006890000000000285,2026,1,2026-01-04,2026-01-10,2025,2025-26,15,TRUE
National,202601,4,202605,5.29585,Weighted %ILI,202638,5.29497,-8.799999999995478e-4,2026,1,2026-01-04,2026-01-10,2025,2025-26,15,TRUE
Region 6,202602,4,202606,4.26836,Weighted %ILI,202638,4.2752,0.006839999999999513,2026,2,2026-01-11,2026-01-17,2025,2025-26,16,TRUE
National,202602,4,202606,4.38297,Weighted %ILI,202638,4.38293,-4.000000000026205e-5,2026,2,2026-01-11,2026-01-17,2025,2025-26,16,TRUE
Region 6,202603,4,202607,6.73016,Weighted %ILI,202638,6.66516,-0.0649999999999995,2026,3,2026-01-18,2026-01-24,2025,2025-26,17,TRUE
National,202603,4,202607,4.73988,Weighted %ILI,202638,4.72432,-0.015560000000000684,2026,3,2026-01-18,2026-01-24,2025,2025-26,17,TRUE
Region 6,202604,4,202608,5.19683,Weighted %ILI,202638,5.20187,0.0050400000000001555,2026,4,2026-01-25,2026-01-31,2025,2025-26,18,TRUE
National,202604,4,202608,4.42437,Weighted %ILI,202638,4.4268,0.0024300000000003763,2026,4,2026-01-25,2026-01-31,2025,2025-26,18,TRUE
Region 6,202605,4,202609,6.7414,Weighted %ILI,202638,6.74977,0.00837000000000021,2026,5,2026-02-01,2026-02-07,2025,2025-26,19,TRUE
National,202605,4,202609,4.60732,Weighted %ILI,202638,4.61316,0.005840000000000067,2026,5,2026-02-01,2026-02-07,2025,2025-26,19,TRUE
Region 6,202606,4,202610,5.16374,Weighted %ILI,202638,5.23502,0.07127999999999979,2026,6,2026-02-08,2026-02-14,2025,2025-26,20,TRUE
National,202606,4,202610,4.55694,Weighted %ILI,202638,4.57281,0.015869999999999607,2026,6,2026-02-08,2026-02-14,2025,2025-26,20,TRUE
Region 6,202607,4,202611,4.32578,Weighted %ILI,202638,4.44715,0.12136999999999976,2026,7,2026-02-15,2026-02-21,2025,2025-26,21,TRUE
National,202607,4,202611,4.39315,Weighted %ILI,202638,4.42213,0.028979999999999784,2026,7,2026-02-15,2026-02-21,2025,2025-26,21,TRUE
Region 6,202608,4,202612,3.82392,Weighted %ILI,202638,3.89653,0.07260999999999962,2026,8,2026-02-22,2026-02-28,2025,2025-26,22,TRUE
National,202608,4,202612,3.86224,Weighted %ILI,202638,3.87476,0.012520000000000309,2026,8,2026-02-22,2026-02-28,2025,2025-26,22,TRUE
Region 6,202609,4,202613,3.7014,Weighted %ILI,202638,3.7014,0,2026,9,2026-03-01,2026-03-07,2025,2025-26,23,TRUE
National,202609,4,202613,3.70248,Weighted %ILI,202638,3.7067,0.0042200000000001125,2026,9,2026-03-01,2026-03-07,2025,2025-26,23,TRUE
Region 6,202610,4,202614,2.95646,Weighted %ILI,202638,2.95646,0,2026,10,2026-03-08,2026-03-14,2025,2025-26,24,TRUE
National,202610,4,202614,3.27239,Weighted %ILI,202638,3.26681,-0.00558000000000014,2026,10,2026-03-08,2026-03-14,2025,2025-26,24,TRUE
Region 6,202611,4,202615,2.62268,Weighted %ILI,202638,2.62268,0,2026,11,2026-03-15,2026-03-21,2025,2025-26,25,TRUE
National,202611,4,202615,2.89923,Weighted %ILI,202638,2.90075,0.0015199999999997438,2026,11,2026-03-15,2026-03-21,2025,2025-26,25,TRUE
Region 6,202612,4,202616,2.27257,Weighted %ILI,202638,2.27257,0,2026,12,2026-03-22,2026-03-28,2025,2025-26,26,TRUE
National,202612,4,202616,2.65517,Weighted %ILI,202638,2.65042,-0.004750000000000032,2026,12,2026-03-22,2026-03-28,2025,2025-26,26,TRUE
Region 6,202613,4,202617,1.92323,Weighted %ILI,202638,1.92323,0,2026,13,2026-03-29,2026-04-04,2025,2025-26,27,TRUE
National,202613,4,202617,2.36749,Weighted %ILI,202638,2.37307,0.005579999999999696,2026,13,2026-03-29,2026-04-04,2025,2025-26,27,TRUE
Region 6,202614,4,202618,1.89466,Weighted %ILI,202638,1.92675,0.03208999999999995,2026,14,2026-04-05,2026-04-11,2025,2025-26,28,TRUE
National,202614,4,202618,2.08958,Weighted %ILI,202638,2.09566,0.006079999999999863,2026,14,2026-04-05,2026-04-11,2025,2025-26,28,TRUE
Region 6,202615,4,202619,1.7843,Weighted %ILI,202638,1.80674,0.022440000000000015,2026,15,2026-04-12,2026-04-18,2025,2025-26,29,TRUE
National,202615,4,202619,1.8798,Weighted %ILI,202638,1.88364,0.0038400000000000656,2026,15,2026-04-12,2026-04-18,2025,2025-26,29,TRUE
Region 6,202616,4,202620,1.84326,Weighted %ILI,202638,1.86886,0.025600000000000067,2026,16,2026-04-19,2026-04-25,2025,2025-26,30,TRUE
National,202616,4,202620,1.81826,Weighted %ILI,202638,1.82155,0.003290000000000015,2026,16,2026-04-19,2026-04-25,2025,2025-26,30,TRUE
Region 6,202617,4,202621,1.77384,Weighted %ILI,202638,1.79936,0.025519999999999987,2026,17,2026-04-26,2026-05-02,2025,2025-26,31,TRUE
National,202617,4,202621,1.76029,Weighted %ILI,202638,1.76016,-1.2999999999996348e-4,2026,17,2026-04-26,2026-05-02,2025,2025-26,31,TRUE
Region 6,202618,4,202622,2.01273,Weighted %ILI,202638,2.0254,0.012669999999999959,2026,18,2026-05-03,2026-05-09,2025,2025-26,32,TRUE
National,202618,4,202622,1.76428,Weighted %ILI,202638,1.76462,3.4000000000000696e-4,2026,18,2026-05-03,2026-05-09,2025,2025-26,32,TRUE
Region 6,202619,4,202623,1.84094,Weighted %ILI,202638,1.84094,0,2026,19,2026-05-10,2026-05-16,2025,2025-26,33,TRUE
National,202619,4,202623,1.74113,Weighted %ILI,202638,1.74194,8.099999999999774e-4,2026,19,2026-05-10,2026-05-16,2025,2025-26,33,TRUE
Region 6,202620,4,202624,1.71241,Weighted %ILI,202638,1.71241,0,2026,20,2026-05-17,2026-05-23,2025,2025-26,34,TRUE
National,202620,4,202624,1.5861,Weighted %ILI,202638,1.5853,-8.000000000001339e-4,2026,20,2026-05-17,2026-05-23,2025,2025-26,34,TRUE
Region 6,202621,4,202625,1.71568,Weighted %ILI,202638,1.71568,0,2026,21,2026-05-24,2026-05-30,2025,2025-26,35,TRUE
National,202621,4,202625,1.56782,Weighted %ILI,202638,1.56833,5.100000000000104e-4,2026,21,2026-05-24,2026-05-30,2025,2025-26,35,TRUE
Region 6,202622,4,202626,1.38403,Weighted %ILI,202638,1.38403,0,2026,22,2026-05-31,2026-06-06,2025,2025-26,36,TRUE
National,202622,4,202626,1.39484,Weighted %ILI,202638,1.39262,-0.0022200000000001108,2026,22,2026-05-31,2026-06-06,2025,2025-26,36,TRUE
Region 6,202623,4,202627,1.23659,Weighted %ILI,202638,1.23659,0,2026,23,2026-06-07,2026-06-13,2025,2025-26,37,TRUE
National,202623,4,202627,1.23714,Weighted %ILI,202638,1.23565,-0.0014899999999999913,2026,23,2026-06-07,2026-06-13,2025,2025-26,37,TRUE
Region 6,202624,4,202628,1.07434,Weighted %ILI,202638,1.07434,0,2026,24,2026-06-14,2026-06-20,2025,2025-26,38,TRUE
National,202624,4,202628,1.12788,Weighted %ILI,202638,1.1263,-0.0015799999999999148,2026,24,2026-06-14,2026-06-20,2025,2025-26,38,TRUE
Region 6,202625,4,202629,0.934103,Weighted %ILI,202638,0.934103,0,2026,25,2026-06-21,2026-06-27,2025,2025-26,39,TRUE
National,202625,4,202629,1.04513,Weighted %ILI,202638,1.04397,-0.0011599999999998278,2026,25,2026-06-21,2026-06-27,2025,2025-26,39,TRUE
Region 6,202626,4,202630,0.958433,Weighted %ILI,202638,0.958433,0,2026,26,2026-06-28,2026-07-04,2025,2025-26,40,TRUE
National,202626,4,202630,0.998161,Weighted %ILI,202638,0.997989,-1.7199999999994997e-4,2026,26,2026-06-28,2026-07-04,2025,2025-26,40,TRUE
Region 6,202627,4,202631,0.843151,Weighted %ILI,202638,0.843151,0,2026,27,2026-07-05,2026-07-11,2025,2025-26,41,TRUE
National,202627,4,202631,0.941643,Weighted %ILI,202638,0.941175,-4.6800000000002395e-4,2026,27,2026-07-05,2026-07-11,2025,2025-26,41,TRUE
Region 6,202628,4,202632,0.885835,Weighted %ILI,202638,0.885835,0,2026,28,2026-07-12,2026-07-18,2025,2025-26,42,TRUE
National,202628,4,202632,0.903223,Weighted %ILI,202638,0.902908,-3.149999999999542e-4,2026,28,2026-07-12,2026-07-18,2025,2025-26,42,TRUE
Region 6,202629,4,202633,0.864707,Weighted %ILI,202638,0.864707,0,2026,29,2026-07-19,2026-07-25,2025,2025-26,43,TRUE
National,202629,4,202633,0.871437,Weighted %ILI,202638,0.871407,-2.999999999997449e-5,2026,29,2026-07-19,2026-07-25,2025,2025-26,43,TRUE
Region 6,202630,4,202634,0.831562,Weighted %ILI,202638,0.831562,0,2026,30,2026-07-26,2026-08-01,2025,2025-26,44,TRUE
National,202630,4,202634,0.86674,Weighted %ILI,202638,0.866641,-9.899999999996023e-5,2026,30,2026-07-26,2026-08-01,2025,2025-26,44,TRUE
Region 6,202631,4,202635,0.805366,Weighted %ILI,202638,0.805366,0,2026,31,2026-08-02,2026-08-08,2025,2025-26,45,TRUE
National,202631,4,202635,0.873473,Weighted %ILI,202638,0.873289,-1.84000000000073e-4,2026,31,2026-08-02,2026-08-08,2025,2025-26,45,TRUE
Region 6,202632,4,202636,1.05698,Weighted %ILI,202638,1.05698,0,2026,32,2026-08-09,2026-08-15,2025,2025-26,46,TRUE
National,202632,4,202636,0.954518,Weighted %ILI,202638,0.954391,-1.2699999999998823e-4,2026,32,2026-08-09,2026-08-15,2025,2025-26,46,TRUE
Region 6,202633,4,202637,1.39363,Weighted %ILI,202638,1.39363,0,2026,33,2026-08-16,2026-08-22,2025,2025-26,47,TRUE
National,202633,4,202637,1.13216,Weighted %ILI,202638,1.13209,-7.00000000000145e-5,2026,33,2026-08-16,2026-08-22,2025,2025-26,47,TRUE
Region 6,202634,4,202638,1.87713,Weighted %ILI,202638,1.87713,0,2026,34,2026-08-23,2026-08-29,2025,2025-26,48,TRUE
National,202634,4,202638,1.3561,Weighted %ILI,202638,1.3561,0,2026,34,2026-08-23,2026-08-29,2025,2025-26,48,TRUE
Region 6,202240,0,202240,4.94972,Clinical % positive,202439,5.48738,0.5376599999999998,2022,40,2022-10-02,2022-10-08,2022,2022-23,1,TRUE
National,202240,0,202240,3.29693,Clinical % positive,202439,2.66968,-0.6272500000000001,2022,40,2022-10-02,2022-10-08,2022,2022-23,1,TRUE
Region 6,202241,0,202241,11.8984,Clinical % positive,202439,6.63195,-5.266450000000001,2022,41,2022-10-09,2022-10-15,2022,2022-23,2,TRUE
National,202241,0,202241,4.38743,Clinical % positive,202439,3.46261,-0.92482,2022,41,2022-10-09,2022-10-15,2022,2022-23,2,TRUE
Region 6,202242,0,202242,14.3124,Clinical % positive,202439,11.8599,-2.4525000000000006,2022,42,2022-10-16,2022-10-22,2022,2022-23,3,TRUE
National,202242,0,202242,6.16683,Clinical % positive,202439,5.43662,-0.7302100000000005,2022,42,2022-10-16,2022-10-22,2022,2022-23,3,TRUE
Region 6,202243,0,202243,15.6617,Clinical % positive,202439,16.6848,1.0230999999999995,2022,43,2022-10-23,2022-10-29,2022,2022-23,4,TRUE
National,202243,0,202243,8.96086,Clinical % positive,202439,8.37742,-0.5834399999999995,2022,43,2022-10-23,2022-10-29,2022,2022-23,4,TRUE
Region 6,202244,0,202244,27.8931,Clinical % positive,202439,21.2577,-6.635400000000001,2022,44,2022-10-30,2022-11-05,2022,2022-23,5,TRUE
National,202244,0,202244,12.7557,Clinical % positive,202439,12.7953,0.03960000000000008,2022,44,2022-10-30,2022-11-05,2022,2022-23,5,TRUE
Region 6,202245,0,202245,27.9281,Clinical % positive,202439,21.1235,-6.804600000000001,2022,45,2022-11-06,2022-11-12,2022,2022-23,6,TRUE
National,202245,0,202245,14.7433,Clinical % positive,202439,14.9355,0.1921999999999997,2022,45,2022-11-06,2022-11-12,2022,2022-23,6,TRUE
Region 6,202246,0,202246,21.057,Clinical % positive,202439,21.0509,-0.006099999999999994,2022,46,2022-11-13,2022-11-19,2022,2022-23,7,TRUE
National,202246,0,202246,18.221800000000002,Clinical % positive,202439,18.3419,0.12009999999999721,2022,46,2022-11-13,2022-11-19,2022,2022-23,7,TRUE
Region 6,202247,0,202247,26.5475,Clinical % positive,202439,26.1068,-0.44069999999999965,2022,47,2022-11-20,2022-11-26,2022,2022-23,8,TRUE
National,202247,0,202247,25.0666,Clinical % positive,202439,25.8135,0.7469000000000001,2022,47,2022-11-20,2022-11-26,2022,2022-23,8,TRUE
Region 6,202248,0,202248,22.8535,Clinical % positive,202439,22.6683,-0.1852000000000018,2022,48,2022-11-27,2022-12-03,2022,2022-23,9,TRUE
National,202248,0,202248,24.8075,Clinical % positive,202439,25.5531,0.7455999999999996,2022,48,2022-11-27,2022-12-03,2022,2022-23,9,TRUE
Region 6,202249,0,202249,22.282,Clinical % positive,202439,25.8598,3.5778,2022,49,2022-12-04,2022-12-10,2022,2022-23,10,TRUE
National,202249,0,202249,25.3591,Clinical % positive,202439,26.2658,0.9066999999999972,2022,49,2022-12-04,2022-12-10,2022,2022-23,10,TRUE
Region 6,202250,0,202250,17.4729,Clinical % positive,202439,23.6264,6.153500000000001,2022,50,2022-12-11,2022-12-17,2022,2022-23,11,TRUE
National,202250,0,202250,24.4406,Clinical % positive,202439,24.4693,0.028700000000000614,2022,50,2022-12-11,2022-12-17,2022,2022-23,11,TRUE
Region 6,202251,0,202251,13.2807,Clinical % positive,202439,20.0823,6.8016000000000005,2022,51,2022-12-18,2022-12-24,2022,2022-23,12,TRUE
National,202251,0,202251,19.7523,Clinical % positive,202439,20.7763,1.0239999999999974,2022,51,2022-12-18,2022-12-24,2022,2022-23,12,TRUE
Region 6,202252,0,202252,10.2024,Clinical % positive,202439,14.4784,4.276,2022,52,2022-12-25,2022-12-31,2022,2022-23,13,TRUE
National,202252,0,202252,14.9879,Clinical % positive,202439,14.8994,-0.0884999999999998,2022,52,2022-12-25,2022-12-31,2022,2022-23,13,TRUE
Region 6,202301,0,202301,7.20174,Clinical % positive,202439,8.5693,1.36756,2023,1,2023-01-01,2023-01-07,2022,2022-23,14,TRUE
National,202301,0,202301,8.615,Clinical % positive,202439,8.61225,-0.0027500000000006963,2023,1,2023-01-01,2023-01-07,2022,2022-23,14,TRUE
Region 6,202302,0,202302,6.26068,Clinical % positive,202439,4.93901,-1.3216700000000001,2023,2,2023-01-08,2023-01-14,2022,2022-23,15,TRUE
National,202302,0,202302,4.62466,Clinical % positive,202439,4.58566,-0.03900000000000059,2023,2,2023-01-08,2023-01-14,2022,2022-23,15,TRUE
Region 6,202303,0,202303,2.01029,Clinical % positive,202439,2.21382,0.2035300000000002,2023,3,2023-01-15,2023-01-21,2022,2022-23,16,TRUE
National,202303,0,202303,2.99194,Clinical % positive,202439,2.94035,-0.051590000000000025,2023,3,2023-01-15,2023-01-21,2022,2022-23,16,TRUE
Region 6,202304,0,202304,2.01883,Clinical % positive,202439,2.40285,0.38402000000000003,2023,4,2023-01-22,2023-01-28,2022,2022-23,17,TRUE
National,202304,0,202304,2.14235,Clinical % positive,202439,2.12014,-0.02220999999999984,2023,4,2023-01-22,2023-01-28,2022,2022-23,17,TRUE
Region 6,202305,0,202305,2.03599,Clinical % positive,202439,2.21685,0.18086000000000002,2023,5,2023-01-29,2023-02-04,2022,2022-23,18,TRUE
National,202305,0,202305,1.68879,Clinical % positive,202439,1.67339,-0.01540000000000008,2023,5,2023-01-29,2023-02-04,2022,2022-23,18,TRUE
Region 6,202306,0,202306,1.40877,Clinical % positive,202439,1.58237,0.17359999999999998,2023,6,2023-02-05,2023-02-11,2022,2022-23,19,TRUE
National,202306,0,202306,1.36866,Clinical % positive,202439,1.36967,0.0010099999999999554,2023,6,2023-02-05,2023-02-11,2022,2022-23,19,TRUE
Region 6,202307,0,202307,1.14275,Clinical % positive,202439,1.38502,0.24226999999999999,2023,7,2023-02-12,2023-02-18,2022,2022-23,20,TRUE
National,202307,0,202307,1.03696,Clinical % positive,202439,1.08468,0.047719999999999985,2023,7,2023-02-12,2023-02-18,2022,2022-23,20,TRUE
Region 6,202308,0,202308,1.30357,Clinical % positive,202439,1.37711,0.07354000000000016,2023,8,2023-02-19,2023-02-25,2022,2022-23,21,TRUE
National,202308,0,202308,0.96959,Clinical % positive,202439,1.01838,0.04879000000000011,2023,8,2023-02-19,2023-02-25,2022,2022-23,21,TRUE
Region 6,202309,0,202309,1.74613,Clinical % positive,202439,1.48511,-0.26102000000000003,2023,9,2023-02-26,2023-03-04,2022,2022-23,22,TRUE
National,202309,0,202309,0.881669,Clinical % positive,202439,0.92233,0.04066099999999995,2023,9,2023-02-26,2023-03-04,2022,2022-23,22,TRUE
Region 6,202310,0,202310,1.79235,Clinical % positive,202439,1.55547,-0.2368800000000002,2023,10,2023-03-05,2023-03-11,2022,2022-23,23,TRUE
National,202310,0,202310,1.00699,Clinical % positive,202439,1.04196,0.034969999999999946,2023,10,2023-03-05,2023-03-11,2022,2022-23,23,TRUE
Region 6,202311,0,202311,1.25139,Clinical % positive,202439,1.2959,0.04451000000000005,2023,11,2023-03-12,2023-03-18,2022,2022-23,24,TRUE
National,202311,0,202311,0.827533,Clinical % positive,202439,0.89434,0.06680700000000006,2023,11,2023-03-12,2023-03-18,2022,2022-23,24,TRUE
Region 6,202312,0,202312,1.24569,Clinical % positive,202439,1.20018,-0.04550999999999994,2023,12,2023-03-19,2023-03-25,2022,2022-23,25,TRUE
National,202312,0,202312,0.940759,Clinical % positive,202439,0.949267,0.00850799999999996,2023,12,2023-03-19,2023-03-25,2022,2022-23,25,TRUE
Region 6,202313,0,202313,1.10269,Clinical % positive,202439,1.00456,-0.09813000000000005,2023,13,2023-03-26,2023-04-01,2022,2022-23,26,TRUE
National,202313,0,202313,0.93467,Clinical % positive,202439,0.959683,0.025012999999999952,2023,13,2023-03-26,2023-04-01,2022,2022-23,26,TRUE
Region 6,202314,0,202314,0.939377,Clinical % positive,202439,0.9737,0.03432299999999999,2023,14,2023-04-02,2023-04-08,2022,2022-23,27,TRUE
National,202314,0,202314,0.976451,Clinical % positive,202439,1.05613,0.07967900000000006,2023,14,2023-04-02,2023-04-08,2022,2022-23,27,TRUE
Region 6,202315,0,202315,1.45043,Clinical % positive,202439,0.971966,-0.4784640000000001,2023,15,2023-04-09,2023-04-15,2022,2022-23,28,TRUE
National,202315,0,202315,1.01073,Clinical % positive,202439,1.01401,0.0032800000000001717,2023,15,2023-04-09,2023-04-15,2022,2022-23,28,TRUE
Region 6,202316,0,202316,1.28842,Clinical % positive,202439,0.902545,-0.38587499999999986,2023,16,2023-04-16,2023-04-22,2022,2022-23,29,TRUE
National,202316,0,202316,0.807533,Clinical % positive,202439,0.837728,0.030195000000000083,2023,16,2023-04-16,2023-04-22,2022,2022-23,29,TRUE
Region 6,202317,0,202317,0.945455,Clinical % positive,202439,0.857856,-0.0875990000000001,2023,17,2023-04-23,2023-04-29,2022,2022-23,30,TRUE
National,202317,0,202317,1.03524,Clinical % positive,202439,0.954306,-0.08093399999999995,2023,17,2023-04-23,2023-04-29,2022,2022-23,30,TRUE
Region 6,202318,0,202318,0.917665,Clinical % positive,202439,0.858513,-0.05915199999999998,2023,18,2023-04-30,2023-05-06,2022,2022-23,31,TRUE
National,202318,0,202318,0.929368,Clinical % positive,202439,0.943503,0.014135000000000009,2023,18,2023-04-30,2023-05-06,2022,2022-23,31,TRUE
Region 6,202319,0,202319,1.4861,Clinical % positive,202439,1.11613,-0.3699699999999999,2023,19,2023-05-07,2023-05-13,2022,2022-23,32,TRUE
National,202319,0,202319,0.975675,Clinical % positive,202439,1.01804,0.0423650000000001,2023,19,2023-05-07,2023-05-13,2022,2022-23,32,TRUE
Region 6,202320,0,202320,1.60914,Clinical % positive,202439,1.24535,-0.36379000000000006,2023,20,2023-05-14,2023-05-20,2022,2022-23,33,TRUE
National,202320,0,202320,1.11306,Clinical % positive,202439,1.17603,0.06296999999999997,2023,20,2023-05-14,2023-05-20,2022,2022-23,33,TRUE
Region 6,202321,0,202321,1.76991,Clinical % positive,202439,1.28456,-0.48535000000000017,2023,21,2023-05-21,2023-05-27,2022,2022-23,34,TRUE
National,202321,0,202321,1.21548,Clinical % positive,202439,1.19412,-0.021359999999999824,2023,21,2023-05-21,2023-05-27,2022,2022-23,34,TRUE
Region 6,202322,0,202322,0.991677,Clinical % positive,202439,1.10841,0.11673299999999986,2023,22,2023-05-28,2023-06-03,2022,2022-23,35,TRUE
National,202322,0,202322,1.0676,Clinical % positive,202439,1.30539,0.23778999999999995,2023,22,2023-05-28,2023-06-03,2022,2022-23,35,TRUE
Region 6,202323,0,202323,1.12194,Clinical % positive,202439,0.881131,-0.24080899999999994,2023,23,2023-06-04,2023-06-10,2022,2022-23,36,TRUE
National,202323,0,202323,0.987224,Clinical % positive,202439,1.0945,0.10727600000000004,2023,23,2023-06-04,2023-06-10,2022,2022-23,36,TRUE
Region 6,202324,0,202324,1.01801,Clinical % positive,202439,1.01394,-0.004070000000000018,2023,24,2023-06-11,2023-06-17,2022,2022-23,37,TRUE
National,202324,0,202324,1.08569,Clinical % positive,202439,1.1074600000000001,0.021770000000000067,2023,24,2023-06-11,2023-06-17,2022,2022-23,37,TRUE
Region 6,202325,0,202325,1.37663,Clinical % positive,202439,1.14855,-0.22808000000000006,2023,25,2023-06-18,2023-06-24,2022,2022-23,38,TRUE
National,202325,0,202325,1.01142,Clinical % positive,202439,0.947234,-0.06418599999999997,2023,25,2023-06-18,2023-06-24,2022,2022-23,38,TRUE
Region 6,202326,0,202326,1.29199,Clinical % positive,202439,0.825423,-0.46656699999999995,2023,26,2023-06-25,2023-07-01,2022,2022-23,39,TRUE
National,202326,0,202326,1.18699,Clinical % positive,202439,1.10448,-0.08251000000000008,2023,26,2023-06-25,2023-07-01,2022,2022-23,39,TRUE
Region 6,202327,0,202327,1.24244,Clinical % positive,202439,0.89613,-0.34631,2023,27,2023-07-02,2023-07-08,2022,2022-23,40,TRUE
National,202327,0,202327,0.83652,Clinical % positive,202439,1.20836,0.37184000000000006,2023,27,2023-07-02,2023-07-08,2022,2022-23,40,TRUE
Region 6,202328,0,202328,1.44308,Clinical % positive,202439,1.18921,-0.2538699999999998,2023,28,2023-07-09,2023-07-15,2022,2022-23,41,TRUE
National,202328,0,202328,0.937757,Clinical % positive,202439,0.998011,0.06025400000000003,2023,28,2023-07-09,2023-07-15,2022,2022-23,41,TRUE
Region 6,202329,0,202329,1.68067,Clinical % positive,202439,1.25193,-0.4287400000000001,2023,29,2023-07-16,2023-07-22,2022,2022-23,42,TRUE
National,202329,0,202329,1.0059,Clinical % positive,202439,0.998153,-0.007747000000000059,2023,29,2023-07-16,2023-07-22,2022,2022-23,42,TRUE
Region 6,202330,0,202330,1.23257,Clinical % positive,202439,0.967742,-0.26482799999999995,2023,30,2023-07-23,2023-07-29,2022,2022-23,43,TRUE
National,202330,0,202330,0.991016,Clinical % positive,202439,0.994042,0.003025999999999973,2023,30,2023-07-23,2023-07-29,2022,2022-23,43,TRUE
Region 6,202331,0,202331,1.5046,Clinical % positive,202439,1.40659,-0.09800999999999993,2023,31,2023-07-30,2023-08-05,2022,2022-23,44,TRUE
National,202331,0,202331,1.04523,Clinical % positive,202439,1.06399,0.018759999999999888,2023,31,2023-07-30,2023-08-05,2022,2022-23,44,TRUE
Region 6,202332,0,202332,0.846457,Clinical % positive,202439,0.802469,-0.04398800000000003,2023,32,2023-08-06,2023-08-12,2022,2022-23,45,TRUE
National,202332,0,202332,0.816264,Clinical % positive,202439,0.855174,0.03891,2023,32,2023-08-06,2023-08-12,2022,2022-23,45,TRUE
Region 6,202333,0,202333,1.06906,Clinical % positive,202439,0.992039,-0.0770209999999999,2023,33,2023-08-13,2023-08-19,2022,2022-23,46,TRUE
National,202333,0,202333,0.874745,Clinical % positive,202439,0.897271,0.022526000000000046,2023,33,2023-08-13,2023-08-19,2022,2022-23,46,TRUE
Region 6,202334,0,202334,0.99023,Clinical % positive,202439,0.805017,-0.18521300000000007,2023,34,2023-08-20,2023-08-26,2022,2022-23,47,TRUE
National,202334,0,202334,0.799976,Clinical % positive,202439,0.769782,-0.030194000000000054,2023,34,2023-08-20,2023-08-26,2022,2022-23,47,TRUE
Region 6,202335,0,202335,0.854575,Clinical % positive,202439,0.763171,-0.09140399999999993,2023,35,2023-08-27,2023-09-02,2022,2022-23,48,TRUE
National,202335,0,202335,0.754851,Clinical % positive,202439,0.718069,-0.03678200000000009,2023,35,2023-08-27,2023-09-02,2022,2022-23,48,TRUE
Region 6,202336,0,202336,0.788114,Clinical % positive,202439,0.818014,0.029900000000000038,2023,36,2023-09-03,2023-09-09,2022,2022-23,49,TRUE
National,202336,0,202336,0.691257,Clinical % positive,202439,0.701222,0.009965000000000002,2023,36,2023-09-03,2023-09-09,2022,2022-23,49,TRUE
Region 6,202337,0,202337,0.719964,Clinical % positive,202439,0.856698,0.1367339999999999,2023,37,2023-09-10,2023-09-16,2022,2022-23,50,TRUE
National,202337,0,202337,0.807051,Clinical % positive,202439,0.792616,-0.014434999999999976,2023,37,2023-09-10,2023-09-16,2022,2022-23,50,TRUE
Region 6,202338,0,202338,0.837677,Clinical % positive,202439,0.942847,0.10516999999999999,2023,38,2023-09-17,2023-09-23,2022,2022-23,51,TRUE
National,202338,0,202338,0.929983,Clinical % positive,202439,0.915555,-0.014427999999999996,2023,38,2023-09-17,2023-09-23,2022,2022-23,51,TRUE
Region 6,202339,0,202339,1.30882,Clinical % positive,202439,1.27805,-0.030770000000000186,2023,39,2023-09-24,2023-09-30,2022,2022-23,52,TRUE
National,202339,0,202339,0.956649,Clinical % positive,202439,0.933506,-0.023143000000000025,2023,39,2023-09-24,2023-09-30,2022,2022-23,52,TRUE
Region 6,202340,0,202340,1.50171,Clinical % positive,202538,1.29144,-0.21027000000000018,2023,40,2023-10-01,2023-10-07,2023,2023-24,1,TRUE
National,202340,0,202340,1.1206,Clinical % positive,202538,1.10103,-0.019570000000000087,2023,40,2023-10-01,2023-10-07,2023,2023-24,1,TRUE
Region 6,202341,0,202341,1.52557,Clinical % positive,202538,1.95099,0.4254199999999999,2023,41,2023-10-08,2023-10-14,2023,2023-24,2,TRUE
National,202341,0,202341,1.34044,Clinical % positive,202538,1.34933,0.008889999999999842,2023,41,2023-10-08,2023-10-14,2023,2023-24,2,TRUE
Region 6,202342,0,202342,2.3165,Clinical % positive,202538,2.05853,-0.2579699999999998,2023,42,2023-10-15,2023-10-21,2023,2023-24,3,TRUE
National,202342,0,202342,1.69052,Clinical % positive,202538,1.51345,-0.17707000000000006,2023,42,2023-10-15,2023-10-21,2023,2023-24,3,TRUE
Region 6,202343,0,202343,3.35852,Clinical % positive,202538,2.69403,-0.6644899999999998,2023,43,2023-10-22,2023-10-28,2023,2023-24,4,TRUE
National,202343,0,202343,1.91046,Clinical % positive,202538,1.81282,-0.09763999999999995,2023,43,2023-10-22,2023-10-28,2023,2023-24,4,TRUE
Region 6,202344,0,202344,4.81719,Clinical % positive,202538,3.78914,-1.02805,2023,44,2023-10-29,2023-11-04,2023,2023-24,5,TRUE
National,202344,0,202344,2.98737,Clinical % positive,202538,2.61941,-0.36796000000000006,2023,44,2023-10-29,2023-11-04,2023,2023-24,5,TRUE
Region 6,202345,0,202345,6.53285,Clinical % positive,202538,5.96067,-0.5721799999999995,2023,45,2023-11-05,2023-11-11,2023,2023-24,6,TRUE
National,202345,0,202345,4.0449,Clinical % positive,202538,3.95879,-0.08611000000000013,2023,45,2023-11-05,2023-11-11,2023,2023-24,6,TRUE
Region 6,202346,0,202346,7.58666,Clinical % positive,202538,7.27753,-0.30913000000000057,2023,46,2023-11-12,2023-11-18,2023,2023-24,7,TRUE
National,202346,0,202346,4.9265,Clinical % positive,202538,4.86504,-0.06146000000000029,2023,46,2023-11-12,2023-11-18,2023,2023-24,7,TRUE
Region 6,202347,0,202347,7.73372,Clinical % positive,202538,7.76597,0.032250000000000334,2023,47,2023-11-19,2023-11-25,2023,2023-24,8,TRUE
National,202347,0,202347,6.20457,Clinical % positive,202538,5.91987,-0.28469999999999995,2023,47,2023-11-19,2023-11-25,2023,2023-24,8,TRUE
Region 6,202348,0,202348,8.88178,Clinical % positive,202538,9.13956,0.25778000000000034,2023,48,2023-11-26,2023-12-02,2023,2023-24,9,TRUE
National,202348,0,202348,6.82854,Clinical % positive,202538,6.96915,0.14060999999999968,2023,48,2023-11-26,2023-12-02,2023,2023-24,9,TRUE
Region 6,202349,0,202349,13.0064,Clinical % positive,202538,13.5268,0.5204000000000004,2023,49,2023-12-03,2023-12-09,2023,2023-24,10,TRUE
National,202349,0,202349,10.1859,Clinical % positive,202538,9.79897,-0.38692999999999955,2023,49,2023-12-03,2023-12-09,2023,2023-24,10,TRUE
Region 6,202350,0,202350,17.5178,Clinical % positive,202538,19.7717,2.253899999999998,2023,50,2023-12-10,2023-12-16,2023,2023-24,11,TRUE
National,202350,0,202350,12.8349,Clinical % positive,202538,13.3872,0.5523000000000007,2023,50,2023-12-10,2023-12-16,2023,2023-24,11,TRUE
Region 6,202351,0,202351,24.9778,Clinical % positive,202538,25.2,0.22220000000000084,2023,51,2023-12-17,2023-12-23,2023,2023-24,12,TRUE
National,202351,0,202351,16.099,Clinical % positive,202538,17.3213,1.2223000000000006,2023,51,2023-12-17,2023-12-23,2023,2023-24,12,TRUE
Region 6,202352,0,202352,21.4165,Clinical % positive,202538,23.7015,2.285,2023,52,2023-12-24,2023-12-30,2023,2023-24,13,TRUE
National,202352,0,202352,17.523,Clinical % positive,202538,18.1605,0.6374999999999993,2023,52,2023-12-24,2023-12-30,2023,2023-24,13,TRUE
Region 6,202401,0,202401,22.6796,Clinical % positive,202538,22.4498,-0.2298000000000009,2024,1,2023-12-31,2024-01-06,2023,2023-24,14,TRUE
National,202401,0,202401,13.9918,Clinical % positive,202538,13.8031,-0.18869999999999898,2024,1,2023-12-31,2024-01-06,2023,2023-24,14,TRUE
Region 6,202402,0,202402,23.3963,Clinical % positive,202538,21.1487,-2.2475999999999985,2024,2,2024-01-07,2024-01-13,2023,2023-24,15,TRUE
National,202402,0,202402,13.7172,Clinical % positive,202538,13.867,0.14980000000000082,2024,2,2024-01-07,2024-01-13,2023,2023-24,15,TRUE
Region 6,202403,0,202403,25.0695,Clinical % positive,202538,23.2504,-1.8191000000000024,2024,3,2024-01-14,2024-01-20,2023,2023-24,16,TRUE
National,202403,0,202403,14.2347,Clinical % positive,202538,14.9059,0.6712000000000007,2024,3,2024-01-14,2024-01-20,2023,2023-24,16,TRUE
Region 6,202404,0,202404,30.1466,Clinical % positive,202538,27.111,-3.0355999999999987,2024,4,2024-01-21,2024-01-27,2023,2023-24,17,TRUE
National,202404,0,202404,16.1615,Clinical % positive,202538,16.1303,-0.031200000000001893,2024,4,2024-01-21,2024-01-27,2023,2023-24,17,TRUE
Region 6,202405,0,202405,29.4771,Clinical % positive,202538,26.6949,-2.7821999999999996,2024,5,2024-01-28,2024-02-03,2023,2023-24,18,TRUE
National,202405,0,202405,15.7628,Clinical % positive,202538,16.3067,0.5438999999999989,2024,5,2024-01-28,2024-02-03,2023,2023-24,18,TRUE
Region 6,202406,0,202406,21.5882,Clinical % positive,202538,21.4266,-0.16159999999999997,2024,6,2024-02-04,2024-02-10,2023,2023-24,19,TRUE
National,202406,0,202406,15.7012,Clinical % positive,202538,15.8521,0.15090000000000003,2024,6,2024-02-04,2024-02-10,2023,2023-24,19,TRUE
Region 6,202407,0,202407,19.6334,Clinical % positive,202538,19.0577,-0.5757000000000012,2024,7,2024-02-11,2024-02-17,2023,2023-24,20,TRUE
National,202407,0,202407,14.7922,Clinical % positive,202538,15.5673,0.7751000000000001,2024,7,2024-02-11,2024-02-17,2023,2023-24,20,TRUE
Region 6,202408,0,202408,18.2839,Clinical % positive,202538,16.915,-1.3689,2024,8,2024-02-18,2024-02-24,2023,2023-24,21,TRUE
National,202408,0,202408,14.1766,Clinical % positive,202538,15.5181,1.3415,2024,8,2024-02-18,2024-02-24,2023,2023-24,21,TRUE
Region 6,202409,0,202409,14.6805,Clinical % positive,202538,14.406,-0.27449999999999974,2024,9,2024-02-25,2024-03-02,2023,2023-24,22,TRUE
National,202409,0,202409,13.9025,Clinical % positive,202538,14.9467,1.0442,2024,9,2024-02-25,2024-03-02,2023,2023-24,22,TRUE
Region 6,202410,0,202410,13.3078,Clinical % positive,202538,14.1064,0.7986000000000004,2024,10,2024-03-03,2024-03-09,2023,2023-24,23,TRUE
National,202410,0,202410,15.4401,Clinical % positive,202538,14.2261,-1.2139999999999986,2024,10,2024-03-03,2024-03-09,2023,2023-24,23,TRUE
Region 6,202411,0,202411,9.41057,Clinical % positive,202538,11.6856,2.275030000000001,2024,11,2024-03-10,2024-03-16,2023,2023-24,24,TRUE
National,202411,0,202411,11.9973,Clinical % positive,202538,11.9214,-0.07589999999999897,2024,11,2024-03-10,2024-03-16,2023,2023-24,24,TRUE
Region 6,202412,0,202412,9.79411,Clinical % positive,202538,9.37571,-0.4184000000000001,2024,12,2024-03-17,2024-03-23,2023,2023-24,25,TRUE
National,202412,0,202412,10.479,Clinical % positive,202538,10.3628,-0.11619999999999919,2024,12,2024-03-17,2024-03-23,2023,2023-24,25,TRUE
Region 6,202413,0,202413,7.42062,Clinical % positive,202538,7.44995,0.029329999999999856,2024,13,2024-03-24,2024-03-30,2023,2023-24,26,TRUE
National,202413,0,202413,9.12174,Clinical % positive,202538,9.15264,0.03089999999999904,2024,13,2024-03-24,2024-03-30,2023,2023-24,26,TRUE
Region 6,202414,0,202414,3.77695,Clinical % positive,202538,5.16172,1.38477,2024,14,2024-03-31,2024-04-06,2023,2023-24,27,TRUE
National,202414,0,202414,7.72066,Clinical % positive,202538,7.53799,-0.1826699999999999,2024,14,2024-03-31,2024-04-06,2023,2023-24,27,TRUE
Region 6,202415,0,202415,2.94289,Clinical % positive,202538,4.05463,1.1117400000000006,2024,15,2024-04-07,2024-04-13,2023,2023-24,28,TRUE
National,202415,0,202415,5.9414,Clinical % positive,202538,5.79303,-0.1483699999999999,2024,15,2024-04-07,2024-04-13,2023,2023-24,28,TRUE
Region 6,202416,0,202416,2.40318,Clinical % positive,202538,3.5348,1.1316200000000003,2024,16,2024-04-14,2024-04-20,2023,2023-24,29,TRUE
National,202416,0,202416,4.83934,Clinical % positive,202538,4.7576,-0.08173999999999992,2024,16,2024-04-14,2024-04-20,2023,2023-24,29,TRUE
Region 6,202417,0,202417,1.79891,Clinical % positive,202538,2.81981,1.0209,2024,17,2024-04-21,2024-04-27,2023,2023-24,30,TRUE
National,202417,0,202417,3.84576,Clinical % positive,202538,3.79997,-0.045789999999999775,2024,17,2024-04-21,2024-04-27,2023,2023-24,30,TRUE
Region 6,202418,0,202418,1.7989,Clinical % positive,202538,2.42392,0.6250199999999999,2024,18,2024-04-28,2024-05-04,2023,2023-24,31,TRUE
National,202418,0,202418,3.08358,Clinical % positive,202538,3.1963,0.11271999999999993,2024,18,2024-04-28,2024-05-04,2023,2023-24,31,TRUE
Region 6,202419,0,202419,1.9063,Clinical % positive,202538,1.83885,-0.06745000000000001,2024,19,2024-05-05,2024-05-11,2023,2023-24,32,TRUE
National,202419,0,202419,2.37798,Clinical % positive,202538,2.3264,-0.05157999999999996,2024,19,2024-05-05,2024-05-11,2023,2023-24,32,TRUE
Region 6,202420,0,202420,1.87108,Clinical % positive,202538,1.67685,-0.19423000000000012,2024,20,2024-05-12,2024-05-18,2023,2023-24,33,TRUE
National,202420,0,202420,2.03361,Clinical % positive,202538,1.82353,-0.21007999999999982,2024,20,2024-05-12,2024-05-18,2023,2023-24,33,TRUE
Region 6,202421,0,202421,1.31043,Clinical % positive,202538,1.33873,0.028299999999999992,2024,21,2024-05-19,2024-05-25,2023,2023-24,34,TRUE
National,202421,0,202421,1.72536,Clinical % positive,202538,1.64013,-0.08522999999999992,2024,21,2024-05-19,2024-05-25,2023,2023-24,34,TRUE
Region 6,202422,0,202422,1.17952,Clinical % positive,202538,1.33209,0.1525700000000001,2024,22,2024-05-26,2024-06-01,2023,2023-24,35,TRUE
National,202422,0,202422,1.77937,Clinical % positive,202538,1.63898,-0.1403899999999998,2024,22,2024-05-26,2024-06-01,2023,2023-24,35,TRUE
Region 6,202423,0,202423,0.912817,Clinical % positive,202538,1.04612,0.13330299999999995,2024,23,2024-06-02,2024-06-08,2023,2023-24,36,TRUE
National,202423,0,202423,1.59314,Clinical % positive,202538,1.47982,-0.11332000000000009,2024,23,2024-06-02,2024-06-08,2023,2023-24,36,TRUE
Region 6,202424,0,202424,0.939746,Clinical % positive,202538,0.987287,0.047541000000000055,2024,24,2024-06-09,2024-06-15,2023,2023-24,37,TRUE
National,202424,0,202424,1.42764,Clinical % positive,202538,1.28263,-0.14501000000000008,2024,24,2024-06-09,2024-06-15,2023,2023-24,37,TRUE
Region 6,202425,0,202425,0.702282,Clinical % positive,202538,0.609587,-0.09269499999999997,2024,25,2024-06-16,2024-06-22,2023,2023-24,38,TRUE
National,202425,0,202425,1.10504,Clinical % positive,202538,1.04808,-0.05696000000000012,2024,25,2024-06-16,2024-06-22,2023,2023-24,38,TRUE
Region 6,202426,0,202426,0.708645,Clinical % positive,202538,0.591716,-0.11692899999999995,2024,26,2024-06-23,2024-06-29,2023,2023-24,39,TRUE
National,202426,0,202426,0.951183,Clinical % positive,202538,0.890646,-0.06053699999999995,2024,26,2024-06-23,2024-06-29,2023,2023-24,39,TRUE
Region 6,202427,0,202427,0.815883,Clinical % positive,202538,0.705659,-0.11022399999999999,2024,27,2024-06-30,2024-07-06,2023,2023-24,40,TRUE
National,202427,0,202427,0.907611,Clinical % positive,202538,0.986472,0.07886100000000007,2024,27,2024-06-30,2024-07-06,2023,2023-24,40,TRUE
Region 6,202428,0,202428,0.637255,Clinical % positive,202538,0.701846,0.06459099999999995,2024,28,2024-07-07,2024-07-13,2023,2023-24,41,TRUE
National,202428,0,202428,0.790276,Clinical % positive,202538,0.830267,0.039991,2024,28,2024-07-07,2024-07-13,2023,2023-24,41,TRUE
Region 6,202429,0,202429,0.574581,Clinical % positive,202538,0.556174,-0.018407000000000062,2024,29,2024-07-14,2024-07-20,2023,2023-24,42,TRUE
National,202429,0,202429,0.667351,Clinical % positive,202538,0.692818,0.025467000000000017,2024,29,2024-07-14,2024-07-20,2023,2023-24,42,TRUE
Region 6,202430,0,202430,0.524934,Clinical % positive,202538,0.5084,-0.01653400000000005,2024,30,2024-07-21,2024-07-27,2023,2023-24,43,TRUE
National,202430,0,202430,0.680056,Clinical % positive,202538,0.602587,-0.07746900000000001,2024,30,2024-07-21,2024-07-27,2023,2023-24,43,TRUE
Region 6,202431,0,202431,0.519866,Clinical % positive,202538,0.435337,-0.08452900000000008,2024,31,2024-07-28,2024-08-03,2023,2023-24,44,TRUE
National,202431,0,202431,0.557211,Clinical % positive,202538,0.558449,0.0012379999999999614,2024,31,2024-07-28,2024-08-03,2023,2023-24,44,TRUE
Region 6,202432,0,202432,0.315179,Clinical % positive,202538,0.342246,0.027067000000000008,2024,32,2024-08-04,2024-08-10,2023,2023-24,45,TRUE
National,202432,0,202432,0.424414,Clinical % positive,202538,0.485156,0.06074199999999996,2024,32,2024-08-04,2024-08-10,2023,2023-24,45,TRUE
Region 6,202433,0,202433,0.345026,Clinical % positive,202538,0.439209,0.09418300000000002,2024,33,2024-08-11,2024-08-17,2023,2023-24,46,TRUE
National,202433,0,202433,0.391061,Clinical % positive,202538,0.451414,0.06035299999999999,2024,33,2024-08-11,2024-08-17,2023,2023-24,46,TRUE
Region 6,202434,0,202434,0.480769,Clinical % positive,202538,0.500334,0.019564999999999944,2024,34,2024-08-18,2024-08-24,2023,2023-24,47,TRUE
National,202434,0,202434,0.354191,Clinical % positive,202538,0.436722,0.08253100000000002,2024,34,2024-08-18,2024-08-24,2023,2023-24,47,TRUE
Region 6,202435,0,202435,0.836383,Clinical % positive,202538,0.524257,-0.312126,2024,35,2024-08-25,2024-08-31,2023,2023-24,48,TRUE
National,202435,0,202435,0.4387,Clinical % positive,202538,0.415591,-0.02310899999999999,2024,35,2024-08-25,2024-08-31,2023,2023-24,48,TRUE
Region 6,202436,0,202436,0.44935,Clinical % positive,202538,0.511402,0.062051999999999996,2024,36,2024-09-01,2024-09-07,2023,2023-24,49,TRUE
National,202436,0,202436,0.42537,Clinical % positive,202538,0.440743,0.01537299999999997,2024,36,2024-09-01,2024-09-07,2023,2023-24,49,TRUE
Region 6,202437,0,202437,0.585856,Clinical % positive,202538,0.563112,-0.022744000000000097,2024,37,2024-09-08,2024-09-14,2023,2023-24,50,TRUE
National,202437,0,202437,0.518914,Clinical % positive,202538,0.476351,-0.04256299999999996,2024,37,2024-09-08,2024-09-14,2023,2023-24,50,TRUE
Region 6,202438,0,202438,0.849315,Clinical % positive,202538,0.738171,-0.11114400000000002,2024,38,2024-09-15,2024-09-21,2023,2023-24,51,TRUE
National,202438,0,202438,0.569187,Clinical % positive,202538,0.531351,-0.03783599999999998,2024,38,2024-09-15,2024-09-21,2023,2023-24,51,TRUE
Region 6,202439,0,202439,0.516234,Clinical % positive,202538,0.68287,0.166636,2024,39,2024-09-22,2024-09-28,2023,2023-24,52,TRUE
National,202439,0,202439,0.543147,Clinical % positive,202538,0.529423,-0.01372400000000007,2024,39,2024-09-22,2024-09-28,2023,2023-24,52,TRUE
Region 6,202440,0,202440,0.701713,Clinical % positive,202638,0.790936,0.08922299999999994,2024,40,2024-09-29,2024-10-05,2024,2024-25,1,TRUE
National,202440,0,202440,0.707648,Clinical % positive,202638,0.674072,-0.03357600000000005,2024,40,2024-09-29,2024-10-05,2024,2024-25,1,TRUE
Region 6,202441,0,202441,1.14486,Clinical % positive,202638,0.975299,-0.16956099999999996,2024,41,2024-10-06,2024-10-12,2024,2024-25,2,TRUE
National,202441,0,202441,0.780011,Clinical % positive,202638,0.671305,-0.10870599999999997,2024,41,2024-10-06,2024-10-12,2024,2024-25,2,TRUE
Region 6,202442,0,202442,0.962861,Clinical % positive,202638,1.13396,0.1710990000000001,2024,42,2024-10-13,2024-10-19,2024,2024-25,3,TRUE
National,202442,0,202442,0.694268,Clinical % positive,202638,0.725634,0.031366000000000005,2024,42,2024-10-13,2024-10-19,2024,2024-25,3,TRUE
Region 6,202443,0,202443,1.52655,Clinical % positive,202638,1.46709,-0.05946000000000007,2024,43,2024-10-20,2024-10-26,2024,2024-25,4,TRUE
National,202443,0,202443,0.982403,Clinical % positive,202638,0.964298,-0.018105000000000038,2024,43,2024-10-20,2024-10-26,2024,2024-25,4,TRUE
Region 6,202444,0,202444,1.41834,Clinical % positive,202638,1.60176,0.18342000000000014,2024,44,2024-10-27,2024-11-02,2024,2024-25,5,TRUE
National,202444,0,202444,1.29148,Clinical % positive,202638,1.21851,-0.07296999999999998,2024,44,2024-10-27,2024-11-02,2024,2024-25,5,TRUE
Region 6,202445,0,202445,2.36636,Clinical % positive,202638,2.27945,-0.0869099999999996,2024,45,2024-11-03,2024-11-09,2024,2024-25,6,TRUE
National,202445,0,202445,1.59972,Clinical % positive,202638,1.52773,-0.07199,2024,45,2024-11-03,2024-11-09,2024,2024-25,6,TRUE
Region 6,202446,0,202446,3.27038,Clinical % positive,202638,2.96672,-0.3036599999999998,2024,46,2024-11-10,2024-11-16,2024,2024-25,7,TRUE
National,202446,0,202446,2.06682,Clinical % positive,202638,2.11081,0.043989999999999974,2024,46,2024-11-10,2024-11-16,2024,2024-25,7,TRUE
Region 6,202447,0,202447,3.35031,Clinical % positive,202638,3.8327,0.4823900000000001,2024,47,2024-11-17,2024-11-23,2024,2024-25,8,TRUE
National,202447,0,202447,2.47175,Clinical % positive,202638,2.83398,0.36222999999999983,2024,47,2024-11-17,2024-11-23,2024,2024-25,8,TRUE
Region 6,202448,0,202448,5.22356,Clinical % positive,202638,5.11294,-0.11061999999999994,2024,48,2024-11-24,2024-11-30,2024,2024-25,9,TRUE
National,202448,0,202448,3.53689,Clinical % positive,202638,3.94831,0.4114200000000001,2024,48,2024-11-24,2024-11-30,2024,2024-25,9,TRUE
Region 6,202449,0,202449,5.95258,Clinical % positive,202638,5.96812,0.015539999999999665,2024,49,2024-12-01,2024-12-07,2024,2024-25,10,TRUE
National,202449,0,202449,5.06269,Clinical % positive,202638,5.15168,0.0889899999999999,2024,49,2024-12-01,2024-12-07,2024,2024-25,10,TRUE
Region 6,202450,0,202450,11.3021,Clinical % positive,202638,11.5395,0.23740000000000094,2024,50,2024-12-08,2024-12-14,2024,2024-25,11,TRUE
National,202450,0,202450,9.03375,Clinical % positive,202638,8.59373,-0.44001999999999875,2024,50,2024-12-08,2024-12-14,2024,2024-25,11,TRUE
Region 6,202451,0,202451,17.6929,Clinical % positive,202638,18.0388,0.34589999999999677,2024,51,2024-12-15,2024-12-21,2024,2024-25,12,TRUE
National,202451,0,202451,12.0034,Clinical % positive,202638,14.1794,2.176,2024,51,2024-12-15,2024-12-21,2024,2024-25,12,TRUE
Region 6,202452,0,202452,24.8318,Clinical % positive,202638,21.9813,-2.8505000000000003,2024,52,2024-12-22,2024-12-28,2024,2024-25,13,TRUE
National,202452,0,202452,18.7054,Clinical % positive,202638,18.2344,-0.4710000000000001,2024,52,2024-12-22,2024-12-28,2024,2024-25,13,TRUE
Region 6,202501,0,202501,23.6624,Clinical % positive,202638,23.7825,0.12009999999999721,2025,1,2024-12-29,2025-01-04,2024,2024-25,14,TRUE
National,202501,0,202501,18.6249,Clinical % positive,202638,18.2181,-0.4068000000000005,2025,1,2024-12-29,2025-01-04,2024,2024-25,14,TRUE
Region 6,202502,0,202502,22.4476,Clinical % positive,202638,22.5333,0.08569999999999922,2025,2,2025-01-05,2025-01-11,2024,2024-25,15,TRUE
National,202502,0,202502,18.7868,Clinical % positive,202638,18.3976,-0.3891999999999989,2025,2,2025-01-05,2025-01-11,2024,2024-25,15,TRUE
Region 6,202503,0,202503,32.1676,Clinical % positive,202638,28.1142,-4.0534,2025,3,2025-01-12,2025-01-18,2024,2024-25,16,TRUE
National,202503,0,202503,24.9776,Clinical % positive,202638,23.8246,-1.1529999999999987,2025,3,2025-01-12,2025-01-18,2024,2024-25,16,TRUE
Region 6,202504,0,202504,38.192,Clinical % positive,202638,31.9788,-6.2132000000000005,2025,4,2025-01-19,2025-01-25,2024,2024-25,17,TRUE
National,202504,0,202504,29.4038,Clinical % positive,202638,28.7465,-0.6572999999999993,2025,4,2025-01-19,2025-01-25,2024,2024-25,17,TRUE
Region 6,202505,0,202505,37.8178,Clinical % positive,202638,37.3103,-0.5075000000000003,2025,5,2025-01-26,2025-02-01,2024,2024-25,18,TRUE
National,202505,0,202505,31.6,Clinical % positive,202638,31.6481,0.04809999999999803,2025,5,2025-01-26,2025-02-01,2024,2024-25,18,TRUE
Region 6,202506,0,202506,32.6529,Clinical % positive,202638,32.5379,-0.11500000000000199,2025,6,2025-02-02,2025-02-08,2024,2024-25,19,TRUE
National,202506,0,202506,31.5507,Clinical % positive,202638,31.4103,-0.14039999999999964,2025,6,2025-02-02,2025-02-08,2024,2024-25,19,TRUE
Region 6,202507,0,202507,25.5617,Clinical % positive,202638,25.1233,-0.4383999999999979,2025,7,2025-02-09,2025-02-15,2024,2024-25,20,TRUE
National,202507,0,202507,26.8508,Clinical % positive,202638,27.8373,0.9864999999999995,2025,7,2025-02-09,2025-02-15,2024,2024-25,20,TRUE
Region 6,202508,0,202508,21.8855,Clinical % positive,202638,20.9165,-0.9690000000000012,2025,8,2025-02-16,2025-02-22,2024,2024-25,21,TRUE
National,202508,0,202508,24.5125,Clinical % positive,202638,23.9403,-0.5721999999999987,2025,8,2025-02-16,2025-02-22,2024,2024-25,21,TRUE
Region 6,202509,0,202509,17.1807,Clinical % positive,202638,16.8265,-0.3542000000000023,2025,9,2025-02-23,2025-03-01,2024,2024-25,22,TRUE
National,202509,0,202509,18.9422,Clinical % positive,202638,19.4796,0.5374000000000017,2025,9,2025-02-23,2025-03-01,2024,2024-25,22,TRUE
Region 6,202510,0,202510,14.9167,Clinical % positive,202638,14.1384,-0.7782999999999998,2025,10,2025-03-02,2025-03-08,2024,2024-25,23,TRUE
National,202510,0,202510,16.0859,Clinical % positive,202638,15.8557,-0.23019999999999818,2025,10,2025-03-02,2025-03-08,2024,2024-25,23,TRUE
Region 6,202511,0,202511,11.2818,Clinical % positive,202638,11.2368,-0.04499999999999993,2025,11,2025-03-09,2025-03-15,2024,2024-25,24,TRUE
National,202511,0,202511,13.2498,Clinical % positive,202638,13.3136,0.06379999999999875,2025,11,2025-03-09,2025-03-15,2024,2024-25,24,TRUE
Region 6,202512,0,202512,8.49477,Clinical % positive,202638,8.40546,-0.08931000000000111,2025,12,2025-03-16,2025-03-22,2024,2024-25,25,TRUE
National,202512,0,202512,10.7069,Clinical % positive,202638,10.7287,0.021800000000000708,2025,12,2025-03-16,2025-03-22,2024,2024-25,25,TRUE
Region 6,202513,0,202513,8.22424,Clinical % positive,202638,7.68265,-0.5415900000000002,2025,13,2025-03-23,2025-03-29,2024,2024-25,26,TRUE
National,202513,0,202513,9.70937,Clinical % positive,202638,9.2285,-0.48086999999999946,2025,13,2025-03-23,2025-03-29,2024,2024-25,26,TRUE
Region 6,202514,0,202514,6.12225,Clinical % positive,202638,6.12485,0.0026000000000001577,2025,14,2025-03-30,2025-04-05,2024,2024-25,27,TRUE
National,202514,0,202514,7.55772,Clinical % positive,202638,7.57976,0.022040000000000504,2025,14,2025-03-30,2025-04-05,2024,2024-25,27,TRUE
Region 6,202515,0,202515,5.34835,Clinical % positive,202638,5.0139,-0.33445000000000036,2025,15,2025-04-06,2025-04-12,2024,2024-25,28,TRUE
National,202515,0,202515,6.69167,Clinical % positive,202638,6.16646,-0.5252100000000004,2025,15,2025-04-06,2025-04-12,2024,2024-25,28,TRUE
Region 6,202516,0,202516,3.95848,Clinical % positive,202638,4.17591,0.2174299999999998,2025,16,2025-04-13,2025-04-19,2024,2024-25,29,TRUE
National,202516,0,202516,5.55486,Clinical % positive,202638,5.2814,-0.27346000000000004,2025,16,2025-04-13,2025-04-19,2024,2024-25,29,TRUE
Region 6,202517,0,202517,3.74232,Clinical % positive,202638,3.49135,-0.2509699999999997,2025,17,2025-04-20,2025-04-26,2024,2024-25,30,TRUE
National,202517,0,202517,4.5801,Clinical % positive,202638,4.42023,-0.15986999999999973,2025,17,2025-04-20,2025-04-26,2024,2024-25,30,TRUE
Region 6,202518,0,202518,2.87088,Clinical % positive,202638,3.29695,0.4260699999999997,2025,18,2025-04-27,2025-05-03,2024,2024-25,31,TRUE
National,202518,0,202518,3.62286,Clinical % positive,202638,3.34042,-0.28244000000000025,2025,18,2025-04-27,2025-05-03,2024,2024-25,31,TRUE
Region 6,202519,0,202519,2.35976,Clinical % positive,202638,2.2345,-0.12525999999999993,2025,19,2025-05-04,2025-05-10,2024,2024-25,32,TRUE
National,202519,0,202519,2.89925,Clinical % positive,202638,2.6225,-0.27674999999999983,2025,19,2025-05-04,2025-05-10,2024,2024-25,32,TRUE
Region 6,202520,0,202520,2.1208,Clinical % positive,202638,2.3567,0.2359,2025,20,2025-05-11,2025-05-17,2024,2024-25,33,TRUE
National,202520,0,202520,2.37677,Clinical % positive,202638,2.14267,-0.2341000000000002,2025,20,2025-05-11,2025-05-17,2024,2024-25,33,TRUE
Region 6,202521,0,202521,2.13369,Clinical % positive,202638,2.56542,0.43172999999999995,2025,21,2025-05-18,2025-05-24,2024,2024-25,34,TRUE
National,202521,0,202521,1.92069,Clinical % positive,202638,1.92089,1.9999999999997797e-4,2025,21,2025-05-18,2025-05-24,2024,2024-25,34,TRUE
Region 6,202522,0,202522,3.19484,Clinical % positive,202638,3.17291,-0.021930000000000227,2025,22,2025-05-25,2025-05-31,2024,2024-25,35,TRUE
National,202522,0,202522,2.03093,Clinical % positive,202638,1.8643,-0.16663000000000006,2025,22,2025-05-25,2025-05-31,2024,2024-25,35,TRUE
Region 6,202523,0,202523,1.9004,Clinical % positive,202638,2.73159,0.8311900000000001,2025,23,2025-06-01,2025-06-07,2024,2024-25,36,TRUE
National,202523,0,202523,1.72203,Clinical % positive,202638,1.59902,-0.12300999999999984,2025,23,2025-06-01,2025-06-07,2024,2024-25,36,TRUE
Region 6,202524,0,202524,0.883552,Clinical % positive,202638,1.52697,0.6434179999999999,2025,24,2025-06-08,2025-06-14,2024,2024-25,37,TRUE
National,202524,0,202524,1.20098,Clinical % positive,202638,1.20473,0.003750000000000142,2025,24,2025-06-08,2025-06-14,2024,2024-25,37,TRUE
Region 6,202525,0,202525,1.42091,Clinical % positive,202638,1.32425,-0.09665999999999997,2025,25,2025-06-15,2025-06-21,2024,2024-25,38,TRUE
National,202525,0,202525,1.21014,Clinical % positive,202638,1.03725,-0.17289,2025,25,2025-06-15,2025-06-21,2024,2024-25,38,TRUE
Region 6,202526,0,202526,1.16604,Clinical % positive,202638,1.17624,0.010199999999999987,2025,26,2025-06-22,2025-06-28,2024,2024-25,39,TRUE
National,202526,0,202526,0.82052,Clinical % positive,202638,0.848557,0.02803699999999998,2025,26,2025-06-22,2025-06-28,2024,2024-25,39,TRUE
Region 6,202527,0,202527,1.30046,Clinical % positive,202638,1.26007,-0.040389999999999926,2025,27,2025-06-29,2025-07-05,2024,2024-25,40,TRUE
National,202527,0,202527,0.861744,Clinical % positive,202638,0.797926,-0.06381799999999993,2025,27,2025-06-29,2025-07-05,2024,2024-25,40,TRUE
Region 6,202528,0,202528,0.707965,Clinical % positive,202638,0.882526,0.17456100000000008,2025,28,2025-07-06,2025-07-12,2024,2024-25,41,TRUE
National,202528,0,202528,0.818595,Clinical % positive,202638,0.780353,-0.038242,2025,28,2025-07-06,2025-07-12,2024,2024-25,41,TRUE
Region 6,202529,0,202529,0.147406,Clinical % positive,202638,0.426439,0.279033,2025,29,2025-07-13,2025-07-19,2024,2024-25,42,TRUE
National,202529,0,202529,0.545692,Clinical % positive,202638,0.541867,-0.0038249999999999673,2025,29,2025-07-13,2025-07-19,2024,2024-25,42,TRUE
Region 6,202530,0,202530,0.366122,Clinical % positive,202638,0.336511,-0.029611,2025,30,2025-07-20,2025-07-26,2024,2024-25,43,TRUE
National,202530,0,202530,0.386458,Clinical % positive,202638,0.408367,0.021908999999999956,2025,30,2025-07-20,2025-07-26,2024,2024-25,43,TRUE
Region 6,202531,0,202531,0.37694,Clinical % positive,202638,0.568912,0.19197199999999998,2025,31,2025-07-27,2025-08-02,2024,2024-25,44,TRUE
National,202531,0,202531,0.386275,Clinical % positive,202638,0.4421,0.055825000000000014,2025,31,2025-07-27,2025-08-02,2024,2024-25,44,TRUE
Region 6,202532,0,202532,0.253632,Clinical % positive,202638,0.280751,0.02711899999999995,2025,32,2025-08-03,2025-08-09,2024,2024-25,45,TRUE
National,202532,0,202532,0.414153,Clinical % positive,202638,0.3833,-0.03085300000000002,2025,32,2025-08-03,2025-08-09,2024,2024-25,45,TRUE
Region 6,202533,0,202533,0.324924,Clinical % positive,202638,0.492317,0.16739300000000001,2025,33,2025-08-10,2025-08-16,2024,2024-25,46,TRUE
National,202533,0,202533,0.314169,Clinical % positive,202638,0.34551,0.03134100000000001,2025,33,2025-08-10,2025-08-16,2024,2024-25,46,TRUE
Region 6,202534,0,202534,0.266864,Clinical % positive,202638,0.321027,0.05416300000000002,2025,34,2025-08-17,2025-08-23,2024,2024-25,47,TRUE
National,202534,0,202534,0.375756,Clinical % positive,202638,0.388672,0.012916000000000039,2025,34,2025-08-17,2025-08-23,2024,2024-25,47,TRUE
Region 6,202535,0,202535,0.40015,Clinical % positive,202638,0.364892,-0.03525800000000001,2025,35,2025-08-24,2025-08-30,2024,2024-25,48,TRUE
National,202535,0,202535,0.412335,Clinical % positive,202638,0.397262,-0.015073000000000003,2025,35,2025-08-24,2025-08-30,2024,2024-25,48,TRUE
Region 6,202536,0,202536,0.358467,Clinical % positive,202638,0.354149,-0.0043179999999999885,2025,36,2025-08-31,2025-09-06,2024,2024-25,49,TRUE
National,202536,0,202536,0.402542,Clinical % positive,202638,0.391413,-0.011129,2025,36,2025-08-31,2025-09-06,2024,2024-25,49,TRUE
Region 6,202537,0,202537,0.372689,Clinical % positive,202638,0.534262,0.16157300000000002,2025,37,2025-09-07,2025-09-13,2024,2024-25,50,TRUE
National,202537,0,202537,0.351056,Clinical % positive,202638,0.451066,0.10001000000000004,2025,37,2025-09-07,2025-09-13,2024,2024-25,50,TRUE
Region 6,202538,0,202538,0.253365,Clinical % positive,202638,0.473993,0.220628,2025,38,2025-09-14,2025-09-20,2024,2024-25,51,TRUE
National,202538,0,202538,0.354029,Clinical % positive,202638,0.463353,0.10932400000000003,2025,38,2025-09-14,2025-09-20,2024,2024-25,51,TRUE
Region 6,202545,0,202545,2.61365,Clinical % positive,202638,3.36624,0.7525900000000001,2025,45,2025-11-02,2025-11-08,2025,2025-26,6,TRUE
National,202545,0,202545,2.01966,Clinical % positive,202638,1.90515,-0.11451000000000011,2025,45,2025-11-02,2025-11-08,2025,2025-26,6,TRUE
Region 6,202546,0,202546,2.99625,Clinical % positive,202638,5.79026,2.79401,2025,46,2025-11-09,2025-11-15,2025,2025-26,7,TRUE
National,202546,0,202546,2.90888,Clinical % positive,202638,3.26408,0.35519999999999996,2025,46,2025-11-09,2025-11-15,2025,2025-26,7,TRUE
Region 6,202547,0,202547,6.4585,Clinical % positive,202638,9.63264,3.1741400000000004,2025,47,2025-11-16,2025-11-22,2025,2025-26,8,TRUE
National,202547,0,202547,4.99211,Clinical % positive,202638,5.47544,0.4833299999999996,2025,47,2025-11-16,2025-11-22,2025,2025-26,8,TRUE
Region 6,202548,0,202548,7.90713,Clinical % positive,202638,13.2166,5.309469999999999,2025,48,2025-11-23,2025-11-29,2025,2025-26,9,TRUE
National,202548,0,202548,7.12789,Clinical % positive,202638,8.02224,0.8943500000000002,2025,48,2025-11-23,2025-11-29,2025,2025-26,9,TRUE
Region 6,202549,0,202549,7.67604,Clinical % positive,202638,10.7703,3.0942600000000002,2025,49,2025-11-30,2025-12-06,2025,2025-26,10,TRUE
National,202549,0,202549,8.06886,Clinical % positive,202638,8.98526,0.9163999999999994,2025,49,2025-11-30,2025-12-06,2025,2025-26,10,TRUE
Region 6,202550,0,202550,16.4598,Clinical % positive,202638,19.414,2.9542,2025,50,2025-12-07,2025-12-13,2025,2025-26,11,TRUE
National,202550,0,202550,14.7945,Clinical % positive,202638,15.4562,0.6617000000000015,2025,50,2025-12-07,2025-12-13,2025,2025-26,11,TRUE
Region 6,202551,0,202551,30.9746,Clinical % positive,202638,30.783,-0.19159999999999755,2025,51,2025-12-14,2025-12-20,2025,2025-26,12,TRUE
National,202551,0,202551,25.6343,Clinical % positive,202638,25.5832,-0.05109999999999815,2025,51,2025-12-14,2025-12-20,2025,2025-26,12,TRUE
Region 6,202552,0,202552,41.2596,Clinical % positive,202638,38.0531,-3.2064999999999984,2025,52,2025-12-21,2025-12-27,2025,2025-26,13,TRUE
National,202552,0,202552,32.8886,Clinical % positive,202638,31.7039,-1.1846999999999959,2025,52,2025-12-21,2025-12-27,2025,2025-26,13,TRUE
Region 6,202553,0,202553,29.7074,Clinical % positive,202638,28.731,-0.9763999999999982,2025,53,2025-12-28,2026-01-03,2025,2025-26,14,TRUE
National,202553,0,202553,24.7205,Clinical % positive,202638,24.6931,-0.02740000000000009,2025,53,2025-12-28,2026-01-03,2025,2025-26,14,TRUE
Region 6,202601,0,202601,19.6917,Clinical % positive,202638,21.047,1.3552999999999997,2026,1,2026-01-04,2026-01-10,2025,2025-26,15,TRUE
National,202601,0,202601,18.5675,Clinical % positive,202638,18.6029,0.03540000000000276,2026,1,2026-01-04,2026-01-10,2025,2025-26,15,TRUE
Region 6,202602,0,202602,18.6628,Clinical % positive,202638,19.3784,0.7155999999999985,2026,2,2026-01-11,2026-01-17,2025,2025-26,16,TRUE
National,202602,0,202602,17.661,Clinical % positive,202638,17.0323,-0.628700000000002,2026,2,2026-01-11,2026-01-17,2025,2025-26,16,TRUE
Region 6,202603,0,202603,22.4121,Clinical % positive,202638,22.8706,0.4585000000000008,2026,3,2026-01-18,2026-01-24,2025,2025-26,17,TRUE
National,202603,0,202603,18.0415,Clinical % positive,202638,17.5167,-0.524799999999999,2026,3,2026-01-18,2026-01-24,2025,2025-26,17,TRUE
Region 6,202604,0,202604,23.6999,Clinical % positive,202638,22.1379,-1.5620000000000012,2026,4,2026-01-25,2026-01-31,2025,2025-26,18,TRUE
National,202604,0,202604,17.9951,Clinical % positive,202638,17.4132,-0.581900000000001,2026,4,2026-01-25,2026-01-31,2025,2025-26,18,TRUE
Region 6,202605,0,202605,24.5337,Clinical % positive,202638,22.7046,-1.8291000000000004,2026,5,2026-02-01,2026-02-07,2025,2025-26,19,TRUE
National,202605,0,202605,18.5618,Clinical % positive,202638,18.0427,-0.5191000000000017,2026,5,2026-02-01,2026-02-07,2025,2025-26,19,TRUE
Region 6,202606,0,202606,25.1719,Clinical % positive,202638,23.6264,-1.5455000000000005,2026,6,2026-02-08,2026-02-14,2025,2025-26,20,TRUE
National,202606,0,202606,19.7613,Clinical % positive,202638,18.3248,-1.4364999999999988,2026,6,2026-02-08,2026-02-14,2025,2025-26,20,TRUE
Region 6,202607,0,202607,22.2296,Clinical % positive,202638,21.9315,-0.2981000000000016,2026,7,2026-02-15,2026-02-21,2025,2025-26,21,TRUE
National,202607,0,202607,17.9122,Clinical % positive,202638,18.0222,0.11000000000000298,2026,7,2026-02-15,2026-02-21,2025,2025-26,21,TRUE
Region 6,202608,0,202608,19.0889,Clinical % positive,202638,18.5784,-0.5105000000000004,2026,8,2026-02-22,2026-02-28,2025,2025-26,22,TRUE
National,202608,0,202608,15.791,Clinical % positive,202638,15.6738,-0.11720000000000041,2026,8,2026-02-22,2026-02-28,2025,2025-26,22,TRUE
Region 6,202609,0,202609,17.3189,Clinical % positive,202638,17.0853,-0.23359999999999914,2026,9,2026-03-01,2026-03-07,2025,2025-26,23,TRUE
National,202609,0,202609,15.3339,Clinical % positive,202638,15.3439,0.009999999999999787,2026,9,2026-03-01,2026-03-07,2025,2025-26,23,TRUE
Region 6,202610,0,202610,16.1859,Clinical % positive,202638,15.3853,-0.8005999999999993,2026,10,2026-03-08,2026-03-14,2025,2025-26,24,TRUE
National,202610,0,202610,12.673,Clinical % positive,202638,13.8166,1.1435999999999993,2026,10,2026-03-08,2026-03-14,2025,2025-26,24,TRUE
Region 6,202611,0,202611,13.2863,Clinical % positive,202638,13.0037,-0.2826000000000004,2026,11,2026-03-15,2026-03-21,2025,2025-26,25,TRUE
National,202611,0,202611,11.467,Clinical % positive,202638,11.2108,-0.25619999999999976,2026,11,2026-03-15,2026-03-21,2025,2025-26,25,TRUE
Region 6,202612,0,202612,11.027,Clinical % positive,202638,11.0546,0.0276000000000014,2026,12,2026-03-22,2026-03-28,2025,2025-26,26,TRUE
National,202612,0,202612,9.84064,Clinical % positive,202638,9.61931,-0.22133000000000003,2026,12,2026-03-22,2026-03-28,2025,2025-26,26,TRUE
Region 6,202613,0,202613,8.0016,Clinical % positive,202638,7.62662,-0.37497999999999987,2026,13,2026-03-29,2026-04-04,2025,2025-26,27,TRUE
National,202613,0,202613,8.23329,Clinical % positive,202638,7.77371,-0.4595799999999999,2026,13,2026-03-29,2026-04-04,2025,2025-26,27,TRUE
Region 6,202614,0,202614,6.05582,Clinical % positive,202638,6.05876,0.002940000000000609,2026,14,2026-04-05,2026-04-11,2025,2025-26,28,TRUE
National,202614,0,202614,6.04297,Clinical % positive,202638,5.90799,-0.13498000000000054,2026,14,2026-04-05,2026-04-11,2025,2025-26,28,TRUE
Region 6,202615,0,202615,3.82899,Clinical % positive,202638,3.89367,0.06468000000000007,2026,15,2026-04-12,2026-04-18,2025,2025-26,29,TRUE
National,202615,0,202615,4.68535,Clinical % positive,202638,4.52509,-0.16026000000000007,2026,15,2026-04-12,2026-04-18,2025,2025-26,29,TRUE
Region 6,202616,0,202616,3.37481,Clinical % positive,202638,3.35751,-0.017300000000000093,2026,16,2026-04-19,2026-04-25,2025,2025-26,30,TRUE
National,202616,0,202616,3.75689,Clinical % positive,202638,3.41479,-0.34209999999999985,2026,16,2026-04-19,2026-04-25,2025,2025-26,30,TRUE
Region 6,202617,0,202617,2.91554,Clinical % positive,202638,2.90654,-0.008999999999999897,2026,17,2026-04-26,2026-05-02,2025,2025-26,31,TRUE
National,202617,0,202617,3.05482,Clinical % positive,202638,2.96964,-0.08517999999999981,2026,17,2026-04-26,2026-05-02,2025,2025-26,31,TRUE
Region 6,202618,0,202618,2.03402,Clinical % positive,202638,1.90586,-0.12815999999999983,2026,18,2026-05-03,2026-05-09,2025,2025-26,32,TRUE
National,202618,0,202618,2.88266,Clinical % positive,202638,2.47606,-0.4066000000000001,2026,18,2026-05-03,2026-05-09,2025,2025-26,32,TRUE
Region 6,202619,0,202619,1.45467,Clinical % positive,202638,1.33895,-0.11571999999999982,2026,19,2026-05-10,2026-05-16,2025,2025-26,33,TRUE
National,202619,0,202619,1.912,Clinical % positive,202638,1.90845,-0.003549999999999942,2026,19,2026-05-10,2026-05-16,2025,2025-26,33,TRUE
Region 6,202620,0,202620,1.19662,Clinical % positive,202638,1.19008,-0.00653999999999999,2026,20,2026-05-17,2026-05-23,2025,2025-26,34,TRUE
National,202620,0,202620,1.6716,Clinical % positive,202638,1.5432,-0.12840000000000007,2026,20,2026-05-17,2026-05-23,2025,2025-26,34,TRUE
Region 6,202621,0,202621,1.37401,Clinical % positive,202638,1.19284,-0.18117000000000005,2026,21,2026-05-24,2026-05-30,2025,2025-26,35,TRUE
National,202621,0,202621,1.39661,Clinical % positive,202638,1.30898,-0.08762999999999987,2026,21,2026-05-24,2026-05-30,2025,2025-26,35,TRUE
Region 6,202622,0,202622,0.631121,Clinical % positive,202638,0.774117,0.142996,2026,22,2026-05-31,2026-06-06,2025,2025-26,36,TRUE
National,202622,0,202622,0.878793,Clinical % positive,202638,0.913254,0.034460999999999964,2026,22,2026-05-31,2026-06-06,2025,2025-26,36,TRUE
Region 6,202623,0,202623,0.625903,Clinical % positive,202638,0.658454,0.032551,2026,23,2026-06-07,2026-06-13,2025,2025-26,37,TRUE
National,202623,0,202623,0.798972,Clinical % positive,202638,0.789391,-0.009581000000000062,2026,23,2026-06-07,2026-06-13,2025,2025-26,37,TRUE
Region 6,202624,0,202624,0.317909,Clinical % positive,202638,0.400377,0.08246799999999999,2026,24,2026-06-14,2026-06-20,2025,2025-26,38,TRUE
National,202624,0,202624,0.660803,Clinical % positive,202638,0.642405,-0.018398000000000025,2026,24,2026-06-14,2026-06-20,2025,2025-26,38,TRUE
Region 6,202625,0,202625,0.400916,Clinical % positive,202638,0.392157,-0.008759000000000017,2026,25,2026-06-21,2026-06-27,2025,2025-26,39,TRUE
National,202625,0,202625,0.474764,Clinical % positive,202638,0.47613,0.0013659999999999783,2026,25,2026-06-21,2026-06-27,2025,2025-26,39,TRUE
Region 6,202626,0,202626,1.06521,Clinical % positive,202638,0.949367,-0.11584300000000003,2026,26,2026-06-28,2026-07-04,2025,2025-26,40,TRUE
National,202626,0,202626,0.555324,Clinical % positive,202638,0.548678,-0.006646000000000041,2026,26,2026-06-28,2026-07-04,2025,2025-26,40,TRUE
Region 6,202627,0,202627,0.682261,Clinical % positive,202638,0.698035,0.015773999999999955,2026,27,2026-07-05,2026-07-11,2025,2025-26,41,TRUE
National,202627,0,202627,0.60565,Clinical % positive,202638,0.759966,0.154316,2026,27,2026-07-05,2026-07-11,2025,2025-26,41,TRUE
Region 6,202628,0,202628,1.0453,Clinical % positive,202638,0.985878,-0.059421999999999864,2026,28,2026-07-12,2026-07-18,2025,2025-26,42,TRUE
National,202628,0,202628,0.579683,Clinical % positive,202638,0.544812,-0.034870999999999985,2026,28,2026-07-12,2026-07-18,2025,2025-26,42,TRUE
Region 6,202629,0,202629,0.43911,Clinical % positive,202638,0.419837,-0.019272999999999985,2026,29,2026-07-19,2026-07-25,2025,2025-26,43,TRUE
National,202629,0,202629,0.520674,Clinical % positive,202638,0.454794,-0.06588,2026,29,2026-07-19,2026-07-25,2025,2025-26,43,TRUE
Region 6,202630,0,202630,0.425532,Clinical % positive,202638,0.382653,-0.042879,2026,30,2026-07-26,2026-08-01,2025,2025-26,44,TRUE
National,202630,0,202630,0.429329,Clinical % positive,202638,0.429962,6.329999999999947e-4,2026,30,2026-07-26,2026-08-01,2025,2025-26,44,TRUE
Region 6,202631,0,202631,0.524934,Clinical % positive,202638,0.531273,0.0063389999999999835,2026,31,2026-08-02,2026-08-08,2025,2025-26,45,TRUE
National,202631,0,202631,0.454973,Clinical % positive,202638,0.486294,0.03132099999999999,2026,31,2026-08-02,2026-08-08,2025,2025-26,45,TRUE
Region 6,202632,0,202632,0.59592,Clinical % positive,202638,0.608931,0.013010999999999995,2026,32,2026-08-09,2026-08-15,2025,2025-26,46,TRUE
National,202632,0,202632,0.723344,Clinical % positive,202638,0.669681,-0.053663000000000016,2026,32,2026-08-09,2026-08-15,2025,2025-26,46,TRUE
Region 6,202633,0,202633,0.505319,Clinical % positive,202638,0.784379,0.2790600000000001,2026,33,2026-08-16,2026-08-22,2025,2025-26,47,TRUE
National,202633,0,202633,0.813935,Clinical % positive,202638,0.795584,-0.018351000000000006,2026,33,2026-08-16,2026-08-22,2025,2025-26,47,TRUE
Region 6,202634,0,202634,0.967834,Clinical % positive,202638,0.935466,-0.03236799999999995,2026,34,2026-08-23,2026-08-29,2025,2025-26,48,TRUE
National,202634,0,202634,1.09393,Clinical % positive,202638,1.01277,-0.08116000000000012,2026,34,2026-08-23,2026-08-29,2025,2025-26,48,TRUE
Region 6,202635,0,202635,1.31672,Clinical % positive,202638,0.901507,-0.41521299999999994,2026,35,2026-08-30,2026-09-05,2025,2025-26,49,TRUE
National,202635,0,202635,1.31222,Clinical % positive,202638,1.47536,0.16314000000000006,2026,35,2026-08-30,2026-09-05,2025,2025-26,49,TRUE
Region 6,202636,0,202636,1.0985,Clinical % positive,202638,1.15992,0.06142000000000003,2026,36,2026-09-06,2026-09-12,2025,2025-26,50,TRUE
National,202636,0,202636,1.77247,Clinical % positive,202638,1.7552,-0.017269999999999897,2026,36,2026-09-06,2026-09-12,2025,2025-26,50,TRUE
Region 6,202637,0,202637,1.89619,Clinical % positive,202638,1.84539,-0.050799999999999956,2026,37,2026-09-13,2026-09-19,2025,2025-26,51,TRUE
National,202637,0,202637,2.72695,Clinical % positive,202638,2.59936,-0.1275900000000001,2026,37,2026-09-13,2026-09-19,2025,2025-26,51,TRUE
Region 6,202638,0,202638,3.00038,Clinical % positive,202638,3.00038,0,2026,38,2026-09-20,2026-09-26,2025,2025-26,52,TRUE
National,202638,0,202638,3.43101,Clinical % positive,202638,3.43101,0,2026,38,2026-09-20,2026-09-26,2025,2025-26,52,TRUE
Region 6,202240,1,202241,5.49081,Clinical % positive,202439,5.48738,-0.003429999999999822,2022,40,2022-10-02,2022-10-08,2022,2022-23,1,TRUE
National,202240,1,202241,2.84282,Clinical % positive,202439,2.66968,-0.17314000000000007,2022,40,2022-10-02,2022-10-08,2022,2022-23,1,TRUE
Region 6,202241,1,202242,11.5537,Clinical % positive,202439,6.63195,-4.921749999999999,2022,41,2022-10-09,2022-10-15,2022,2022-23,2,TRUE
National,202241,1,202242,3.9372,Clinical % positive,202439,3.46261,-0.4745899999999996,2022,41,2022-10-09,2022-10-15,2022,2022-23,2,TRUE
Region 6,202242,1,202243,11.0666,Clinical % positive,202439,11.8599,0.7933000000000003,2022,42,2022-10-16,2022-10-22,2022,2022-23,3,TRUE
National,202242,1,202243,5.59072,Clinical % positive,202439,5.43662,-0.15410000000000057,2022,42,2022-10-16,2022-10-22,2022,2022-23,3,TRUE
Region 6,202243,1,202244,15.6547,Clinical % positive,202439,16.6848,1.0300999999999991,2022,43,2022-10-23,2022-10-29,2022,2022-23,4,TRUE
National,202243,1,202244,8.52595,Clinical % positive,202439,8.37742,-0.14852999999999916,2022,43,2022-10-23,2022-10-29,2022,2022-23,4,TRUE
Region 6,202244,1,202245,27.7804,Clinical % positive,202439,21.2577,-6.5227,2022,44,2022-10-30,2022-11-05,2022,2022-23,5,TRUE
National,202244,1,202245,13.3522,Clinical % positive,202439,12.7953,-0.5569000000000006,2022,44,2022-10-30,2022-11-05,2022,2022-23,5,TRUE
Region 6,202245,1,202246,20.821,Clinical % positive,202439,21.1235,0.30249999999999844,2022,45,2022-11-06,2022-11-12,2022,2022-23,6,TRUE
National,202245,1,202246,15.0385,Clinical % positive,202439,14.9355,-0.10300000000000153,2022,45,2022-11-06,2022-11-12,2022,2022-23,6,TRUE
Region 6,202246,1,202247,21.0746,Clinical % positive,202439,21.0509,-0.02370000000000161,2022,46,2022-11-13,2022-11-19,2022,2022-23,7,TRUE
National,202246,1,202247,17.9279,Clinical % positive,202439,18.3419,0.4139999999999979,2022,46,2022-11-13,2022-11-19,2022,2022-23,7,TRUE
Region 6,202247,1,202248,25.8473,Clinical % positive,202439,26.1068,0.2594999999999992,2022,47,2022-11-20,2022-11-26,2022,2022-23,8,TRUE
National,202247,1,202248,24.9681,Clinical % positive,202439,25.8135,0.8454000000000015,2022,47,2022-11-20,2022-11-26,2022,2022-23,8,TRUE
Region 6,202248,1,202249,23.57,Clinical % positive,202439,22.6683,-0.9017000000000017,2022,48,2022-11-27,2022-12-03,2022,2022-23,9,TRUE
National,202248,1,202249,25.4409,Clinical % positive,202439,25.5531,0.11220000000000141,2022,48,2022-11-27,2022-12-03,2022,2022-23,9,TRUE
Region 6,202249,1,202250,21.8331,Clinical % positive,202439,25.8598,4.026699999999998,2022,49,2022-12-04,2022-12-10,2022,2022-23,10,TRUE
National,202249,1,202250,25.6409,Clinical % positive,202439,26.2658,0.6249000000000002,2022,49,2022-12-04,2022-12-10,2022,2022-23,10,TRUE
Region 6,202250,1,202251,16.8627,Clinical % positive,202439,23.6264,6.7637,2022,50,2022-12-11,2022-12-17,2022,2022-23,11,TRUE
National,202250,1,202251,24.2015,Clinical % positive,202439,24.4693,0.26780000000000115,2022,50,2022-12-11,2022-12-17,2022,2022-23,11,TRUE
Region 6,202251,1,202252,14.164,Clinical % positive,202439,20.0823,5.9183,2022,51,2022-12-18,2022-12-24,2022,2022-23,12,TRUE
National,202251,1,202252,20.597,Clinical % positive,202439,20.7763,0.1792999999999978,2022,51,2022-12-18,2022-12-24,2022,2022-23,12,TRUE
Region 6,202252,1,202301,11.5276,Clinical % positive,202439,14.4784,2.950800000000001,2022,52,2022-12-25,2022-12-31,2022,2022-23,13,TRUE
National,202252,1,202301,14.8223,Clinical % positive,202439,14.8994,0.07709999999999972,2022,52,2022-12-25,2022-12-31,2022,2022-23,13,TRUE
Region 6,202301,1,202302,7.18571,Clinical % positive,202439,8.5693,1.3835899999999999,2023,1,2023-01-01,2023-01-07,2022,2022-23,14,TRUE
National,202301,1,202302,8.58166,Clinical % positive,202439,8.61225,0.030590000000000117,2023,1,2023-01-01,2023-01-07,2022,2022-23,14,TRUE
Region 6,202302,1,202303,4.96014,Clinical % positive,202439,4.93901,-0.021130000000000315,2023,2,2023-01-08,2023-01-14,2022,2022-23,15,TRUE
National,202302,1,202303,4.70277,Clinical % positive,202439,4.58566,-0.11711000000000027,2023,2,2023-01-08,2023-01-14,2022,2022-23,15,TRUE
Region 6,202303,1,202304,2.04134,Clinical % positive,202439,2.21382,0.1724800000000002,2023,3,2023-01-15,2023-01-21,2022,2022-23,16,TRUE
National,202303,1,202304,2.99693,Clinical % positive,202439,2.94035,-0.05657999999999985,2023,3,2023-01-15,2023-01-21,2022,2022-23,16,TRUE
Region 6,202304,1,202305,2.14225,Clinical % positive,202439,2.40285,0.2605999999999997,2023,4,2023-01-22,2023-01-28,2022,2022-23,17,TRUE
National,202304,1,202305,2.1059,Clinical % positive,202439,2.12014,0.01424000000000003,2023,4,2023-01-22,2023-01-28,2022,2022-23,17,TRUE
Region 6,202305,1,202306,2.1657,Clinical % positive,202439,2.21685,0.05114999999999981,2023,5,2023-01-29,2023-02-04,2022,2022-23,18,TRUE
National,202305,1,202306,1.68767,Clinical % positive,202439,1.67339,-0.01428000000000007,2023,5,2023-01-29,2023-02-04,2022,2022-23,18,TRUE
Region 6,202306,1,202307,1.34425,Clinical % positive,202439,1.58237,0.2381200000000001,2023,6,2023-02-05,2023-02-11,2022,2022-23,19,TRUE
National,202306,1,202307,1.34684,Clinical % positive,202439,1.36967,0.022829999999999906,2023,6,2023-02-05,2023-02-11,2022,2022-23,19,TRUE
Region 6,202307,1,202308,1.13996,Clinical % positive,202439,1.38502,0.24505999999999983,2023,7,2023-02-12,2023-02-18,2022,2022-23,20,TRUE
National,202307,1,202308,1.00857,Clinical % positive,202439,1.08468,0.07611000000000012,2023,7,2023-02-12,2023-02-18,2022,2022-23,20,TRUE
Region 6,202308,1,202309,1.26813,Clinical % positive,202439,1.37711,0.10898000000000008,2023,8,2023-02-19,2023-02-25,2022,2022-23,21,TRUE
National,202308,1,202309,0.999314,Clinical % positive,202439,1.01838,0.019066000000000027,2023,8,2023-02-19,2023-02-25,2022,2022-23,21,TRUE
Region 6,202309,1,202310,1.75405,Clinical % positive,202439,1.48511,-0.2689400000000002,2023,9,2023-02-26,2023-03-04,2022,2022-23,22,TRUE
National,202309,1,202310,0.889218,Clinical % positive,202439,0.92233,0.03311200000000003,2023,9,2023-02-26,2023-03-04,2022,2022-23,22,TRUE
Region 6,202310,1,202311,1.45368,Clinical % positive,202439,1.55547,0.10178999999999983,2023,10,2023-03-05,2023-03-11,2022,2022-23,23,TRUE
National,202310,1,202311,1.0284,Clinical % positive,202439,1.04196,0.013560000000000016,2023,10,2023-03-05,2023-03-11,2022,2022-23,23,TRUE
Region 6,202311,1,202312,1.27184,Clinical % positive,202439,1.2959,0.02405999999999997,2023,11,2023-03-12,2023-03-18,2022,2022-23,24,TRUE
National,202311,1,202312,0.899166,Clinical % positive,202439,0.89434,-0.004825999999999997,2023,11,2023-03-12,2023-03-18,2022,2022-23,24,TRUE
Region 6,202312,1,202313,1.17896,Clinical % positive,202439,1.20018,0.021220000000000017,2023,12,2023-03-19,2023-03-25,2022,2022-23,25,TRUE
National,202312,1,202313,0.948248,Clinical % positive,202439,0.949267,0.0010189999999999921,2023,12,2023-03-19,2023-03-25,2022,2022-23,25,TRUE
Region 6,202313,1,202314,1.17276,Clinical % positive,202439,1.00456,-0.16820000000000013,2023,13,2023-03-26,2023-04-01,2022,2022-23,26,TRUE
National,202313,1,202314,0.90324,Clinical % positive,202439,0.959683,0.05644299999999991,2023,13,2023-03-26,2023-04-01,2022,2022-23,26,TRUE
Region 6,202314,1,202315,1.01666,Clinical % positive,202439,0.9737,-0.04295999999999989,2023,14,2023-04-02,2023-04-08,2022,2022-23,27,TRUE
National,202314,1,202315,0.993159,Clinical % positive,202439,1.05613,0.062971,2023,14,2023-04-02,2023-04-08,2022,2022-23,27,TRUE
Region 6,202315,1,202316,1.43751,Clinical % positive,202439,0.971966,-0.46554400000000007,2023,15,2023-04-09,2023-04-15,2022,2022-23,28,TRUE
National,202315,1,202316,1.01837,Clinical % positive,202439,1.01401,-0.0043599999999999195,2023,15,2023-04-09,2023-04-15,2022,2022-23,28,TRUE
Region 6,202316,1,202317,1.17371,Clinical % positive,202439,0.902545,-0.271165,2023,16,2023-04-16,2023-04-22,2022,2022-23,29,TRUE
National,202316,1,202317,0.870137,Clinical % positive,202439,0.837728,-0.03240900000000002,2023,16,2023-04-16,2023-04-22,2022,2022-23,29,TRUE
Region 6,202317,1,202318,0.858322,Clinical % positive,202439,0.857856,-4.6600000000007746e-4,2023,17,2023-04-23,2023-04-29,2022,2022-23,30,TRUE
National,202317,1,202318,0.944563,Clinical % positive,202439,0.954306,0.009742999999999946,2023,17,2023-04-23,2023-04-29,2022,2022-23,30,TRUE
Region 6,202318,1,202319,0.923961,Clinical % positive,202439,0.858513,-0.06544800000000006,2023,18,2023-04-30,2023-05-06,2022,2022-23,31,TRUE
National,202318,1,202319,0.912576,Clinical % positive,202439,0.943503,0.030926999999999927,2023,18,2023-04-30,2023-05-06,2022,2022-23,31,TRUE
Region 6,202319,1,202320,1.35876,Clinical % positive,202439,1.11613,-0.2426299999999999,2023,19,2023-05-07,2023-05-13,2022,2022-23,32,TRUE
National,202319,1,202320,0.982475,Clinical % positive,202439,1.01804,0.03556500000000007,2023,19,2023-05-07,2023-05-13,2022,2022-23,32,TRUE
Region 6,202320,1,202321,1.61255,Clinical % positive,202439,1.24535,-0.36719999999999997,2023,20,2023-05-14,2023-05-20,2022,2022-23,33,TRUE
National,202320,1,202321,1.13119,Clinical % positive,202439,1.17603,0.04483999999999999,2023,20,2023-05-14,2023-05-20,2022,2022-23,33,TRUE
Region 6,202321,1,202322,1.28729,Clinical % positive,202439,1.28456,-0.0027300000000001212,2023,21,2023-05-21,2023-05-27,2022,2022-23,34,TRUE
National,202321,1,202322,1.08515,Clinical % positive,202439,1.19412,0.10897000000000001,2023,21,2023-05-21,2023-05-27,2022,2022-23,34,TRUE
Region 6,202322,1,202323,1.05545,Clinical % positive,202439,1.10841,0.052959999999999896,2023,22,2023-05-28,2023-06-03,2022,2022-23,35,TRUE
National,202322,1,202323,1.06201,Clinical % positive,202439,1.30539,0.24338000000000015,2023,22,2023-05-28,2023-06-03,2022,2022-23,35,TRUE
Region 6,202323,1,202324,0.881277,Clinical % positive,202439,0.881131,-1.4599999999997948e-4,2023,23,2023-06-04,2023-06-10,2022,2022-23,36,TRUE
National,202323,1,202324,1.02988,Clinical % positive,202439,1.0945,0.06462000000000012,2023,23,2023-06-04,2023-06-10,2022,2022-23,36,TRUE
Region 6,202324,1,202325,1.01394,Clinical % positive,202439,1.01394,0,2023,24,2023-06-11,2023-06-17,2022,2022-23,37,TRUE
National,202324,1,202325,1.13986,Clinical % positive,202439,1.1074600000000001,-0.032399999999999984,2023,24,2023-06-11,2023-06-17,2022,2022-23,37,TRUE
Region 6,202325,1,202326,1.25255,Clinical % positive,202439,1.14855,-0.10400000000000009,2023,25,2023-06-18,2023-06-24,2022,2022-23,38,TRUE
National,202325,1,202326,0.934007,Clinical % positive,202439,0.947234,0.013226999999999989,2023,25,2023-06-18,2023-06-24,2022,2022-23,38,TRUE
Region 6,202326,1,202327,1.16026,Clinical % positive,202439,0.825423,-0.33483700000000005,2023,26,2023-06-25,2023-07-01,2022,2022-23,39,TRUE
National,202326,1,202327,1.19629,Clinical % positive,202439,1.10448,-0.09181000000000017,2023,26,2023-06-25,2023-07-01,2022,2022-23,39,TRUE
Region 6,202327,1,202328,0.872981,Clinical % positive,202439,0.89613,0.023148999999999975,2023,27,2023-07-02,2023-07-08,2022,2022-23,40,TRUE
National,202327,1,202328,0.818926,Clinical % positive,202439,1.20836,0.38943400000000006,2023,27,2023-07-02,2023-07-08,2022,2022-23,40,TRUE
Region 6,202328,1,202329,1.46115,Clinical % positive,202439,1.18921,-0.27193999999999985,2023,28,2023-07-09,2023-07-15,2022,2022-23,41,TRUE
National,202328,1,202329,1.04167,Clinical % positive,202439,0.998011,-0.043659000000000114,2023,28,2023-07-09,2023-07-15,2022,2022-23,41,TRUE
Region 6,202329,1,202330,1.63112,Clinical % positive,202439,1.25193,-0.3791899999999999,2023,29,2023-07-16,2023-07-22,2022,2022-23,42,TRUE
National,202329,1,202330,0.989821,Clinical % positive,202439,0.998153,0.008332000000000006,2023,29,2023-07-16,2023-07-22,2022,2022-23,42,TRUE
Region 6,202330,1,202331,1.04273,Clinical % positive,202439,0.967742,-0.07498799999999994,2023,30,2023-07-23,2023-07-29,2022,2022-23,43,TRUE
National,202330,1,202331,1.0548,Clinical % positive,202439,0.994042,-0.06075799999999998,2023,30,2023-07-23,2023-07-29,2022,2022-23,43,TRUE
Region 6,202331,1,202332,1.49917,Clinical % positive,202439,1.40659,-0.09257999999999988,2023,31,2023-07-30,2023-08-05,2022,2022-23,44,TRUE
National,202331,1,202332,1.03321,Clinical % positive,202439,1.06399,0.03078000000000003,2023,31,2023-07-30,2023-08-05,2022,2022-23,44,TRUE
Region 6,202332,1,202333,0.837521,Clinical % positive,202439,0.802469,-0.03505199999999997,2023,32,2023-08-06,2023-08-12,2022,2022-23,45,TRUE
National,202332,1,202333,0.876095,Clinical % positive,202439,0.855174,-0.020920999999999967,2023,32,2023-08-06,2023-08-12,2022,2022-23,45,TRUE
Region 6,202333,1,202334,1.04263,Clinical % positive,202439,0.992039,-0.05059099999999994,2023,33,2023-08-13,2023-08-19,2022,2022-23,46,TRUE
National,202333,1,202334,0.933063,Clinical % positive,202439,0.897271,-0.035791999999999935,2023,33,2023-08-13,2023-08-19,2022,2022-23,46,TRUE
Region 6,202334,1,202335,0.986582,Clinical % positive,202439,0.805017,-0.18156499999999998,2023,34,2023-08-20,2023-08-26,2022,2022-23,47,TRUE
National,202334,1,202335,0.772315,Clinical % positive,202439,0.769782,-0.0025330000000000075,2023,34,2023-08-20,2023-08-26,2022,2022-23,47,TRUE
Region 6,202335,1,202336,0.842249,Clinical % positive,202439,0.763171,-0.07907799999999998,2023,35,2023-08-27,2023-09-02,2022,2022-23,48,TRUE
National,202335,1,202336,0.724441,Clinical % positive,202439,0.718069,-0.006372000000000044,2023,35,2023-08-27,2023-09-02,2022,2022-23,48,TRUE
Region 6,202336,1,202337,0.810474,Clinical % positive,202439,0.818014,0.007539999999999991,2023,36,2023-09-03,2023-09-09,2022,2022-23,49,TRUE
National,202336,1,202337,0.693575,Clinical % positive,202439,0.701222,0.007646999999999959,2023,36,2023-09-03,2023-09-09,2022,2022-23,49,TRUE
Region 6,202337,1,202338,0.779055,Clinical % positive,202439,0.856698,0.0776429999999999,2023,37,2023-09-10,2023-09-16,2022,2022-23,50,TRUE
National,202337,1,202338,0.804529,Clinical % positive,202439,0.792616,-0.011913000000000062,2023,37,2023-09-10,2023-09-16,2022,2022-23,50,TRUE
Region 6,202338,1,202339,1.16393,Clinical % positive,202439,0.942847,-0.22108299999999992,2023,38,2023-09-17,2023-09-23,2022,2022-23,51,TRUE
National,202338,1,202339,0.924255,Clinical % positive,202439,0.915555,-0.008700000000000041,2023,38,2023-09-17,2023-09-23,2022,2022-23,51,TRUE
Region 6,202339,1,202340,1.3,Clinical % positive,202439,1.27805,-0.021950000000000136,2023,39,2023-09-24,2023-09-30,2022,2022-23,52,TRUE
National,202339,1,202340,0.918665,Clinical % positive,202439,0.933506,0.014840999999999993,2023,39,2023-09-24,2023-09-30,2022,2022-23,52,TRUE
Region 6,202340,1,202341,1.13648,Clinical % positive,202538,1.29144,0.15496,2023,40,2023-10-01,2023-10-07,2023,2023-24,1,TRUE
National,202340,1,202341,1.06609,Clinical % positive,202538,1.10103,0.03493999999999997,2023,40,2023-10-01,2023-10-07,2023,2023-24,1,TRUE
Region 6,202341,1,202342,1.53209,Clinical % positive,202538,1.95099,0.41890000000000005,2023,41,2023-10-08,2023-10-14,2023,2023-24,2,TRUE
National,202341,1,202342,1.25223,Clinical % positive,202538,1.34933,0.09709999999999996,2023,41,2023-10-08,2023-10-14,2023,2023-24,2,TRUE
Region 6,202342,1,202343,2.576,Clinical % positive,202538,2.05853,-0.5174699999999999,2023,42,2023-10-15,2023-10-21,2023,2023-24,3,TRUE
National,202342,1,202343,1.55713,Clinical % positive,202538,1.51345,-0.04367999999999994,2023,42,2023-10-15,2023-10-21,2023,2023-24,3,TRUE
Region 6,202343,1,202344,3.45733,Clinical % positive,202538,2.69403,-0.7632999999999996,2023,43,2023-10-22,2023-10-28,2023,2023-24,4,TRUE
National,202343,1,202344,1.84476,Clinical % positive,202538,1.81282,-0.03193999999999986,2023,43,2023-10-22,2023-10-28,2023,2023-24,4,TRUE
Region 6,202344,1,202345,4.81719,Clinical % positive,202538,3.78914,-1.02805,2023,44,2023-10-29,2023-11-04,2023,2023-24,5,TRUE
National,202344,1,202345,2.63263,Clinical % positive,202538,2.61941,-0.01322000000000001,2023,44,2023-10-29,2023-11-04,2023,2023-24,5,TRUE
Region 6,202345,1,202346,5.96067,Clinical % positive,202538,5.96067,0,2023,45,2023-11-05,2023-11-11,2023,2023-24,6,TRUE
National,202345,1,202346,4.01976,Clinical % positive,202538,3.95879,-0.06096999999999975,2023,45,2023-11-05,2023-11-11,2023,2023-24,6,TRUE
Region 6,202346,1,202347,7.72121,Clinical % positive,202538,7.27753,-0.4436800000000005,2023,46,2023-11-12,2023-11-18,2023,2023-24,7,TRUE
National,202346,1,202347,4.92507,Clinical % positive,202538,4.86504,-0.06003000000000025,2023,46,2023-11-12,2023-11-18,2023,2023-24,7,TRUE
Region 6,202347,1,202348,9.15075,Clinical % positive,202538,7.76597,-1.3847800000000001,2023,47,2023-11-19,2023-11-25,2023,2023-24,8,TRUE
National,202347,1,202348,6.24962,Clinical % positive,202538,5.91987,-0.32974999999999977,2023,47,2023-11-19,2023-11-25,2023,2023-24,8,TRUE
Region 6,202348,1,202349,9.13956,Clinical % positive,202538,9.13956,0,2023,48,2023-11-26,2023-12-02,2023,2023-24,9,TRUE
National,202348,1,202349,7.05146,Clinical % positive,202538,6.96915,-0.08230999999999966,2023,48,2023-11-26,2023-12-02,2023,2023-24,9,TRUE
Region 6,202349,1,202350,13.5268,Clinical % positive,202538,13.5268,0,2023,49,2023-12-03,2023-12-09,2023,2023-24,10,TRUE
National,202349,1,202350,9.90903,Clinical % positive,202538,9.79897,-0.11005999999999894,2023,49,2023-12-03,2023-12-09,2023,2023-24,10,TRUE
Region 6,202350,1,202351,17.9625,Clinical % positive,202538,19.7717,1.8092000000000006,2023,50,2023-12-10,2023-12-16,2023,2023-24,11,TRUE
National,202350,1,202351,12.7042,Clinical % positive,202538,13.3872,0.6829999999999998,2023,50,2023-12-10,2023-12-16,2023,2023-24,11,TRUE
Region 6,202351,1,202352,23.8024,Clinical % positive,202538,25.2,1.3976000000000006,2023,51,2023-12-17,2023-12-23,2023,2023-24,12,TRUE
National,202351,1,202352,16.6042,Clinical % positive,202538,17.3213,0.7171000000000021,2023,51,2023-12-17,2023-12-23,2023,2023-24,12,TRUE
Region 6,202352,1,202401,23.4365,Clinical % positive,202538,23.7015,0.26500000000000057,2023,52,2023-12-24,2023-12-30,2023,2023-24,13,TRUE
National,202352,1,202401,18.004,Clinical % positive,202538,18.1605,0.15649999999999764,2023,52,2023-12-24,2023-12-30,2023,2023-24,13,TRUE
Region 6,202401,1,202402,22.5114,Clinical % positive,202538,22.4498,-0.061599999999998545,2024,1,2023-12-31,2024-01-06,2023,2023-24,14,TRUE
National,202401,1,202402,13.8393,Clinical % positive,202538,13.8031,-0.03619999999999912,2024,1,2023-12-31,2024-01-06,2023,2023-24,14,TRUE
Region 6,202402,1,202403,22.7375,Clinical % positive,202538,21.1487,-1.588799999999999,2024,2,2024-01-07,2024-01-13,2023,2023-24,15,TRUE
National,202402,1,202403,13.8051,Clinical % positive,202538,13.867,0.0619000000000014,2024,2,2024-01-07,2024-01-13,2023,2023-24,15,TRUE
Region 6,202403,1,202404,25.5729,Clinical % positive,202538,23.2504,-2.3225000000000016,2024,3,2024-01-14,2024-01-20,2023,2023-24,16,TRUE
National,202403,1,202404,14.4095,Clinical % positive,202538,14.9059,0.4964000000000013,2024,3,2024-01-14,2024-01-20,2023,2023-24,16,TRUE
Region 6,202404,1,202405,30.1466,Clinical % positive,202538,27.111,-3.0355999999999987,2024,4,2024-01-21,2024-01-27,2023,2023-24,17,TRUE
National,202404,1,202405,15.9749,Clinical % positive,202538,16.1303,0.15539999999999843,2024,4,2024-01-21,2024-01-27,2023,2023-24,17,TRUE
Region 6,202405,1,202406,26.0997,Clinical % positive,202538,26.6949,0.595200000000002,2024,5,2024-01-28,2024-02-03,2023,2023-24,18,TRUE
National,202405,1,202406,15.9817,Clinical % positive,202538,16.3067,0.3249999999999993,2024,5,2024-01-28,2024-02-03,2023,2023-24,18,TRUE
Region 6,202406,1,202407,21.4704,Clinical % positive,202538,21.4266,-0.04380000000000095,2024,6,2024-02-04,2024-02-10,2023,2023-24,19,TRUE
National,202406,1,202407,15.6418,Clinical % positive,202538,15.8521,0.21030000000000015,2024,6,2024-02-04,2024-02-10,2023,2023-24,19,TRUE
Region 6,202407,1,202408,19.606,Clinical % positive,202538,19.0577,-0.5483000000000011,2024,7,2024-02-11,2024-02-17,2023,2023-24,20,TRUE
National,202407,1,202408,15.1861,Clinical % positive,202538,15.5673,0.38119999999999976,2024,7,2024-02-11,2024-02-17,2023,2023-24,20,TRUE
Region 6,202408,1,202409,18.2068,Clinical % positive,202538,16.915,-1.291800000000002,2024,8,2024-02-18,2024-02-24,2023,2023-24,21,TRUE
National,202408,1,202409,13.5596,Clinical % positive,202538,15.5181,1.9585000000000008,2024,8,2024-02-18,2024-02-24,2023,2023-24,21,TRUE
Region 6,202409,1,202410,13.9098,Clinical % positive,202538,14.406,0.4962,2024,9,2024-02-25,2024-03-02,2023,2023-24,22,TRUE
National,202409,1,202410,14.2647,Clinical % positive,202538,14.9467,0.6820000000000004,2024,9,2024-02-25,2024-03-02,2023,2023-24,22,TRUE
Region 6,202410,1,202411,12.9641,Clinical % positive,202538,14.1064,1.1423000000000005,2024,10,2024-03-03,2024-03-09,2023,2023-24,23,TRUE
National,202410,1,202411,14.2199,Clinical % positive,202538,14.2261,0.006199999999999761,2024,10,2024-03-03,2024-03-09,2023,2023-24,23,TRUE
Region 6,202411,1,202412,11.6856,Clinical % positive,202538,11.6856,0,2024,11,2024-03-10,2024-03-16,2023,2023-24,24,TRUE
National,202411,1,202412,12.0536,Clinical % positive,202538,11.9214,-0.1321999999999992,2024,11,2024-03-10,2024-03-16,2023,2023-24,24,TRUE
Region 6,202412,1,202413,9.73114,Clinical % positive,202538,9.37571,-0.35543000000000013,2024,12,2024-03-17,2024-03-23,2023,2023-24,25,TRUE
National,202412,1,202413,10.4712,Clinical % positive,202538,10.3628,-0.10839999999999961,2024,12,2024-03-17,2024-03-23,2023,2023-24,25,TRUE
Region 6,202413,1,202414,7.57319,Clinical % positive,202538,7.44995,-0.12324000000000002,2024,13,2024-03-24,2024-03-30,2023,2023-24,26,TRUE
National,202413,1,202414,9.20978,Clinical % positive,202538,9.15264,-0.05714000000000041,2024,13,2024-03-24,2024-03-30,2023,2023-24,26,TRUE
Region 6,202414,1,202415,3.8534,Clinical % positive,202538,5.16172,1.3083199999999997,2024,14,2024-03-31,2024-04-06,2023,2023-24,27,TRUE
National,202414,1,202415,7.62176,Clinical % positive,202538,7.53799,-0.08377000000000034,2024,14,2024-03-31,2024-04-06,2023,2023-24,27,TRUE
Region 6,202415,1,202416,2.9868,Clinical % positive,202538,4.05463,1.0678300000000003,2024,15,2024-04-07,2024-04-13,2023,2023-24,28,TRUE
National,202415,1,202416,5.7971,Clinical % positive,202538,5.79303,-0.004070000000000462,2024,15,2024-04-07,2024-04-13,2023,2023-24,28,TRUE
Region 6,202416,1,202417,2.43801,Clinical % positive,202538,3.5348,1.0967900000000004,2024,16,2024-04-14,2024-04-20,2023,2023-24,29,TRUE
National,202416,1,202417,4.77384,Clinical % positive,202538,4.7576,-0.01623999999999981,2024,16,2024-04-14,2024-04-20,2023,2023-24,29,TRUE
Region 6,202417,1,202418,1.77171,Clinical % positive,202538,2.81981,1.0481,2024,17,2024-04-21,2024-04-27,2023,2023-24,30,TRUE
National,202417,1,202418,3.74157,Clinical % positive,202538,3.79997,0.05840000000000023,2024,17,2024-04-21,2024-04-27,2023,2023-24,30,TRUE
Region 6,202418,1,202419,2.41672,Clinical % positive,202538,2.42392,0.007199999999999651,2024,18,2024-04-28,2024-05-04,2023,2023-24,31,TRUE
National,202418,1,202419,3.23064,Clinical % positive,202538,3.1963,-0.03434000000000026,2024,18,2024-04-28,2024-05-04,2023,2023-24,31,TRUE
Region 6,202419,1,202420,1.83885,Clinical % positive,202538,1.83885,0,2024,19,2024-05-05,2024-05-11,2023,2023-24,32,TRUE
National,202419,1,202420,2.36267,Clinical % positive,202538,2.3264,-0.036270000000000024,2024,19,2024-05-05,2024-05-11,2023,2023-24,32,TRUE
Region 6,202420,1,202421,1.92002,Clinical % positive,202538,1.67685,-0.2431700000000001,2024,20,2024-05-12,2024-05-18,2023,2023-24,33,TRUE
National,202420,1,202421,2.00032,Clinical % positive,202538,1.82353,-0.17678999999999978,2024,20,2024-05-12,2024-05-18,2023,2023-24,33,TRUE
Region 6,202421,1,202422,1.33873,Clinical % positive,202538,1.33873,0,2024,21,2024-05-19,2024-05-25,2023,2023-24,34,TRUE
National,202421,1,202422,1.72395,Clinical % positive,202538,1.64013,-0.08382,2024,21,2024-05-19,2024-05-25,2023,2023-24,34,TRUE
Region 6,202422,1,202423,1.22374,Clinical % positive,202538,1.33209,0.10834999999999995,2024,22,2024-05-26,2024-06-01,2023,2023-24,35,TRUE
National,202422,1,202423,1.70477,Clinical % positive,202538,1.63898,-0.0657899999999998,2024,22,2024-05-26,2024-06-01,2023,2023-24,35,TRUE
Region 6,202423,1,202424,0.910442,Clinical % positive,202538,1.04612,0.13567799999999997,2024,23,2024-06-02,2024-06-08,2023,2023-24,36,TRUE
National,202423,1,202424,1.53715,Clinical % positive,202538,1.47982,-0.0573300000000001,2024,23,2024-06-02,2024-06-08,2023,2023-24,36,TRUE
Region 6,202424,1,202425,1.19937,Clinical % positive,202538,0.987287,-0.21208300000000002,2024,24,2024-06-09,2024-06-15,2023,2023-24,37,TRUE
National,202424,1,202425,1.36946,Clinical % positive,202538,1.28263,-0.08682999999999996,2024,24,2024-06-09,2024-06-15,2023,2023-24,37,TRUE
Region 6,202425,1,202426,0.661084,Clinical % positive,202538,0.609587,-0.051497000000000015,2024,25,2024-06-16,2024-06-22,2023,2023-24,38,TRUE
National,202425,1,202426,1.0823,Clinical % positive,202538,1.04808,-0.03422000000000014,2024,25,2024-06-16,2024-06-22,2023,2023-24,38,TRUE
Region 6,202426,1,202427,0.676183,Clinical % positive,202538,0.591716,-0.08446699999999996,2024,26,2024-06-23,2024-06-29,2023,2023-24,39,TRUE
National,202426,1,202427,0.964276,Clinical % positive,202538,0.890646,-0.07362999999999997,2024,26,2024-06-23,2024-06-29,2023,2023-24,39,TRUE
Region 6,202427,1,202428,0.693897,Clinical % positive,202538,0.705659,0.01176200000000005,2024,27,2024-06-30,2024-07-06,2023,2023-24,40,TRUE
National,202427,1,202428,0.940505,Clinical % positive,202538,0.986472,0.04596699999999998,2024,27,2024-06-30,2024-07-06,2023,2023-24,40,TRUE
Region 6,202428,1,202429,0.720192,Clinical % positive,202538,0.701846,-0.018346000000000084,2024,28,2024-07-07,2024-07-13,2023,2023-24,41,TRUE
National,202428,1,202429,0.851835,Clinical % positive,202538,0.830267,-0.02156800000000003,2024,28,2024-07-07,2024-07-13,2023,2023-24,41,TRUE
Region 6,202429,1,202430,0.514546,Clinical % positive,202538,0.556174,0.041628,2024,29,2024-07-14,2024-07-20,2023,2023-24,42,TRUE
National,202429,1,202430,0.702993,Clinical % positive,202538,0.692818,-0.010174999999999934,2024,29,2024-07-14,2024-07-20,2023,2023-24,42,TRUE
Region 6,202430,1,202431,0.578226,Clinical % positive,202538,0.5084,-0.06982600000000005,2024,30,2024-07-21,2024-07-27,2023,2023-24,43,TRUE
National,202430,1,202431,0.656183,Clinical % positive,202538,0.602587,-0.05359599999999998,2024,30,2024-07-21,2024-07-27,2023,2023-24,43,TRUE
Region 6,202431,1,202432,0.424166,Clinical % positive,202538,0.435337,0.011170999999999986,2024,31,2024-07-28,2024-08-03,2023,2023-24,44,TRUE
National,202431,1,202432,0.573888,Clinical % positive,202538,0.558449,-0.01543899999999998,2024,31,2024-07-28,2024-08-03,2023,2023-24,44,TRUE
Region 6,202432,1,202433,0.310675,Clinical % positive,202538,0.342246,0.031571000000000016,2024,32,2024-08-04,2024-08-10,2023,2023-24,45,TRUE
National,202432,1,202433,0.488284,Clinical % positive,202538,0.485156,-0.0031280000000000197,2024,32,2024-08-04,2024-08-10,2023,2023-24,45,TRUE
Region 6,202433,1,202434,0.378378,Clinical % positive,202538,0.439209,0.060831000000000024,2024,33,2024-08-11,2024-08-17,2023,2023-24,46,TRUE
National,202433,1,202434,0.44132,Clinical % positive,202538,0.451414,0.010093999999999992,2024,33,2024-08-11,2024-08-17,2023,2023-24,46,TRUE
Region 6,202434,1,202435,0.506329,Clinical % positive,202538,0.500334,-0.005995000000000084,2024,34,2024-08-18,2024-08-24,2023,2023-24,47,TRUE
National,202434,1,202435,0.375469,Clinical % positive,202538,0.436722,0.061253,2024,34,2024-08-18,2024-08-24,2023,2023-24,47,TRUE
Region 6,202435,1,202436,0.528641,Clinical % positive,202538,0.524257,-0.0043840000000000545,2024,35,2024-08-25,2024-08-31,2023,2023-24,48,TRUE
National,202435,1,202436,0.416495,Clinical % positive,202538,0.415591,-9.040000000000159e-4,2024,35,2024-08-25,2024-08-31,2023,2023-24,48,TRUE
Region 6,202436,1,202437,0.47545,Clinical % positive,202538,0.511402,0.03595200000000004,2024,36,2024-09-01,2024-09-07,2023,2023-24,49,TRUE
National,202436,1,202437,0.461427,Clinical % positive,202538,0.440743,-0.02068399999999998,2024,36,2024-09-01,2024-09-07,2023,2023-24,49,TRUE
Region 6,202437,1,202438,0.562023,Clinical % positive,202538,0.563112,0.0010889999999998956,2024,37,2024-09-08,2024-09-14,2023,2023-24,50,TRUE
National,202437,1,202438,0.500115,Clinical % positive,202538,0.476351,-0.023763999999999952,2024,37,2024-09-08,2024-09-14,2023,2023-24,50,TRUE
Region 6,202438,1,202439,0.745598,Clinical % positive,202538,0.738171,-0.007426999999999961,2024,38,2024-09-15,2024-09-21,2023,2023-24,51,TRUE
National,202438,1,202439,0.544018,Clinical % positive,202538,0.531351,-0.012666999999999984,2024,38,2024-09-15,2024-09-21,2023,2023-24,51,TRUE
Region 6,202439,1,202440,0.540608,Clinical % positive,202538,0.68287,0.142262,2024,39,2024-09-22,2024-09-28,2023,2023-24,52,TRUE
National,202439,1,202440,0.49416,Clinical % positive,202538,0.529423,0.03526299999999999,2024,39,2024-09-22,2024-09-28,2023,2023-24,52,TRUE
Region 6,202440,1,202441,0.7975,Clinical % positive,202638,0.790936,-0.006564000000000014,2024,40,2024-09-29,2024-10-05,2024,2024-25,1,TRUE
National,202440,1,202441,0.685524,Clinical % positive,202638,0.674072,-0.011452000000000018,2024,40,2024-09-29,2024-10-05,2024,2024-25,1,TRUE
Region 6,202441,1,202442,0.89153,Clinical % positive,202638,0.975299,0.08376899999999998,2024,41,2024-10-06,2024-10-12,2024,2024-25,2,TRUE
National,202441,1,202442,0.691789,Clinical % positive,202638,0.671305,-0.020483999999999947,2024,41,2024-10-06,2024-10-12,2024,2024-25,2,TRUE
Region 6,202442,1,202443,1.13396,Clinical % positive,202638,1.13396,0,2024,42,2024-10-13,2024-10-19,2024,2024-25,3,TRUE
National,202442,1,202443,0.734557,Clinical % positive,202638,0.725634,-0.008923000000000014,2024,42,2024-10-13,2024-10-19,2024,2024-25,3,TRUE
Region 6,202443,1,202444,1.48249,Clinical % positive,202638,1.46709,-0.01540000000000008,2024,43,2024-10-20,2024-10-26,2024,2024-25,4,TRUE
National,202443,1,202444,1.0255,Clinical % positive,202638,0.964298,-0.06120200000000009,2024,43,2024-10-20,2024-10-26,2024,2024-25,4,TRUE
Region 6,202444,1,202445,1.57515,Clinical % positive,202638,1.60176,0.026610000000000023,2024,44,2024-10-27,2024-11-02,2024,2024-25,5,TRUE
National,202444,1,202445,1.2449,Clinical % positive,202638,1.21851,-0.026389999999999914,2024,44,2024-10-27,2024-11-02,2024,2024-25,5,TRUE
Region 6,202445,1,202446,2.49681,Clinical % positive,202638,2.27945,-0.21735999999999978,2024,45,2024-11-03,2024-11-09,2024,2024-25,6,TRUE
National,202445,1,202446,1.55374,Clinical % positive,202638,1.52773,-0.026009999999999867,2024,45,2024-11-03,2024-11-09,2024,2024-25,6,TRUE
Region 6,202446,1,202447,2.79432,Clinical % positive,202638,2.96672,0.1724000000000001,2024,46,2024-11-10,2024-11-16,2024,2024-25,7,TRUE
National,202446,1,202447,2.09573,Clinical % positive,202638,2.11081,0.01507999999999976,2024,46,2024-11-10,2024-11-16,2024,2024-25,7,TRUE
Region 6,202447,1,202448,3.5357,Clinical % positive,202638,3.8327,0.29700000000000015,2024,47,2024-11-17,2024-11-23,2024,2024-25,8,TRUE
National,202447,1,202448,2.71481,Clinical % positive,202638,2.83398,0.11917,2024,47,2024-11-17,2024-11-23,2024,2024-25,8,TRUE
Region 6,202448,1,202449,5.1154,Clinical % positive,202638,5.11294,-0.0024600000000001288,2024,48,2024-11-24,2024-11-30,2024,2024-25,9,TRUE
National,202448,1,202449,3.98274,Clinical % positive,202638,3.94831,-0.03442999999999996,2024,48,2024-11-24,2024-11-30,2024,2024-25,9,TRUE
Region 6,202449,1,202450,5.93879,Clinical % positive,202638,5.96812,0.029329999999999856,2024,49,2024-12-01,2024-12-07,2024,2024-25,10,TRUE
National,202449,1,202450,5.21965,Clinical % positive,202638,5.15168,-0.06796999999999986,2024,49,2024-12-01,2024-12-07,2024,2024-25,10,TRUE
Region 6,202450,1,202451,10.976,Clinical % positive,202638,11.5395,0.5634999999999994,2024,50,2024-12-08,2024-12-14,2024,2024-25,11,TRUE
National,202450,1,202451,8.46151,Clinical % positive,202638,8.59373,0.13222000000000023,2024,50,2024-12-08,2024-12-14,2024,2024-25,11,TRUE
Region 6,202451,1,202452,17.1264,Clinical % positive,202638,18.0388,0.9123999999999981,2024,51,2024-12-15,2024-12-21,2024,2024-25,12,TRUE
National,202451,1,202452,13.6419,Clinical % positive,202638,14.1794,0.5374999999999996,2024,51,2024-12-15,2024-12-21,2024,2024-25,12,TRUE
Region 6,202452,1,202501,24.4178,Clinical % positive,202638,21.9813,-2.4364999999999988,2024,52,2024-12-22,2024-12-28,2024,2024-25,13,TRUE
National,202452,1,202501,18.3256,Clinical % positive,202638,18.2344,-0.09120000000000061,2024,52,2024-12-22,2024-12-28,2024,2024-25,13,TRUE
Region 6,202501,1,202502,23.6145,Clinical % positive,202638,23.7825,0.16799999999999926,2025,1,2024-12-29,2025-01-04,2024,2024-25,14,TRUE
National,202501,1,202502,18.2689,Clinical % positive,202638,18.2181,-0.050799999999998846,2025,1,2024-12-29,2025-01-04,2024,2024-25,14,TRUE
Region 6,202502,1,202503,22.5479,Clinical % positive,202638,22.5333,-0.014599999999997948,2025,2,2025-01-05,2025-01-11,2024,2024-25,15,TRUE
National,202502,1,202503,18.5823,Clinical % positive,202638,18.3976,-0.18469999999999942,2025,2,2025-01-05,2025-01-11,2024,2024-25,15,TRUE
Region 6,202503,1,202504,28.2095,Clinical % positive,202638,28.1142,-0.09529999999999816,2025,3,2025-01-12,2025-01-18,2024,2024-25,16,TRUE
National,202503,1,202504,24.0998,Clinical % positive,202638,23.8246,-0.2751999999999981,2025,3,2025-01-12,2025-01-18,2024,2024-25,16,TRUE
Region 6,202504,1,202505,32.3385,Clinical % positive,202638,31.9788,-0.3597000000000037,2025,4,2025-01-19,2025-01-25,2024,2024-25,17,TRUE
National,202504,1,202505,28.4869,Clinical % positive,202638,28.7465,0.2596000000000025,2025,4,2025-01-19,2025-01-25,2024,2024-25,17,TRUE
Region 6,202505,1,202506,37.8683,Clinical % positive,202638,37.3103,-0.5579999999999998,2025,5,2025-01-26,2025-02-01,2024,2024-25,18,TRUE
National,202505,1,202506,31.4043,Clinical % positive,202638,31.6481,0.24380000000000024,2025,5,2025-01-26,2025-02-01,2024,2024-25,18,TRUE
Region 6,202506,1,202507,32.9932,Clinical % positive,202638,32.5379,-0.45530000000000115,2025,6,2025-02-02,2025-02-08,2024,2024-25,19,TRUE
National,202506,1,202507,31.3893,Clinical % positive,202638,31.4103,0.021000000000000796,2025,6,2025-02-02,2025-02-08,2024,2024-25,19,TRUE
Region 6,202507,1,202508,25.4688,Clinical % positive,202638,25.1233,-0.34550000000000125,2025,7,2025-02-09,2025-02-15,2024,2024-25,20,TRUE
National,202507,1,202508,27.8914,Clinical % positive,202638,27.8373,-0.05410000000000181,2025,7,2025-02-09,2025-02-15,2024,2024-25,20,TRUE
Region 6,202508,1,202509,21.4708,Clinical % positive,202638,20.9165,-0.5543000000000013,2025,8,2025-02-16,2025-02-22,2024,2024-25,21,TRUE
National,202508,1,202509,23.3395,Clinical % positive,202638,23.9403,0.6007999999999996,2025,8,2025-02-16,2025-02-22,2024,2024-25,21,TRUE
Region 6,202509,1,202510,16.8265,Clinical % positive,202638,16.8265,0,2025,9,2025-02-23,2025-03-01,2024,2024-25,22,TRUE
National,202509,1,202510,19.2899,Clinical % positive,202638,19.4796,0.18970000000000198,2025,9,2025-02-23,2025-03-01,2024,2024-25,22,TRUE
Region 6,202510,1,202511,14.4224,Clinical % positive,202638,14.1384,-0.2839999999999989,2025,10,2025-03-02,2025-03-08,2024,2024-25,23,TRUE
National,202510,1,202511,15.9436,Clinical % positive,202638,15.8557,-0.08789999999999942,2025,10,2025-03-02,2025-03-08,2024,2024-25,23,TRUE
Region 6,202511,1,202512,11.2151,Clinical % positive,202638,11.2368,0.02170000000000094,2025,11,2025-03-09,2025-03-15,2024,2024-25,24,TRUE
National,202511,1,202512,13.1258,Clinical % positive,202638,13.3136,0.1877999999999993,2025,11,2025-03-09,2025-03-15,2024,2024-25,24,TRUE
Region 6,202512,1,202513,8.47123,Clinical % positive,202638,8.40546,-0.06577000000000055,2025,12,2025-03-16,2025-03-22,2024,2024-25,25,TRUE
National,202512,1,202513,10.808,Clinical % positive,202638,10.7287,-0.07929999999999993,2025,12,2025-03-16,2025-03-22,2024,2024-25,25,TRUE
Region 6,202513,1,202514,7.68265,Clinical % positive,202638,7.68265,0,2025,13,2025-03-23,2025-03-29,2024,2024-25,26,TRUE
National,202513,1,202514,9.30838,Clinical % positive,202638,9.2285,-0.07987999999999928,2025,13,2025-03-23,2025-03-29,2024,2024-25,26,TRUE
Region 6,202514,1,202515,6.12485,Clinical % positive,202638,6.12485,0,2025,14,2025-03-30,2025-04-05,2024,2024-25,27,TRUE
National,202514,1,202515,7.70656,Clinical % positive,202638,7.57976,-0.12679999999999936,2025,14,2025-03-30,2025-04-05,2024,2024-25,27,TRUE
Region 6,202515,1,202516,5.05439,Clinical % positive,202638,5.0139,-0.04049000000000014,2025,15,2025-04-06,2025-04-12,2024,2024-25,28,TRUE
National,202515,1,202516,6.37213,Clinical % positive,202638,6.16646,-0.20567000000000046,2025,15,2025-04-06,2025-04-12,2024,2024-25,28,TRUE
Region 6,202516,1,202517,3.95385,Clinical % positive,202638,4.17591,0.22205999999999992,2025,16,2025-04-13,2025-04-19,2024,2024-25,29,TRUE
National,202516,1,202517,5.34796,Clinical % positive,202638,5.2814,-0.06655999999999995,2025,16,2025-04-13,2025-04-19,2024,2024-25,29,TRUE
Region 6,202517,1,202518,3.44664,Clinical % positive,202638,3.49135,0.04471000000000025,2025,17,2025-04-20,2025-04-26,2024,2024-25,30,TRUE
National,202517,1,202518,4.50743,Clinical % positive,202638,4.42023,-0.08720000000000017,2025,17,2025-04-20,2025-04-26,2024,2024-25,30,TRUE
Region 6,202518,1,202519,3.01376,Clinical % positive,202638,3.29695,0.28318999999999983,2025,18,2025-04-27,2025-05-03,2024,2024-25,31,TRUE
National,202518,1,202519,3.41083,Clinical % positive,202638,3.34042,-0.07040999999999986,2025,18,2025-04-27,2025-05-03,2024,2024-25,31,TRUE
Region 6,202519,1,202520,2.23361,Clinical % positive,202638,2.2345,8.900000000000574e-4,2025,19,2025-05-04,2025-05-10,2024,2024-25,32,TRUE
National,202519,1,202520,2.71507,Clinical % positive,202638,2.6225,-0.09256999999999982,2025,19,2025-05-04,2025-05-10,2024,2024-25,32,TRUE
Region 6,202520,1,202521,2.38252,Clinical % positive,202638,2.3567,-0.025819999999999954,2025,20,2025-05-11,2025-05-17,2024,2024-25,33,TRUE
National,202520,1,202521,2.24741,Clinical % positive,202638,2.14267,-0.10474000000000006,2025,20,2025-05-11,2025-05-17,2024,2024-25,33,TRUE
Region 6,202521,1,202522,2.57405,Clinical % positive,202638,2.56542,-0.008630000000000138,2025,21,2025-05-18,2025-05-24,2024,2024-25,34,TRUE
National,202521,1,202522,1.95035,Clinical % positive,202638,1.92089,-0.02946000000000004,2025,21,2025-05-18,2025-05-24,2024,2024-25,34,TRUE
Region 6,202522,1,202523,3.17291,Clinical % positive,202638,3.17291,0,2025,22,2025-05-25,2025-05-31,2024,2024-25,35,TRUE
National,202522,1,202523,1.957,Clinical % positive,202638,1.8643,-0.0927,2025,22,2025-05-25,2025-05-31,2024,2024-25,35,TRUE
Region 6,202523,1,202524,1.89983,Clinical % positive,202638,2.73159,0.8317600000000003,2025,23,2025-06-01,2025-06-07,2024,2024-25,36,TRUE
National,202523,1,202524,1.54974,Clinical % positive,202638,1.59902,0.04928000000000021,2025,23,2025-06-01,2025-06-07,2024,2024-25,36,TRUE
Region 6,202524,1,202525,1.37892,Clinical % positive,202638,1.52697,0.14805000000000001,2025,24,2025-06-08,2025-06-14,2024,2024-25,37,TRUE
National,202524,1,202525,1.29877,Clinical % positive,202638,1.20473,-0.0940399999999999,2025,24,2025-06-08,2025-06-14,2024,2024-25,37,TRUE
Region 6,202525,1,202526,1.27551,Clinical % positive,202638,1.32425,0.048740000000000006,2025,25,2025-06-15,2025-06-21,2024,2024-25,38,TRUE
National,202525,1,202526,1.07419,Clinical % positive,202638,1.03725,-0.03693999999999997,2025,25,2025-06-15,2025-06-21,2024,2024-25,38,TRUE
Region 6,202526,1,202527,1.17925,Clinical % positive,202638,1.17624,-0.003009999999999957,2025,26,2025-06-22,2025-06-28,2024,2024-25,39,TRUE
National,202526,1,202527,0.894344,Clinical % positive,202638,0.848557,-0.04578700000000002,2025,26,2025-06-22,2025-06-28,2024,2024-25,39,TRUE
Region 6,202527,1,202528,1.32373,Clinical % positive,202638,1.26007,-0.06366000000000005,2025,27,2025-06-29,2025-07-05,2024,2024-25,40,TRUE
National,202527,1,202528,0.831734,Clinical % positive,202638,0.797926,-0.03380799999999995,2025,27,2025-06-29,2025-07-05,2024,2024-25,40,TRUE
Region 6,202528,1,202529,0.700525,Clinical % positive,202638,0.882526,0.18200100000000008,2025,28,2025-07-06,2025-07-12,2024,2024-25,41,TRUE
National,202528,1,202529,0.772213,Clinical % positive,202638,0.780353,0.008139999999999925,2025,28,2025-07-06,2025-07-12,2024,2024-25,41,TRUE
Region 6,202529,1,202530,0.222662,Clinical % positive,202638,0.426439,0.203777,2025,29,2025-07-13,2025-07-19,2024,2024-25,42,TRUE
National,202529,1,202530,0.551011,Clinical % positive,202638,0.541867,-0.009144000000000041,2025,29,2025-07-13,2025-07-19,2024,2024-25,42,TRUE
Region 6,202530,1,202531,0.393271,Clinical % positive,202638,0.336511,-0.05675999999999998,2025,30,2025-07-20,2025-07-26,2024,2024-25,43,TRUE
National,202530,1,202531,0.42225,Clinical % positive,202638,0.408367,-0.013883000000000034,2025,30,2025-07-20,2025-07-26,2024,2024-25,43,TRUE
Region 6,202531,1,202532,0.384451,Clinical % positive,202638,0.568912,0.18446099999999999,2025,31,2025-07-27,2025-08-02,2024,2024-25,44,TRUE
National,202531,1,202532,0.419066,Clinical % positive,202638,0.4421,0.023034,2025,31,2025-07-27,2025-08-02,2024,2024-25,44,TRUE
Region 6,202532,1,202533,0.250569,Clinical % positive,202638,0.280751,0.030181999999999987,2025,32,2025-08-03,2025-08-09,2024,2024-25,45,TRUE
National,202532,1,202533,0.389174,Clinical % positive,202638,0.3833,-0.005874000000000046,2025,32,2025-08-03,2025-08-09,2024,2024-25,45,TRUE
Region 6,202533,1,202534,0.315789,Clinical % positive,202638,0.492317,0.17652800000000002,2025,33,2025-08-10,2025-08-16,2024,2024-25,46,TRUE
National,202533,1,202534,0.321517,Clinical % positive,202638,0.34551,0.023992999999999987,2025,33,2025-08-10,2025-08-16,2024,2024-25,46,TRUE
Region 6,202534,1,202535,0.315053,Clinical % positive,202638,0.321027,0.005973999999999979,2025,34,2025-08-17,2025-08-23,2024,2024-25,47,TRUE
National,202534,1,202535,0.414483,Clinical % positive,202638,0.388672,-0.025810999999999973,2025,34,2025-08-17,2025-08-23,2024,2024-25,47,TRUE
Region 6,202535,1,202536,0.379994,Clinical % positive,202638,0.364892,-0.015102000000000004,2025,35,2025-08-24,2025-08-30,2024,2024-25,48,TRUE
National,202535,1,202536,0.415061,Clinical % positive,202638,0.397262,-0.01779900000000001,2025,35,2025-08-24,2025-08-30,2024,2024-25,48,TRUE
Region 6,202536,1,202537,0.358467,Clinical % positive,202638,0.354149,-0.0043179999999999885,2025,36,2025-08-31,2025-09-06,2024,2024-25,49,TRUE
National,202536,1,202537,0.402542,Clinical % positive,202638,0.391413,-0.011129,2025,36,2025-08-31,2025-09-06,2024,2024-25,49,TRUE
Region 6,202537,1,202538,0.54061,Clinical % positive,202638,0.534262,-0.00634800000000002,2025,37,2025-09-07,2025-09-13,2024,2024-25,50,TRUE
National,202537,1,202538,0.469664,Clinical % positive,202638,0.451066,-0.018598000000000003,2025,37,2025-09-07,2025-09-13,2024,2024-25,50,TRUE
Region 6,202544,1,202545,1.30807,Clinical % positive,202638,1.98693,0.67886,2025,44,2025-10-26,2025-11-01,2025,2025-26,5,TRUE
National,202544,1,202545,1.01465,Clinical % positive,202638,1.09444,0.07979000000000003,2025,44,2025-10-26,2025-11-01,2025,2025-26,5,TRUE
Region 6,202545,1,202546,2.5136,Clinical % positive,202638,3.36624,0.8526400000000001,2025,45,2025-11-02,2025-11-08,2025,2025-26,6,TRUE
National,202545,1,202546,1.9719,Clinical % positive,202638,1.90515,-0.06675000000000009,2025,45,2025-11-02,2025-11-08,2025,2025-26,6,TRUE
Region 6,202546,1,202547,3.00452,Clinical % positive,202638,5.79026,2.78574,2025,46,2025-11-09,2025-11-15,2025,2025-26,7,TRUE
National,202546,1,202547,2.84985,Clinical % positive,202638,3.26408,0.4142299999999999,2025,46,2025-11-09,2025-11-15,2025,2025-26,7,TRUE
Region 6,202547,1,202548,5.6247,Clinical % positive,202638,9.63264,4.0079400000000005,2025,47,2025-11-16,2025-11-22,2025,2025-26,8,TRUE
National,202547,1,202548,4.61967,Clinical % positive,202638,5.47544,0.8557699999999997,2025,47,2025-11-16,2025-11-22,2025,2025-26,8,TRUE
Region 6,202548,1,202549,7.79049,Clinical % positive,202638,13.2166,5.4261099999999995,2025,48,2025-11-23,2025-11-29,2025,2025-26,9,TRUE
National,202548,1,202549,7.12896,Clinical % positive,202638,8.02224,0.8932799999999999,2025,48,2025-11-23,2025-11-29,2025,2025-26,9,TRUE
Region 6,202549,1,202550,7.64771,Clinical % positive,202638,10.7703,3.1225900000000006,2025,49,2025-11-30,2025-12-06,2025,2025-26,10,TRUE
National,202549,1,202550,8.46999,Clinical % positive,202638,8.98526,0.515270000000001,2025,49,2025-11-30,2025-12-06,2025,2025-26,10,TRUE
Region 6,202550,1,202551,19.4042,Clinical % positive,202638,19.414,0.00980000000000203,2025,50,2025-12-07,2025-12-13,2025,2025-26,11,TRUE
National,202550,1,202551,15.7424,Clinical % positive,202638,15.4562,-0.2861999999999991,2025,50,2025-12-07,2025-12-13,2025,2025-26,11,TRUE
Region 6,202551,1,202552,30.9476,Clinical % positive,202638,30.783,-0.16460000000000008,2025,51,2025-12-14,2025-12-20,2025,2025-26,12,TRUE
National,202551,1,202552,26.1869,Clinical % positive,202638,25.5832,-0.6036999999999999,2025,51,2025-12-14,2025-12-20,2025,2025-26,12,TRUE
Region 6,202552,1,202553,38.5058,Clinical % positive,202638,38.0531,-0.4527000000000001,2025,52,2025-12-21,2025-12-27,2025,2025-26,13,TRUE
National,202552,1,202553,31.6263,Clinical % positive,202638,31.7039,0.07760000000000034,2025,52,2025-12-21,2025-12-27,2025,2025-26,13,TRUE
Region 6,202553,1,202601,29.575,Clinical % positive,202638,28.731,-0.8439999999999976,2025,53,2025-12-28,2026-01-03,2025,2025-26,14,TRUE
National,202553,1,202601,24.6712,Clinical % positive,202638,24.6931,0.02190000000000225,2025,53,2025-12-28,2026-01-03,2025,2025-26,14,TRUE
Region 6,202601,1,202602,19.659,Clinical % positive,202638,21.047,1.3880000000000017,2026,1,2026-01-04,2026-01-10,2025,2025-26,15,TRUE
National,202601,1,202602,18.7686,Clinical % positive,202638,18.6029,-0.16569999999999752,2026,1,2026-01-04,2026-01-10,2025,2025-26,15,TRUE
Region 6,202602,1,202603,19.6452,Clinical % positive,202638,19.3784,-0.2667999999999999,2026,2,2026-01-11,2026-01-17,2025,2025-26,16,TRUE
National,202602,1,202603,17.1667,Clinical % positive,202638,17.0323,-0.1343999999999994,2026,2,2026-01-11,2026-01-17,2025,2025-26,16,TRUE
Region 6,202603,1,202604,24.0977,Clinical % positive,202638,22.8706,-1.2271,2026,3,2026-01-18,2026-01-24,2025,2025-26,17,TRUE
National,202603,1,202604,17.7497,Clinical % positive,202638,17.5167,-0.23300000000000054,2026,3,2026-01-18,2026-01-24,2025,2025-26,17,TRUE
Region 6,202604,1,202605,23.6472,Clinical % positive,202638,22.1379,-1.5093000000000032,2026,4,2026-01-25,2026-01-31,2025,2025-26,18,TRUE
National,202604,1,202605,17.5201,Clinical % positive,202638,17.4132,-0.10689999999999955,2026,4,2026-01-25,2026-01-31,2025,2025-26,18,TRUE
Region 6,202605,1,202606,24.4758,Clinical % positive,202638,22.7046,-1.7712000000000003,2026,5,2026-02-01,2026-02-07,2025,2025-26,19,TRUE
National,202605,1,202606,18.3871,Clinical % positive,202638,18.0427,-0.34440000000000026,2026,5,2026-02-01,2026-02-07,2025,2025-26,19,TRUE
Region 6,202606,1,202607,24.2154,Clinical % positive,202638,23.6264,-0.5889999999999986,2026,6,2026-02-08,2026-02-14,2025,2025-26,20,TRUE
National,202606,1,202607,18.5473,Clinical % positive,202638,18.3248,-0.22250000000000014,2026,6,2026-02-08,2026-02-14,2025,2025-26,20,TRUE
Region 6,202607,1,202608,22.5619,Clinical % positive,202638,21.9315,-0.6304000000000016,2026,7,2026-02-15,2026-02-21,2025,2025-26,21,TRUE
National,202607,1,202608,18.1293,Clinical % positive,202638,18.0222,-0.10709999999999908,2026,7,2026-02-15,2026-02-21,2025,2025-26,21,TRUE
Region 6,202608,1,202609,18.6154,Clinical % positive,202638,18.5784,-0.037000000000002586,2026,8,2026-02-22,2026-02-28,2025,2025-26,22,TRUE
National,202608,1,202609,15.8802,Clinical % positive,202638,15.6738,-0.20640000000000036,2026,8,2026-02-22,2026-02-28,2025,2025-26,22,TRUE
Region 6,202609,1,202610,17.3023,Clinical % positive,202638,17.0853,-0.21699999999999875,2026,9,2026-03-01,2026-03-07,2025,2025-26,23,TRUE
National,202609,1,202610,15.0217,Clinical % positive,202638,15.3439,0.3222000000000005,2026,9,2026-03-01,2026-03-07,2025,2025-26,23,TRUE
Region 6,202610,1,202611,15.6416,Clinical % positive,202638,15.3853,-0.25629999999999953,2026,10,2026-03-08,2026-03-14,2025,2025-26,24,TRUE
National,202610,1,202611,14.0044,Clinical % positive,202638,13.8166,-0.18780000000000108,2026,10,2026-03-08,2026-03-14,2025,2025-26,24,TRUE
Region 6,202611,1,202612,13.0205,Clinical % positive,202638,13.0037,-0.016799999999999926,2026,11,2026-03-15,2026-03-21,2025,2025-26,25,TRUE
National,202611,1,202612,11.2325,Clinical % positive,202638,11.2108,-0.021699999999999164,2026,11,2026-03-15,2026-03-21,2025,2025-26,25,TRUE
Region 6,202612,1,202613,11.0446,Clinical % positive,202638,11.0546,0.009999999999999787,2026,12,2026-03-22,2026-03-28,2025,2025-26,26,TRUE
National,202612,1,202613,9.69784,Clinical % positive,202638,9.61931,-0.07852999999999888,2026,12,2026-03-22,2026-03-28,2025,2025-26,26,TRUE
Region 6,202613,1,202614,7.58209,Clinical % positive,202638,7.62662,0.04452999999999996,2026,13,2026-03-29,2026-04-04,2025,2025-26,27,TRUE
National,202613,1,202614,7.86313,Clinical % positive,202638,7.77371,-0.08941999999999961,2026,13,2026-03-29,2026-04-04,2025,2025-26,27,TRUE
Region 6,202614,1,202615,6.08589,Clinical % positive,202638,6.05876,-0.027129999999999654,2026,14,2026-04-05,2026-04-11,2025,2025-26,28,TRUE
National,202614,1,202615,6.05895,Clinical % positive,202638,5.90799,-0.15096000000000043,2026,14,2026-04-05,2026-04-11,2025,2025-26,28,TRUE
Region 6,202615,1,202616,3.9592,Clinical % positive,202638,3.89367,-0.06552999999999987,2026,15,2026-04-12,2026-04-18,2025,2025-26,29,TRUE
National,202615,1,202616,4.61872,Clinical % positive,202638,4.52509,-0.0936300000000001,2026,15,2026-04-12,2026-04-18,2025,2025-26,29,TRUE
Region 6,202616,1,202617,3.34232,Clinical % positive,202638,3.35751,0.015190000000000037,2026,16,2026-04-19,2026-04-25,2025,2025-26,30,TRUE
National,202616,1,202617,3.48967,Clinical % positive,202638,3.41479,-0.07487999999999984,2026,16,2026-04-19,2026-04-25,2025,2025-26,30,TRUE
Region 6,202617,1,202618,2.90202,Clinical % positive,202638,2.90654,0.0045200000000003016,2026,17,2026-04-26,2026-05-02,2025,2025-26,31,TRUE
National,202617,1,202618,2.99749,Clinical % positive,202638,2.96964,-0.02784999999999993,2026,17,2026-04-26,2026-05-02,2025,2025-26,31,TRUE
Region 6,202618,1,202619,1.88269,Clinical % positive,202638,1.90586,0.023170000000000135,2026,18,2026-05-03,2026-05-09,2025,2025-26,32,TRUE
National,202618,1,202619,2.51064,Clinical % positive,202638,2.47606,-0.034580000000000055,2026,18,2026-05-03,2026-05-09,2025,2025-26,32,TRUE
Region 6,202619,1,202620,1.42906,Clinical % positive,202638,1.33895,-0.09010999999999991,2026,19,2026-05-10,2026-05-16,2025,2025-26,33,TRUE
National,202619,1,202620,1.95266,Clinical % positive,202638,1.90845,-0.04421000000000008,2026,19,2026-05-10,2026-05-16,2025,2025-26,33,TRUE
Region 6,202620,1,202621,1.25945,Clinical % positive,202638,1.19008,-0.06936999999999993,2026,20,2026-05-17,2026-05-23,2025,2025-26,34,TRUE
National,202620,1,202621,1.59251,Clinical % positive,202638,1.5432,-0.04931000000000019,2026,20,2026-05-17,2026-05-23,2025,2025-26,34,TRUE
Region 6,202621,1,202622,1.19782,Clinical % positive,202638,1.19284,-0.0049800000000002065,2026,21,2026-05-24,2026-05-30,2025,2025-26,35,TRUE
National,202621,1,202622,1.33274,Clinical % positive,202638,1.30898,-0.023760000000000003,2026,21,2026-05-24,2026-05-30,2025,2025-26,35,TRUE
Region 6,202622,1,202623,0.775194,Clinical % positive,202638,0.774117,-0.0010769999999999946,2026,22,2026-05-31,2026-06-06,2025,2025-26,36,TRUE
National,202622,1,202623,0.938618,Clinical % positive,202638,0.913254,-0.025363999999999942,2026,22,2026-05-31,2026-06-06,2025,2025-26,36,TRUE
Region 6,202623,1,202624,0.610185,Clinical % positive,202638,0.658454,0.048269000000000006,2026,23,2026-06-07,2026-06-13,2025,2025-26,37,TRUE
National,202623,1,202624,0.820648,Clinical % positive,202638,0.789391,-0.03125700000000009,2026,23,2026-06-07,2026-06-13,2025,2025-26,37,TRUE
Region 6,202624,1,202625,0.313725,Clinical % positive,202638,0.400377,0.086652,2026,24,2026-06-14,2026-06-20,2025,2025-26,38,TRUE
National,202624,1,202625,0.693807,Clinical % positive,202638,0.642405,-0.05140199999999995,2026,24,2026-06-14,2026-06-20,2025,2025-26,38,TRUE
Region 6,202625,1,202626,0.392157,Clinical % positive,202638,0.392157,0,2026,25,2026-06-21,2026-06-27,2025,2025-26,39,TRUE
National,202625,1,202626,0.467897,Clinical % positive,202638,0.47613,0.00823299999999999,2026,25,2026-06-21,2026-06-27,2025,2025-26,39,TRUE
Region 6,202626,1,202627,1.03474,Clinical % positive,202638,0.949367,-0.08537300000000003,2026,26,2026-06-28,2026-07-04,2025,2025-26,40,TRUE
National,202626,1,202627,0.528095,Clinical % positive,202638,0.548678,0.020583000000000018,2026,26,2026-06-28,2026-07-04,2025,2025-26,40,TRUE
Region 6,202627,1,202628,0.699482,Clinical % positive,202638,0.698035,-0.001447000000000087,2026,27,2026-07-05,2026-07-11,2025,2025-26,41,TRUE
National,202627,1,202628,0.710038,Clinical % positive,202638,0.759966,0.04992800000000008,2026,27,2026-07-05,2026-07-11,2025,2025-26,41,TRUE
Region 6,202628,1,202629,0.98904,Clinical % positive,202638,0.985878,-0.003161999999999998,2026,28,2026-07-12,2026-07-18,2025,2025-26,42,TRUE
National,202628,1,202629,0.574251,Clinical % positive,202638,0.544812,-0.029438999999999993,2026,28,2026-07-12,2026-07-18,2025,2025-26,42,TRUE
Region 6,202629,1,202630,0.423057,Clinical % positive,202638,0.419837,-0.0032200000000000006,2026,29,2026-07-19,2026-07-25,2025,2025-26,43,TRUE
National,202629,1,202630,0.471774,Clinical % positive,202638,0.454794,-0.01698000000000005,2026,29,2026-07-19,2026-07-25,2025,2025-26,43,TRUE
Region 6,202630,1,202631,0.383926,Clinical % positive,202638,0.382653,-0.0012729999999999686,2026,30,2026-07-26,2026-08-01,2025,2025-26,44,TRUE
National,202630,1,202631,0.438775,Clinical % positive,202638,0.429962,-0.008813000000000015,2026,30,2026-07-26,2026-08-01,2025,2025-26,44,TRUE
Region 6,202631,1,202632,0.532301,Clinical % positive,202638,0.531273,-0.0010280000000000289,2026,31,2026-08-02,2026-08-08,2025,2025-26,45,TRUE
National,202631,1,202632,0.515963,Clinical % positive,202638,0.486294,-0.029668999999999945,2026,31,2026-08-02,2026-08-08,2025,2025-26,45,TRUE
Region 6,202632,1,202633,0.612523,Clinical % positive,202638,0.608931,-0.0035920000000000396,2026,32,2026-08-09,2026-08-15,2025,2025-26,46,TRUE
National,202632,1,202633,0.685494,Clinical % positive,202638,0.669681,-0.015813000000000077,2026,32,2026-08-09,2026-08-15,2025,2025-26,46,TRUE
Region 6,202633,1,202634,0.771812,Clinical % positive,202638,0.784379,0.012566999999999995,2026,33,2026-08-16,2026-08-22,2025,2025-26,47,TRUE
National,202633,1,202634,0.808262,Clinical % positive,202638,0.795584,-0.012678000000000078,2026,33,2026-08-16,2026-08-22,2025,2025-26,47,TRUE
Region 6,202634,1,202635,0.939415,Clinical % positive,202638,0.935466,-0.00394899999999998,2026,34,2026-08-23,2026-08-29,2025,2025-26,48,TRUE
National,202634,1,202635,1.00755,Clinical % positive,202638,1.01277,0.005220000000000002,2026,34,2026-08-23,2026-08-29,2025,2025-26,48,TRUE
Region 6,202635,1,202636,0.895522,Clinical % positive,202638,0.901507,0.005984999999999907,2026,35,2026-08-30,2026-09-05,2025,2025-26,49,TRUE
National,202635,1,202636,1.35254,Clinical % positive,202638,1.47536,0.12281999999999993,2026,35,2026-08-30,2026-09-05,2025,2025-26,49,TRUE
Region 6,202636,1,202637,1.16093,Clinical % positive,202638,1.15992,-0.0010099999999999554,2026,36,2026-09-06,2026-09-12,2025,2025-26,50,TRUE
National,202636,1,202637,1.76658,Clinical % positive,202638,1.7552,-0.011379999999999946,2026,36,2026-09-06,2026-09-12,2025,2025-26,50,TRUE
Region 6,202637,1,202638,1.84539,Clinical % positive,202638,1.84539,0,2026,37,2026-09-13,2026-09-19,2025,2025-26,51,TRUE
National,202637,1,202638,2.59936,Clinical % positive,202638,2.59936,0,2026,37,2026-09-13,2026-09-19,2025,2025-26,51,TRUE
Region 6,202240,2,202242,5.49081,Clinical % positive,202439,5.48738,-0.003429999999999822,2022,40,2022-10-02,2022-10-08,2022,2022-23,1,TRUE
National,202240,2,202242,2.78638,Clinical % positive,202439,2.66968,-0.1166999999999998,2022,40,2022-10-02,2022-10-08,2022,2022-23,1,TRUE
Region 6,202241,2,202243,6.63309,Clinical % positive,202439,6.63195,-0.001140000000000363,2022,41,2022-10-09,2022-10-15,2022,2022-23,2,TRUE
National,202241,2,202243,3.5806,Clinical % positive,202439,3.46261,-0.11798999999999982,2022,41,2022-10-09,2022-10-15,2022,2022-23,2,TRUE
Region 6,202242,2,202244,11.0832,Clinical % positive,202439,11.8599,0.7767,2022,42,2022-10-16,2022-10-22,2022,2022-23,3,TRUE
National,202242,2,202244,5.47008,Clinical % positive,202439,5.43662,-0.03346000000000071,2022,42,2022-10-16,2022-10-22,2022,2022-23,3,TRUE
Region 6,202243,2,202245,15.6581,Clinical % positive,202439,16.6848,1.0267,2022,43,2022-10-23,2022-10-29,2022,2022-23,4,TRUE
National,202243,2,202245,8.42895,Clinical % positive,202439,8.37742,-0.05152999999999963,2022,43,2022-10-23,2022-10-29,2022,2022-23,4,TRUE
Region 6,202244,2,202246,20.4215,Clinical % positive,202439,21.2577,0.8361999999999981,2022,44,2022-10-30,2022-11-05,2022,2022-23,5,TRUE
National,202244,2,202246,12.3479,Clinical % positive,202439,12.7953,0.4474,2022,44,2022-10-30,2022-11-05,2022,2022-23,5,TRUE
Region 6,202245,2,202247,20.8578,Clinical % positive,202439,21.1235,0.26569999999999894,2022,45,2022-11-06,2022-11-12,2022,2022-23,6,TRUE
National,202245,2,202247,14.5359,Clinical % positive,202439,14.9355,0.3995999999999995,2022,45,2022-11-06,2022-11-12,2022,2022-23,6,TRUE
Region 6,202246,2,202248,20.2199,Clinical % positive,202439,21.0509,0.8309999999999995,2022,46,2022-11-13,2022-11-19,2022,2022-23,7,TRUE
National,202246,2,202248,17.741,Clinical % positive,202439,18.3419,0.6008999999999993,2022,46,2022-11-13,2022-11-19,2022,2022-23,7,TRUE
Region 6,202247,2,202249,25.8473,Clinical % positive,202439,26.1068,0.2594999999999992,2022,47,2022-11-20,2022-11-26,2022,2022-23,8,TRUE
National,202247,2,202249,25.1899,Clinical % positive,202439,25.8135,0.6235999999999997,2022,47,2022-11-20,2022-11-26,2022,2022-23,8,TRUE
Region 6,202248,2,202250,23.4935,Clinical % positive,202439,22.6683,-0.8252000000000024,2022,48,2022-11-27,2022-12-03,2022,2022-23,9,TRUE
National,202248,2,202250,25.2781,Clinical % positive,202439,25.5531,0.27500000000000213,2022,48,2022-11-27,2022-12-03,2022,2022-23,9,TRUE
Region 6,202249,2,202251,21.8331,Clinical % positive,202439,25.8598,4.026699999999998,2022,49,2022-12-04,2022-12-10,2022,2022-23,10,TRUE
National,202249,2,202251,25.8966,Clinical % positive,202439,26.2658,0.3691999999999993,2022,49,2022-12-04,2022-12-10,2022,2022-23,10,TRUE
Region 6,202250,2,202252,17.595,Clinical % positive,202439,23.6264,6.031400000000001,2022,50,2022-12-11,2022-12-17,2022,2022-23,11,TRUE
National,202250,2,202252,24.127,Clinical % positive,202439,24.4693,0.3423000000000016,2022,50,2022-12-11,2022-12-17,2022,2022-23,11,TRUE
Region 6,202251,2,202301,12.9844,Clinical % positive,202439,20.0823,7.097899999999999,2022,51,2022-12-18,2022-12-24,2022,2022-23,12,TRUE
National,202251,2,202301,20.3657,Clinical % positive,202439,20.7763,0.41059999999999874,2022,51,2022-12-18,2022-12-24,2022,2022-23,12,TRUE
Region 6,202252,2,202302,11.5359,Clinical % positive,202439,14.4784,2.942500000000001,2022,52,2022-12-25,2022-12-31,2022,2022-23,13,TRUE
National,202252,2,202302,14.7645,Clinical % positive,202439,14.8994,0.13490000000000002,2022,52,2022-12-25,2022-12-31,2022,2022-23,13,TRUE
Region 6,202301,2,202303,8.97747,Clinical % positive,202439,8.5693,-0.40817000000000014,2023,1,2023-01-01,2023-01-07,2022,2022-23,14,TRUE
National,202301,2,202303,8.78402,Clinical % positive,202439,8.61225,-0.17177000000000042,2023,1,2023-01-01,2023-01-07,2022,2022-23,14,TRUE
Region 6,202302,2,202304,4.96014,Clinical % positive,202439,4.93901,-0.021130000000000315,2023,2,2023-01-08,2023-01-14,2022,2022-23,15,TRUE
National,202302,2,202304,4.7193,Clinical % positive,202439,4.58566,-0.13363999999999976,2023,2,2023-01-08,2023-01-14,2022,2022-23,15,TRUE
Region 6,202303,2,202305,2.04134,Clinical % positive,202439,2.21382,0.1724800000000002,2023,3,2023-01-15,2023-01-21,2022,2022-23,16,TRUE
National,202303,2,202305,2.93551,Clinical % positive,202439,2.94035,0.0048400000000001775,2023,3,2023-01-15,2023-01-21,2022,2022-23,16,TRUE
Region 6,202304,2,202306,2.2959,Clinical % positive,202439,2.40285,0.10694999999999988,2023,4,2023-01-22,2023-01-28,2022,2022-23,17,TRUE
National,202304,2,202306,2.13681,Clinical % positive,202439,2.12014,-0.016669999999999963,2023,4,2023-01-22,2023-01-28,2022,2022-23,17,TRUE
Region 6,202305,2,202307,2.24331,Clinical % positive,202439,2.21685,-0.02646000000000015,2023,5,2023-01-29,2023-02-04,2022,2022-23,18,TRUE
National,202305,2,202307,1.66565,Clinical % positive,202439,1.67339,0.007739999999999858,2023,5,2023-01-29,2023-02-04,2022,2022-23,18,TRUE
Region 6,202306,2,202308,1.34425,Clinical % positive,202439,1.58237,0.2381200000000001,2023,6,2023-02-05,2023-02-11,2022,2022-23,19,TRUE
National,202306,2,202308,1.33588,Clinical % positive,202439,1.36967,0.03378999999999999,2023,6,2023-02-05,2023-02-11,2022,2022-23,19,TRUE
Region 6,202307,2,202309,1.2035,Clinical % positive,202439,1.38502,0.1815199999999999,2023,7,2023-02-12,2023-02-18,2022,2022-23,20,TRUE
National,202307,2,202309,1.05526,Clinical % positive,202439,1.08468,0.02942,2023,7,2023-02-12,2023-02-18,2022,2022-23,20,TRUE
Region 6,202308,2,202310,1.26813,Clinical % positive,202439,1.37711,0.10898000000000008,2023,8,2023-02-19,2023-02-25,2022,2022-23,21,TRUE
National,202308,2,202310,0.993026,Clinical % positive,202439,1.01838,0.0253540000000001,2023,8,2023-02-19,2023-02-25,2022,2022-23,21,TRUE
Region 6,202309,2,202311,1.4656,Clinical % positive,202439,1.48511,0.019509999999999916,2023,9,2023-02-26,2023-03-04,2022,2022-23,22,TRUE
National,202309,2,202311,0.911446,Clinical % positive,202439,0.92233,0.010884000000000005,2023,9,2023-02-26,2023-03-04,2022,2022-23,22,TRUE
Region 6,202310,2,202312,1.45368,Clinical % positive,202439,1.55547,0.10178999999999983,2023,10,2023-03-05,2023-03-11,2022,2022-23,23,TRUE
National,202310,2,202312,1.02348,Clinical % positive,202439,1.04196,0.018480000000000052,2023,10,2023-03-05,2023-03-11,2022,2022-23,23,TRUE
Region 6,202311,2,202313,1.27899,Clinical % positive,202439,1.2959,0.01690999999999998,2023,11,2023-03-12,2023-03-18,2022,2022-23,24,TRUE
National,202311,2,202313,0.892923,Clinical % positive,202439,0.89434,0.0014170000000000016,2023,11,2023-03-12,2023-03-18,2022,2022-23,24,TRUE
Region 6,202312,2,202314,1.20223,Clinical % positive,202439,1.20018,-0.0020499999999998852,2023,12,2023-03-19,2023-03-25,2022,2022-23,25,TRUE
National,202312,2,202314,0.955947,Clinical % positive,202439,0.949267,-0.006680000000000019,2023,12,2023-03-19,2023-03-25,2022,2022-23,25,TRUE
Region 6,202313,2,202315,1.2073,Clinical % positive,202439,1.00456,-0.20274000000000014,2023,13,2023-03-26,2023-04-01,2022,2022-23,26,TRUE
National,202313,2,202315,0.908288,Clinical % positive,202439,0.959683,0.05139499999999997,2023,13,2023-03-26,2023-04-01,2022,2022-23,26,TRUE
Region 6,202314,2,202316,1.01666,Clinical % positive,202439,0.9737,-0.04295999999999989,2023,14,2023-04-02,2023-04-08,2022,2022-23,27,TRUE
National,202314,2,202316,1.00963,Clinical % positive,202439,1.05613,0.046499999999999986,2023,14,2023-04-02,2023-04-08,2022,2022-23,27,TRUE
Region 6,202315,2,202317,1.33522,Clinical % positive,202439,0.971966,-0.3632540000000001,2023,15,2023-04-09,2023-04-15,2022,2022-23,28,TRUE
National,202315,2,202317,1.04621,Clinical % positive,202439,1.01401,-0.032200000000000006,2023,15,2023-04-09,2023-04-15,2022,2022-23,28,TRUE
Region 6,202316,2,202318,0.902545,Clinical % positive,202439,0.902545,0,2023,16,2023-04-16,2023-04-22,2022,2022-23,29,TRUE
National,202316,2,202318,0.842225,Clinical % positive,202439,0.837728,-0.004496999999999973,2023,16,2023-04-16,2023-04-22,2022,2022-23,29,TRUE
Region 6,202317,2,202319,0.858322,Clinical % positive,202439,0.857856,-4.6600000000007746e-4,2023,17,2023-04-23,2023-04-29,2022,2022-23,30,TRUE
National,202317,2,202319,0.947782,Clinical % positive,202439,0.954306,0.006523999999999974,2023,17,2023-04-23,2023-04-29,2022,2022-23,30,TRUE
Region 6,202318,2,202320,0.885379,Clinical % positive,202439,0.858513,-0.026866000000000057,2023,18,2023-04-30,2023-05-06,2022,2022-23,31,TRUE
National,202318,2,202320,0.916512,Clinical % positive,202439,0.943503,0.026990999999999987,2023,18,2023-04-30,2023-05-06,2022,2022-23,31,TRUE
Region 6,202319,2,202321,1.35876,Clinical % positive,202439,1.11613,-0.2426299999999999,2023,19,2023-05-07,2023-05-13,2022,2022-23,32,TRUE
National,202319,2,202321,1.03039,Clinical % positive,202439,1.01804,-0.012349999999999861,2023,19,2023-05-07,2023-05-13,2022,2022-23,32,TRUE
Region 6,202320,2,202322,1.24913,Clinical % positive,202439,1.24535,-0.0037800000000001166,2023,20,2023-05-14,2023-05-20,2022,2022-23,33,TRUE
National,202320,2,202322,1.09225,Clinical % positive,202439,1.17603,0.08377999999999997,2023,20,2023-05-14,2023-05-20,2022,2022-23,33,TRUE
Region 6,202321,2,202323,1.28729,Clinical % positive,202439,1.28456,-0.0027300000000001212,2023,21,2023-05-21,2023-05-27,2022,2022-23,34,TRUE
National,202321,2,202323,1.09241,Clinical % positive,202439,1.19412,0.10170999999999997,2023,21,2023-05-21,2023-05-27,2022,2022-23,34,TRUE
Region 6,202322,2,202324,1.10841,Clinical % positive,202439,1.10841,0,2023,22,2023-05-28,2023-06-03,2022,2022-23,35,TRUE
National,202322,2,202324,1.18014,Clinical % positive,202439,1.30539,0.12525000000000008,2023,22,2023-05-28,2023-06-03,2022,2022-23,35,TRUE
Region 6,202323,2,202325,0.881131,Clinical % positive,202439,0.881131,0,2023,23,2023-06-04,2023-06-10,2022,2022-23,36,TRUE
National,202323,2,202325,1.08385,Clinical % positive,202439,1.0945,0.010650000000000048,2023,23,2023-06-04,2023-06-10,2022,2022-23,36,TRUE
Region 6,202324,2,202326,1.01394,Clinical % positive,202439,1.01394,0,2023,24,2023-06-11,2023-06-17,2022,2022-23,37,TRUE
National,202324,2,202326,1.11085,Clinical % positive,202439,1.1074600000000001,-0.003389999999999782,2023,24,2023-06-11,2023-06-17,2022,2022-23,37,TRUE
Region 6,202325,2,202327,1.25255,Clinical % positive,202439,1.14855,-0.10400000000000009,2023,25,2023-06-18,2023-06-24,2022,2022-23,38,TRUE
National,202325,2,202327,0.966596,Clinical % positive,202439,0.947234,-0.01936199999999999,2023,25,2023-06-18,2023-06-24,2022,2022-23,38,TRUE
Region 6,202326,2,202328,0.79096,Clinical % positive,202439,0.825423,0.03446300000000002,2023,26,2023-06-25,2023-07-01,2022,2022-23,39,TRUE
National,202326,2,202328,1.1306,Clinical % positive,202439,1.10448,-0.026120000000000143,2023,26,2023-06-25,2023-07-01,2022,2022-23,39,TRUE
Region 6,202327,2,202329,0.893441,Clinical % positive,202439,0.89613,0.0026889999999999414,2023,27,2023-07-02,2023-07-08,2022,2022-23,40,TRUE
National,202327,2,202329,0.814555,Clinical % positive,202439,1.20836,0.39380500000000007,2023,27,2023-07-02,2023-07-08,2022,2022-23,40,TRUE
Region 6,202328,2,202330,1.46115,Clinical % positive,202439,1.18921,-0.27193999999999985,2023,28,2023-07-09,2023-07-15,2022,2022-23,41,TRUE
National,202328,2,202330,1.02871,Clinical % positive,202439,0.998011,-0.030699000000000032,2023,28,2023-07-09,2023-07-15,2022,2022-23,41,TRUE
Region 6,202329,2,202331,1.2931,Clinical % positive,202439,1.25193,-0.04116999999999993,2023,29,2023-07-16,2023-07-22,2022,2022-23,42,TRUE
National,202329,2,202331,1.01786,Clinical % positive,202439,0.998153,-0.01970700000000003,2023,29,2023-07-16,2023-07-22,2022,2022-23,42,TRUE
Region 6,202330,2,202332,1.04273,Clinical % positive,202439,0.967742,-0.07498799999999994,2023,30,2023-07-23,2023-07-29,2022,2022-23,43,TRUE
National,202330,2,202332,1.03838,Clinical % positive,202439,0.994042,-0.0443380000000001,2023,30,2023-07-23,2023-07-29,2022,2022-23,43,TRUE
Region 6,202331,2,202333,1.45141,Clinical % positive,202439,1.40659,-0.04482000000000008,2023,31,2023-07-30,2023-08-05,2022,2022-23,44,TRUE
National,202331,2,202333,1.11144,Clinical % positive,202439,1.06399,-0.04744999999999999,2023,31,2023-07-30,2023-08-05,2022,2022-23,44,TRUE
Region 6,202332,2,202334,0.850709,Clinical % positive,202439,0.802469,-0.04824000000000006,2023,32,2023-08-06,2023-08-12,2022,2022-23,45,TRUE
National,202332,2,202334,0.862901,Clinical % positive,202439,0.855174,-0.007727000000000039,2023,32,2023-08-06,2023-08-12,2022,2022-23,45,TRUE
Region 6,202333,2,202335,1.04263,Clinical % positive,202439,0.992039,-0.05059099999999994,2023,33,2023-08-13,2023-08-19,2022,2022-23,46,TRUE
National,202333,2,202335,0.917625,Clinical % positive,202439,0.897271,-0.020353999999999983,2023,33,2023-08-13,2023-08-19,2022,2022-23,46,TRUE
Region 6,202334,2,202336,0.924574,Clinical % positive,202439,0.805017,-0.11955700000000002,2023,34,2023-08-20,2023-08-26,2022,2022-23,47,TRUE
National,202334,2,202336,0.772265,Clinical % positive,202439,0.769782,-0.002483000000000013,2023,34,2023-08-20,2023-08-26,2022,2022-23,47,TRUE
Region 6,202335,2,202337,0.86821,Clinical % positive,202439,0.763171,-0.105039,2023,35,2023-08-27,2023-09-02,2022,2022-23,48,TRUE
National,202335,2,202337,0.742994,Clinical % positive,202439,0.718069,-0.024925000000000086,2023,35,2023-08-27,2023-09-02,2022,2022-23,48,TRUE
Region 6,202336,2,202338,0.846788,Clinical % positive,202439,0.818014,-0.028773999999999966,2023,36,2023-09-03,2023-09-09,2022,2022-23,49,TRUE
National,202336,2,202338,0.708934,Clinical % positive,202439,0.701222,-0.007711999999999941,2023,36,2023-09-03,2023-09-09,2022,2022-23,49,TRUE
Region 6,202337,2,202339,0.888722,Clinical % positive,202439,0.856698,-0.03202400000000005,2023,37,2023-09-10,2023-09-16,2022,2022-23,50,TRUE
National,202337,2,202339,0.804998,Clinical % positive,202439,0.792616,-0.012382000000000004,2023,37,2023-09-10,2023-09-16,2022,2022-23,50,TRUE
Region 6,202338,2,202340,1.1607,Clinical % positive,202439,0.942847,-0.21785300000000007,2023,38,2023-09-17,2023-09-23,2022,2022-23,51,TRUE
National,202338,2,202340,0.911622,Clinical % positive,202439,0.915555,0.003932999999999964,2023,38,2023-09-17,2023-09-23,2022,2022-23,51,TRUE
Region 6,202339,2,202341,1.0462,Clinical % positive,202439,1.27805,0.2318499999999999,2023,39,2023-09-24,2023-09-30,2022,2022-23,52,TRUE
National,202339,2,202341,0.893283,Clinical % positive,202439,0.933506,0.0402229999999999,2023,39,2023-09-24,2023-09-30,2022,2022-23,52,TRUE
Region 6,202340,2,202342,1.13648,Clinical % positive,202538,1.29144,0.15496,2023,40,2023-10-01,2023-10-07,2023,2023-24,1,TRUE
National,202340,2,202342,1.06278,Clinical % positive,202538,1.10103,0.038249999999999895,2023,40,2023-10-01,2023-10-07,2023,2023-24,1,TRUE
Region 6,202341,2,202343,1.95099,Clinical % positive,202538,1.95099,0,2023,41,2023-10-08,2023-10-14,2023,2023-24,2,TRUE
National,202341,2,202343,1.31841,Clinical % positive,202538,1.34933,0.030919999999999837,2023,41,2023-10-08,2023-10-14,2023,2023-24,2,TRUE
Region 6,202342,2,202344,2.576,Clinical % positive,202538,2.05853,-0.5174699999999999,2023,42,2023-10-15,2023-10-21,2023,2023-24,3,TRUE
National,202342,2,202344,1.57517,Clinical % positive,202538,1.51345,-0.06172,2023,42,2023-10-15,2023-10-21,2023,2023-24,3,TRUE
Region 6,202343,2,202345,3.45733,Clinical % positive,202538,2.69403,-0.7632999999999996,2023,43,2023-10-22,2023-10-28,2023,2023-24,4,TRUE
National,202343,2,202345,1.8235,Clinical % positive,202538,1.81282,-0.0106799999999998,2023,43,2023-10-22,2023-10-28,2023,2023-24,4,TRUE
Region 6,202344,2,202346,3.78914,Clinical % positive,202538,3.78914,0,2023,44,2023-10-29,2023-11-04,2023,2023-24,5,TRUE
National,202344,2,202346,2.53968,Clinical % positive,202538,2.61941,0.07972999999999963,2023,44,2023-10-29,2023-11-04,2023,2023-24,5,TRUE
Region 6,202345,2,202347,5.96067,Clinical % positive,202538,5.96067,0,2023,45,2023-11-05,2023-11-11,2023,2023-24,6,TRUE
National,202345,2,202347,3.87053,Clinical % positive,202538,3.95879,0.08826,2023,45,2023-11-05,2023-11-11,2023,2023-24,6,TRUE
Region 6,202346,2,202348,8.69315,Clinical % positive,202538,7.27753,-1.4156199999999997,2023,46,2023-11-12,2023-11-18,2023,2023-24,7,TRUE
National,202346,2,202348,5.03974,Clinical % positive,202538,4.86504,-0.17470000000000052,2023,46,2023-11-12,2023-11-18,2023,2023-24,7,TRUE
Region 6,202347,2,202349,7.76597,Clinical % positive,202538,7.76597,0,2023,47,2023-11-19,2023-11-25,2023,2023-24,8,TRUE
National,202347,2,202349,6.1338,Clinical % positive,202538,5.91987,-0.2139299999999995,2023,47,2023-11-19,2023-11-25,2023,2023-24,8,TRUE
Region 6,202348,2,202350,9.13956,Clinical % positive,202538,9.13956,0,2023,48,2023-11-26,2023-12-02,2023,2023-24,9,TRUE
National,202348,2,202350,7.06989,Clinical % positive,202538,6.96915,-0.10074000000000005,2023,48,2023-11-26,2023-12-02,2023,2023-24,9,TRUE
Region 6,202349,2,202351,13.5268,Clinical % positive,202538,13.5268,0,2023,49,2023-12-03,2023-12-09,2023,2023-24,10,TRUE
National,202349,2,202351,9.75594,Clinical % positive,202538,9.79897,0.0430299999999999,2023,49,2023-12-03,2023-12-09,2023,2023-24,10,TRUE
Region 6,202350,2,202352,17.9625,Clinical % positive,202538,19.7717,1.8092000000000006,2023,50,2023-12-10,2023-12-16,2023,2023-24,11,TRUE
National,202350,2,202352,12.6663,Clinical % positive,202538,13.3872,0.7209000000000003,2023,50,2023-12-10,2023-12-16,2023,2023-24,11,TRUE
Region 6,202351,2,202401,24.8437,Clinical % positive,202538,25.2,0.35630000000000095,2023,51,2023-12-17,2023-12-23,2023,2023-24,12,TRUE
National,202351,2,202401,17.2423,Clinical % positive,202538,17.3213,0.07900000000000063,2023,51,2023-12-17,2023-12-23,2023,2023-24,12,TRUE
Region 6,202352,2,202402,23.4365,Clinical % positive,202538,23.7015,0.26500000000000057,2023,52,2023-12-24,2023-12-30,2023,2023-24,13,TRUE
National,202352,2,202402,18.0211,Clinical % positive,202538,18.1605,0.13939999999999841,2023,52,2023-12-24,2023-12-30,2023,2023-24,13,TRUE
Region 6,202401,2,202403,22.4498,Clinical % positive,202538,22.4498,0,2024,1,2023-12-31,2024-01-06,2023,2023-24,14,TRUE
National,202401,2,202403,13.7925,Clinical % positive,202538,13.8031,0.010600000000000165,2024,1,2023-12-31,2024-01-06,2023,2023-24,14,TRUE
Region 6,202402,2,202404,22.7375,Clinical % positive,202538,21.1487,-1.588799999999999,2024,2,2024-01-07,2024-01-13,2023,2023-24,15,TRUE
National,202402,2,202404,13.792,Clinical % positive,202538,13.867,0.07500000000000107,2024,2,2024-01-07,2024-01-13,2023,2023-24,15,TRUE
Region 6,202403,2,202405,25.5729,Clinical % positive,202538,23.2504,-2.3225000000000016,2024,3,2024-01-14,2024-01-20,2023,2023-24,16,TRUE
National,202403,2,202405,14.4083,Clinical % positive,202538,14.9059,0.49760000000000026,2024,3,2024-01-14,2024-01-20,2023,2023-24,16,TRUE
Region 6,202404,2,202406,27.111,Clinical % positive,202538,27.111,0,2024,4,2024-01-21,2024-01-27,2023,2023-24,17,TRUE
National,202404,2,202406,15.9442,Clinical % positive,202538,16.1303,0.18609999999999793,2024,4,2024-01-21,2024-01-27,2023,2023-24,17,TRUE
Region 6,202405,2,202407,25.9362,Clinical % positive,202538,26.6949,0.758700000000001,2024,5,2024-01-28,2024-02-03,2023,2023-24,18,TRUE
National,202405,2,202407,16.3507,Clinical % positive,202538,16.3067,-0.04400000000000048,2024,5,2024-01-28,2024-02-03,2023,2023-24,18,TRUE
Region 6,202406,2,202408,21.4704,Clinical % positive,202538,21.4266,-0.04380000000000095,2024,6,2024-02-04,2024-02-10,2023,2023-24,19,TRUE
National,202406,2,202408,16.0356,Clinical % positive,202538,15.8521,-0.18349999999999866,2024,6,2024-02-04,2024-02-10,2023,2023-24,19,TRUE
Region 6,202407,2,202409,19.5328,Clinical % positive,202538,19.0577,-0.4751000000000012,2024,7,2024-02-11,2024-02-17,2023,2023-24,20,TRUE
National,202407,2,202409,15.629,Clinical % positive,202538,15.5673,-0.06170000000000009,2024,7,2024-02-11,2024-02-17,2023,2023-24,20,TRUE
Region 6,202408,2,202410,17.1607,Clinical % positive,202538,16.915,-0.24569999999999936,2024,8,2024-02-18,2024-02-24,2023,2023-24,21,TRUE
National,202408,2,202410,13.4582,Clinical % positive,202538,15.5181,2.0599000000000007,2024,8,2024-02-18,2024-02-24,2023,2023-24,21,TRUE
Region 6,202409,2,202411,13.9098,Clinical % positive,202538,14.406,0.4962,2024,9,2024-02-25,2024-03-02,2023,2023-24,22,TRUE
National,202409,2,202411,15.0383,Clinical % positive,202538,14.9467,-0.09159999999999968,2024,9,2024-02-25,2024-03-02,2023,2023-24,22,TRUE
Region 6,202410,2,202412,14.1064,Clinical % positive,202538,14.1064,0,2024,10,2024-03-03,2024-03-09,2023,2023-24,23,TRUE
National,202410,2,202412,14.2945,Clinical % positive,202538,14.2261,-0.06839999999999868,2024,10,2024-03-03,2024-03-09,2023,2023-24,23,TRUE
Region 6,202411,2,202413,11.6856,Clinical % positive,202538,11.6856,0,2024,11,2024-03-10,2024-03-16,2023,2023-24,24,TRUE
National,202411,2,202413,12.026,Clinical % positive,202538,11.9214,-0.10459999999999958,2024,11,2024-03-10,2024-03-16,2023,2023-24,24,TRUE
Region 6,202412,2,202414,9.37571,Clinical % positive,202538,9.37571,0,2024,12,2024-03-17,2024-03-23,2023,2023-24,25,TRUE
National,202412,2,202414,10.494,Clinical % positive,202538,10.3628,-0.13119999999999976,2024,12,2024-03-17,2024-03-23,2023,2023-24,25,TRUE
Region 6,202413,2,202415,7.44995,Clinical % positive,202538,7.44995,0,2024,13,2024-03-24,2024-03-30,2023,2023-24,26,TRUE
National,202413,2,202415,9.16515,Clinical % positive,202538,9.15264,-0.012510000000000687,2024,13,2024-03-24,2024-03-30,2023,2023-24,26,TRUE
Region 6,202414,2,202416,3.8534,Clinical % positive,202538,5.16172,1.3083199999999997,2024,14,2024-03-31,2024-04-06,2023,2023-24,27,TRUE
National,202414,2,202416,7.55223,Clinical % positive,202538,7.53799,-0.01424000000000003,2024,14,2024-03-31,2024-04-06,2023,2023-24,27,TRUE
Region 6,202415,2,202417,2.9868,Clinical % positive,202538,4.05463,1.0678300000000003,2024,15,2024-04-07,2024-04-13,2023,2023-24,28,TRUE
National,202415,2,202417,5.80686,Clinical % positive,202538,5.79303,-0.013830000000000453,2024,15,2024-04-07,2024-04-13,2023,2023-24,28,TRUE
Region 6,202416,2,202418,2.43801,Clinical % positive,202538,3.5348,1.0967900000000004,2024,16,2024-04-14,2024-04-20,2023,2023-24,29,TRUE
National,202416,2,202418,4.73389,Clinical % positive,202538,4.7576,0.023710000000000342,2024,16,2024-04-14,2024-04-20,2023,2023-24,29,TRUE
Region 6,202417,2,202419,2.81981,Clinical % positive,202538,2.81981,0,2024,17,2024-04-21,2024-04-27,2023,2023-24,30,TRUE
National,202417,2,202419,3.80464,Clinical % positive,202538,3.79997,-0.004669999999999952,2024,17,2024-04-21,2024-04-27,2023,2023-24,30,TRUE
Region 6,202418,2,202420,2.42392,Clinical % positive,202538,2.42392,0,2024,18,2024-04-28,2024-05-04,2023,2023-24,31,TRUE
National,202418,2,202420,3.20932,Clinical % positive,202538,3.1963,-0.013020000000000032,2024,18,2024-04-28,2024-05-04,2023,2023-24,31,TRUE
Region 6,202419,2,202421,1.83885,Clinical % positive,202538,1.83885,0,2024,19,2024-05-05,2024-05-11,2023,2023-24,32,TRUE
National,202419,2,202421,2.36084,Clinical % positive,202538,2.3264,-0.034440000000000026,2024,19,2024-05-05,2024-05-11,2023,2023-24,32,TRUE
Region 6,202420,2,202422,1.94336,Clinical % positive,202538,1.67685,-0.26651,2024,20,2024-05-12,2024-05-18,2023,2023-24,33,TRUE
National,202420,2,202422,1.93697,Clinical % positive,202538,1.82353,-0.11343999999999999,2024,20,2024-05-12,2024-05-18,2023,2023-24,33,TRUE
Region 6,202421,2,202423,1.33873,Clinical % positive,202538,1.33873,0,2024,21,2024-05-19,2024-05-25,2023,2023-24,34,TRUE
National,202421,2,202423,1.70125,Clinical % positive,202538,1.64013,-0.06111999999999984,2024,21,2024-05-19,2024-05-25,2023,2023-24,34,TRUE
Region 6,202422,2,202424,1.22374,Clinical % positive,202538,1.33209,0.10834999999999995,2024,22,2024-05-26,2024-06-01,2023,2023-24,35,TRUE
National,202422,2,202424,1.6955,Clinical % positive,202538,1.63898,-0.056519999999999904,2024,22,2024-05-26,2024-06-01,2023,2023-24,35,TRUE
Region 6,202423,2,202425,0.988725,Clinical % positive,202538,1.04612,0.057394999999999974,2024,23,2024-06-02,2024-06-08,2023,2023-24,36,TRUE
National,202423,2,202425,1.52112,Clinical % positive,202538,1.47982,-0.041300000000000114,2024,23,2024-06-02,2024-06-08,2023,2023-24,36,TRUE
Region 6,202424,2,202426,1.10709,Clinical % positive,202538,0.987287,-0.11980299999999988,2024,24,2024-06-09,2024-06-15,2023,2023-24,37,TRUE
National,202424,2,202426,1.33818,Clinical % positive,202538,1.28263,-0.05554999999999999,2024,24,2024-06-09,2024-06-15,2023,2023-24,37,TRUE
Region 6,202425,2,202427,0.692464,Clinical % positive,202538,0.609587,-0.08287699999999998,2024,25,2024-06-16,2024-06-22,2023,2023-24,38,TRUE
National,202425,2,202427,1.09985,Clinical % positive,202538,1.04808,-0.051770000000000094,2024,25,2024-06-16,2024-06-22,2023,2023-24,38,TRUE
Region 6,202426,2,202428,0.591716,Clinical % positive,202538,0.591716,0,2024,26,2024-06-23,2024-06-29,2023,2023-24,39,TRUE
National,202426,2,202428,0.918533,Clinical % positive,202538,0.890646,-0.027886999999999995,2024,26,2024-06-23,2024-06-29,2023,2023-24,39,TRUE
Region 6,202427,2,202429,0.705755,Clinical % positive,202538,0.705659,-9.599999999998499e-5,2024,27,2024-06-30,2024-07-06,2023,2023-24,40,TRUE
National,202427,2,202429,1.00227,Clinical % positive,202538,0.986472,-0.01579799999999998,2024,27,2024-06-30,2024-07-06,2023,2023-24,40,TRUE
Region 6,202428,2,202430,0.701846,Clinical % positive,202538,0.701846,0,2024,28,2024-07-07,2024-07-13,2023,2023-24,41,TRUE
National,202428,2,202430,0.864076,Clinical % positive,202538,0.830267,-0.03380899999999998,2024,28,2024-07-07,2024-07-13,2023,2023-24,41,TRUE
Region 6,202429,2,202431,0.563479,Clinical % positive,202538,0.556174,-0.007305000000000006,2024,29,2024-07-14,2024-07-20,2023,2023-24,42,TRUE
National,202429,2,202431,0.706821,Clinical % positive,202538,0.692818,-0.014002999999999988,2024,29,2024-07-14,2024-07-20,2023,2023-24,42,TRUE
Region 6,202430,2,202432,0.447164,Clinical % positive,202538,0.5084,0.06123599999999996,2024,30,2024-07-21,2024-07-27,2023,2023-24,43,TRUE
National,202430,2,202432,0.600806,Clinical % positive,202538,0.602587,0.0017810000000000326,2024,30,2024-07-21,2024-07-27,2023,2023-24,43,TRUE
Region 6,202431,2,202433,0.424166,Clinical % positive,202538,0.435337,0.011170999999999986,2024,31,2024-07-28,2024-08-03,2023,2023-24,44,TRUE
National,202431,2,202433,0.567667,Clinical % positive,202538,0.558449,-0.00921800000000006,2024,31,2024-07-28,2024-08-03,2023,2023-24,44,TRUE
Region 6,202432,2,202434,0.3246,Clinical % positive,202538,0.342246,0.017645999999999995,2024,32,2024-08-04,2024-08-10,2023,2023-24,45,TRUE
National,202432,2,202434,0.494046,Clinical % positive,202538,0.485156,-0.008890000000000009,2024,32,2024-08-04,2024-08-10,2023,2023-24,45,TRUE
Region 6,202433,2,202435,0.445119,Clinical % positive,202538,0.439209,-0.005909999999999971,2024,33,2024-08-11,2024-08-17,2023,2023-24,46,TRUE
National,202433,2,202435,0.453639,Clinical % positive,202538,0.451414,-0.0022250000000000325,2024,33,2024-08-11,2024-08-17,2023,2023-24,46,TRUE
Region 6,202434,2,202436,0.506116,Clinical % positive,202538,0.500334,-0.005782000000000065,2024,34,2024-08-18,2024-08-24,2023,2023-24,47,TRUE
National,202434,2,202436,0.398306,Clinical % positive,202538,0.436722,0.038416000000000006,2024,34,2024-08-18,2024-08-24,2023,2023-24,47,TRUE
Region 6,202435,2,202437,0.528641,Clinical % positive,202538,0.524257,-0.0043840000000000545,2024,35,2024-08-25,2024-08-31,2023,2023-24,48,TRUE
National,202435,2,202437,0.429713,Clinical % positive,202538,0.415591,-0.014122000000000023,2024,35,2024-08-25,2024-08-31,2023,2023-24,48,TRUE
Region 6,202436,2,202438,0.47545,Clinical % positive,202538,0.511402,0.03595200000000004,2024,36,2024-09-01,2024-09-07,2023,2023-24,49,TRUE
National,202436,2,202438,0.45891,Clinical % positive,202538,0.440743,-0.01816699999999999,2024,36,2024-09-01,2024-09-07,2023,2023-24,49,TRUE
Region 6,202437,2,202439,0.570125,Clinical % positive,202538,0.563112,-0.007013000000000047,2024,37,2024-09-08,2024-09-14,2023,2023-24,50,TRUE
National,202437,2,202439,0.494392,Clinical % positive,202538,0.476351,-0.018040999999999974,2024,37,2024-09-08,2024-09-14,2023,2023-24,50,TRUE
Region 6,202438,2,202440,0.745464,Clinical % positive,202538,0.738171,-0.007292999999999994,2024,38,2024-09-15,2024-09-21,2023,2023-24,51,TRUE
National,202438,2,202440,0.537232,Clinical % positive,202538,0.531351,-0.005881000000000025,2024,38,2024-09-15,2024-09-21,2023,2023-24,51,TRUE
Region 6,202439,2,202441,0.68287,Clinical % positive,202538,0.68287,0,2024,39,2024-09-22,2024-09-28,2023,2023-24,52,TRUE
National,202439,2,202441,0.520693,Clinical % positive,202538,0.529423,0.008730000000000016,2024,39,2024-09-22,2024-09-28,2023,2023-24,52,TRUE
Region 6,202440,2,202442,0.790936,Clinical % positive,202638,0.790936,0,2024,40,2024-09-29,2024-10-05,2024,2024-25,1,TRUE
National,202440,2,202442,0.684161,Clinical % positive,202638,0.674072,-0.010089000000000015,2024,40,2024-09-29,2024-10-05,2024,2024-25,1,TRUE
Region 6,202441,2,202443,0.975299,Clinical % positive,202638,0.975299,0,2024,41,2024-10-06,2024-10-12,2024,2024-25,2,TRUE
National,202441,2,202443,0.699493,Clinical % positive,202638,0.671305,-0.02818799999999999,2024,41,2024-10-06,2024-10-12,2024,2024-25,2,TRUE
Region 6,202442,2,202444,1.13396,Clinical % positive,202638,1.13396,0,2024,42,2024-10-13,2024-10-19,2024,2024-25,3,TRUE
National,202442,2,202444,0.735096,Clinical % positive,202638,0.725634,-0.00946199999999997,2024,42,2024-10-13,2024-10-19,2024,2024-25,3,TRUE
Region 6,202443,2,202445,1.48458,Clinical % positive,202638,1.46709,-0.017490000000000006,2024,43,2024-10-20,2024-10-26,2024,2024-25,4,TRUE
National,202443,2,202445,0.979651,Clinical % positive,202638,0.964298,-0.015353000000000061,2024,43,2024-10-20,2024-10-26,2024,2024-25,4,TRUE
Region 6,202444,2,202446,1.61242,Clinical % positive,202638,1.60176,-0.010659999999999892,2024,44,2024-10-27,2024-11-02,2024,2024-25,5,TRUE
National,202444,2,202446,1.23203,Clinical % positive,202638,1.21851,-0.013519999999999976,2024,44,2024-10-27,2024-11-02,2024,2024-25,5,TRUE
Region 6,202445,2,202447,2.49681,Clinical % positive,202638,2.27945,-0.21735999999999978,2024,45,2024-11-03,2024-11-09,2024,2024-25,6,TRUE
National,202445,2,202447,1.54549,Clinical % positive,202638,1.52773,-0.017759999999999998,2024,45,2024-11-03,2024-11-09,2024,2024-25,6,TRUE
Region 6,202446,2,202448,2.96672,Clinical % positive,202638,2.96672,0,2024,46,2024-11-10,2024-11-16,2024,2024-25,7,TRUE
National,202446,2,202448,2.08522,Clinical % positive,202638,2.11081,0.02558999999999978,2024,46,2024-11-10,2024-11-16,2024,2024-25,7,TRUE
Region 6,202447,2,202449,3.8327,Clinical % positive,202638,3.8327,0,2024,47,2024-11-17,2024-11-23,2024,2024-25,8,TRUE
National,202447,2,202449,2.79674,Clinical % positive,202638,2.83398,0.03724000000000016,2024,47,2024-11-17,2024-11-23,2024,2024-25,8,TRUE
Region 6,202448,2,202450,5.1154,Clinical % positive,202638,5.11294,-0.0024600000000001288,2024,48,2024-11-24,2024-11-30,2024,2024-25,9,TRUE
National,202448,2,202450,3.96563,Clinical % positive,202638,3.94831,-0.01731999999999978,2024,48,2024-11-24,2024-11-30,2024,2024-25,9,TRUE
Region 6,202449,2,202451,5.66109,Clinical % positive,202638,5.96812,0.30703000000000014,2024,49,2024-12-01,2024-12-07,2024,2024-25,10,TRUE
National,202449,2,202451,5.08415,Clinical % positive,202638,5.15168,0.06752999999999965,2024,49,2024-12-01,2024-12-07,2024,2024-25,10,TRUE
Region 6,202450,2,202452,11.2095,Clinical % positive,202638,11.5395,0.33000000000000007,2024,50,2024-12-08,2024-12-14,2024,2024-25,11,TRUE
National,202450,2,202452,8.63253,Clinical % positive,202638,8.59373,-0.03879999999999839,2024,50,2024-12-08,2024-12-14,2024,2024-25,11,TRUE
Region 6,202451,2,202501,17.3231,Clinical % positive,202638,18.0388,0.7156999999999982,2024,51,2024-12-15,2024-12-21,2024,2024-25,12,TRUE
National,202451,2,202501,14.0609,Clinical % positive,202638,14.1794,0.11849999999999916,2024,51,2024-12-15,2024-12-21,2024,2024-25,12,TRUE
Region 6,202452,2,202502,21.128,Clinical % positive,202638,21.9813,0.8533000000000008,2024,52,2024-12-22,2024-12-28,2024,2024-25,13,TRUE
National,202452,2,202502,18.1521,Clinical % positive,202638,18.2344,0.08230000000000004,2024,52,2024-12-22,2024-12-28,2024,2024-25,13,TRUE
Region 6,202501,2,202503,23.8021,Clinical % positive,202638,23.7825,-0.019600000000000506,2025,1,2024-12-29,2025-01-04,2024,2024-25,14,TRUE
National,202501,2,202503,18.3285,Clinical % positive,202638,18.2181,-0.1103999999999985,2025,1,2024-12-29,2025-01-04,2024,2024-25,14,TRUE
Region 6,202502,2,202504,22.5479,Clinical % positive,202638,22.5333,-0.014599999999997948,2025,2,2025-01-05,2025-01-11,2024,2024-25,15,TRUE
National,202502,2,202504,18.5827,Clinical % positive,202638,18.3976,-0.1850999999999985,2025,2,2025-01-05,2025-01-11,2024,2024-25,15,TRUE
Region 6,202503,2,202505,28.2095,Clinical % positive,202638,28.1142,-0.09529999999999816,2025,3,2025-01-12,2025-01-18,2024,2024-25,16,TRUE
National,202503,2,202505,23.9376,Clinical % positive,202638,23.8246,-0.11299999999999955,2025,3,2025-01-12,2025-01-18,2024,2024-25,16,TRUE
Region 6,202504,2,202506,32.3385,Clinical % positive,202638,31.9788,-0.3597000000000037,2025,4,2025-01-19,2025-01-25,2024,2024-25,17,TRUE
National,202504,2,202506,28.512,Clinical % positive,202638,28.7465,0.2345000000000006,2025,4,2025-01-19,2025-01-25,2024,2024-25,17,TRUE
Region 6,202505,2,202507,37.8322,Clinical % positive,202638,37.3103,-0.5219000000000023,2025,5,2025-01-26,2025-02-01,2024,2024-25,18,TRUE
National,202505,2,202507,31.4284,Clinical % positive,202638,31.6481,0.21969999999999956,2025,5,2025-01-26,2025-02-01,2024,2024-25,18,TRUE
Region 6,202506,2,202508,32.9932,Clinical % positive,202638,32.5379,-0.45530000000000115,2025,6,2025-02-02,2025-02-08,2024,2024-25,19,TRUE
National,202506,2,202508,31.188,Clinical % positive,202638,31.4103,0.2223000000000006,2025,6,2025-02-02,2025-02-08,2024,2024-25,19,TRUE
Region 6,202507,2,202509,25.333,Clinical % positive,202638,25.1233,-0.209699999999998,2025,7,2025-02-09,2025-02-15,2024,2024-25,20,TRUE
National,202507,2,202509,28.1161,Clinical % positive,202638,27.8373,-0.2788000000000004,2025,7,2025-02-09,2025-02-15,2024,2024-25,20,TRUE
Region 6,202508,2,202510,20.9165,Clinical % positive,202638,20.9165,0,2025,8,2025-02-16,2025-02-22,2024,2024-25,21,TRUE
National,202508,2,202510,23.13,Clinical % positive,202638,23.9403,0.8103000000000016,2025,8,2025-02-16,2025-02-22,2024,2024-25,21,TRUE
Region 6,202509,2,202511,16.8265,Clinical % positive,202638,16.8265,0,2025,9,2025-02-23,2025-03-01,2024,2024-25,22,TRUE
National,202509,2,202511,19.416,Clinical % positive,202638,19.4796,0.06360000000000099,2025,9,2025-02-23,2025-03-01,2024,2024-25,22,TRUE
Region 6,202510,2,202512,13.9954,Clinical % positive,202638,14.1384,0.14300000000000068,2025,10,2025-03-02,2025-03-08,2024,2024-25,23,TRUE
National,202510,2,202512,15.8463,Clinical % positive,202638,15.8557,0.009400000000001185,2025,10,2025-03-02,2025-03-08,2024,2024-25,23,TRUE
Region 6,202511,2,202513,11.2376,Clinical % positive,202638,11.2368,-7.999999999999119e-4,2025,11,2025-03-09,2025-03-15,2024,2024-25,24,TRUE
National,202511,2,202513,13.4349,Clinical % positive,202638,13.3136,-0.12130000000000152,2025,11,2025-03-09,2025-03-15,2024,2024-25,24,TRUE
Region 6,202512,2,202514,8.40546,Clinical % positive,202638,8.40546,0,2025,12,2025-03-16,2025-03-22,2024,2024-25,25,TRUE
National,202512,2,202514,10.7046,Clinical % positive,202638,10.7287,0.024100000000000676,2025,12,2025-03-16,2025-03-22,2024,2024-25,25,TRUE
Region 6,202513,2,202515,7.68265,Clinical % positive,202638,7.68265,0,2025,13,2025-03-23,2025-03-29,2024,2024-25,26,TRUE
National,202513,2,202515,9.3738,Clinical % positive,202638,9.2285,-0.14529999999999887,2025,13,2025-03-23,2025-03-29,2024,2024-25,26,TRUE
Region 6,202514,2,202516,6.12485,Clinical % positive,202638,6.12485,0,2025,14,2025-03-30,2025-04-05,2024,2024-25,27,TRUE
National,202514,2,202516,7.62457,Clinical % positive,202638,7.57976,-0.044810000000000016,2025,14,2025-03-30,2025-04-05,2024,2024-25,27,TRUE
Region 6,202515,2,202517,5.03613,Clinical % positive,202638,5.0139,-0.022230000000000416,2025,15,2025-04-06,2025-04-12,2024,2024-25,28,TRUE
National,202515,2,202517,6.28606,Clinical % positive,202638,6.16646,-0.11960000000000015,2025,15,2025-04-06,2025-04-12,2024,2024-25,28,TRUE
Region 6,202516,2,202518,4.09946,Clinical % positive,202638,4.17591,0.07645000000000035,2025,16,2025-04-13,2025-04-19,2024,2024-25,29,TRUE
National,202516,2,202518,5.38532,Clinical % positive,202638,5.2814,-0.10392000000000046,2025,16,2025-04-13,2025-04-19,2024,2024-25,29,TRUE
Region 6,202517,2,202519,3.47977,Clinical % positive,202638,3.49135,0.011580000000000368,2025,17,2025-04-20,2025-04-26,2024,2024-25,30,TRUE
National,202517,2,202519,4.49734,Clinical % positive,202638,4.42023,-0.07711000000000023,2025,17,2025-04-20,2025-04-26,2024,2024-25,30,TRUE
Region 6,202518,2,202520,3.13242,Clinical % positive,202638,3.29695,0.16452999999999962,2025,18,2025-04-27,2025-05-03,2024,2024-25,31,TRUE
National,202518,2,202520,3.3789,Clinical % positive,202638,3.34042,-0.03847999999999985,2025,18,2025-04-27,2025-05-03,2024,2024-25,31,TRUE
Region 6,202519,2,202521,2.23332,Clinical % positive,202638,2.2345,0.001180000000000181,2025,19,2025-05-04,2025-05-10,2024,2024-25,32,TRUE
National,202519,2,202521,2.67137,Clinical % positive,202638,2.6225,-0.04886999999999997,2025,19,2025-05-04,2025-05-10,2024,2024-25,32,TRUE
Region 6,202520,2,202522,2.3567,Clinical % positive,202638,2.3567,0,2025,20,2025-05-11,2025-05-17,2024,2024-25,33,TRUE
National,202520,2,202522,2.19192,Clinical % positive,202638,2.14267,-0.04925000000000024,2025,20,2025-05-11,2025-05-17,2024,2024-25,33,TRUE
Region 6,202521,2,202523,2.56542,Clinical % positive,202638,2.56542,0,2025,21,2025-05-18,2025-05-24,2024,2024-25,34,TRUE
National,202521,2,202523,1.96051,Clinical % positive,202638,1.92089,-0.03961999999999999,2025,21,2025-05-18,2025-05-24,2024,2024-25,34,TRUE
Region 6,202522,2,202524,3.17291,Clinical % positive,202638,3.17291,0,2025,22,2025-05-25,2025-05-31,2024,2024-25,35,TRUE
National,202522,2,202524,1.93471,Clinical % positive,202638,1.8643,-0.07040999999999986,2025,22,2025-05-25,2025-05-31,2024,2024-25,35,TRUE
Region 6,202523,2,202525,2.73159,Clinical % positive,202638,2.73159,0,2025,23,2025-06-01,2025-06-07,2024,2024-25,36,TRUE
National,202523,2,202525,1.64391,Clinical % positive,202638,1.59902,-0.044889999999999874,2025,23,2025-06-01,2025-06-07,2024,2024-25,36,TRUE
Region 6,202524,2,202526,1.37736,Clinical % positive,202638,1.52697,0.14961000000000002,2025,24,2025-06-08,2025-06-14,2024,2024-25,37,TRUE
National,202524,2,202526,1.23438,Clinical % positive,202638,1.20473,-0.029649999999999954,2025,24,2025-06-08,2025-06-14,2024,2024-25,37,TRUE
Region 6,202525,2,202527,1.32752,Clinical % positive,202638,1.32425,-0.003270000000000106,2025,25,2025-06-15,2025-06-21,2024,2024-25,38,TRUE
National,202525,2,202527,1.08172,Clinical % positive,202638,1.03725,-0.04447000000000001,2025,25,2025-06-15,2025-06-21,2024,2024-25,38,TRUE
Region 6,202526,2,202528,1.17647,Clinical % positive,202638,1.17624,-2.2999999999995246e-4,2025,26,2025-06-22,2025-06-28,2024,2024-25,39,TRUE
National,202526,2,202528,0.898802,Clinical % positive,202638,0.848557,-0.050244999999999984,2025,26,2025-06-22,2025-06-28,2024,2024-25,39,TRUE
Region 6,202527,2,202529,1.32373,Clinical % positive,202638,1.26007,-0.06366000000000005,2025,27,2025-06-29,2025-07-05,2024,2024-25,40,TRUE
National,202527,2,202529,0.824909,Clinical % positive,202638,0.797926,-0.02698299999999998,2025,27,2025-06-29,2025-07-05,2024,2024-25,40,TRUE
Region 6,202528,2,202530,0.697624,Clinical % positive,202638,0.882526,0.184902,2025,28,2025-07-06,2025-07-12,2024,2024-25,41,TRUE
National,202528,2,202530,0.76475,Clinical % positive,202638,0.780353,0.015602999999999922,2025,28,2025-07-06,2025-07-12,2024,2024-25,41,TRUE
Region 6,202529,2,202531,0.338677,Clinical % positive,202638,0.426439,0.087762,2025,29,2025-07-13,2025-07-19,2024,2024-25,42,TRUE
National,202529,2,202531,0.552163,Clinical % positive,202638,0.541867,-0.010295999999999972,2025,29,2025-07-13,2025-07-19,2024,2024-25,42,TRUE
Region 6,202530,2,202532,0.393271,Clinical % positive,202638,0.336511,-0.05675999999999998,2025,30,2025-07-20,2025-07-26,2024,2024-25,43,TRUE
National,202530,2,202532,0.417887,Clinical % positive,202638,0.408367,-0.009520000000000028,2025,30,2025-07-20,2025-07-26,2024,2024-25,43,TRUE
Region 6,202531,2,202533,0.384287,Clinical % positive,202638,0.568912,0.18462499999999998,2025,31,2025-07-27,2025-08-02,2024,2024-25,44,TRUE
National,202531,2,202533,0.414009,Clinical % positive,202638,0.4421,0.028090999999999977,2025,31,2025-07-27,2025-08-02,2024,2024-25,44,TRUE
Region 6,202532,2,202534,0.248139,Clinical % positive,202638,0.280751,0.032611999999999974,2025,32,2025-08-03,2025-08-09,2024,2024-25,45,TRUE
National,202532,2,202534,0.384715,Clinical % positive,202638,0.3833,-0.0014149999999999996,2025,32,2025-08-03,2025-08-09,2024,2024-25,45,TRUE
Region 6,202533,2,202535,0.432432,Clinical % positive,202638,0.492317,0.05988500000000002,2025,33,2025-08-10,2025-08-16,2024,2024-25,46,TRUE
National,202533,2,202535,0.345071,Clinical % positive,202638,0.34551,4.389999999999672e-4,2025,33,2025-08-10,2025-08-16,2024,2024-25,46,TRUE
Region 6,202534,2,202536,0.313443,Clinical % positive,202638,0.321027,0.00758399999999998,2025,34,2025-08-17,2025-08-23,2024,2024-25,47,TRUE
National,202534,2,202536,0.398595,Clinical % positive,202638,0.388672,-0.00992299999999996,2025,34,2025-08-17,2025-08-23,2024,2024-25,47,TRUE
Region 6,202535,2,202537,0.379994,Clinical % positive,202638,0.364892,-0.015102000000000004,2025,35,2025-08-24,2025-08-30,2024,2024-25,48,TRUE
National,202535,2,202537,0.415061,Clinical % positive,202638,0.397262,-0.01779900000000001,2025,35,2025-08-24,2025-08-30,2024,2024-25,48,TRUE
Region 6,202536,2,202538,0.369322,Clinical % positive,202638,0.354149,-0.015172999999999992,2025,36,2025-08-31,2025-09-06,2024,2024-25,49,TRUE
National,202536,2,202538,0.430243,Clinical % positive,202638,0.391413,-0.038829999999999976,2025,36,2025-08-31,2025-09-06,2024,2024-25,49,TRUE
Region 6,202543,2,202545,1.53408,Clinical % positive,202638,1.52785,-0.00623000000000018,2025,43,2025-10-19,2025-10-25,2025,2025-26,4,TRUE
National,202543,2,202545,0.824392,Clinical % positive,202638,0.78546,-0.03893199999999997,2025,43,2025-10-19,2025-10-25,2025,2025-26,4,TRUE
Region 6,202544,2,202546,1.30729,Clinical % positive,202638,1.98693,0.67964,2025,44,2025-10-26,2025-11-01,2025,2025-26,5,TRUE
National,202544,2,202546,1.05083,Clinical % positive,202638,1.09444,0.04361000000000015,2025,44,2025-10-26,2025-11-01,2025,2025-26,5,TRUE
Region 6,202545,2,202547,2.5136,Clinical % positive,202638,3.36624,0.8526400000000001,2025,45,2025-11-02,2025-11-08,2025,2025-26,6,TRUE
National,202545,2,202547,1.87829,Clinical % positive,202638,1.90515,0.026859999999999884,2025,45,2025-11-02,2025-11-08,2025,2025-26,6,TRUE
Region 6,202546,2,202548,3.00452,Clinical % positive,202638,5.79026,2.78574,2025,46,2025-11-09,2025-11-15,2025,2025-26,7,TRUE
National,202546,2,202548,2.76341,Clinical % positive,202638,3.26408,0.50067,2025,46,2025-11-09,2025-11-15,2025,2025-26,7,TRUE
Region 6,202547,2,202549,5.60525,Clinical % positive,202638,9.63264,4.0273900000000005,2025,47,2025-11-16,2025-11-22,2025,2025-26,8,TRUE
National,202547,2,202549,4.79843,Clinical % positive,202638,5.47544,0.6770100000000001,2025,47,2025-11-16,2025-11-22,2025,2025-26,8,TRUE
Region 6,202548,2,202550,12.54,Clinical % positive,202638,13.2166,0.6766000000000005,2025,48,2025-11-23,2025-11-29,2025,2025-26,9,TRUE
National,202548,2,202550,7.82913,Clinical % positive,202638,8.02224,0.1931099999999999,2025,48,2025-11-23,2025-11-29,2025,2025-26,9,TRUE
Region 6,202549,2,202551,10.7299,Clinical % positive,202638,10.7703,0.04039999999999999,2025,49,2025-11-30,2025-12-06,2025,2025-26,10,TRUE
National,202549,2,202551,8.9626,Clinical % positive,202638,8.98526,0.022660000000000124,2025,49,2025-11-30,2025-12-06,2025,2025-26,10,TRUE
Region 6,202550,2,202552,19.4042,Clinical % positive,202638,19.414,0.00980000000000203,2025,50,2025-12-07,2025-12-13,2025,2025-26,11,TRUE
National,202550,2,202552,15.6424,Clinical % positive,202638,15.4562,-0.18619999999999948,2025,50,2025-12-07,2025-12-13,2025,2025-26,11,TRUE
Region 6,202551,2,202553,30.837,Clinical % positive,202638,30.783,-0.053999999999998494,2025,51,2025-12-14,2025-12-20,2025,2025-26,12,TRUE
National,202551,2,202553,25.7818,Clinical % positive,202638,25.5832,-0.198599999999999,2025,51,2025-12-14,2025-12-20,2025,2025-26,12,TRUE
Region 6,202552,2,202601,38.5058,Clinical % positive,202638,38.0531,-0.4527000000000001,2025,52,2025-12-21,2025-12-27,2025,2025-26,13,TRUE
National,202552,2,202601,30.9495,Clinical % positive,202638,31.7039,0.7544000000000004,2025,52,2025-12-21,2025-12-27,2025,2025-26,13,TRUE
Region 6,202553,2,202602,29.575,Clinical % positive,202638,28.731,-0.8439999999999976,2025,53,2025-12-28,2026-01-03,2025,2025-26,14,TRUE
National,202553,2,202602,24.6441,Clinical % positive,202638,24.6931,0.04899999999999949,2025,53,2025-12-28,2026-01-03,2025,2025-26,14,TRUE
Region 6,202601,2,202603,21.7898,Clinical % positive,202638,21.047,-0.742799999999999,2026,1,2026-01-04,2026-01-10,2025,2025-26,15,TRUE
National,202601,2,202603,18.6414,Clinical % positive,202638,18.6029,-0.03849999999999909,2026,1,2026-01-04,2026-01-10,2025,2025-26,15,TRUE
Region 6,202602,2,202604,20.5084,Clinical % positive,202638,19.3784,-1.1300000000000026,2026,2,2026-01-11,2026-01-17,2025,2025-26,16,TRUE
National,202602,2,202604,17.1067,Clinical % positive,202638,17.0323,-0.07440000000000069,2026,2,2026-01-11,2026-01-17,2025,2025-26,16,TRUE
Region 6,202603,2,202605,24.0977,Clinical % positive,202638,22.8706,-1.2271,2026,3,2026-01-18,2026-01-24,2025,2025-26,17,TRUE
National,202603,2,202605,17.5974,Clinical % positive,202638,17.5167,-0.08070000000000022,2026,3,2026-01-18,2026-01-24,2025,2025-26,17,TRUE
Region 6,202604,2,202606,23.6472,Clinical % positive,202638,22.1379,-1.5093000000000032,2026,4,2026-01-25,2026-01-31,2025,2025-26,18,TRUE
National,202604,2,202606,17.5487,Clinical % positive,202638,17.4132,-0.1355000000000004,2026,4,2026-01-25,2026-01-31,2025,2025-26,18,TRUE
Region 6,202605,2,202607,23.4,Clinical % positive,202638,22.7046,-0.6953999999999994,2026,5,2026-02-01,2026-02-07,2025,2025-26,19,TRUE
National,202605,2,202607,18.1804,Clinical % positive,202638,18.0427,-0.13769999999999882,2026,5,2026-02-01,2026-02-07,2025,2025-26,19,TRUE
Region 6,202606,2,202608,24.2154,Clinical % positive,202638,23.6264,-0.5889999999999986,2026,6,2026-02-08,2026-02-14,2025,2025-26,20,TRUE
National,202606,2,202608,18.4894,Clinical % positive,202638,18.3248,-0.16460000000000008,2026,6,2026-02-08,2026-02-14,2025,2025-26,20,TRUE
Region 6,202607,2,202609,21.9633,Clinical % positive,202638,21.9315,-0.031800000000000495,2026,7,2026-02-15,2026-02-21,2025,2025-26,21,TRUE
National,202607,2,202609,18.1086,Clinical % positive,202638,18.0222,-0.08639999999999759,2026,7,2026-02-15,2026-02-21,2025,2025-26,21,TRUE
Region 6,202608,2,202610,18.6107,Clinical % positive,202638,18.5784,-0.03230000000000288,2026,8,2026-02-22,2026-02-28,2025,2025-26,22,TRUE
National,202608,2,202610,15.8081,Clinical % positive,202638,15.6738,-0.13429999999999964,2026,8,2026-02-22,2026-02-28,2025,2025-26,22,TRUE
Region 6,202609,2,202611,17.3023,Clinical % positive,202638,17.0853,-0.21699999999999875,2026,9,2026-03-01,2026-03-07,2025,2025-26,23,TRUE
National,202609,2,202611,15.4769,Clinical % positive,202638,15.3439,-0.1330000000000009,2026,9,2026-03-01,2026-03-07,2025,2025-26,23,TRUE
Region 6,202610,2,202612,15.3952,Clinical % positive,202638,15.3853,-0.00990000000000002,2026,10,2026-03-08,2026-03-14,2025,2025-26,24,TRUE
National,202610,2,202612,13.8498,Clinical % positive,202638,13.8166,-0.033200000000000784,2026,10,2026-03-08,2026-03-14,2025,2025-26,24,TRUE
Region 6,202611,2,202613,13.0205,Clinical % positive,202638,13.0037,-0.016799999999999926,2026,11,2026-03-15,2026-03-21,2025,2025-26,25,TRUE
National,202611,2,202613,11.2632,Clinical % positive,202638,11.2108,-0.05239999999999867,2026,11,2026-03-15,2026-03-21,2025,2025-26,25,TRUE
Region 6,202612,2,202614,11.0446,Clinical % positive,202638,11.0546,0.009999999999999787,2026,12,2026-03-22,2026-03-28,2025,2025-26,26,TRUE
National,202612,2,202614,9.68266,Clinical % positive,202638,9.61931,-0.0633499999999998,2026,12,2026-03-22,2026-03-28,2025,2025-26,26,TRUE
Region 6,202613,2,202615,7.58209,Clinical % positive,202638,7.62662,0.04452999999999996,2026,13,2026-03-29,2026-04-04,2025,2025-26,27,TRUE
National,202613,2,202615,7.88498,Clinical % positive,202638,7.77371,-0.11126999999999931,2026,13,2026-03-29,2026-04-04,2025,2025-26,27,TRUE
Region 6,202614,2,202616,6.06654,Clinical % positive,202638,6.05876,-0.007779999999999454,2026,14,2026-04-05,2026-04-11,2025,2025-26,28,TRUE
National,202614,2,202616,6.02704,Clinical % positive,202638,5.90799,-0.11905000000000054,2026,14,2026-04-05,2026-04-11,2025,2025-26,28,TRUE
Region 6,202615,2,202617,3.89188,Clinical % positive,202638,3.89367,0.0017900000000001803,2026,15,2026-04-12,2026-04-18,2025,2025-26,29,TRUE
National,202615,2,202617,4.58492,Clinical % positive,202638,4.52509,-0.059830000000000716,2026,15,2026-04-12,2026-04-18,2025,2025-26,29,TRUE
Region 6,202616,2,202618,3.34232,Clinical % positive,202638,3.35751,0.015190000000000037,2026,16,2026-04-19,2026-04-25,2025,2025-26,30,TRUE
National,202616,2,202618,3.42756,Clinical % positive,202638,3.41479,-0.01277000000000017,2026,16,2026-04-19,2026-04-25,2025,2025-26,30,TRUE
Region 6,202617,2,202619,2.90202,Clinical % positive,202638,2.90654,0.0045200000000003016,2026,17,2026-04-26,2026-05-02,2025,2025-26,31,TRUE
National,202617,2,202619,2.97247,Clinical % positive,202638,2.96964,-0.002829999999999888,2026,17,2026-04-26,2026-05-02,2025,2025-26,31,TRUE
Region 6,202618,2,202620,1.88269,Clinical % positive,202638,1.90586,0.023170000000000135,2026,18,2026-05-03,2026-05-09,2025,2025-26,32,TRUE
National,202618,2,202620,2.5035,Clinical % positive,202638,2.47606,-0.02743999999999991,2026,18,2026-05-03,2026-05-09,2025,2025-26,32,TRUE
Region 6,202619,2,202621,1.34279,Clinical % positive,202638,1.33895,-0.0038399999999998435,2026,19,2026-05-10,2026-05-16,2025,2025-26,33,TRUE
National,202619,2,202621,1.9212,Clinical % positive,202638,1.90845,-0.012750000000000039,2026,19,2026-05-10,2026-05-16,2025,2025-26,33,TRUE
Region 6,202620,2,202622,1.19205,Clinical % positive,202638,1.19008,-0.0019700000000000273,2026,20,2026-05-17,2026-05-23,2025,2025-26,34,TRUE
National,202620,2,202622,1.55072,Clinical % positive,202638,1.5432,-0.007520000000000193,2026,20,2026-05-17,2026-05-23,2025,2025-26,34,TRUE
Region 6,202621,2,202623,1.19435,Clinical % positive,202638,1.19284,-0.0015100000000001224,2026,21,2026-05-24,2026-05-30,2025,2025-26,35,TRUE
National,202621,2,202623,1.33163,Clinical % positive,202638,1.30898,-0.02265000000000006,2026,21,2026-05-24,2026-05-30,2025,2025-26,35,TRUE
Region 6,202622,2,202624,0.775194,Clinical % positive,202638,0.774117,-0.0010769999999999946,2026,22,2026-05-31,2026-06-06,2025,2025-26,36,TRUE
National,202622,2,202624,0.927634,Clinical % positive,202638,0.913254,-0.014379999999999948,2026,22,2026-05-31,2026-06-06,2025,2025-26,36,TRUE
Region 6,202623,2,202625,0.609042,Clinical % positive,202638,0.658454,0.04941200000000001,2026,23,2026-06-07,2026-06-13,2025,2025-26,37,TRUE
National,202623,2,202625,0.803379,Clinical % positive,202638,0.789391,-0.013988,2026,23,2026-06-07,2026-06-13,2025,2025-26,37,TRUE
Region 6,202624,2,202626,0.400377,Clinical % positive,202638,0.400377,0,2026,24,2026-06-14,2026-06-20,2025,2025-26,38,TRUE
National,202624,2,202626,0.644201,Clinical % positive,202638,0.642405,-0.0017960000000000198,2026,24,2026-06-14,2026-06-20,2025,2025-26,38,TRUE
Region 6,202625,2,202627,0.392157,Clinical % positive,202638,0.392157,0,2026,25,2026-06-21,2026-06-27,2025,2025-26,39,TRUE
National,202625,2,202627,0.480066,Clinical % positive,202638,0.47613,-0.003935999999999995,2026,25,2026-06-21,2026-06-27,2025,2025-26,39,TRUE
Region 6,202626,2,202628,0.951087,Clinical % positive,202638,0.949367,-0.0017200000000000548,2026,26,2026-06-28,2026-07-04,2025,2025-26,40,TRUE
National,202626,2,202628,0.52311,Clinical % positive,202638,0.548678,0.025568000000000035,2026,26,2026-06-28,2026-07-04,2025,2025-26,40,TRUE
Region 6,202627,2,202629,0.699482,Clinical % positive,202638,0.698035,-0.001447000000000087,2026,27,2026-07-05,2026-07-11,2025,2025-26,41,TRUE
National,202627,2,202629,0.706169,Clinical % positive,202638,0.759966,0.053796999999999984,2026,27,2026-07-05,2026-07-11,2025,2025-26,41,TRUE
Region 6,202628,2,202630,0.985878,Clinical % positive,202638,0.985878,0,2026,28,2026-07-12,2026-07-18,2025,2025-26,42,TRUE
National,202628,2,202630,0.548027,Clinical % positive,202638,0.544812,-0.003215000000000079,2026,28,2026-07-12,2026-07-18,2025,2025-26,42,TRUE
Region 6,202629,2,202631,0.419837,Clinical % positive,202638,0.419837,0,2026,29,2026-07-19,2026-07-25,2025,2025-26,43,TRUE
National,202629,2,202631,0.479283,Clinical % positive,202638,0.454794,-0.02448900000000004,2026,29,2026-07-19,2026-07-25,2025,2025-26,43,TRUE
Region 6,202630,2,202632,0.38373,Clinical % positive,202638,0.382653,-0.0010769999999999946,2026,30,2026-07-26,2026-08-01,2025,2025-26,44,TRUE
National,202630,2,202632,0.428867,Clinical % positive,202638,0.429962,0.0010950000000000126,2026,30,2026-07-26,2026-08-01,2025,2025-26,44,TRUE
Region 6,202631,2,202633,0.532301,Clinical % positive,202638,0.531273,-0.0010280000000000289,2026,31,2026-08-02,2026-08-08,2025,2025-26,45,TRUE
National,202631,2,202633,0.493656,Clinical % positive,202638,0.486294,-0.00736199999999998,2026,31,2026-08-02,2026-08-08,2025,2025-26,45,TRUE
Region 6,202632,2,202634,0.612523,Clinical % positive,202638,0.608931,-0.0035920000000000396,2026,32,2026-08-09,2026-08-15,2025,2025-26,46,TRUE
National,202632,2,202634,0.672316,Clinical % positive,202638,0.669681,-0.002635000000000054,2026,32,2026-08-09,2026-08-15,2025,2025-26,46,TRUE
Region 6,202633,2,202635,0.771812,Clinical % positive,202638,0.784379,0.012566999999999995,2026,33,2026-08-16,2026-08-22,2025,2025-26,47,TRUE
National,202633,2,202635,0.794445,Clinical % positive,202638,0.795584,0.0011390000000000011,2026,33,2026-08-16,2026-08-22,2025,2025-26,47,TRUE
Region 6,202634,2,202636,0.939415,Clinical % positive,202638,0.935466,-0.00394899999999998,2026,34,2026-08-23,2026-08-29,2025,2025-26,48,TRUE
National,202634,2,202636,1.02458,Clinical % positive,202638,1.01277,-0.011810000000000098,2026,34,2026-08-23,2026-08-29,2025,2025-26,48,TRUE
Region 6,202635,2,202637,0.902843,Clinical % positive,202638,0.901507,-0.0013360000000000039,2026,35,2026-08-30,2026-09-05,2025,2025-26,49,TRUE
National,202635,2,202637,1.48238,Clinical % positive,202638,1.47536,-0.007020000000000026,2026,35,2026-08-30,2026-09-05,2025,2025-26,49,TRUE
Region 6,202636,2,202638,1.15992,Clinical % positive,202638,1.15992,0,2026,36,2026-09-06,2026-09-12,2025,2025-26,50,TRUE
National,202636,2,202638,1.7552,Clinical % positive,202638,1.7552,0,2026,36,2026-09-06,2026-09-12,2025,2025-26,50,TRUE
Region 6,202240,3,202243,5.48866,Clinical % positive,202439,5.48738,-0.001280000000000392,2022,40,2022-10-02,2022-10-08,2022,2022-23,1,TRUE
National,202240,3,202243,2.7589,Clinical % positive,202439,2.66968,-0.08922000000000008,2022,40,2022-10-02,2022-10-08,2022,2022-23,1,TRUE
Region 6,202241,3,202244,6.63309,Clinical % positive,202439,6.63195,-0.001140000000000363,2022,41,2022-10-09,2022-10-15,2022,2022-23,2,TRUE
National,202241,3,202244,3.5792,Clinical % positive,202439,3.46261,-0.11658999999999997,2022,41,2022-10-09,2022-10-15,2022,2022-23,2,TRUE
Region 6,202242,3,202245,11.0832,Clinical % positive,202439,11.8599,0.7767,2022,42,2022-10-16,2022-10-22,2022,2022-23,3,TRUE
National,202242,3,202245,5.4704,Clinical % positive,202439,5.43662,-0.03378000000000014,2022,42,2022-10-16,2022-10-22,2022,2022-23,3,TRUE
Region 6,202243,3,202246,15.6581,Clinical % positive,202439,16.6848,1.0267,2022,43,2022-10-23,2022-10-29,2022,2022-23,4,TRUE
National,202243,3,202246,8.16586,Clinical % positive,202439,8.37742,0.21156000000000041,2022,43,2022-10-23,2022-10-29,2022,2022-23,4,TRUE
Region 6,202244,3,202247,20.4215,Clinical % positive,202439,21.2577,0.8361999999999981,2022,44,2022-10-30,2022-11-05,2022,2022-23,5,TRUE
National,202244,3,202247,12.3188,Clinical % positive,202439,12.7953,0.4764999999999997,2022,44,2022-10-30,2022-11-05,2022,2022-23,5,TRUE
Region 6,202245,3,202248,19.8305,Clinical % positive,202439,21.1235,1.2929999999999993,2022,45,2022-11-06,2022-11-12,2022,2022-23,6,TRUE
National,202245,3,202248,14.3971,Clinical % positive,202439,14.9355,0.5383999999999993,2022,45,2022-11-06,2022-11-12,2022,2022-23,6,TRUE
Region 6,202246,3,202249,20.2199,Clinical % positive,202439,21.0509,0.8309999999999995,2022,46,2022-11-13,2022-11-19,2022,2022-23,7,TRUE
National,202246,3,202249,17.6961,Clinical % positive,202439,18.3419,0.6457999999999977,2022,46,2022-11-13,2022-11-19,2022,2022-23,7,TRUE
Region 6,202247,3,202250,25.8473,Clinical % positive,202439,26.1068,0.2594999999999992,2022,47,2022-11-20,2022-11-26,2022,2022-23,8,TRUE
National,202247,3,202250,25.244,Clinical % positive,202439,25.8135,0.5695000000000014,2022,47,2022-11-20,2022-11-26,2022,2022-23,8,TRUE
Region 6,202248,3,202251,23.4935,Clinical % positive,202439,22.6683,-0.8252000000000024,2022,48,2022-11-27,2022-12-03,2022,2022-23,9,TRUE
National,202248,3,202251,25.4483,Clinical % positive,202439,25.5531,0.10480000000000089,2022,48,2022-11-27,2022-12-03,2022,2022-23,9,TRUE
Region 6,202249,3,202252,21.8331,Clinical % positive,202439,25.8598,4.026699999999998,2022,49,2022-12-04,2022-12-10,2022,2022-23,10,TRUE
National,202249,3,202252,25.8175,Clinical % positive,202439,26.2658,0.4482999999999997,2022,49,2022-12-04,2022-12-10,2022,2022-23,10,TRUE
Region 6,202250,3,202301,16.3007,Clinical % positive,202439,23.6264,7.325700000000001,2022,50,2022-12-11,2022-12-17,2022,2022-23,11,TRUE
National,202250,3,202301,23.9415,Clinical % positive,202439,24.4693,0.5277999999999992,2022,50,2022-12-11,2022-12-17,2022,2022-23,11,TRUE
Region 6,202251,3,202302,12.9844,Clinical % positive,202439,20.0823,7.097899999999999,2022,51,2022-12-18,2022-12-24,2022,2022-23,12,TRUE
National,202251,3,202302,20.3027,Clinical % positive,202439,20.7763,0.4735999999999976,2022,51,2022-12-18,2022-12-24,2022,2022-23,12,TRUE
Region 6,202252,3,202303,15.8434,Clinical % positive,202439,14.4784,-1.3650000000000002,2022,52,2022-12-25,2022-12-31,2022,2022-23,13,TRUE
National,202252,3,202303,15.0269,Clinical % positive,202439,14.8994,-0.1274999999999995,2022,52,2022-12-25,2022-12-31,2022,2022-23,13,TRUE
Region 6,202301,3,202304,8.97747,Clinical % positive,202439,8.5693,-0.40817000000000014,2023,1,2023-01-01,2023-01-07,2022,2022-23,14,TRUE
National,202301,3,202304,8.73072,Clinical % positive,202439,8.61225,-0.1184700000000003,2023,1,2023-01-01,2023-01-07,2022,2022-23,14,TRUE
Region 6,202302,3,202305,4.96014,Clinical % positive,202439,4.93901,-0.021130000000000315,2023,2,2023-01-08,2023-01-14,2022,2022-23,15,TRUE
National,202302,3,202305,4.5843,Clinical % positive,202439,4.58566,0.0013600000000000279,2023,2,2023-01-08,2023-01-14,2022,2022-23,15,TRUE
Region 6,202303,3,202306,2.15006,Clinical % positive,202439,2.21382,0.06376000000000026,2023,3,2023-01-15,2023-01-21,2022,2022-23,16,TRUE
National,202303,3,202306,2.91537,Clinical % positive,202439,2.94035,0.024980000000000224,2023,3,2023-01-15,2023-01-21,2022,2022-23,16,TRUE
Region 6,202304,3,202307,2.28108,Clinical % positive,202439,2.40285,0.12176999999999971,2023,4,2023-01-22,2023-01-28,2022,2022-23,17,TRUE
National,202304,3,202307,2.10228,Clinical % positive,202439,2.12014,0.01786000000000021,2023,4,2023-01-22,2023-01-28,2022,2022-23,17,TRUE
Region 6,202305,3,202308,2.24331,Clinical % positive,202439,2.21685,-0.02646000000000015,2023,5,2023-01-29,2023-02-04,2022,2022-23,18,TRUE
National,202305,3,202308,1.65071,Clinical % positive,202439,1.67339,0.022680000000000033,2023,5,2023-01-29,2023-02-04,2022,2022-23,18,TRUE
Region 6,202306,3,202309,1.35879,Clinical % positive,202439,1.58237,0.2235800000000001,2023,6,2023-02-05,2023-02-11,2022,2022-23,19,TRUE
National,202306,3,202309,1.34763,Clinical % positive,202439,1.36967,0.022039999999999837,2023,6,2023-02-05,2023-02-11,2022,2022-23,19,TRUE
Region 6,202307,3,202310,1.2035,Clinical % positive,202439,1.38502,0.1815199999999999,2023,7,2023-02-12,2023-02-18,2022,2022-23,20,TRUE
National,202307,3,202310,1.05264,Clinical % positive,202439,1.08468,0.03204000000000007,2023,7,2023-02-12,2023-02-18,2022,2022-23,20,TRUE
Region 6,202308,3,202311,1.36206,Clinical % positive,202439,1.37711,0.015050000000000008,2023,8,2023-02-19,2023-02-25,2022,2022-23,21,TRUE
National,202308,3,202311,1.00921,Clinical % positive,202439,1.01838,0.009170000000000122,2023,8,2023-02-19,2023-02-25,2022,2022-23,21,TRUE
Region 6,202309,3,202312,1.4656,Clinical % positive,202439,1.48511,0.019509999999999916,2023,9,2023-02-26,2023-03-04,2022,2022-23,22,TRUE
National,202309,3,202312,0.91488,Clinical % positive,202439,0.92233,0.007449999999999957,2023,9,2023-02-26,2023-03-04,2022,2022-23,22,TRUE
Region 6,202310,3,202313,1.45368,Clinical % positive,202439,1.55547,0.10178999999999983,2023,10,2023-03-05,2023-03-11,2022,2022-23,23,TRUE
National,202310,3,202313,1.01914,Clinical % positive,202439,1.04196,0.022820000000000062,2023,10,2023-03-05,2023-03-11,2022,2022-23,23,TRUE
Region 6,202311,3,202314,1.28216,Clinical % positive,202439,1.2959,0.013740000000000085,2023,11,2023-03-12,2023-03-18,2022,2022-23,24,TRUE
National,202311,3,202314,0.899485,Clinical % positive,202439,0.89434,-0.005144999999999955,2023,11,2023-03-12,2023-03-18,2022,2022-23,24,TRUE
Region 6,202312,3,202315,1.20018,Clinical % positive,202439,1.20018,0,2023,12,2023-03-19,2023-03-25,2022,2022-23,25,TRUE
National,202312,3,202315,0.954418,Clinical % positive,202439,0.949267,-0.005151000000000017,2023,12,2023-03-19,2023-03-25,2022,2022-23,25,TRUE
Region 6,202313,3,202316,1.2073,Clinical % positive,202439,1.00456,-0.20274000000000014,2023,13,2023-03-26,2023-04-01,2022,2022-23,26,TRUE
National,202313,3,202316,0.904481,Clinical % positive,202439,0.959683,0.05520199999999997,2023,13,2023-03-26,2023-04-01,2022,2022-23,26,TRUE
Region 6,202314,3,202317,0.9737,Clinical % positive,202439,0.9737,0,2023,14,2023-04-02,2023-04-08,2022,2022-23,27,TRUE
National,202314,3,202317,1.03934,Clinical % positive,202439,1.05613,0.016790000000000083,2023,14,2023-04-02,2023-04-08,2022,2022-23,27,TRUE
Region 6,202315,3,202318,1.33522,Clinical % positive,202439,0.971966,-0.3632540000000001,2023,15,2023-04-09,2023-04-15,2022,2022-23,28,TRUE
National,202315,3,202318,1.05975,Clinical % positive,202439,1.01401,-0.04573999999999989,2023,15,2023-04-09,2023-04-15,2022,2022-23,28,TRUE
Region 6,202316,3,202319,0.902545,Clinical % positive,202439,0.902545,0,2023,16,2023-04-16,2023-04-22,2022,2022-23,29,TRUE
National,202316,3,202319,0.826855,Clinical % positive,202439,0.837728,0.010873000000000022,2023,16,2023-04-16,2023-04-22,2022,2022-23,29,TRUE
Region 6,202317,3,202320,0.858322,Clinical % positive,202439,0.857856,-4.6600000000007746e-4,2023,17,2023-04-23,2023-04-29,2022,2022-23,30,TRUE
National,202317,3,202320,0.973294,Clinical % positive,202439,0.954306,-0.018988000000000005,2023,17,2023-04-23,2023-04-29,2022,2022-23,30,TRUE
Region 6,202318,3,202321,0.885379,Clinical % positive,202439,0.858513,-0.026866000000000057,2023,18,2023-04-30,2023-05-06,2022,2022-23,31,TRUE
National,202318,3,202321,0.937,Clinical % positive,202439,0.943503,0.0065029999999999255,2023,18,2023-04-30,2023-05-06,2022,2022-23,31,TRUE
Region 6,202319,3,202322,1.09846,Clinical % positive,202439,1.11613,0.017670000000000075,2023,19,2023-05-07,2023-05-13,2022,2022-23,32,TRUE
National,202319,3,202322,0.986807,Clinical % positive,202439,1.01804,0.031233000000000066,2023,19,2023-05-07,2023-05-13,2022,2022-23,32,TRUE
Region 6,202320,3,202323,1.24913,Clinical % positive,202439,1.24535,-0.0037800000000001166,2023,20,2023-05-14,2023-05-20,2022,2022-23,33,TRUE
National,202320,3,202323,1.10678,Clinical % positive,202439,1.17603,0.06924999999999981,2023,20,2023-05-14,2023-05-20,2022,2022-23,33,TRUE
Region 6,202321,3,202324,1.28456,Clinical % positive,202439,1.28456,0,2023,21,2023-05-21,2023-05-27,2022,2022-23,34,TRUE
National,202321,3,202324,1.17147,Clinical % positive,202439,1.19412,0.02265000000000006,2023,21,2023-05-21,2023-05-27,2022,2022-23,34,TRUE
Region 6,202322,3,202325,1.10841,Clinical % positive,202439,1.10841,0,2023,22,2023-05-28,2023-06-03,2022,2022-23,35,TRUE
National,202322,3,202325,1.2862,Clinical % positive,202439,1.30539,0.01919000000000004,2023,22,2023-05-28,2023-06-03,2022,2022-23,35,TRUE
Region 6,202323,3,202326,0.881131,Clinical % positive,202439,0.881131,0,2023,23,2023-06-04,2023-06-10,2022,2022-23,36,TRUE
National,202323,3,202326,1.08282,Clinical % positive,202439,1.0945,0.011680000000000135,2023,23,2023-06-04,2023-06-10,2022,2022-23,36,TRUE
Region 6,202324,3,202327,1.01394,Clinical % positive,202439,1.01394,0,2023,24,2023-06-11,2023-06-17,2022,2022-23,37,TRUE
National,202324,3,202327,1.11758,Clinical % positive,202439,1.1074600000000001,-0.010119999999999907,2023,24,2023-06-11,2023-06-17,2022,2022-23,37,TRUE
Region 6,202325,3,202328,1.14855,Clinical % positive,202439,1.14855,0,2023,25,2023-06-18,2023-06-24,2022,2022-23,38,TRUE
National,202325,3,202328,0.966431,Clinical % positive,202439,0.947234,-0.01919700000000002,2023,25,2023-06-18,2023-06-24,2022,2022-23,38,TRUE
Region 6,202326,3,202329,0.79096,Clinical % positive,202439,0.825423,0.03446300000000002,2023,26,2023-06-25,2023-07-01,2022,2022-23,39,TRUE
National,202326,3,202329,1.12052,Clinical % positive,202439,1.10448,-0.016040000000000054,2023,26,2023-06-25,2023-07-01,2022,2022-23,39,TRUE
Region 6,202327,3,202330,0.893441,Clinical % positive,202439,0.89613,0.0026889999999999414,2023,27,2023-07-02,2023-07-08,2022,2022-23,40,TRUE
National,202327,3,202330,0.810667,Clinical % positive,202439,1.20836,0.3976930000000001,2023,27,2023-07-02,2023-07-08,2022,2022-23,40,TRUE
Region 6,202328,3,202331,1.25085,Clinical % positive,202439,1.18921,-0.06163999999999992,2023,28,2023-07-09,2023-07-15,2022,2022-23,41,TRUE
National,202328,3,202331,1.02118,Clinical % positive,202439,0.998011,-0.023168999999999995,2023,28,2023-07-09,2023-07-15,2022,2022-23,41,TRUE
Region 6,202329,3,202332,1.2931,Clinical % positive,202439,1.25193,-0.04116999999999993,2023,29,2023-07-16,2023-07-22,2022,2022-23,42,TRUE
National,202329,3,202332,1.01786,Clinical % positive,202439,0.998153,-0.01970700000000003,2023,29,2023-07-16,2023-07-22,2022,2022-23,42,TRUE
Region 6,202330,3,202333,1.04145,Clinical % positive,202439,0.967742,-0.073708,2023,30,2023-07-23,2023-07-29,2022,2022-23,43,TRUE
National,202330,3,202333,1.03354,Clinical % positive,202439,0.994042,-0.03949799999999992,2023,30,2023-07-23,2023-07-29,2022,2022-23,43,TRUE
Region 6,202331,3,202334,1.45141,Clinical % positive,202439,1.40659,-0.04482000000000008,2023,31,2023-07-30,2023-08-05,2022,2022-23,44,TRUE
National,202331,3,202334,1.08113,Clinical % positive,202439,1.06399,-0.017139999999999933,2023,31,2023-07-30,2023-08-05,2022,2022-23,44,TRUE
Region 6,202332,3,202335,0.850709,Clinical % positive,202439,0.802469,-0.04824000000000006,2023,32,2023-08-06,2023-08-12,2022,2022-23,45,TRUE
National,202332,3,202335,0.858643,Clinical % positive,202439,0.855174,-0.0034690000000000554,2023,32,2023-08-06,2023-08-12,2022,2022-23,45,TRUE
Region 6,202333,3,202336,1.00397,Clinical % positive,202439,0.992039,-0.011931000000000025,2023,33,2023-08-13,2023-08-19,2022,2022-23,46,TRUE
National,202333,3,202336,0.909794,Clinical % positive,202439,0.897271,-0.01252299999999995,2023,33,2023-08-13,2023-08-19,2022,2022-23,46,TRUE
Region 6,202334,3,202337,1.0159,Clinical % positive,202439,0.805017,-0.21088300000000004,2023,34,2023-08-20,2023-08-26,2022,2022-23,47,TRUE
National,202334,3,202337,0.803195,Clinical % positive,202439,0.769782,-0.033413000000000026,2023,34,2023-08-20,2023-08-26,2022,2022-23,47,TRUE
Region 6,202335,3,202338,0.856007,Clinical % positive,202439,0.763171,-0.09283599999999992,2023,35,2023-08-27,2023-09-02,2022,2022-23,48,TRUE
National,202335,3,202338,0.737978,Clinical % positive,202439,0.718069,-0.019909000000000066,2023,35,2023-08-27,2023-09-02,2022,2022-23,48,TRUE
Region 6,202336,3,202339,0.939227,Clinical % positive,202439,0.818014,-0.12121300000000002,2023,36,2023-09-03,2023-09-09,2022,2022-23,49,TRUE
National,202336,3,202339,0.725412,Clinical % positive,202439,0.701222,-0.024189999999999934,2023,36,2023-09-03,2023-09-09,2022,2022-23,49,TRUE
Region 6,202337,3,202340,0.8875,Clinical % positive,202439,0.856698,-0.030801999999999996,2023,37,2023-09-10,2023-09-16,2022,2022-23,50,TRUE
National,202337,3,202340,0.804294,Clinical % positive,202439,0.792616,-0.011677999999999966,2023,37,2023-09-10,2023-09-16,2022,2022-23,50,TRUE
Region 6,202338,3,202341,0.942847,Clinical % positive,202439,0.942847,0,2023,38,2023-09-17,2023-09-23,2022,2022-23,51,TRUE
National,202338,3,202341,0.918729,Clinical % positive,202439,0.915555,-0.00317400000000001,2023,38,2023-09-17,2023-09-23,2022,2022-23,51,TRUE
Region 6,202339,3,202342,1.0462,Clinical % positive,202439,1.27805,0.2318499999999999,2023,39,2023-09-24,2023-09-30,2022,2022-23,52,TRUE
National,202339,3,202342,0.894038,Clinical % positive,202439,0.933506,0.03946799999999995,2023,39,2023-09-24,2023-09-30,2022,2022-23,52,TRUE
Region 6,202340,3,202343,1.29144,Clinical % positive,202538,1.29144,0,2023,40,2023-10-01,2023-10-07,2023,2023-24,1,TRUE
National,202340,3,202343,1.08417,Clinical % positive,202538,1.10103,0.016859999999999875,2023,40,2023-10-01,2023-10-07,2023,2023-24,1,TRUE
Region 6,202341,3,202344,1.95099,Clinical % positive,202538,1.95099,0,2023,41,2023-10-08,2023-10-14,2023,2023-24,2,TRUE
National,202341,3,202344,1.32182,Clinical % positive,202538,1.34933,0.027509999999999923,2023,41,2023-10-08,2023-10-14,2023,2023-24,2,TRUE
Region 6,202342,3,202345,2.576,Clinical % positive,202538,2.05853,-0.5174699999999999,2023,42,2023-10-15,2023-10-21,2023,2023-24,3,TRUE
National,202342,3,202345,1.56358,Clinical % positive,202538,1.51345,-0.05013000000000001,2023,42,2023-10-15,2023-10-21,2023,2023-24,3,TRUE
Region 6,202343,3,202346,2.69403,Clinical % positive,202538,2.69403,0,2023,43,2023-10-22,2023-10-28,2023,2023-24,4,TRUE
National,202343,3,202346,1.76307,Clinical % positive,202538,1.81282,0.04975000000000018,2023,43,2023-10-22,2023-10-28,2023,2023-24,4,TRUE
Region 6,202344,3,202347,3.78914,Clinical % positive,202538,3.78914,0,2023,44,2023-10-29,2023-11-04,2023,2023-24,5,TRUE
National,202344,3,202347,2.56719,Clinical % positive,202538,2.61941,0.05221999999999971,2023,44,2023-10-29,2023-11-04,2023,2023-24,5,TRUE
Region 6,202345,3,202348,5.96067,Clinical % positive,202538,5.96067,0,2023,45,2023-11-05,2023-11-11,2023,2023-24,6,TRUE
National,202345,3,202348,3.8663,Clinical % positive,202538,3.95879,0.09249000000000018,2023,45,2023-11-05,2023-11-11,2023,2023-24,6,TRUE
Region 6,202346,3,202349,7.27753,Clinical % positive,202538,7.27753,0,2023,46,2023-11-12,2023-11-18,2023,2023-24,7,TRUE
National,202346,3,202349,4.91382,Clinical % positive,202538,4.86504,-0.04878000000000071,2023,46,2023-11-12,2023-11-18,2023,2023-24,7,TRUE
Region 6,202347,3,202350,7.76597,Clinical % positive,202538,7.76597,0,2023,47,2023-11-19,2023-11-25,2023,2023-24,8,TRUE
National,202347,3,202350,6.14716,Clinical % positive,202538,5.91987,-0.22729,2023,47,2023-11-19,2023-11-25,2023,2023-24,8,TRUE
Region 6,202348,3,202351,9.13956,Clinical % positive,202538,9.13956,0,2023,48,2023-11-26,2023-12-02,2023,2023-24,9,TRUE
National,202348,3,202351,7.00602,Clinical % positive,202538,6.96915,-0.0368700000000004,2023,48,2023-11-26,2023-12-02,2023,2023-24,9,TRUE
Region 6,202349,3,202352,13.5268,Clinical % positive,202538,13.5268,0,2023,49,2023-12-03,2023-12-09,2023,2023-24,10,TRUE
National,202349,3,202352,8.22829,Clinical % positive,202538,9.79897,1.5706800000000012,2023,49,2023-12-03,2023-12-09,2023,2023-24,10,TRUE
Region 6,202350,3,202401,19.1004,Clinical % positive,202538,19.7717,0.6712999999999987,2023,50,2023-12-10,2023-12-16,2023,2023-24,11,TRUE
National,202350,3,202401,13.2676,Clinical % positive,202538,13.3872,0.11960000000000015,2023,50,2023-12-10,2023-12-16,2023,2023-24,11,TRUE
Region 6,202351,3,202402,24.8437,Clinical % positive,202538,25.2,0.35630000000000095,2023,51,2023-12-17,2023-12-23,2023,2023-24,12,TRUE
National,202351,3,202402,17.2337,Clinical % positive,202538,17.3213,0.0876000000000019,2023,51,2023-12-17,2023-12-23,2023,2023-24,12,TRUE
Region 6,202352,3,202403,23.7015,Clinical % positive,202538,23.7015,0,2023,52,2023-12-24,2023-12-30,2023,2023-24,13,TRUE
National,202352,3,202403,18.099,Clinical % positive,202538,18.1605,0.06149999999999878,2023,52,2023-12-24,2023-12-30,2023,2023-24,13,TRUE
Region 6,202401,3,202404,22.4498,Clinical % positive,202538,22.4498,0,2024,1,2023-12-31,2024-01-06,2023,2023-24,14,TRUE
National,202401,3,202404,13.7838,Clinical % positive,202538,13.8031,0.019300000000001205,2024,1,2023-12-31,2024-01-06,2023,2023-24,14,TRUE
Region 6,202402,3,202405,22.7375,Clinical % positive,202538,21.1487,-1.588799999999999,2024,2,2024-01-07,2024-01-13,2023,2023-24,15,TRUE
National,202402,3,202405,13.792,Clinical % positive,202538,13.867,0.07500000000000107,2024,2,2024-01-07,2024-01-13,2023,2023-24,15,TRUE
Region 6,202403,3,202406,23.2504,Clinical % positive,202538,23.2504,0,2024,3,2024-01-14,2024-01-20,2023,2023-24,16,TRUE
National,202403,3,202406,14.7716,Clinical % positive,202538,14.9059,0.13430000000000142,2024,3,2024-01-14,2024-01-20,2023,2023-24,16,TRUE
Region 6,202404,3,202407,27.111,Clinical % positive,202538,27.111,0,2024,4,2024-01-21,2024-01-27,2023,2023-24,17,TRUE
National,202404,3,202407,15.9476,Clinical % positive,202538,16.1303,0.18269999999999875,2024,4,2024-01-21,2024-01-27,2023,2023-24,17,TRUE
Region 6,202405,3,202408,25.9362,Clinical % positive,202538,26.6949,0.758700000000001,2024,5,2024-01-28,2024-02-03,2023,2023-24,18,TRUE
National,202405,3,202408,16.3698,Clinical % positive,202538,16.3067,-0.06310000000000215,2024,5,2024-01-28,2024-02-03,2023,2023-24,18,TRUE
Region 6,202406,3,202409,21.4266,Clinical % positive,202538,21.4266,0,2024,6,2024-02-04,2024-02-10,2023,2023-24,19,TRUE
National,202406,3,202409,15.995,Clinical % positive,202538,15.8521,-0.14289999999999914,2024,6,2024-02-04,2024-02-10,2023,2023-24,19,TRUE
Region 6,202407,3,202410,19.0577,Clinical % positive,202538,19.0577,0,2024,7,2024-02-11,2024-02-17,2023,2023-24,20,TRUE
National,202407,3,202410,15.5519,Clinical % positive,202538,15.5673,0.015399999999999636,2024,7,2024-02-11,2024-02-17,2023,2023-24,20,TRUE
Region 6,202408,3,202411,17.1607,Clinical % positive,202538,16.915,-0.24569999999999936,2024,8,2024-02-18,2024-02-24,2023,2023-24,21,TRUE
National,202408,3,202411,15.6118,Clinical % positive,202538,15.5181,-0.09370000000000012,2024,8,2024-02-18,2024-02-24,2023,2023-24,21,TRUE
Region 6,202409,3,202412,14.406,Clinical % positive,202538,14.406,0,2024,9,2024-02-25,2024-03-02,2023,2023-24,22,TRUE
National,202409,3,202412,15.0608,Clinical % positive,202538,14.9467,-0.11410000000000053,2024,9,2024-02-25,2024-03-02,2023,2023-24,22,TRUE
Region 6,202410,3,202413,14.1064,Clinical % positive,202538,14.1064,0,2024,10,2024-03-03,2024-03-09,2023,2023-24,23,TRUE
National,202410,3,202413,14.2888,Clinical % positive,202538,14.2261,-0.06269999999999953,2024,10,2024-03-03,2024-03-09,2023,2023-24,23,TRUE
Region 6,202411,3,202414,11.6856,Clinical % positive,202538,11.6856,0,2024,11,2024-03-10,2024-03-16,2023,2023-24,24,TRUE
National,202411,3,202414,12.0247,Clinical % positive,202538,11.9214,-0.10329999999999906,2024,11,2024-03-10,2024-03-16,2023,2023-24,24,TRUE
Region 6,202412,3,202415,9.37571,Clinical % positive,202538,9.37571,0,2024,12,2024-03-17,2024-03-23,2023,2023-24,25,TRUE
National,202412,3,202415,10.3864,Clinical % positive,202538,10.3628,-0.023600000000000065,2024,12,2024-03-17,2024-03-23,2023,2023-24,25,TRUE
Region 6,202413,3,202416,7.44995,Clinical % positive,202538,7.44995,0,2024,13,2024-03-24,2024-03-30,2023,2023-24,26,TRUE
National,202413,3,202416,9.16515,Clinical % positive,202538,9.15264,-0.012510000000000687,2024,13,2024-03-24,2024-03-30,2023,2023-24,26,TRUE
Region 6,202414,3,202417,3.8534,Clinical % positive,202538,5.16172,1.3083199999999997,2024,14,2024-03-31,2024-04-06,2023,2023-24,27,TRUE
National,202414,3,202417,7.54907,Clinical % positive,202538,7.53799,-0.011080000000000645,2024,14,2024-03-31,2024-04-06,2023,2023-24,27,TRUE
Region 6,202415,3,202418,2.9868,Clinical % positive,202538,4.05463,1.0678300000000003,2024,15,2024-04-07,2024-04-13,2023,2023-24,28,TRUE
National,202415,3,202418,5.78041,Clinical % positive,202538,5.79303,0.012620000000000076,2024,15,2024-04-07,2024-04-13,2023,2023-24,28,TRUE
Region 6,202416,3,202419,3.5348,Clinical % positive,202538,3.5348,0,2024,16,2024-04-14,2024-04-20,2023,2023-24,29,TRUE
National,202416,3,202419,4.79337,Clinical % positive,202538,4.7576,-0.0357700000000003,2024,16,2024-04-14,2024-04-20,2023,2023-24,29,TRUE
Region 6,202417,3,202420,2.81981,Clinical % positive,202538,2.81981,0,2024,17,2024-04-21,2024-04-27,2023,2023-24,30,TRUE
National,202417,3,202420,3.80128,Clinical % positive,202538,3.79997,-0.0013100000000001444,2024,17,2024-04-21,2024-04-27,2023,2023-24,30,TRUE
Region 6,202418,3,202421,2.42392,Clinical % positive,202538,2.42392,0,2024,18,2024-04-28,2024-05-04,2023,2023-24,31,TRUE
National,202418,3,202421,3.2091,Clinical % positive,202538,3.1963,-0.012799999999999923,2024,18,2024-04-28,2024-05-04,2023,2023-24,31,TRUE
Region 6,202419,3,202422,1.83885,Clinical % positive,202538,1.83885,0,2024,19,2024-05-05,2024-05-11,2023,2023-24,32,TRUE
National,202419,3,202422,2.3772,Clinical % positive,202538,2.3264,-0.05080000000000018,2024,19,2024-05-05,2024-05-11,2023,2023-24,32,TRUE
Region 6,202420,3,202423,1.94336,Clinical % positive,202538,1.67685,-0.26651,2024,20,2024-05-12,2024-05-18,2023,2023-24,33,TRUE
National,202420,3,202423,1.94149,Clinical % positive,202538,1.82353,-0.11795999999999984,2024,20,2024-05-12,2024-05-18,2023,2023-24,33,TRUE
Region 6,202421,3,202424,1.33873,Clinical % positive,202538,1.33873,0,2024,21,2024-05-19,2024-05-25,2023,2023-24,34,TRUE
National,202421,3,202424,1.65679,Clinical % positive,202538,1.64013,-0.016659999999999897,2024,21,2024-05-19,2024-05-25,2023,2023-24,34,TRUE
Region 6,202422,3,202425,1.2372,Clinical % positive,202538,1.33209,0.09488999999999992,2024,22,2024-05-26,2024-06-01,2023,2023-24,35,TRUE
National,202422,3,202425,1.68315,Clinical % positive,202538,1.63898,-0.04416999999999982,2024,22,2024-05-26,2024-06-01,2023,2023-24,35,TRUE
Region 6,202423,3,202426,0.988725,Clinical % positive,202538,1.04612,0.057394999999999974,2024,23,2024-06-02,2024-06-08,2023,2023-24,36,TRUE
National,202423,3,202426,1.51775,Clinical % positive,202538,1.47982,-0.03793000000000002,2024,23,2024-06-02,2024-06-08,2023,2023-24,36,TRUE
Region 6,202424,3,202427,1.10709,Clinical % positive,202538,0.987287,-0.11980299999999988,2024,24,2024-06-09,2024-06-15,2023,2023-24,37,TRUE
National,202424,3,202427,1.3333,Clinical % positive,202538,1.28263,-0.05066999999999999,2024,24,2024-06-09,2024-06-15,2023,2023-24,37,TRUE
Region 6,202425,3,202428,0.609587,Clinical % positive,202538,0.609587,0,2024,25,2024-06-16,2024-06-22,2023,2023-24,38,TRUE
National,202425,3,202428,1.06063,Clinical % positive,202538,1.04808,-0.012550000000000061,2024,25,2024-06-16,2024-06-22,2023,2023-24,38,TRUE
Region 6,202426,3,202429,0.591716,Clinical % positive,202538,0.591716,0,2024,26,2024-06-23,2024-06-29,2023,2023-24,39,TRUE
National,202426,3,202429,0.916387,Clinical % positive,202538,0.890646,-0.025740999999999903,2024,26,2024-06-23,2024-06-29,2023,2023-24,39,TRUE
Region 6,202427,3,202430,0.705659,Clinical % positive,202538,0.705659,0,2024,27,2024-06-30,2024-07-06,2023,2023-24,40,TRUE
National,202427,3,202430,1.0131,Clinical % positive,202538,0.986472,-0.026627999999999874,2024,27,2024-06-30,2024-07-06,2023,2023-24,40,TRUE
Region 6,202428,3,202431,0.701846,Clinical % positive,202538,0.701846,0,2024,28,2024-07-07,2024-07-13,2023,2023-24,41,TRUE
National,202428,3,202431,0.848119,Clinical % positive,202538,0.830267,-0.01785199999999998,2024,28,2024-07-07,2024-07-13,2023,2023-24,41,TRUE
Region 6,202429,3,202432,0.556174,Clinical % positive,202538,0.556174,0,2024,29,2024-07-14,2024-07-20,2023,2023-24,42,TRUE
National,202429,3,202432,0.693166,Clinical % positive,202538,0.692818,-3.4799999999990394e-4,2024,29,2024-07-14,2024-07-20,2023,2023-24,42,TRUE
Region 6,202430,3,202433,0.447164,Clinical % positive,202538,0.5084,0.06123599999999996,2024,30,2024-07-21,2024-07-27,2023,2023-24,43,TRUE
National,202430,3,202433,0.597303,Clinical % positive,202538,0.602587,0.005283999999999955,2024,30,2024-07-21,2024-07-27,2023,2023-24,43,TRUE
Region 6,202431,3,202434,0.440292,Clinical % positive,202538,0.435337,-0.004955000000000043,2024,31,2024-07-28,2024-08-03,2023,2023-24,44,TRUE
National,202431,3,202434,0.567721,Clinical % positive,202538,0.558449,-0.009272000000000058,2024,31,2024-07-28,2024-08-03,2023,2023-24,44,TRUE
Region 6,202432,3,202435,0.345796,Clinical % positive,202538,0.342246,-0.0035499999999999976,2024,32,2024-08-04,2024-08-10,2023,2023-24,45,TRUE
National,202432,3,202435,0.492405,Clinical % positive,202538,0.485156,-0.0072490000000000054,2024,32,2024-08-04,2024-08-10,2023,2023-24,45,TRUE
Region 6,202433,3,202436,0.445119,Clinical % positive,202538,0.439209,-0.005909999999999971,2024,33,2024-08-11,2024-08-17,2023,2023-24,46,TRUE
National,202433,3,202436,0.452653,Clinical % positive,202538,0.451414,-0.0012390000000000456,2024,33,2024-08-11,2024-08-17,2023,2023-24,46,TRUE
Region 6,202434,3,202437,0.506116,Clinical % positive,202538,0.500334,-0.005782000000000065,2024,34,2024-08-18,2024-08-24,2023,2023-24,47,TRUE
National,202434,3,202437,0.438473,Clinical % positive,202538,0.436722,-0.0017510000000000026,2024,34,2024-08-18,2024-08-24,2023,2023-24,47,TRUE
Region 6,202435,3,202438,0.528641,Clinical % positive,202538,0.524257,-0.0043840000000000545,2024,35,2024-08-25,2024-08-31,2023,2023-24,48,TRUE
National,202435,3,202438,0.429683,Clinical % positive,202538,0.415591,-0.014091999999999993,2024,35,2024-08-25,2024-08-31,2023,2023-24,48,TRUE
Region 6,202436,3,202439,0.515769,Clinical % positive,202538,0.511402,-0.00436700000000001,2024,36,2024-09-01,2024-09-07,2023,2023-24,49,TRUE
National,202436,3,202439,0.452346,Clinical % positive,202538,0.440743,-0.01160300000000003,2024,36,2024-09-01,2024-09-07,2023,2023-24,49,TRUE
Region 6,202437,3,202440,0.569426,Clinical % positive,202538,0.563112,-0.006314000000000042,2024,37,2024-09-08,2024-09-14,2023,2023-24,50,TRUE
National,202437,3,202440,0.488807,Clinical % positive,202538,0.476351,-0.012455999999999967,2024,37,2024-09-08,2024-09-14,2023,2023-24,50,TRUE
Region 6,202438,3,202441,0.745464,Clinical % positive,202538,0.738171,-0.007292999999999994,2024,38,2024-09-15,2024-09-21,2023,2023-24,51,TRUE
National,202438,3,202441,0.541407,Clinical % positive,202538,0.531351,-0.010055999999999954,2024,38,2024-09-15,2024-09-21,2023,2023-24,51,TRUE
Region 6,202439,3,202442,0.68287,Clinical % positive,202538,0.68287,0,2024,39,2024-09-22,2024-09-28,2023,2023-24,52,TRUE
National,202439,3,202442,0.520693,Clinical % positive,202538,0.529423,0.008730000000000016,2024,39,2024-09-22,2024-09-28,2023,2023-24,52,TRUE
Region 6,202440,3,202443,0.790936,Clinical % positive,202638,0.790936,0,2024,40,2024-09-29,2024-10-05,2024,2024-25,1,TRUE
National,202440,3,202443,0.684151,Clinical % positive,202638,0.674072,-0.010078999999999949,2024,40,2024-09-29,2024-10-05,2024,2024-25,1,TRUE
Region 6,202441,3,202444,0.975299,Clinical % positive,202638,0.975299,0,2024,41,2024-10-06,2024-10-12,2024,2024-25,2,TRUE
National,202441,3,202444,0.68614,Clinical % positive,202638,0.671305,-0.014834999999999932,2024,41,2024-10-06,2024-10-12,2024,2024-25,2,TRUE
Region 6,202442,3,202445,1.13396,Clinical % positive,202638,1.13396,0,2024,42,2024-10-13,2024-10-19,2024,2024-25,3,TRUE
National,202442,3,202445,0.735096,Clinical % positive,202638,0.725634,-0.00946199999999997,2024,42,2024-10-13,2024-10-19,2024,2024-25,3,TRUE
Region 6,202443,3,202446,1.46709,Clinical % positive,202638,1.46709,0,2024,43,2024-10-20,2024-10-26,2024,2024-25,4,TRUE
National,202443,3,202446,0.96317,Clinical % positive,202638,0.964298,0.0011280000000000179,2024,43,2024-10-20,2024-10-26,2024,2024-25,4,TRUE
Region 6,202444,3,202447,1.61242,Clinical % positive,202638,1.60176,-0.010659999999999892,2024,44,2024-10-27,2024-11-02,2024,2024-25,5,TRUE
National,202444,3,202447,1.23203,Clinical % positive,202638,1.21851,-0.013519999999999976,2024,44,2024-10-27,2024-11-02,2024,2024-25,5,TRUE
Region 6,202445,3,202448,2.49155,Clinical % positive,202638,2.27945,-0.21209999999999996,2024,45,2024-11-03,2024-11-09,2024,2024-25,6,TRUE
National,202445,3,202448,1.53279,Clinical % positive,202638,1.52773,-0.0050600000000000644,2024,45,2024-11-03,2024-11-09,2024,2024-25,6,TRUE
Region 6,202446,3,202449,2.96672,Clinical % positive,202638,2.96672,0,2024,46,2024-11-10,2024-11-16,2024,2024-25,7,TRUE
National,202446,3,202449,2.08916,Clinical % positive,202638,2.11081,0.021649999999999725,2024,46,2024-11-10,2024-11-16,2024,2024-25,7,TRUE
Region 6,202447,3,202450,3.8327,Clinical % positive,202638,3.8327,0,2024,47,2024-11-17,2024-11-23,2024,2024-25,8,TRUE
National,202447,3,202450,2.7964,Clinical % positive,202638,2.83398,0.037579999999999725,2024,47,2024-11-17,2024-11-23,2024,2024-25,8,TRUE
Region 6,202448,3,202451,5.1154,Clinical % positive,202638,5.11294,-0.0024600000000001288,2024,48,2024-11-24,2024-11-30,2024,2024-25,9,TRUE
National,202448,3,202451,3.88042,Clinical % positive,202638,3.94831,0.06789000000000023,2024,48,2024-11-24,2024-11-30,2024,2024-25,9,TRUE
Region 6,202449,3,202452,5.96812,Clinical % positive,202638,5.96812,0,2024,49,2024-12-01,2024-12-07,2024,2024-25,10,TRUE
National,202449,3,202452,5.25271,Clinical % positive,202638,5.15168,-0.10103000000000062,2024,49,2024-12-01,2024-12-07,2024,2024-25,10,TRUE
Region 6,202450,3,202501,11.2095,Clinical % positive,202638,11.5395,0.33000000000000007,2024,50,2024-12-08,2024-12-14,2024,2024-25,11,TRUE
National,202450,3,202501,8.58837,Clinical % positive,202638,8.59373,0.005360000000001364,2024,50,2024-12-08,2024-12-14,2024,2024-25,11,TRUE
Region 6,202451,3,202502,17.3231,Clinical % positive,202638,18.0388,0.7156999999999982,2024,51,2024-12-15,2024-12-21,2024,2024-25,12,TRUE
National,202451,3,202502,14.072,Clinical % positive,202638,14.1794,0.10740000000000016,2024,51,2024-12-15,2024-12-21,2024,2024-25,12,TRUE
Region 6,202452,3,202503,21.9823,Clinical % positive,202638,21.9813,-9.999999999976694e-4,2024,52,2024-12-22,2024-12-28,2024,2024-25,13,TRUE
National,202452,3,202503,18.2894,Clinical % positive,202638,18.2344,-0.054999999999999716,2024,52,2024-12-22,2024-12-28,2024,2024-25,13,TRUE
Region 6,202501,3,202504,23.8021,Clinical % positive,202638,23.7825,-0.019600000000000506,2025,1,2024-12-29,2025-01-04,2024,2024-25,14,TRUE
National,202501,3,202504,18.3285,Clinical % positive,202638,18.2181,-0.1103999999999985,2025,1,2024-12-29,2025-01-04,2024,2024-25,14,TRUE
Region 6,202502,3,202505,22.5479,Clinical % positive,202638,22.5333,-0.014599999999997948,2025,2,2025-01-05,2025-01-11,2024,2024-25,15,TRUE
National,202502,3,202505,18.4435,Clinical % positive,202638,18.3976,-0.04589999999999961,2025,2,2025-01-05,2025-01-11,2024,2024-25,15,TRUE
Region 6,202503,3,202506,28.2095,Clinical % positive,202638,28.1142,-0.09529999999999816,2025,3,2025-01-12,2025-01-18,2024,2024-25,16,TRUE
National,202503,3,202506,23.8496,Clinical % positive,202638,23.8246,-0.02499999999999858,2025,3,2025-01-12,2025-01-18,2024,2024-25,16,TRUE
Region 6,202504,3,202507,32.3118,Clinical % positive,202638,31.9788,-0.3329999999999984,2025,4,2025-01-19,2025-01-25,2024,2024-25,17,TRUE
National,202504,3,202507,28.5333,Clinical % positive,202638,28.7465,0.2132000000000005,2025,4,2025-01-19,2025-01-25,2024,2024-25,17,TRUE
Region 6,202505,3,202508,37.8322,Clinical % positive,202638,37.3103,-0.5219000000000023,2025,5,2025-01-26,2025-02-01,2024,2024-25,18,TRUE
National,202505,3,202508,31.3979,Clinical % positive,202638,31.6481,0.25019999999999953,2025,5,2025-01-26,2025-02-01,2024,2024-25,18,TRUE
Region 6,202506,3,202509,32.9932,Clinical % positive,202638,32.5379,-0.45530000000000115,2025,6,2025-02-02,2025-02-08,2024,2024-25,19,TRUE
National,202506,3,202509,31.5483,Clinical % positive,202638,31.4103,-0.13800000000000168,2025,6,2025-02-02,2025-02-08,2024,2024-25,19,TRUE
Region 6,202507,3,202510,25.1233,Clinical % positive,202638,25.1233,0,2025,7,2025-02-09,2025-02-15,2024,2024-25,20,TRUE
National,202507,3,202510,27.9272,Clinical % positive,202638,27.8373,-0.08990000000000009,2025,7,2025-02-09,2025-02-15,2024,2024-25,20,TRUE
Region 6,202508,3,202511,20.9165,Clinical % positive,202638,20.9165,0,2025,8,2025-02-16,2025-02-22,2024,2024-25,21,TRUE
National,202508,3,202511,23.3264,Clinical % positive,202638,23.9403,0.613900000000001,2025,8,2025-02-16,2025-02-22,2024,2024-25,21,TRUE
Region 6,202509,3,202512,16.8265,Clinical % positive,202638,16.8265,0,2025,9,2025-02-23,2025-03-01,2024,2024-25,22,TRUE
National,202509,3,202512,19.453,Clinical % positive,202638,19.4796,0.026600000000001955,2025,9,2025-02-23,2025-03-01,2024,2024-25,22,TRUE
Region 6,202510,3,202513,14.1384,Clinical % positive,202638,14.1384,0,2025,10,2025-03-02,2025-03-08,2024,2024-25,23,TRUE
National,202510,3,202513,15.8405,Clinical % positive,202638,15.8557,0.015200000000000102,2025,10,2025-03-02,2025-03-08,2024,2024-25,23,TRUE
Region 6,202511,3,202514,11.2368,Clinical % positive,202638,11.2368,0,2025,11,2025-03-09,2025-03-15,2024,2024-25,24,TRUE
National,202511,3,202514,13.3297,Clinical % positive,202638,13.3136,-0.016100000000001558,2025,11,2025-03-09,2025-03-15,2024,2024-25,24,TRUE
Region 6,202512,3,202515,8.40546,Clinical % positive,202638,8.40546,0,2025,12,2025-03-16,2025-03-22,2024,2024-25,25,TRUE
National,202512,3,202515,10.7486,Clinical % positive,202638,10.7287,-0.019899999999999807,2025,12,2025-03-16,2025-03-22,2024,2024-25,25,TRUE
Region 6,202513,3,202516,7.68265,Clinical % positive,202638,7.68265,0,2025,13,2025-03-23,2025-03-29,2024,2024-25,26,TRUE
National,202513,3,202516,9.27131,Clinical % positive,202638,9.2285,-0.04280999999999935,2025,13,2025-03-23,2025-03-29,2024,2024-25,26,TRUE
Region 6,202514,3,202517,6.12485,Clinical % positive,202638,6.12485,0,2025,14,2025-03-30,2025-04-05,2024,2024-25,27,TRUE
National,202514,3,202517,7.62457,Clinical % positive,202638,7.57976,-0.044810000000000016,2025,14,2025-03-30,2025-04-05,2024,2024-25,27,TRUE
Region 6,202515,3,202518,4.99367,Clinical % positive,202638,5.0139,0.020229999999999748,2025,15,2025-04-06,2025-04-12,2024,2024-25,28,TRUE
National,202515,3,202518,6.25659,Clinical % positive,202638,6.16646,-0.09013000000000027,2025,15,2025-04-06,2025-04-12,2024,2024-25,28,TRUE
Region 6,202516,3,202519,4.09946,Clinical % positive,202638,4.17591,0.07645000000000035,2025,16,2025-04-13,2025-04-19,2024,2024-25,29,TRUE
National,202516,3,202519,5.38532,Clinical % positive,202638,5.2814,-0.10392000000000046,2025,16,2025-04-13,2025-04-19,2024,2024-25,29,TRUE
Region 6,202517,3,202520,3.47977,Clinical % positive,202638,3.49135,0.011580000000000368,2025,17,2025-04-20,2025-04-26,2024,2024-25,30,TRUE
National,202517,3,202520,4.46542,Clinical % positive,202638,4.42023,-0.04518999999999984,2025,17,2025-04-20,2025-04-26,2024,2024-25,30,TRUE
Region 6,202518,3,202521,3.13242,Clinical % positive,202638,3.29695,0.16452999999999962,2025,18,2025-04-27,2025-05-03,2024,2024-25,31,TRUE
National,202518,3,202521,3.36688,Clinical % positive,202638,3.34042,-0.02646000000000015,2025,18,2025-04-27,2025-05-03,2024,2024-25,31,TRUE
Region 6,202519,3,202522,2.2345,Clinical % positive,202638,2.2345,0,2025,19,2025-05-04,2025-05-10,2024,2024-25,32,TRUE
National,202519,3,202522,2.65938,Clinical % positive,202638,2.6225,-0.036880000000000024,2025,19,2025-05-04,2025-05-10,2024,2024-25,32,TRUE
Region 6,202520,3,202523,2.3567,Clinical % positive,202638,2.3567,0,2025,20,2025-05-11,2025-05-17,2024,2024-25,33,TRUE
National,202520,3,202523,2.1921,Clinical % positive,202638,2.14267,-0.049430000000000085,2025,20,2025-05-11,2025-05-17,2024,2024-25,33,TRUE
Region 6,202521,3,202524,2.56542,Clinical % positive,202638,2.56542,0,2025,21,2025-05-18,2025-05-24,2024,2024-25,34,TRUE
National,202521,3,202524,1.94027,Clinical % positive,202638,1.92089,-0.019379999999999953,2025,21,2025-05-18,2025-05-24,2024,2024-25,34,TRUE
Region 6,202522,3,202525,3.17291,Clinical % positive,202638,3.17291,0,2025,22,2025-05-25,2025-05-31,2024,2024-25,35,TRUE
National,202522,3,202525,1.92609,Clinical % positive,202638,1.8643,-0.06179000000000001,2025,22,2025-05-25,2025-05-31,2024,2024-25,35,TRUE
Region 6,202523,3,202526,2.73159,Clinical % positive,202638,2.73159,0,2025,23,2025-06-01,2025-06-07,2024,2024-25,36,TRUE
National,202523,3,202526,1.65122,Clinical % positive,202638,1.59902,-0.0521999999999998,2025,23,2025-06-01,2025-06-07,2024,2024-25,36,TRUE
Region 6,202524,3,202527,1.53078,Clinical % positive,202638,1.52697,-0.003810000000000091,2025,24,2025-06-08,2025-06-14,2024,2024-25,37,TRUE
National,202524,3,202527,1.25527,Clinical % positive,202638,1.20473,-0.05054000000000003,2025,24,2025-06-08,2025-06-14,2024,2024-25,37,TRUE
Region 6,202525,3,202528,1.32425,Clinical % positive,202638,1.32425,0,2025,25,2025-06-15,2025-06-21,2024,2024-25,38,TRUE
National,202525,3,202528,1.09001,Clinical % positive,202638,1.03725,-0.05275999999999992,2025,25,2025-06-15,2025-06-21,2024,2024-25,38,TRUE
Region 6,202526,3,202529,1.17624,Clinical % positive,202638,1.17624,0,2025,26,2025-06-22,2025-06-28,2024,2024-25,39,TRUE
National,202526,3,202529,0.884772,Clinical % positive,202638,0.848557,-0.036215,2025,26,2025-06-22,2025-06-28,2024,2024-25,39,TRUE
Region 6,202527,3,202530,1.32373,Clinical % positive,202638,1.26007,-0.06366000000000005,2025,27,2025-06-29,2025-07-05,2024,2024-25,40,TRUE
National,202527,3,202530,0.827427,Clinical % positive,202638,0.797926,-0.029501,2025,27,2025-06-29,2025-07-05,2024,2024-25,40,TRUE
Region 6,202528,3,202531,0.903796,Clinical % positive,202638,0.882526,-0.02127000000000001,2025,28,2025-07-06,2025-07-12,2024,2024-25,41,TRUE
National,202528,3,202531,0.794284,Clinical % positive,202638,0.780353,-0.013931000000000027,2025,28,2025-07-06,2025-07-12,2024,2024-25,41,TRUE
Region 6,202529,3,202532,0.338677,Clinical % positive,202638,0.426439,0.087762,2025,29,2025-07-13,2025-07-19,2024,2024-25,42,TRUE
National,202529,3,202532,0.533572,Clinical % positive,202638,0.541867,0.008294999999999941,2025,29,2025-07-13,2025-07-19,2024,2024-25,42,TRUE
Region 6,202530,3,202533,0.393271,Clinical % positive,202638,0.336511,-0.05675999999999998,2025,30,2025-07-20,2025-07-26,2024,2024-25,43,TRUE
National,202530,3,202533,0.416704,Clinical % positive,202638,0.408367,-0.008337000000000039,2025,30,2025-07-20,2025-07-26,2024,2024-25,43,TRUE
Region 6,202531,3,202534,0.384287,Clinical % positive,202638,0.568912,0.18462499999999998,2025,31,2025-07-27,2025-08-02,2024,2024-25,44,TRUE
National,202531,3,202534,0.413578,Clinical % positive,202638,0.4421,0.028521999999999992,2025,31,2025-07-27,2025-08-02,2024,2024-25,44,TRUE
Region 6,202532,3,202535,0.289855,Clinical % positive,202638,0.280751,-0.009104000000000001,2025,32,2025-08-03,2025-08-09,2024,2024-25,45,TRUE
National,202532,3,202535,0.385202,Clinical % positive,202638,0.3833,-0.0019020000000000148,2025,32,2025-08-03,2025-08-09,2024,2024-25,45,TRUE
Region 6,202533,3,202536,0.430637,Clinical % positive,202638,0.492317,0.06168000000000001,2025,33,2025-08-10,2025-08-16,2024,2024-25,46,TRUE
National,202533,3,202536,0.341191,Clinical % positive,202638,0.34551,0.004318999999999962,2025,33,2025-08-10,2025-08-16,2024,2024-25,46,TRUE
Region 6,202534,3,202537,0.313443,Clinical % positive,202638,0.321027,0.00758399999999998,2025,34,2025-08-17,2025-08-23,2024,2024-25,47,TRUE
National,202534,3,202537,0.398595,Clinical % positive,202638,0.388672,-0.00992299999999996,2025,34,2025-08-17,2025-08-23,2024,2024-25,47,TRUE
Region 6,202535,3,202538,0.379994,Clinical % positive,202638,0.364892,-0.015102000000000004,2025,35,2025-08-24,2025-08-30,2024,2024-25,48,TRUE
National,202535,3,202538,0.404976,Clinical % positive,202638,0.397262,-0.007713999999999999,2025,35,2025-08-24,2025-08-30,2024,2024-25,48,TRUE
Region 6,202542,3,202545,1.22202,Clinical % positive,202638,1.22202,0,2025,42,2025-10-12,2025-10-18,2025,2025-26,3,TRUE
National,202542,3,202545,0.658583,Clinical % positive,202638,0.64458,-0.014002999999999988,2025,42,2025-10-12,2025-10-18,2025,2025-26,3,TRUE
Region 6,202543,3,202546,1.53408,Clinical % positive,202638,1.52785,-0.00623000000000018,2025,43,2025-10-19,2025-10-25,2025,2025-26,4,TRUE
National,202543,3,202546,0.82293,Clinical % positive,202638,0.78546,-0.03747,2025,43,2025-10-19,2025-10-25,2025,2025-26,4,TRUE
Region 6,202544,3,202547,1.30729,Clinical % positive,202638,1.98693,0.67964,2025,44,2025-10-26,2025-11-01,2025,2025-26,5,TRUE
National,202544,3,202547,1.00986,Clinical % positive,202638,1.09444,0.0845800000000001,2025,44,2025-10-26,2025-11-01,2025,2025-26,5,TRUE
Region 6,202545,3,202548,2.5136,Clinical % positive,202638,3.36624,0.8526400000000001,2025,45,2025-11-02,2025-11-08,2025,2025-26,6,TRUE
National,202545,3,202548,1.78604,Clinical % positive,202638,1.90515,0.11910999999999983,2025,45,2025-11-02,2025-11-08,2025,2025-26,6,TRUE
Region 6,202546,3,202549,2.98074,Clinical % positive,202638,5.79026,2.80952,2025,46,2025-11-09,2025-11-15,2025,2025-26,7,TRUE
National,202546,3,202549,2.86378,Clinical % positive,202638,3.26408,0.40029999999999966,2025,46,2025-11-09,2025-11-15,2025,2025-26,7,TRUE
Region 6,202547,3,202550,9.19039,Clinical % positive,202638,9.63264,0.4422499999999996,2025,47,2025-11-16,2025-11-22,2025,2025-26,8,TRUE
National,202547,3,202550,5.40299,Clinical % positive,202638,5.47544,0.0724499999999999,2025,47,2025-11-16,2025-11-22,2025,2025-26,8,TRUE
Region 6,202548,3,202551,13.2166,Clinical % positive,202638,13.2166,0,2025,48,2025-11-23,2025-11-29,2025,2025-26,9,TRUE
National,202548,3,202551,8.02465,Clinical % positive,202638,8.02224,-0.002409999999999357,2025,48,2025-11-23,2025-11-29,2025,2025-26,9,TRUE
Region 6,202549,3,202552,10.7299,Clinical % positive,202638,10.7703,0.04039999999999999,2025,49,2025-11-30,2025-12-06,2025,2025-26,10,TRUE
National,202549,3,202552,8.9626,Clinical % positive,202638,8.98526,0.022660000000000124,2025,49,2025-11-30,2025-12-06,2025,2025-26,10,TRUE
Region 6,202550,3,202553,19.4042,Clinical % positive,202638,19.414,0.00980000000000203,2025,50,2025-12-07,2025-12-13,2025,2025-26,11,TRUE
National,202550,3,202553,15.5778,Clinical % positive,202638,15.4562,-0.12159999999999904,2025,50,2025-12-07,2025-12-13,2025,2025-26,11,TRUE
Region 6,202551,3,202601,30.837,Clinical % positive,202638,30.783,-0.053999999999998494,2025,51,2025-12-14,2025-12-20,2025,2025-26,12,TRUE
National,202551,3,202601,25.7471,Clinical % positive,202638,25.5832,-0.16389999999999816,2025,51,2025-12-14,2025-12-20,2025,2025-26,12,TRUE
Region 6,202552,3,202602,38.5058,Clinical % positive,202638,38.0531,-0.4527000000000001,2025,52,2025-12-21,2025-12-27,2025,2025-26,13,TRUE
National,202552,3,202602,31.8863,Clinical % positive,202638,31.7039,-0.18239999999999768,2025,52,2025-12-21,2025-12-27,2025,2025-26,13,TRUE
Region 6,202553,3,202603,29.4799,Clinical % positive,202638,28.731,-0.748899999999999,2025,53,2025-12-28,2026-01-03,2025,2025-26,14,TRUE
National,202553,3,202603,24.7555,Clinical % positive,202638,24.6931,-0.06240000000000023,2025,53,2025-12-28,2026-01-03,2025,2025-26,14,TRUE
Region 6,202601,3,202604,21.7294,Clinical % positive,202638,21.047,-0.6823999999999977,2026,1,2026-01-04,2026-01-10,2025,2025-26,15,TRUE
National,202601,3,202604,18.5025,Clinical % positive,202638,18.6029,0.10040000000000049,2026,1,2026-01-04,2026-01-10,2025,2025-26,15,TRUE
Region 6,202602,3,202605,20.5084,Clinical % positive,202638,19.3784,-1.1300000000000026,2026,2,2026-01-11,2026-01-17,2025,2025-26,16,TRUE
National,202602,3,202605,17.1137,Clinical % positive,202638,17.0323,-0.08140000000000214,2026,2,2026-01-11,2026-01-17,2025,2025-26,16,TRUE
Region 6,202603,3,202606,24.0977,Clinical % positive,202638,22.8706,-1.2271,2026,3,2026-01-18,2026-01-24,2025,2025-26,17,TRUE
National,202603,3,202606,17.6022,Clinical % positive,202638,17.5167,-0.08549999999999969,2026,3,2026-01-18,2026-01-24,2025,2025-26,17,TRUE
Region 6,202604,3,202607,22.7196,Clinical % positive,202638,22.1379,-0.5817000000000014,2026,4,2026-01-25,2026-01-31,2025,2025-26,18,TRUE
National,202604,3,202607,17.4577,Clinical % positive,202638,17.4132,-0.04449999999999932,2026,4,2026-01-25,2026-01-31,2025,2025-26,18,TRUE
Region 6,202605,3,202608,23.4,Clinical % positive,202638,22.7046,-0.6953999999999994,2026,5,2026-02-01,2026-02-07,2025,2025-26,19,TRUE
National,202605,3,202608,18.1676,Clinical % positive,202638,18.0427,-0.12490000000000023,2026,5,2026-02-01,2026-02-07,2025,2025-26,19,TRUE
Region 6,202606,3,202609,23.6714,Clinical % positive,202638,23.6264,-0.04499999999999815,2026,6,2026-02-08,2026-02-14,2025,2025-26,20,TRUE
National,202606,3,202609,18.3967,Clinical % positive,202638,18.3248,-0.07189999999999941,2026,6,2026-02-08,2026-02-14,2025,2025-26,20,TRUE
Region 6,202607,3,202610,21.9494,Clinical % positive,202638,21.9315,-0.017900000000000915,2026,7,2026-02-15,2026-02-21,2025,2025-26,21,TRUE
National,202607,3,202610,18.0919,Clinical % positive,202638,18.0222,-0.06969999999999743,2026,7,2026-02-15,2026-02-21,2025,2025-26,21,TRUE
Region 6,202608,3,202611,18.6107,Clinical % positive,202638,18.5784,-0.03230000000000288,2026,8,2026-02-22,2026-02-28,2025,2025-26,22,TRUE
National,202608,3,202611,15.7379,Clinical % positive,202638,15.6738,-0.06409999999999982,2026,8,2026-02-22,2026-02-28,2025,2025-26,22,TRUE
Region 6,202609,3,202612,17.1115,Clinical % positive,202638,17.0853,-0.026199999999999335,2026,9,2026-03-01,2026-03-07,2025,2025-26,23,TRUE
National,202609,3,202612,15.349,Clinical % positive,202638,15.3439,-0.0051000000000005485,2026,9,2026-03-01,2026-03-07,2025,2025-26,23,TRUE
Region 6,202610,3,202613,15.3952,Clinical % positive,202638,15.3853,-0.00990000000000002,2026,10,2026-03-08,2026-03-14,2025,2025-26,24,TRUE
National,202610,3,202613,13.8278,Clinical % positive,202638,13.8166,-0.011200000000000543,2026,10,2026-03-08,2026-03-14,2025,2025-26,24,TRUE
Region 6,202611,3,202614,13.0205,Clinical % positive,202638,13.0037,-0.016799999999999926,2026,11,2026-03-15,2026-03-21,2025,2025-26,25,TRUE
National,202611,3,202614,11.2674,Clinical % positive,202638,11.2108,-0.05659999999999954,2026,11,2026-03-15,2026-03-21,2025,2025-26,25,TRUE
Region 6,202612,3,202615,11.0446,Clinical % positive,202638,11.0546,0.009999999999999787,2026,12,2026-03-22,2026-03-28,2025,2025-26,26,TRUE
National,202612,3,202615,9.65657,Clinical % positive,202638,9.61931,-0.03725999999999985,2026,12,2026-03-22,2026-03-28,2025,2025-26,26,TRUE
Region 6,202613,3,202616,7.60714,Clinical % positive,202638,7.62662,0.01947999999999972,2026,13,2026-03-29,2026-04-04,2025,2025-26,27,TRUE
National,202613,3,202616,7.85575,Clinical % positive,202638,7.77371,-0.08203999999999922,2026,13,2026-03-29,2026-04-04,2025,2025-26,27,TRUE
Region 6,202614,3,202617,6.06654,Clinical % positive,202638,6.05876,-0.007779999999999454,2026,14,2026-04-05,2026-04-11,2025,2025-26,28,TRUE
National,202614,3,202617,5.97745,Clinical % positive,202638,5.90799,-0.0694600000000003,2026,14,2026-04-05,2026-04-11,2025,2025-26,28,TRUE
Region 6,202615,3,202618,3.89188,Clinical % positive,202638,3.89367,0.0017900000000001803,2026,15,2026-04-12,2026-04-18,2025,2025-26,29,TRUE
National,202615,3,202618,4.52278,Clinical % positive,202638,4.52509,0.00230999999999959,2026,15,2026-04-12,2026-04-18,2025,2025-26,29,TRUE
Region 6,202616,3,202619,3.34232,Clinical % positive,202638,3.35751,0.015190000000000037,2026,16,2026-04-19,2026-04-25,2025,2025-26,30,TRUE
National,202616,3,202619,3.41568,Clinical % positive,202638,3.41479,-8.900000000000574e-4,2026,16,2026-04-19,2026-04-25,2025,2025-26,30,TRUE
Region 6,202617,3,202620,2.90202,Clinical % positive,202638,2.90654,0.0045200000000003016,2026,17,2026-04-26,2026-05-02,2025,2025-26,31,TRUE
National,202617,3,202620,2.97247,Clinical % positive,202638,2.96964,-0.002829999999999888,2026,17,2026-04-26,2026-05-02,2025,2025-26,31,TRUE
Region 6,202618,3,202621,1.88269,Clinical % positive,202638,1.90586,0.023170000000000135,2026,18,2026-05-03,2026-05-09,2025,2025-26,32,TRUE
National,202618,3,202621,2.49564,Clinical % positive,202638,2.47606,-0.01957999999999993,2026,18,2026-05-03,2026-05-09,2025,2025-26,32,TRUE
Region 6,202619,3,202622,1.33895,Clinical % positive,202638,1.33895,0,2026,19,2026-05-10,2026-05-16,2025,2025-26,33,TRUE
National,202619,3,202622,1.91069,Clinical % positive,202638,1.90845,-0.0022400000000000198,2026,19,2026-05-10,2026-05-16,2025,2025-26,33,TRUE
Region 6,202620,3,202623,1.19205,Clinical % positive,202638,1.19008,-0.0019700000000000273,2026,20,2026-05-17,2026-05-23,2025,2025-26,34,TRUE
National,202620,3,202623,1.54595,Clinical % positive,202638,1.5432,-0.00275000000000003,2026,20,2026-05-17,2026-05-23,2025,2025-26,34,TRUE
Region 6,202621,3,202624,1.19435,Clinical % positive,202638,1.19284,-0.0015100000000001224,2026,21,2026-05-24,2026-05-30,2025,2025-26,35,TRUE
National,202621,3,202624,1.33163,Clinical % positive,202638,1.30898,-0.02265000000000006,2026,21,2026-05-24,2026-05-30,2025,2025-26,35,TRUE
Region 6,202622,3,202625,0.774117,Clinical % positive,202638,0.774117,0,2026,22,2026-05-31,2026-06-06,2025,2025-26,36,TRUE
National,202622,3,202625,0.914771,Clinical % positive,202638,0.913254,-0.0015169999999999906,2026,22,2026-05-31,2026-06-06,2025,2025-26,36,TRUE
Region 6,202623,3,202626,0.658454,Clinical % positive,202638,0.658454,0,2026,23,2026-06-07,2026-06-13,2025,2025-26,37,TRUE
National,202623,3,202626,0.791933,Clinical % positive,202638,0.789391,-0.0025420000000000442,2026,23,2026-06-07,2026-06-13,2025,2025-26,37,TRUE
Region 6,202624,3,202627,0.400377,Clinical % positive,202638,0.400377,0,2026,24,2026-06-14,2026-06-20,2025,2025-26,38,TRUE
National,202624,3,202627,0.642444,Clinical % positive,202638,0.642405,-3.900000000001125e-5,2026,24,2026-06-14,2026-06-20,2025,2025-26,38,TRUE
Region 6,202625,3,202628,0.392157,Clinical % positive,202638,0.392157,0,2026,25,2026-06-21,2026-06-27,2025,2025-26,39,TRUE
National,202625,3,202628,0.47613,Clinical % positive,202638,0.47613,0,2026,25,2026-06-21,2026-06-27,2025,2025-26,39,TRUE
Region 6,202626,3,202629,0.951087,Clinical % positive,202638,0.949367,-0.0017200000000000548,2026,26,2026-06-28,2026-07-04,2025,2025-26,40,TRUE
National,202626,3,202629,0.539723,Clinical % positive,202638,0.548678,0.008955000000000046,2026,26,2026-06-28,2026-07-04,2025,2025-26,40,TRUE
Region 6,202627,3,202630,0.698035,Clinical % positive,202638,0.698035,0,2026,27,2026-07-05,2026-07-11,2025,2025-26,41,TRUE
National,202627,3,202630,0.722548,Clinical % positive,202638,0.759966,0.03741800000000006,2026,27,2026-07-05,2026-07-11,2025,2025-26,41,TRUE
Region 6,202628,3,202631,0.985878,Clinical % positive,202638,0.985878,0,2026,28,2026-07-12,2026-07-18,2025,2025-26,42,TRUE
National,202628,3,202631,0.550247,Clinical % positive,202638,0.544812,-0.005435000000000079,2026,28,2026-07-12,2026-07-18,2025,2025-26,42,TRUE
Region 6,202629,3,202632,0.419837,Clinical % positive,202638,0.419837,0,2026,29,2026-07-19,2026-07-25,2025,2025-26,43,TRUE
National,202629,3,202632,0.464072,Clinical % positive,202638,0.454794,-0.009278000000000008,2026,29,2026-07-19,2026-07-25,2025,2025-26,43,TRUE
Region 6,202630,3,202633,0.38373,Clinical % positive,202638,0.382653,-0.0010769999999999946,2026,30,2026-07-26,2026-08-01,2025,2025-26,44,TRUE
National,202630,3,202633,0.43593,Clinical % positive,202638,0.429962,-0.005967999999999973,2026,30,2026-07-26,2026-08-01,2025,2025-26,44,TRUE
Region 6,202631,3,202634,0.532301,Clinical % positive,202638,0.531273,-0.0010280000000000289,2026,31,2026-08-02,2026-08-08,2025,2025-26,45,TRUE
National,202631,3,202634,0.486978,Clinical % positive,202638,0.486294,-6.840000000000179e-4,2026,31,2026-08-02,2026-08-08,2025,2025-26,45,TRUE
Region 6,202632,3,202635,0.612523,Clinical % positive,202638,0.608931,-0.0035920000000000396,2026,32,2026-08-09,2026-08-15,2025,2025-26,46,TRUE
National,202632,3,202635,0.670909,Clinical % positive,202638,0.669681,-0.0012280000000000069,2026,32,2026-08-09,2026-08-15,2025,2025-26,46,TRUE
Region 6,202633,3,202636,0.771812,Clinical % positive,202638,0.784379,0.012566999999999995,2026,33,2026-08-16,2026-08-22,2025,2025-26,47,TRUE
National,202633,3,202636,0.794048,Clinical % positive,202638,0.795584,0.0015359999999999818,2026,33,2026-08-16,2026-08-22,2025,2025-26,47,TRUE
Region 6,202634,3,202637,0.936228,Clinical % positive,202638,0.935466,-7.619999999999294e-4,2026,34,2026-08-23,2026-08-29,2025,2025-26,48,TRUE
National,202634,3,202637,1.01212,Clinical % positive,202638,1.01277,6.500000000000394e-4,2026,34,2026-08-23,2026-08-29,2025,2025-26,48,TRUE
Region 6,202635,3,202638,0.901507,Clinical % positive,202638,0.901507,0,2026,35,2026-08-30,2026-09-05,2025,2025-26,49,TRUE
National,202635,3,202638,1.47536,Clinical % positive,202638,1.47536,0,2026,35,2026-08-30,2026-09-05,2025,2025-26,49,TRUE
Region 6,202240,4,202244,5.48866,Clinical % positive,202439,5.48738,-0.001280000000000392,2022,40,2022-10-02,2022-10-08,2022,2022-23,1,TRUE
National,202240,4,202244,2.76137,Clinical % positive,202439,2.66968,-0.09168999999999983,2022,40,2022-10-02,2022-10-08,2022,2022-23,1,TRUE
Region 6,202241,4,202245,6.63309,Clinical % positive,202439,6.63195,-0.001140000000000363,2022,41,2022-10-09,2022-10-15,2022,2022-23,2,TRUE
National,202241,4,202245,3.5792,Clinical % positive,202439,3.46261,-0.11658999999999997,2022,41,2022-10-09,2022-10-15,2022,2022-23,2,TRUE
Region 6,202242,4,202246,11.0832,Clinical % positive,202439,11.8599,0.7767,2022,42,2022-10-16,2022-10-22,2022,2022-23,3,TRUE
National,202242,4,202246,5.2966,Clinical % positive,202439,5.43662,0.1400199999999998,2022,42,2022-10-16,2022-10-22,2022,2022-23,3,TRUE
Region 6,202243,4,202247,15.6581,Clinical % positive,202439,16.6848,1.0267,2022,43,2022-10-23,2022-10-29,2022,2022-23,4,TRUE
National,202243,4,202247,8.16586,Clinical % positive,202439,8.37742,0.21156000000000041,2022,43,2022-10-23,2022-10-29,2022,2022-23,4,TRUE
Region 6,202244,4,202248,19.9421,Clinical % positive,202439,21.2577,1.3155999999999999,2022,44,2022-10-30,2022-11-05,2022,2022-23,5,TRUE
National,202244,4,202248,12.3038,Clinical % positive,202439,12.7953,0.4914999999999985,2022,44,2022-10-30,2022-11-05,2022,2022-23,5,TRUE
Region 6,202245,4,202249,19.8305,Clinical % positive,202439,21.1235,1.2929999999999993,2022,45,2022-11-06,2022-11-12,2022,2022-23,6,TRUE
National,202245,4,202249,14.3874,Clinical % positive,202439,14.9355,0.5480999999999998,2022,45,2022-11-06,2022-11-12,2022,2022-23,6,TRUE
Region 6,202246,4,202250,20.2199,Clinical % positive,202439,21.0509,0.8309999999999995,2022,46,2022-11-13,2022-11-19,2022,2022-23,7,TRUE
National,202246,4,202250,17.8661,Clinical % positive,202439,18.3419,0.47579999999999956,2022,46,2022-11-13,2022-11-19,2022,2022-23,7,TRUE
Region 6,202247,4,202251,25.8334,Clinical % positive,202439,26.1068,0.27339999999999876,2022,47,2022-11-20,2022-11-26,2022,2022-23,8,TRUE
National,202247,4,202251,25.4724,Clinical % positive,202439,25.8135,0.34110000000000085,2022,47,2022-11-20,2022-11-26,2022,2022-23,8,TRUE
Region 6,202248,4,202252,23.4935,Clinical % positive,202439,22.6683,-0.8252000000000024,2022,48,2022-11-27,2022-12-03,2022,2022-23,9,TRUE
National,202248,4,202252,25.4483,Clinical % positive,202439,25.5531,0.10480000000000089,2022,48,2022-11-27,2022-12-03,2022,2022-23,9,TRUE
Region 6,202249,4,202301,21.8331,Clinical % positive,202439,25.8598,4.026699999999998,2022,49,2022-12-04,2022-12-10,2022,2022-23,10,TRUE
National,202249,4,202301,25.7357,Clinical % positive,202439,26.2658,0.5300999999999974,2022,49,2022-12-04,2022-12-10,2022,2022-23,10,TRUE
Region 6,202250,4,202302,16.3007,Clinical % positive,202439,23.6264,7.325700000000001,2022,50,2022-12-11,2022-12-17,2022,2022-23,11,TRUE
National,202250,4,202302,23.8568,Clinical % positive,202439,24.4693,0.6125000000000007,2022,50,2022-12-11,2022-12-17,2022,2022-23,11,TRUE
Region 6,202251,4,202303,22.0905,Clinical % positive,202439,20.0823,-2.0081999999999987,2022,51,2022-12-18,2022-12-24,2022,2022-23,12,TRUE
National,202251,4,202303,20.9108,Clinical % positive,202439,20.7763,-0.13449999999999918,2022,51,2022-12-18,2022-12-24,2022,2022-23,12,TRUE
Region 6,202252,4,202304,15.8434,Clinical % positive,202439,14.4784,-1.3650000000000002,2022,52,2022-12-25,2022-12-31,2022,2022-23,13,TRUE
National,202252,4,202304,15.0337,Clinical % positive,202439,14.8994,-0.13429999999999964,2022,52,2022-12-25,2022-12-31,2022,2022-23,13,TRUE
Region 6,202301,4,202305,8.97747,Clinical % positive,202439,8.5693,-0.40817000000000014,2023,1,2023-01-01,2023-01-07,2022,2022-23,14,TRUE
National,202301,4,202305,8.73072,Clinical % positive,202439,8.61225,-0.1184700000000003,2023,1,2023-01-01,2023-01-07,2022,2022-23,14,TRUE
Region 6,202302,4,202306,4.73422,Clinical % positive,202439,4.93901,0.20479000000000003,2023,2,2023-01-08,2023-01-14,2022,2022-23,15,TRUE
National,202302,4,202306,4.53139,Clinical % positive,202439,4.58566,0.05426999999999982,2023,2,2023-01-08,2023-01-14,2022,2022-23,15,TRUE
Region 6,202303,4,202307,2.11151,Clinical % positive,202439,2.21382,0.10231000000000012,2023,3,2023-01-15,2023-01-21,2022,2022-23,16,TRUE
National,202303,4,202307,2.94766,Clinical % positive,202439,2.94035,-0.007309999999999928,2023,3,2023-01-15,2023-01-21,2022,2022-23,16,TRUE
Region 6,202304,4,202308,2.28108,Clinical % positive,202439,2.40285,0.12176999999999971,2023,4,2023-01-22,2023-01-28,2022,2022-23,17,TRUE
National,202304,4,202308,2.10228,Clinical % positive,202439,2.12014,0.01786000000000021,2023,4,2023-01-22,2023-01-28,2022,2022-23,17,TRUE
Region 6,202305,4,202309,2.24331,Clinical % positive,202439,2.21685,-0.02646000000000015,2023,5,2023-01-29,2023-02-04,2022,2022-23,18,TRUE
National,202305,4,202309,1.66375,Clinical % positive,202439,1.67339,0.009639999999999871,2023,5,2023-01-29,2023-02-04,2022,2022-23,18,TRUE
Region 6,202306,4,202310,1.35879,Clinical % positive,202439,1.58237,0.2235800000000001,2023,6,2023-02-05,2023-02-11,2022,2022-23,19,TRUE
National,202306,4,202310,1.34303,Clinical % positive,202439,1.36967,0.026639999999999997,2023,6,2023-02-05,2023-02-11,2022,2022-23,19,TRUE
Region 6,202307,4,202311,1.23135,Clinical % positive,202439,1.38502,0.15366999999999997,2023,7,2023-02-12,2023-02-18,2022,2022-23,20,TRUE
National,202307,4,202311,1.05618,Clinical % positive,202439,1.08468,0.028500000000000192,2023,7,2023-02-12,2023-02-18,2022,2022-23,20,TRUE
Region 6,202308,4,202312,1.36206,Clinical % positive,202439,1.37711,0.015050000000000008,2023,8,2023-02-19,2023-02-25,2022,2022-23,21,TRUE
National,202308,4,202312,1.00921,Clinical % positive,202439,1.01838,0.009170000000000122,2023,8,2023-02-19,2023-02-25,2022,2022-23,21,TRUE
Region 6,202309,4,202313,1.4656,Clinical % positive,202439,1.48511,0.019509999999999916,2023,9,2023-02-26,2023-03-04,2022,2022-23,22,TRUE
National,202309,4,202313,0.91488,Clinical % positive,202439,0.92233,0.007449999999999957,2023,9,2023-02-26,2023-03-04,2022,2022-23,22,TRUE
Region 6,202310,4,202314,1.55547,Clinical % positive,202439,1.55547,0,2023,10,2023-03-05,2023-03-11,2022,2022-23,23,TRUE
National,202310,4,202314,1.0504,Clinical % positive,202439,1.04196,-0.008440000000000003,2023,10,2023-03-05,2023-03-11,2022,2022-23,23,TRUE
Region 6,202311,4,202315,1.2959,Clinical % positive,202439,1.2959,0,2023,11,2023-03-12,2023-03-18,2022,2022-23,24,TRUE
National,202311,4,202315,0.90143,Clinical % positive,202439,0.89434,-0.00708999999999993,2023,11,2023-03-12,2023-03-18,2022,2022-23,24,TRUE
Region 6,202312,4,202316,1.20018,Clinical % positive,202439,1.20018,0,2023,12,2023-03-19,2023-03-25,2022,2022-23,25,TRUE
National,202312,4,202316,0.948493,Clinical % positive,202439,0.949267,7.739999999999414e-4,2023,12,2023-03-19,2023-03-25,2022,2022-23,25,TRUE
Region 6,202313,4,202317,1.2073,Clinical % positive,202439,1.00456,-0.20274000000000014,2023,13,2023-03-26,2023-04-01,2022,2022-23,26,TRUE
National,202313,4,202317,0.962261,Clinical % positive,202439,0.959683,-0.0025780000000000802,2023,13,2023-03-26,2023-04-01,2022,2022-23,26,TRUE
Region 6,202314,4,202318,0.9737,Clinical % positive,202439,0.9737,0,2023,14,2023-04-02,2023-04-08,2022,2022-23,27,TRUE
National,202314,4,202318,1.04182,Clinical % positive,202439,1.05613,0.014310000000000045,2023,14,2023-04-02,2023-04-08,2022,2022-23,27,TRUE
Region 6,202315,4,202319,1.33522,Clinical % positive,202439,0.971966,-0.3632540000000001,2023,15,2023-04-09,2023-04-15,2022,2022-23,28,TRUE
National,202315,4,202319,1.05789,Clinical % positive,202439,1.01401,-0.04387999999999992,2023,15,2023-04-09,2023-04-15,2022,2022-23,28,TRUE
Region 6,202316,4,202320,0.902545,Clinical % positive,202439,0.902545,0,2023,16,2023-04-16,2023-04-22,2022,2022-23,29,TRUE
National,202316,4,202320,0.836607,Clinical % positive,202439,0.837728,0.0011210000000000386,2023,16,2023-04-16,2023-04-22,2022,2022-23,29,TRUE
Region 6,202317,4,202321,0.858322,Clinical % positive,202439,0.857856,-4.6600000000007746e-4,2023,17,2023-04-23,2023-04-29,2022,2022-23,30,TRUE
National,202317,4,202321,0.965342,Clinical % positive,202439,0.954306,-0.011036000000000046,2023,17,2023-04-23,2023-04-29,2022,2022-23,30,TRUE
Region 6,202318,4,202322,0.884321,Clinical % positive,202439,0.858513,-0.025808000000000053,2023,18,2023-04-30,2023-05-06,2022,2022-23,31,TRUE
National,202318,4,202322,0.935465,Clinical % positive,202439,0.943503,0.00803799999999999,2023,18,2023-04-30,2023-05-06,2022,2022-23,31,TRUE
Region 6,202319,4,202323,1.09846,Clinical % positive,202439,1.11613,0.017670000000000075,2023,19,2023-05-07,2023-05-13,2022,2022-23,32,TRUE
National,202319,4,202323,0.986661,Clinical % positive,202439,1.01804,0.031379000000000046,2023,19,2023-05-07,2023-05-13,2022,2022-23,32,TRUE
Region 6,202320,4,202324,1.24535,Clinical % positive,202439,1.24535,0,2023,20,2023-05-14,2023-05-20,2022,2022-23,33,TRUE
National,202320,4,202324,1.1323,Clinical % positive,202439,1.17603,0.043729999999999825,2023,20,2023-05-14,2023-05-20,2022,2022-23,33,TRUE
Region 6,202321,4,202325,1.28456,Clinical % positive,202439,1.28456,0,2023,21,2023-05-21,2023-05-27,2022,2022-23,34,TRUE
National,202321,4,202325,1.17051,Clinical % positive,202439,1.19412,0.02361000000000013,2023,21,2023-05-21,2023-05-27,2022,2022-23,34,TRUE
Region 6,202322,4,202326,1.10841,Clinical % positive,202439,1.10841,0,2023,22,2023-05-28,2023-06-03,2022,2022-23,35,TRUE
National,202322,4,202326,1.28294,Clinical % positive,202439,1.30539,0.02245000000000008,2023,22,2023-05-28,2023-06-03,2022,2022-23,35,TRUE
Region 6,202323,4,202327,0.881131,Clinical % positive,202439,0.881131,0,2023,23,2023-06-04,2023-06-10,2022,2022-23,36,TRUE
National,202323,4,202327,1.08282,Clinical % positive,202439,1.0945,0.011680000000000135,2023,23,2023-06-04,2023-06-10,2022,2022-23,36,TRUE
Region 6,202324,4,202328,1.01394,Clinical % positive,202439,1.01394,0,2023,24,2023-06-11,2023-06-17,2022,2022-23,37,TRUE
National,202324,4,202328,1.11758,Clinical % positive,202439,1.1074600000000001,-0.010119999999999907,2023,24,2023-06-11,2023-06-17,2022,2022-23,37,TRUE
Region 6,202325,4,202329,1.14855,Clinical % positive,202439,1.14855,0,2023,25,2023-06-18,2023-06-24,2022,2022-23,38,TRUE
National,202325,4,202329,0.955802,Clinical % positive,202439,0.947234,-0.00856800000000002,2023,25,2023-06-18,2023-06-24,2022,2022-23,38,TRUE
Region 6,202326,4,202330,0.79096,Clinical % positive,202439,0.825423,0.03446300000000002,2023,26,2023-06-25,2023-07-01,2022,2022-23,39,TRUE
National,202326,4,202330,1.12052,Clinical % positive,202439,1.10448,-0.016040000000000054,2023,26,2023-06-25,2023-07-01,2022,2022-23,39,TRUE
Region 6,202327,4,202331,0.892663,Clinical % positive,202439,0.89613,0.003466999999999998,2023,27,2023-07-02,2023-07-08,2022,2022-23,40,TRUE
National,202327,4,202331,0.909788,Clinical % positive,202439,1.20836,0.29857200000000006,2023,27,2023-07-02,2023-07-08,2022,2022-23,40,TRUE
Region 6,202328,4,202332,1.25085,Clinical % positive,202439,1.18921,-0.06163999999999992,2023,28,2023-07-09,2023-07-15,2022,2022-23,41,TRUE
National,202328,4,202332,1.02118,Clinical % positive,202439,0.998011,-0.023168999999999995,2023,28,2023-07-09,2023-07-15,2022,2022-23,41,TRUE
Region 6,202329,4,202333,1.2931,Clinical % positive,202439,1.25193,-0.04116999999999993,2023,29,2023-07-16,2023-07-22,2022,2022-23,42,TRUE
National,202329,4,202333,1.01786,Clinical % positive,202439,0.998153,-0.01970700000000003,2023,29,2023-07-16,2023-07-22,2022,2022-23,42,TRUE
Region 6,202330,4,202334,1.04145,Clinical % positive,202439,0.967742,-0.073708,2023,30,2023-07-23,2023-07-29,2022,2022-23,43,TRUE
National,202330,4,202334,1.01083,Clinical % positive,202439,0.994042,-0.016787999999999914,2023,30,2023-07-23,2023-07-29,2022,2022-23,43,TRUE
Region 6,202331,4,202335,1.45141,Clinical % positive,202439,1.40659,-0.04482000000000008,2023,31,2023-07-30,2023-08-05,2022,2022-23,44,TRUE
National,202331,4,202335,1.08113,Clinical % positive,202439,1.06399,-0.017139999999999933,2023,31,2023-07-30,2023-08-05,2022,2022-23,44,TRUE
Region 6,202332,4,202336,0.801005,Clinical % positive,202439,0.802469,0.0014640000000000208,2023,32,2023-08-06,2023-08-12,2022,2022-23,45,TRUE
National,202332,4,202336,0.847361,Clinical % positive,202439,0.855174,0.007812999999999959,2023,32,2023-08-06,2023-08-12,2022,2022-23,45,TRUE
Region 6,202333,4,202337,0.992039,Clinical % positive,202439,0.992039,0,2023,33,2023-08-13,2023-08-19,2022,2022-23,46,TRUE
National,202333,4,202337,0.898797,Clinical % positive,202439,0.897271,-0.0015259999999999163,2023,33,2023-08-13,2023-08-19,2022,2022-23,46,TRUE
Region 6,202334,4,202338,1.0159,Clinical % positive,202439,0.805017,-0.21088300000000004,2023,34,2023-08-20,2023-08-26,2022,2022-23,47,TRUE
National,202334,4,202338,0.815851,Clinical % positive,202439,0.769782,-0.04606900000000003,2023,34,2023-08-20,2023-08-26,2022,2022-23,47,TRUE
Region 6,202335,4,202339,0.856007,Clinical % positive,202439,0.763171,-0.09283599999999992,2023,35,2023-08-27,2023-09-02,2022,2022-23,48,TRUE
National,202335,4,202339,0.737978,Clinical % positive,202439,0.718069,-0.019909000000000066,2023,35,2023-08-27,2023-09-02,2022,2022-23,48,TRUE
Region 6,202336,4,202340,0.935711,Clinical % positive,202439,0.818014,-0.11769699999999994,2023,36,2023-09-03,2023-09-09,2022,2022-23,49,TRUE
National,202336,4,202340,0.7249,Clinical % positive,202439,0.701222,-0.023677999999999977,2023,36,2023-09-03,2023-09-09,2022,2022-23,49,TRUE
Region 6,202337,4,202341,0.856698,Clinical % positive,202439,0.856698,0,2023,37,2023-09-10,2023-09-16,2022,2022-23,50,TRUE
National,202337,4,202341,0.800989,Clinical % positive,202439,0.792616,-0.008372999999999964,2023,37,2023-09-10,2023-09-16,2022,2022-23,50,TRUE
Region 6,202338,4,202342,0.942847,Clinical % positive,202439,0.942847,0,2023,38,2023-09-17,2023-09-23,2022,2022-23,51,TRUE
National,202338,4,202342,0.915822,Clinical % positive,202439,0.915555,-2.670000000000172e-4,2023,38,2023-09-17,2023-09-23,2022,2022-23,51,TRUE
Region 6,202339,4,202343,1.27805,Clinical % positive,202439,1.27805,0,2023,39,2023-09-24,2023-09-30,2022,2022-23,52,TRUE
National,202339,4,202343,0.933506,Clinical % positive,202439,0.933506,0,2023,39,2023-09-24,2023-09-30,2022,2022-23,52,TRUE
Region 6,202340,4,202344,1.29144,Clinical % positive,202538,1.29144,0,2023,40,2023-10-01,2023-10-07,2023,2023-24,1,TRUE
National,202340,4,202344,1.0879,Clinical % positive,202538,1.10103,0.013129999999999864,2023,40,2023-10-01,2023-10-07,2023,2023-24,1,TRUE
Region 6,202341,4,202345,1.95099,Clinical % positive,202538,1.95099,0,2023,41,2023-10-08,2023-10-14,2023,2023-24,2,TRUE
National,202341,4,202345,1.32407,Clinical % positive,202538,1.34933,0.025259999999999838,2023,41,2023-10-08,2023-10-14,2023,2023-24,2,TRUE
Region 6,202342,4,202346,2.05853,Clinical % positive,202538,2.05853,0,2023,42,2023-10-15,2023-10-21,2023,2023-24,3,TRUE
National,202342,4,202346,1.52122,Clinical % positive,202538,1.51345,-0.007770000000000055,2023,42,2023-10-15,2023-10-21,2023,2023-24,3,TRUE
Region 6,202343,4,202347,2.69403,Clinical % positive,202538,2.69403,0,2023,43,2023-10-22,2023-10-28,2023,2023-24,4,TRUE
National,202343,4,202347,1.76515,Clinical % positive,202538,1.81282,0.0476700000000001,2023,43,2023-10-22,2023-10-28,2023,2023-24,4,TRUE
Region 6,202344,4,202348,3.78914,Clinical % positive,202538,3.78914,0,2023,44,2023-10-29,2023-11-04,2023,2023-24,5,TRUE
National,202344,4,202348,2.56637,Clinical % positive,202538,2.61941,0.053039999999999754,2023,44,2023-10-29,2023-11-04,2023,2023-24,5,TRUE
Region 6,202345,4,202349,5.96067,Clinical % positive,202538,5.96067,0,2023,45,2023-11-05,2023-11-11,2023,2023-24,6,TRUE
National,202345,4,202349,3.95673,Clinical % positive,202538,3.95879,0.002060000000000173,2023,45,2023-11-05,2023-11-11,2023,2023-24,6,TRUE
Region 6,202346,4,202350,7.27753,Clinical % positive,202538,7.27753,0,2023,46,2023-11-12,2023-11-18,2023,2023-24,7,TRUE
National,202346,4,202350,4.91638,Clinical % positive,202538,4.86504,-0.05134000000000061,2023,46,2023-11-12,2023-11-18,2023,2023-24,7,TRUE
Region 6,202347,4,202351,7.76597,Clinical % positive,202538,7.76597,0,2023,47,2023-11-19,2023-11-25,2023,2023-24,8,TRUE
National,202347,4,202351,6.07142,Clinical % positive,202538,5.91987,-0.1515499999999994,2023,47,2023-11-19,2023-11-25,2023,2023-24,8,TRUE
Region 6,202348,4,202352,9.13956,Clinical % positive,202538,9.13956,0,2023,48,2023-11-26,2023-12-02,2023,2023-24,9,TRUE
National,202348,4,202352,6.93657,Clinical % positive,202538,6.96915,0.032580000000000275,2023,48,2023-11-26,2023-12-02,2023,2023-24,9,TRUE
Region 6,202349,4,202401,13.5268,Clinical % positive,202538,13.5268,0,2023,49,2023-12-03,2023-12-09,2023,2023-24,10,TRUE
National,202349,4,202401,8.44684,Clinical % positive,202538,9.79897,1.3521300000000007,2023,49,2023-12-03,2023-12-09,2023,2023-24,10,TRUE
Region 6,202350,4,202402,19.1004,Clinical % positive,202538,19.7717,0.6712999999999987,2023,50,2023-12-10,2023-12-16,2023,2023-24,11,TRUE
National,202350,4,202402,13.2676,Clinical % positive,202538,13.3872,0.11960000000000015,2023,50,2023-12-10,2023-12-16,2023,2023-24,11,TRUE
Region 6,202351,4,202403,25.2,Clinical % positive,202538,25.2,0,2023,51,2023-12-17,2023-12-23,2023,2023-24,12,TRUE
National,202351,4,202403,17.3393,Clinical % positive,202538,17.3213,-0.018000000000000682,2023,51,2023-12-17,2023-12-23,2023,2023-24,12,TRUE
Region 6,202352,4,202404,23.7015,Clinical % positive,202538,23.7015,0,2023,52,2023-12-24,2023-12-30,2023,2023-24,13,TRUE
National,202352,4,202404,18.089,Clinical % positive,202538,18.1605,0.07150000000000034,2023,52,2023-12-24,2023-12-30,2023,2023-24,13,TRUE
Region 6,202401,4,202405,22.4498,Clinical % positive,202538,22.4498,0,2024,1,2023-12-31,2024-01-06,2023,2023-24,14,TRUE
National,202401,4,202405,13.7838,Clinical % positive,202538,13.8031,0.019300000000001205,2024,1,2023-12-31,2024-01-06,2023,2023-24,14,TRUE
Region 6,202402,4,202406,21.1487,Clinical % positive,202538,21.1487,0,2024,2,2024-01-07,2024-01-13,2023,2023-24,15,TRUE
National,202402,4,202406,13.9369,Clinical % positive,202538,13.867,-0.06989999999999874,2024,2,2024-01-07,2024-01-13,2023,2023-24,15,TRUE
Region 6,202403,4,202407,23.2504,Clinical % positive,202538,23.2504,0,2024,3,2024-01-14,2024-01-20,2023,2023-24,16,TRUE
National,202403,4,202407,14.9735,Clinical % positive,202538,14.9059,-0.06759999999999877,2024,3,2024-01-14,2024-01-20,2023,2023-24,16,TRUE
Region 6,202404,4,202408,27.111,Clinical % positive,202538,27.111,0,2024,4,2024-01-21,2024-01-27,2023,2023-24,17,TRUE
National,202404,4,202408,16.2546,Clinical % positive,202538,16.1303,-0.12430000000000163,2024,4,2024-01-21,2024-01-27,2023,2023-24,17,TRUE
Region 6,202405,4,202409,25.9362,Clinical % positive,202538,26.6949,0.758700000000001,2024,5,2024-01-28,2024-02-03,2023,2023-24,18,TRUE
National,202405,4,202409,16.3615,Clinical % positive,202538,16.3067,-0.05480000000000018,2024,5,2024-01-28,2024-02-03,2023,2023-24,18,TRUE
Region 6,202406,4,202410,21.4266,Clinical % positive,202538,21.4266,0,2024,6,2024-02-04,2024-02-10,2023,2023-24,19,TRUE
National,202406,4,202410,15.9568,Clinical % positive,202538,15.8521,-0.10469999999999935,2024,6,2024-02-04,2024-02-10,2023,2023-24,19,TRUE
Region 6,202407,4,202411,19.0577,Clinical % positive,202538,19.0577,0,2024,7,2024-02-11,2024-02-17,2023,2023-24,20,TRUE
National,202407,4,202411,15.6145,Clinical % positive,202538,15.5673,-0.04720000000000013,2024,7,2024-02-11,2024-02-17,2023,2023-24,20,TRUE
Region 6,202408,4,202412,16.915,Clinical % positive,202538,16.915,0,2024,8,2024-02-18,2024-02-24,2023,2023-24,21,TRUE
National,202408,4,202412,15.627,Clinical % positive,202538,15.5181,-0.10890000000000022,2024,8,2024-02-18,2024-02-24,2023,2023-24,21,TRUE
Region 6,202409,4,202413,14.406,Clinical % positive,202538,14.406,0,2024,9,2024-02-25,2024-03-02,2023,2023-24,22,TRUE
National,202409,4,202413,15.0049,Clinical % positive,202538,14.9467,-0.05819999999999936,2024,9,2024-02-25,2024-03-02,2023,2023-24,22,TRUE
Region 6,202410,4,202414,14.1064,Clinical % positive,202538,14.1064,0,2024,10,2024-03-03,2024-03-09,2023,2023-24,23,TRUE
National,202410,4,202414,14.2895,Clinical % positive,202538,14.2261,-0.06339999999999968,2024,10,2024-03-03,2024-03-09,2023,2023-24,23,TRUE
Region 6,202411,4,202415,11.6856,Clinical % positive,202538,11.6856,0,2024,11,2024-03-10,2024-03-16,2023,2023-24,24,TRUE
National,202411,4,202415,11.9435,Clinical % positive,202538,11.9214,-0.02210000000000001,2024,11,2024-03-10,2024-03-16,2023,2023-24,24,TRUE
Region 6,202412,4,202416,9.37571,Clinical % positive,202538,9.37571,0,2024,12,2024-03-17,2024-03-23,2023,2023-24,25,TRUE
National,202412,4,202416,10.3864,Clinical % positive,202538,10.3628,-0.023600000000000065,2024,12,2024-03-17,2024-03-23,2023,2023-24,25,TRUE
Region 6,202413,4,202417,7.44995,Clinical % positive,202538,7.44995,0,2024,13,2024-03-24,2024-03-30,2023,2023-24,26,TRUE
National,202413,4,202417,9.16515,Clinical % positive,202538,9.15264,-0.012510000000000687,2024,13,2024-03-24,2024-03-30,2023,2023-24,26,TRUE
Region 6,202414,4,202418,3.8534,Clinical % positive,202538,5.16172,1.3083199999999997,2024,14,2024-03-31,2024-04-06,2023,2023-24,27,TRUE
National,202414,4,202418,7.54355,Clinical % positive,202538,7.53799,-0.005560000000000009,2024,14,2024-03-31,2024-04-06,2023,2023-24,27,TRUE
Region 6,202415,4,202419,4.05463,Clinical % positive,202538,4.05463,0,2024,15,2024-04-07,2024-04-13,2023,2023-24,28,TRUE
National,202415,4,202419,5.80259,Clinical % positive,202538,5.79303,-0.009560000000000457,2024,15,2024-04-07,2024-04-13,2023,2023-24,28,TRUE
Region 6,202416,4,202420,3.5348,Clinical % positive,202538,3.5348,0,2024,16,2024-04-14,2024-04-20,2023,2023-24,29,TRUE
National,202416,4,202420,4.78414,Clinical % positive,202538,4.7576,-0.026539999999999786,2024,16,2024-04-14,2024-04-20,2023,2023-24,29,TRUE
Region 6,202417,4,202421,2.81981,Clinical % positive,202538,2.81981,0,2024,17,2024-04-21,2024-04-27,2023,2023-24,30,TRUE
National,202417,4,202421,3.81915,Clinical % positive,202538,3.79997,-0.019179999999999975,2024,17,2024-04-21,2024-04-27,2023,2023-24,30,TRUE
Region 6,202418,4,202422,2.42392,Clinical % positive,202538,2.42392,0,2024,18,2024-04-28,2024-05-04,2023,2023-24,31,TRUE
National,202418,4,202422,3.2091,Clinical % positive,202538,3.1963,-0.012799999999999923,2024,18,2024-04-28,2024-05-04,2023,2023-24,31,TRUE
Region 6,202419,4,202423,1.83885,Clinical % positive,202538,1.83885,0,2024,19,2024-05-05,2024-05-11,2023,2023-24,32,TRUE
National,202419,4,202423,2.3772,Clinical % positive,202538,2.3264,-0.05080000000000018,2024,19,2024-05-05,2024-05-11,2023,2023-24,32,TRUE
Region 6,202420,4,202424,1.67685,Clinical % positive,202538,1.67685,0,2024,20,2024-05-12,2024-05-18,2023,2023-24,33,TRUE
National,202420,4,202424,1.84945,Clinical % positive,202538,1.82353,-0.025919999999999943,2024,20,2024-05-12,2024-05-18,2023,2023-24,33,TRUE
Region 6,202421,4,202425,1.33873,Clinical % positive,202538,1.33873,0,2024,21,2024-05-19,2024-05-25,2023,2023-24,34,TRUE
National,202421,4,202425,1.65588,Clinical % positive,202538,1.64013,-0.01574999999999993,2024,21,2024-05-19,2024-05-25,2023,2023-24,34,TRUE
Region 6,202422,4,202426,1.2372,Clinical % positive,202538,1.33209,0.09488999999999992,2024,22,2024-05-26,2024-06-01,2023,2023-24,35,TRUE
National,202422,4,202426,1.6775,Clinical % positive,202538,1.63898,-0.03851999999999989,2024,22,2024-05-26,2024-06-01,2023,2023-24,35,TRUE
Region 6,202423,4,202427,0.988725,Clinical % positive,202538,1.04612,0.057394999999999974,2024,23,2024-06-02,2024-06-08,2023,2023-24,36,TRUE
National,202423,4,202427,1.52147,Clinical % positive,202538,1.47982,-0.04165000000000019,2024,23,2024-06-02,2024-06-08,2023,2023-24,36,TRUE
Region 6,202424,4,202428,0.987287,Clinical % positive,202538,0.987287,0,2024,24,2024-06-09,2024-06-15,2023,2023-24,37,TRUE
National,202424,4,202428,1.29861,Clinical % positive,202538,1.28263,-0.015980000000000105,2024,24,2024-06-09,2024-06-15,2023,2023-24,37,TRUE
Region 6,202425,4,202429,0.609587,Clinical % positive,202538,0.609587,0,2024,25,2024-06-16,2024-06-22,2023,2023-24,38,TRUE
National,202425,4,202429,1.06014,Clinical % positive,202538,1.04808,-0.012060000000000182,2024,25,2024-06-16,2024-06-22,2023,2023-24,38,TRUE
Region 6,202426,4,202430,0.591716,Clinical % positive,202538,0.591716,0,2024,26,2024-06-23,2024-06-29,2023,2023-24,39,TRUE
National,202426,4,202430,0.916136,Clinical % positive,202538,0.890646,-0.0254899999999999,2024,26,2024-06-23,2024-06-29,2023,2023-24,39,TRUE
Region 6,202427,4,202431,0.705659,Clinical % positive,202538,0.705659,0,2024,27,2024-06-30,2024-07-06,2023,2023-24,40,TRUE
National,202427,4,202431,0.99825,Clinical % positive,202538,0.986472,-0.011777999999999955,2024,27,2024-06-30,2024-07-06,2023,2023-24,40,TRUE
Region 6,202428,4,202432,0.701846,Clinical % positive,202538,0.701846,0,2024,28,2024-07-07,2024-07-13,2023,2023-24,41,TRUE
National,202428,4,202432,0.847203,Clinical % positive,202538,0.830267,-0.016936000000000062,2024,28,2024-07-07,2024-07-13,2023,2023-24,41,TRUE
Region 6,202429,4,202433,0.556174,Clinical % positive,202538,0.556174,0,2024,29,2024-07-14,2024-07-20,2023,2023-24,42,TRUE
National,202429,4,202433,0.694725,Clinical % positive,202538,0.692818,-0.001906999999999992,2024,29,2024-07-14,2024-07-20,2023,2023-24,42,TRUE
Region 6,202430,4,202434,0.5084,Clinical % positive,202538,0.5084,0,2024,30,2024-07-21,2024-07-27,2023,2023-24,43,TRUE
National,202430,4,202434,0.602693,Clinical % positive,202538,0.602587,-1.060000000000505e-4,2024,30,2024-07-21,2024-07-27,2023,2023-24,43,TRUE
Region 6,202431,4,202435,0.440292,Clinical % positive,202538,0.435337,-0.004955000000000043,2024,31,2024-07-28,2024-08-03,2023,2023-24,44,TRUE
National,202431,4,202435,0.558647,Clinical % positive,202538,0.558449,-1.9800000000003148e-4,2024,31,2024-07-28,2024-08-03,2023,2023-24,44,TRUE
Region 6,202432,4,202436,0.345796,Clinical % positive,202538,0.342246,-0.0035499999999999976,2024,32,2024-08-04,2024-08-10,2023,2023-24,45,TRUE
National,202432,4,202436,0.492405,Clinical % positive,202538,0.485156,-0.0072490000000000054,2024,32,2024-08-04,2024-08-10,2023,2023-24,45,TRUE
Region 6,202433,4,202437,0.445119,Clinical % positive,202538,0.439209,-0.005909999999999971,2024,33,2024-08-11,2024-08-17,2023,2023-24,46,TRUE
National,202433,4,202437,0.447436,Clinical % positive,202538,0.451414,0.0039779999999999816,2024,33,2024-08-11,2024-08-17,2023,2023-24,46,TRUE
Region 6,202434,4,202438,0.506116,Clinical % positive,202538,0.500334,-0.005782000000000065,2024,34,2024-08-18,2024-08-24,2023,2023-24,47,TRUE
National,202434,4,202438,0.438449,Clinical % positive,202538,0.436722,-0.0017269999999999786,2024,34,2024-08-18,2024-08-24,2023,2023-24,47,TRUE
Region 6,202435,4,202439,0.528641,Clinical % positive,202538,0.524257,-0.0043840000000000545,2024,35,2024-08-25,2024-08-31,2023,2023-24,48,TRUE
National,202435,4,202439,0.424643,Clinical % positive,202538,0.415591,-0.009052000000000004,2024,35,2024-08-25,2024-08-31,2023,2023-24,48,TRUE
Region 6,202436,4,202440,0.515769,Clinical % positive,202538,0.511402,-0.00436700000000001,2024,36,2024-09-01,2024-09-07,2023,2023-24,49,TRUE
National,202436,4,202440,0.451164,Clinical % positive,202538,0.440743,-0.010421000000000014,2024,36,2024-09-01,2024-09-07,2023,2023-24,49,TRUE
Region 6,202437,4,202441,0.569426,Clinical % positive,202538,0.563112,-0.006314000000000042,2024,37,2024-09-08,2024-09-14,2023,2023-24,50,TRUE
National,202437,4,202441,0.489556,Clinical % positive,202538,0.476351,-0.013204999999999967,2024,37,2024-09-08,2024-09-14,2023,2023-24,50,TRUE
Region 6,202438,4,202442,0.745464,Clinical % positive,202538,0.738171,-0.007292999999999994,2024,38,2024-09-15,2024-09-21,2023,2023-24,51,TRUE
National,202438,4,202442,0.541407,Clinical % positive,202538,0.531351,-0.010055999999999954,2024,38,2024-09-15,2024-09-21,2023,2023-24,51,TRUE
Region 6,202439,4,202443,0.68287,Clinical % positive,202538,0.68287,0,2024,39,2024-09-22,2024-09-28,2023,2023-24,52,TRUE
National,202439,4,202443,0.520693,Clinical % positive,202538,0.529423,0.008730000000000016,2024,39,2024-09-22,2024-09-28,2023,2023-24,52,TRUE
Region 6,202440,4,202444,0.790936,Clinical % positive,202638,0.790936,0,2024,40,2024-09-29,2024-10-05,2024,2024-25,1,TRUE
National,202440,4,202444,0.676732,Clinical % positive,202638,0.674072,-0.0026599999999999957,2024,40,2024-09-29,2024-10-05,2024,2024-25,1,TRUE
Region 6,202441,4,202445,0.975299,Clinical % positive,202638,0.975299,0,2024,41,2024-10-06,2024-10-12,2024,2024-25,2,TRUE
National,202441,4,202445,0.68547,Clinical % positive,202638,0.671305,-0.014164999999999983,2024,41,2024-10-06,2024-10-12,2024,2024-25,2,TRUE
Region 6,202442,4,202446,1.13396,Clinical % positive,202638,1.13396,0,2024,42,2024-10-13,2024-10-19,2024,2024-25,3,TRUE
National,202442,4,202446,0.735096,Clinical % positive,202638,0.725634,-0.00946199999999997,2024,42,2024-10-13,2024-10-19,2024,2024-25,3,TRUE
Region 6,202443,4,202447,1.46709,Clinical % positive,202638,1.46709,0,2024,43,2024-10-20,2024-10-26,2024,2024-25,4,TRUE
National,202443,4,202447,0.96317,Clinical % positive,202638,0.964298,0.0011280000000000179,2024,43,2024-10-20,2024-10-26,2024,2024-25,4,TRUE
Region 6,202444,4,202448,1.60176,Clinical % positive,202638,1.60176,0,2024,44,2024-10-27,2024-11-02,2024,2024-25,5,TRUE
National,202444,4,202448,1.22619,Clinical % positive,202638,1.21851,-0.007679999999999909,2024,44,2024-10-27,2024-11-02,2024,2024-25,5,TRUE
Region 6,202445,4,202449,2.27945,Clinical % positive,202638,2.27945,0,2024,45,2024-11-03,2024-11-09,2024,2024-25,6,TRUE
National,202445,4,202449,1.54667,Clinical % positive,202638,1.52773,-0.018939999999999957,2024,45,2024-11-03,2024-11-09,2024,2024-25,6,TRUE
Region 6,202446,4,202450,2.96672,Clinical % positive,202638,2.96672,0,2024,46,2024-11-10,2024-11-16,2024,2024-25,7,TRUE
National,202446,4,202450,2.08916,Clinical % positive,202638,2.11081,0.021649999999999725,2024,46,2024-11-10,2024-11-16,2024,2024-25,7,TRUE
Region 6,202447,4,202451,3.8327,Clinical % positive,202638,3.8327,0,2024,47,2024-11-17,2024-11-23,2024,2024-25,8,TRUE
National,202447,4,202451,2.73766,Clinical % positive,202638,2.83398,0.09631999999999996,2024,47,2024-11-17,2024-11-23,2024,2024-25,8,TRUE
Region 6,202448,4,202452,5.11294,Clinical % positive,202638,5.11294,0,2024,48,2024-11-24,2024-11-30,2024,2024-25,9,TRUE
National,202448,4,202452,3.97832,Clinical % positive,202638,3.94831,-0.03000999999999987,2024,48,2024-11-24,2024-11-30,2024,2024-25,9,TRUE
Region 6,202449,4,202501,5.96812,Clinical % positive,202638,5.96812,0,2024,49,2024-12-01,2024-12-07,2024,2024-25,10,TRUE
National,202449,4,202501,5.22762,Clinical % positive,202638,5.15168,-0.07594000000000012,2024,49,2024-12-01,2024-12-07,2024,2024-25,10,TRUE
Region 6,202450,4,202502,11.2095,Clinical % positive,202638,11.5395,0.33000000000000007,2024,50,2024-12-08,2024-12-14,2024,2024-25,11,TRUE
National,202450,4,202502,8.53912,Clinical % positive,202638,8.59373,0.05461000000000027,2024,50,2024-12-08,2024-12-14,2024,2024-25,11,TRUE
Region 6,202451,4,202503,18.0388,Clinical % positive,202638,18.0388,0,2024,51,2024-12-15,2024-12-21,2024,2024-25,12,TRUE
National,202451,4,202503,14.1987,Clinical % positive,202638,14.1794,-0.019300000000001205,2024,51,2024-12-15,2024-12-21,2024,2024-25,12,TRUE
Region 6,202452,4,202504,21.9823,Clinical % positive,202638,21.9813,-9.999999999976694e-4,2024,52,2024-12-22,2024-12-28,2024,2024-25,13,TRUE
National,202452,4,202504,18.2894,Clinical % positive,202638,18.2344,-0.054999999999999716,2024,52,2024-12-22,2024-12-28,2024,2024-25,13,TRUE
Region 6,202501,4,202505,23.8021,Clinical % positive,202638,23.7825,-0.019600000000000506,2025,1,2024-12-29,2025-01-04,2024,2024-25,14,TRUE
National,202501,4,202505,18.1891,Clinical % positive,202638,18.2181,0.028999999999999915,2025,1,2024-12-29,2025-01-04,2024,2024-25,14,TRUE
Region 6,202502,4,202506,22.5479,Clinical % positive,202638,22.5333,-0.014599999999997948,2025,2,2025-01-05,2025-01-11,2024,2024-25,15,TRUE
National,202502,4,202506,18.3971,Clinical % positive,202638,18.3976,5.000000000023874e-4,2025,2,2025-01-05,2025-01-11,2024,2024-25,15,TRUE
Region 6,202503,4,202507,28.2592,Clinical % positive,202638,28.1142,-0.14499999999999957,2025,3,2025-01-12,2025-01-18,2024,2024-25,16,TRUE
National,202503,4,202507,23.855,Clinical % positive,202638,23.8246,-0.030400000000000205,2025,3,2025-01-12,2025-01-18,2024,2024-25,16,TRUE
Region 6,202504,4,202508,32.3118,Clinical % positive,202638,31.9788,-0.3329999999999984,2025,4,2025-01-19,2025-01-25,2024,2024-25,17,TRUE
National,202504,4,202508,28.5025,Clinical % positive,202638,28.7465,0.24399999999999977,2025,4,2025-01-19,2025-01-25,2024,2024-25,17,TRUE
Region 6,202505,4,202509,37.724,Clinical % positive,202638,37.3103,-0.4136999999999986,2025,5,2025-01-26,2025-02-01,2024,2024-25,18,TRUE
National,202505,4,202509,31.7135,Clinical % positive,202638,31.6481,-0.06540000000000035,2025,5,2025-01-26,2025-02-01,2024,2024-25,18,TRUE
Region 6,202506,4,202510,32.5379,Clinical % positive,202638,32.5379,0,2025,6,2025-02-02,2025-02-08,2024,2024-25,19,TRUE
National,202506,4,202510,31.4102,Clinical % positive,202638,31.4103,9.999999999976694e-5,2025,6,2025-02-02,2025-02-08,2024,2024-25,19,TRUE
Region 6,202507,4,202511,25.1233,Clinical % positive,202638,25.1233,0,2025,7,2025-02-09,2025-02-15,2024,2024-25,20,TRUE
National,202507,4,202511,27.8423,Clinical % positive,202638,27.8373,-0.005000000000002558,2025,7,2025-02-09,2025-02-15,2024,2024-25,20,TRUE
Region 6,202508,4,202512,20.9165,Clinical % positive,202638,20.9165,0,2025,8,2025-02-16,2025-02-22,2024,2024-25,21,TRUE
National,202508,4,202512,23.3264,Clinical % positive,202638,23.9403,0.613900000000001,2025,8,2025-02-16,2025-02-22,2024,2024-25,21,TRUE
Region 6,202509,4,202513,16.8265,Clinical % positive,202638,16.8265,0,2025,9,2025-02-23,2025-03-01,2024,2024-25,22,TRUE
National,202509,4,202513,19.4462,Clinical % positive,202638,19.4796,0.03340000000000032,2025,9,2025-02-23,2025-03-01,2024,2024-25,22,TRUE
Region 6,202510,4,202514,14.1384,Clinical % positive,202638,14.1384,0,2025,10,2025-03-02,2025-03-08,2024,2024-25,23,TRUE
National,202510,4,202514,15.8496,Clinical % positive,202638,15.8557,0.006099999999999994,2025,10,2025-03-02,2025-03-08,2024,2024-25,23,TRUE
Region 6,202511,4,202515,11.2368,Clinical % positive,202638,11.2368,0,2025,11,2025-03-09,2025-03-15,2024,2024-25,24,TRUE
National,202511,4,202515,13.3365,Clinical % positive,202638,13.3136,-0.02289999999999992,2025,11,2025-03-09,2025-03-15,2024,2024-25,24,TRUE
Region 6,202512,4,202516,8.40546,Clinical % positive,202638,8.40546,0,2025,12,2025-03-16,2025-03-22,2024,2024-25,25,TRUE
National,202512,4,202516,10.7295,Clinical % positive,202638,10.7287,-7.999999999999119e-4,2025,12,2025-03-16,2025-03-22,2024,2024-25,25,TRUE
Region 6,202513,4,202517,7.68265,Clinical % positive,202638,7.68265,0,2025,13,2025-03-23,2025-03-29,2024,2024-25,26,TRUE
National,202513,4,202517,9.27131,Clinical % positive,202638,9.2285,-0.04280999999999935,2025,13,2025-03-23,2025-03-29,2024,2024-25,26,TRUE
Region 6,202514,4,202518,6.12485,Clinical % positive,202638,6.12485,0,2025,14,2025-03-30,2025-04-05,2024,2024-25,27,TRUE
National,202514,4,202518,7.62457,Clinical % positive,202638,7.57976,-0.044810000000000016,2025,14,2025-03-30,2025-04-05,2024,2024-25,27,TRUE
Region 6,202515,4,202519,4.99367,Clinical % positive,202638,5.0139,0.020229999999999748,2025,15,2025-04-06,2025-04-12,2024,2024-25,28,TRUE
National,202515,4,202519,6.25659,Clinical % positive,202638,6.16646,-0.09013000000000027,2025,15,2025-04-06,2025-04-12,2024,2024-25,28,TRUE
Region 6,202516,4,202520,4.16624,Clinical % positive,202638,4.17591,0.009669999999999845,2025,16,2025-04-13,2025-04-19,2024,2024-25,29,TRUE
National,202516,4,202520,5.33326,Clinical % positive,202638,5.2814,-0.05186000000000046,2025,16,2025-04-13,2025-04-19,2024,2024-25,29,TRUE
Region 6,202517,4,202521,3.47977,Clinical % positive,202638,3.49135,0.011580000000000368,2025,17,2025-04-20,2025-04-26,2024,2024-25,30,TRUE
National,202517,4,202521,4.46708,Clinical % positive,202638,4.42023,-0.04685000000000006,2025,17,2025-04-20,2025-04-26,2024,2024-25,30,TRUE
Region 6,202518,4,202522,3.29695,Clinical % positive,202638,3.29695,0,2025,18,2025-04-27,2025-05-03,2024,2024-25,31,TRUE
National,202518,4,202522,3.3877100000000002,Clinical % positive,202638,3.34042,-0.047290000000000276,2025,18,2025-04-27,2025-05-03,2024,2024-25,31,TRUE
Region 6,202519,4,202523,2.2345,Clinical % positive,202638,2.2345,0,2025,19,2025-05-04,2025-05-10,2024,2024-25,32,TRUE
National,202519,4,202523,2.66992,Clinical % positive,202638,2.6225,-0.047419999999999796,2025,19,2025-05-04,2025-05-10,2024,2024-25,32,TRUE
Region 6,202520,4,202524,2.3567,Clinical % positive,202638,2.3567,0,2025,20,2025-05-11,2025-05-17,2024,2024-25,33,TRUE
National,202520,4,202524,2.17693,Clinical % positive,202638,2.14267,-0.03426000000000018,2025,20,2025-05-11,2025-05-17,2024,2024-25,33,TRUE
Region 6,202521,4,202525,2.56542,Clinical % positive,202638,2.56542,0,2025,21,2025-05-18,2025-05-24,2024,2024-25,34,TRUE
National,202521,4,202525,1.95038,Clinical % positive,202638,1.92089,-0.029490000000000016,2025,21,2025-05-18,2025-05-24,2024,2024-25,34,TRUE
Region 6,202522,4,202526,3.17291,Clinical % positive,202638,3.17291,0,2025,22,2025-05-25,2025-05-31,2024,2024-25,35,TRUE
National,202522,4,202526,1.9265,Clinical % positive,202638,1.8643,-0.06220000000000003,2025,22,2025-05-25,2025-05-31,2024,2024-25,35,TRUE
Region 6,202523,4,202527,2.73159,Clinical % positive,202638,2.73159,0,2025,23,2025-06-01,2025-06-07,2024,2024-25,36,TRUE
National,202523,4,202527,1.65122,Clinical % positive,202638,1.59902,-0.0521999999999998,2025,23,2025-06-01,2025-06-07,2024,2024-25,36,TRUE
Region 6,202524,4,202528,1.52697,Clinical % positive,202638,1.52697,0,2025,24,2025-06-08,2025-06-14,2024,2024-25,37,TRUE
National,202524,4,202528,1.25481,Clinical % positive,202638,1.20473,-0.0500799999999999,2025,24,2025-06-08,2025-06-14,2024,2024-25,37,TRUE
Region 6,202525,4,202529,1.32425,Clinical % positive,202638,1.32425,0,2025,25,2025-06-15,2025-06-21,2024,2024-25,38,TRUE
National,202525,4,202529,1.07496,Clinical % positive,202638,1.03725,-0.03770999999999991,2025,25,2025-06-15,2025-06-21,2024,2024-25,38,TRUE
Region 6,202526,4,202530,1.17624,Clinical % positive,202638,1.17624,0,2025,26,2025-06-22,2025-06-28,2024,2024-25,39,TRUE
National,202526,4,202530,0.87776,Clinical % positive,202638,0.848557,-0.02920299999999998,2025,26,2025-06-22,2025-06-28,2024,2024-25,39,TRUE
Region 6,202527,4,202531,1.27578,Clinical % positive,202638,1.26007,-0.01570999999999989,2025,27,2025-06-29,2025-07-05,2024,2024-25,40,TRUE
National,202527,4,202531,0.82657,Clinical % positive,202638,0.797926,-0.028644000000000003,2025,27,2025-06-29,2025-07-05,2024,2024-25,40,TRUE
Region 6,202528,4,202532,0.903796,Clinical % positive,202638,0.882526,-0.02127000000000001,2025,28,2025-07-06,2025-07-12,2024,2024-25,41,TRUE
National,202528,4,202532,0.7762,Clinical % positive,202638,0.780353,0.004152999999999962,2025,28,2025-07-06,2025-07-12,2024,2024-25,41,TRUE
Region 6,202529,4,202533,0.338677,Clinical % positive,202638,0.426439,0.087762,2025,29,2025-07-13,2025-07-19,2024,2024-25,42,TRUE
National,202529,4,202533,0.534021,Clinical % positive,202638,0.541867,0.00784600000000002,2025,29,2025-07-13,2025-07-19,2024,2024-25,42,TRUE
Region 6,202530,4,202534,0.393271,Clinical % positive,202638,0.336511,-0.05675999999999998,2025,30,2025-07-20,2025-07-26,2024,2024-25,43,TRUE
National,202530,4,202534,0.416528,Clinical % positive,202638,0.408367,-0.00816100000000003,2025,30,2025-07-20,2025-07-26,2024,2024-25,43,TRUE
Region 6,202531,4,202535,0.586455,Clinical % positive,202638,0.568912,-0.017542999999999975,2025,31,2025-07-27,2025-08-02,2024,2024-25,44,TRUE
National,202531,4,202535,0.444234,Clinical % positive,202638,0.4421,-0.0021340000000000248,2025,31,2025-07-27,2025-08-02,2024,2024-25,44,TRUE
Region 6,202532,4,202536,0.289855,Clinical % positive,202638,0.280751,-0.009104000000000001,2025,32,2025-08-03,2025-08-09,2024,2024-25,45,TRUE
National,202532,4,202536,0.385202,Clinical % positive,202638,0.3833,-0.0019020000000000148,2025,32,2025-08-03,2025-08-09,2024,2024-25,45,TRUE
Region 6,202533,4,202537,0.430637,Clinical % positive,202638,0.492317,0.06168000000000001,2025,33,2025-08-10,2025-08-16,2024,2024-25,46,TRUE
National,202533,4,202537,0.341191,Clinical % positive,202638,0.34551,0.004318999999999962,2025,33,2025-08-10,2025-08-16,2024,2024-25,46,TRUE
Region 6,202534,4,202538,0.313443,Clinical % positive,202638,0.321027,0.00758399999999998,2025,34,2025-08-17,2025-08-23,2024,2024-25,47,TRUE
National,202534,4,202538,0.390761,Clinical % positive,202638,0.388672,-0.0020890000000000075,2025,34,2025-08-17,2025-08-23,2024,2024-25,47,TRUE
Region 6,202541,4,202545,1.05592,Clinical % positive,202638,1.05592,0,2025,41,2025-10-05,2025-10-11,2025,2025-26,2,TRUE
National,202541,4,202545,0.534769,Clinical % positive,202638,0.527728,-0.007041000000000075,2025,41,2025-10-05,2025-10-11,2025,2025-26,2,TRUE
Region 6,202542,4,202546,1.22202,Clinical % positive,202638,1.22202,0,2025,42,2025-10-12,2025-10-18,2025,2025-26,3,TRUE
National,202542,4,202546,0.657497,Clinical % positive,202638,0.64458,-0.012916999999999956,2025,42,2025-10-12,2025-10-18,2025,2025-26,3,TRUE
Region 6,202543,4,202547,1.53408,Clinical % positive,202638,1.52785,-0.00623000000000018,2025,43,2025-10-19,2025-10-25,2025,2025-26,4,TRUE
National,202543,4,202547,0.798092,Clinical % positive,202638,0.78546,-0.012631999999999977,2025,43,2025-10-19,2025-10-25,2025,2025-26,4,TRUE
Region 6,202544,4,202548,1.30729,Clinical % positive,202638,1.98693,0.67964,2025,44,2025-10-26,2025-11-01,2025,2025-26,5,TRUE
National,202544,4,202548,0.99485,Clinical % positive,202638,1.09444,0.09959000000000007,2025,44,2025-10-26,2025-11-01,2025,2025-26,5,TRUE
Region 6,202545,4,202549,2.5136,Clinical % positive,202638,3.36624,0.8526400000000001,2025,45,2025-11-02,2025-11-08,2025,2025-26,6,TRUE
National,202545,4,202549,1.78604,Clinical % positive,202638,1.90515,0.11910999999999983,2025,45,2025-11-02,2025-11-08,2025,2025-26,6,TRUE
Region 6,202546,4,202550,4.9948,Clinical % positive,202638,5.79026,0.7954600000000003,2025,46,2025-11-09,2025-11-15,2025,2025-26,7,TRUE
National,202546,4,202550,3.15195,Clinical % positive,202638,3.26408,0.11213000000000006,2025,46,2025-11-09,2025-11-15,2025,2025-26,7,TRUE
Region 6,202547,4,202551,9.63264,Clinical % positive,202638,9.63264,0,2025,47,2025-11-16,2025-11-22,2025,2025-26,8,TRUE
National,202547,4,202551,5.51599,Clinical % positive,202638,5.47544,-0.04055000000000053,2025,47,2025-11-16,2025-11-22,2025,2025-26,8,TRUE
Region 6,202548,4,202552,13.2166,Clinical % positive,202638,13.2166,0,2025,48,2025-11-23,2025-11-29,2025,2025-26,9,TRUE
National,202548,4,202552,8.02465,Clinical % positive,202638,8.02224,-0.002409999999999357,2025,48,2025-11-23,2025-11-29,2025,2025-26,9,TRUE
Region 6,202549,4,202553,10.7299,Clinical % positive,202638,10.7703,0.04039999999999999,2025,49,2025-11-30,2025-12-06,2025,2025-26,10,TRUE
National,202549,4,202553,8.95541,Clinical % positive,202638,8.98526,0.02984999999999971,2025,49,2025-11-30,2025-12-06,2025,2025-26,10,TRUE
Region 6,202550,4,202601,19.4042,Clinical % positive,202638,19.414,0.00980000000000203,2025,50,2025-12-07,2025-12-13,2025,2025-26,11,TRUE
National,202550,4,202601,15.5778,Clinical % positive,202638,15.4562,-0.12159999999999904,2025,50,2025-12-07,2025-12-13,2025,2025-26,11,TRUE
Region 6,202551,4,202602,30.837,Clinical % positive,202638,30.783,-0.053999999999998494,2025,51,2025-12-14,2025-12-20,2025,2025-26,12,TRUE
National,202551,4,202602,25.6141,Clinical % positive,202638,25.5832,-0.03089999999999904,2025,51,2025-12-14,2025-12-20,2025,2025-26,12,TRUE
Region 6,202552,4,202603,38.4385,Clinical % positive,202638,38.0531,-0.3853999999999971,2025,52,2025-12-21,2025-12-27,2025,2025-26,13,TRUE
National,202552,4,202603,31.8493,Clinical % positive,202638,31.7039,-0.14539999999999864,2025,52,2025-12-21,2025-12-27,2025,2025-26,13,TRUE
Region 6,202553,4,202604,29.4799,Clinical % positive,202638,28.731,-0.748899999999999,2025,53,2025-12-28,2026-01-03,2025,2025-26,14,TRUE
National,202553,4,202604,24.6723,Clinical % positive,202638,24.6931,0.020800000000001262,2025,53,2025-12-28,2026-01-03,2025,2025-26,14,TRUE
Region 6,202601,4,202605,21.7294,Clinical % positive,202638,21.047,-0.6823999999999977,2026,1,2026-01-04,2026-01-10,2025,2025-26,15,TRUE
National,202601,4,202605,18.5063,Clinical % positive,202638,18.6029,0.09660000000000224,2026,1,2026-01-04,2026-01-10,2025,2025-26,15,TRUE
Region 6,202602,4,202606,20.5084,Clinical % positive,202638,19.3784,-1.1300000000000026,2026,2,2026-01-11,2026-01-17,2025,2025-26,16,TRUE
National,202602,4,202606,17.0756,Clinical % positive,202638,17.0323,-0.043300000000002115,2026,2,2026-01-11,2026-01-17,2025,2025-26,16,TRUE
Region 6,202603,4,202607,23.2085,Clinical % positive,202638,22.8706,-0.3379000000000012,2026,3,2026-01-18,2026-01-24,2025,2025-26,17,TRUE
National,202603,4,202607,17.5367,Clinical % positive,202638,17.5167,-0.019999999999999574,2026,3,2026-01-18,2026-01-24,2025,2025-26,17,TRUE
Region 6,202604,4,202608,22.7196,Clinical % positive,202638,22.1379,-0.5817000000000014,2026,4,2026-01-25,2026-01-31,2025,2025-26,18,TRUE
National,202604,4,202608,17.4208,Clinical % positive,202638,17.4132,-0.007600000000000051,2026,4,2026-01-25,2026-01-31,2025,2025-26,18,TRUE
Region 6,202605,4,202609,22.7654,Clinical % positive,202638,22.7046,-0.06080000000000041,2026,5,2026-02-01,2026-02-07,2025,2025-26,19,TRUE
National,202605,4,202609,18.0381,Clinical % positive,202638,18.0427,0.0045999999999999375,2026,5,2026-02-01,2026-02-07,2025,2025-26,19,TRUE
Region 6,202606,4,202610,23.6663,Clinical % positive,202638,23.6264,-0.03989999999999938,2026,6,2026-02-08,2026-02-14,2025,2025-26,20,TRUE
National,202606,4,202610,18.3719,Clinical % positive,202638,18.3248,-0.047100000000000364,2026,6,2026-02-08,2026-02-14,2025,2025-26,20,TRUE
Region 6,202607,4,202611,21.9494,Clinical % positive,202638,21.9315,-0.017900000000000915,2026,7,2026-02-15,2026-02-21,2025,2025-26,21,TRUE
National,202607,4,202611,18.0103,Clinical % positive,202638,18.0222,0.011900000000000688,2026,7,2026-02-15,2026-02-21,2025,2025-26,21,TRUE
Region 6,202608,4,202612,18.6107,Clinical % positive,202638,18.5784,-0.03230000000000288,2026,8,2026-02-22,2026-02-28,2025,2025-26,22,TRUE
National,202608,4,202612,15.6787,Clinical % positive,202638,15.6738,-0.004899999999999238,2026,8,2026-02-22,2026-02-28,2025,2025-26,22,TRUE
Region 6,202609,4,202613,17.1115,Clinical % positive,202638,17.0853,-0.026199999999999335,2026,9,2026-03-01,2026-03-07,2025,2025-26,23,TRUE
National,202609,4,202613,15.3241,Clinical % positive,202638,15.3439,0.01980000000000004,2026,9,2026-03-01,2026-03-07,2025,2025-26,23,TRUE
Region 6,202610,4,202614,15.3952,Clinical % positive,202638,15.3853,-0.00990000000000002,2026,10,2026-03-08,2026-03-14,2025,2025-26,24,TRUE
National,202610,4,202614,13.8278,Clinical % positive,202638,13.8166,-0.011200000000000543,2026,10,2026-03-08,2026-03-14,2025,2025-26,24,TRUE
Region 6,202611,4,202615,13.0205,Clinical % positive,202638,13.0037,-0.016799999999999926,2026,11,2026-03-15,2026-03-21,2025,2025-26,25,TRUE
National,202611,4,202615,11.212,Clinical % positive,202638,11.2108,-0.0011999999999989797,2026,11,2026-03-15,2026-03-21,2025,2025-26,25,TRUE
Region 6,202612,4,202616,11.0446,Clinical % positive,202638,11.0546,0.009999999999999787,2026,12,2026-03-22,2026-03-28,2025,2025-26,26,TRUE
National,202612,4,202616,9.61818,Clinical % positive,202638,9.61931,0.0011299999999998533,2026,12,2026-03-22,2026-03-28,2025,2025-26,26,TRUE
Region 6,202613,4,202617,7.60714,Clinical % positive,202638,7.62662,0.01947999999999972,2026,13,2026-03-29,2026-04-04,2025,2025-26,27,TRUE
National,202613,4,202617,7.79871,Clinical % positive,202638,7.77371,-0.024999999999999467,2026,13,2026-03-29,2026-04-04,2025,2025-26,27,TRUE
Region 6,202614,4,202618,6.06654,Clinical % positive,202638,6.05876,-0.007779999999999454,2026,14,2026-04-05,2026-04-11,2025,2025-26,28,TRUE
National,202614,4,202618,5.91401,Clinical % positive,202638,5.90799,-0.006020000000000358,2026,14,2026-04-05,2026-04-11,2025,2025-26,28,TRUE
Region 6,202615,4,202619,3.89188,Clinical % positive,202638,3.89367,0.0017900000000001803,2026,15,2026-04-12,2026-04-18,2025,2025-26,29,TRUE
National,202615,4,202619,4.52516,Clinical % positive,202638,4.52509,-7.00000000000145e-5,2026,15,2026-04-12,2026-04-18,2025,2025-26,29,TRUE
Region 6,202616,4,202620,3.34232,Clinical % positive,202638,3.35751,0.015190000000000037,2026,16,2026-04-19,2026-04-25,2025,2025-26,30,TRUE
National,202616,4,202620,3.41568,Clinical % positive,202638,3.41479,-8.900000000000574e-4,2026,16,2026-04-19,2026-04-25,2025,2025-26,30,TRUE
Region 6,202617,4,202621,2.90202,Clinical % positive,202638,2.90654,0.0045200000000003016,2026,17,2026-04-26,2026-05-02,2025,2025-26,31,TRUE
National,202617,4,202621,2.97247,Clinical % positive,202638,2.96964,-0.002829999999999888,2026,17,2026-04-26,2026-05-02,2025,2025-26,31,TRUE
Region 6,202618,4,202622,1.90586,Clinical % positive,202638,1.90586,0,2026,18,2026-05-03,2026-05-09,2025,2025-26,32,TRUE
National,202618,4,202622,2.48795,Clinical % positive,202638,2.47606,-0.011890000000000178,2026,18,2026-05-03,2026-05-09,2025,2025-26,32,TRUE
Region 6,202619,4,202623,1.33895,Clinical % positive,202638,1.33895,0,2026,19,2026-05-10,2026-05-16,2025,2025-26,33,TRUE
National,202619,4,202623,1.91374,Clinical % positive,202638,1.90845,-0.005290000000000017,2026,19,2026-05-10,2026-05-16,2025,2025-26,33,TRUE
Region 6,202620,4,202624,1.19205,Clinical % positive,202638,1.19008,-0.0019700000000000273,2026,20,2026-05-17,2026-05-23,2025,2025-26,34,TRUE
National,202620,4,202624,1.54595,Clinical % positive,202638,1.5432,-0.00275000000000003,2026,20,2026-05-17,2026-05-23,2025,2025-26,34,TRUE
Region 6,202621,4,202625,1.19284,Clinical % positive,202638,1.19284,0,2026,21,2026-05-24,2026-05-30,2025,2025-26,35,TRUE
National,202621,4,202625,1.31777,Clinical % positive,202638,1.30898,-0.008790000000000076,2026,21,2026-05-24,2026-05-30,2025,2025-26,35,TRUE
Region 6,202622,4,202626,0.774117,Clinical % positive,202638,0.774117,0,2026,22,2026-05-31,2026-06-06,2025,2025-26,36,TRUE
National,202622,4,202626,0.908282,Clinical % positive,202638,0.913254,0.0049719999999999764,2026,22,2026-05-31,2026-06-06,2025,2025-26,36,TRUE
Region 6,202623,4,202627,0.658454,Clinical % positive,202638,0.658454,0,2026,23,2026-06-07,2026-06-13,2025,2025-26,37,TRUE
National,202623,4,202627,0.789481,Clinical % positive,202638,0.789391,-9.00000000000345e-5,2026,23,2026-06-07,2026-06-13,2025,2025-26,37,TRUE
Region 6,202624,4,202628,0.400377,Clinical % positive,202638,0.400377,0,2026,24,2026-06-14,2026-06-20,2025,2025-26,38,TRUE
National,202624,4,202628,0.642405,Clinical % positive,202638,0.642405,0,2026,24,2026-06-14,2026-06-20,2025,2025-26,38,TRUE
Region 6,202625,4,202629,0.392157,Clinical % positive,202638,0.392157,0,2026,25,2026-06-21,2026-06-27,2025,2025-26,39,TRUE
National,202625,4,202629,0.47613,Clinical % positive,202638,0.47613,0,2026,25,2026-06-21,2026-06-27,2025,2025-26,39,TRUE
Region 6,202626,4,202630,0.949367,Clinical % positive,202638,0.949367,0,2026,26,2026-06-28,2026-07-04,2025,2025-26,40,TRUE
National,202626,4,202630,0.537488,Clinical % positive,202638,0.548678,0.011190000000000033,2026,26,2026-06-28,2026-07-04,2025,2025-26,40,TRUE
Region 6,202627,4,202631,0.698035,Clinical % positive,202638,0.698035,0,2026,27,2026-07-05,2026-07-11,2025,2025-26,41,TRUE
National,202627,4,202631,0.761077,Clinical % positive,202638,0.759966,-0.0011109999999999731,2026,27,2026-07-05,2026-07-11,2025,2025-26,41,TRUE
Region 6,202628,4,202632,0.985878,Clinical % positive,202638,0.985878,0,2026,28,2026-07-12,2026-07-18,2025,2025-26,42,TRUE
National,202628,4,202632,0.550247,Clinical % positive,202638,0.544812,-0.005435000000000079,2026,28,2026-07-12,2026-07-18,2025,2025-26,42,TRUE
Region 6,202629,4,202633,0.419837,Clinical % positive,202638,0.419837,0,2026,29,2026-07-19,2026-07-25,2025,2025-26,43,TRUE
National,202629,4,202633,0.456285,Clinical % positive,202638,0.454794,-0.00149100000000002,2026,29,2026-07-19,2026-07-25,2025,2025-26,43,TRUE
Region 6,202630,4,202634,0.38373,Clinical % positive,202638,0.382653,-0.0010769999999999946,2026,30,2026-07-26,2026-08-01,2025,2025-26,44,TRUE
National,202630,4,202634,0.43014,Clinical % positive,202638,0.429962,-1.7800000000001148e-4,2026,30,2026-07-26,2026-08-01,2025,2025-26,44,TRUE
Region 6,202631,4,202635,0.532301,Clinical % positive,202638,0.531273,-0.0010280000000000289,2026,31,2026-08-02,2026-08-08,2025,2025-26,45,TRUE
National,202631,4,202635,0.486978,Clinical % positive,202638,0.486294,-6.840000000000179e-4,2026,31,2026-08-02,2026-08-08,2025,2025-26,45,TRUE
Region 6,202632,4,202636,0.612523,Clinical % positive,202638,0.608931,-0.0035920000000000396,2026,32,2026-08-09,2026-08-15,2025,2025-26,46,TRUE
National,202632,4,202636,0.670909,Clinical % positive,202638,0.669681,-0.0012280000000000069,2026,32,2026-08-09,2026-08-15,2025,2025-26,46,TRUE
Region 6,202633,4,202637,0.784379,Clinical % positive,202638,0.784379,0,2026,33,2026-08-16,2026-08-22,2025,2025-26,47,TRUE
National,202633,4,202637,0.795584,Clinical % positive,202638,0.795584,0,2026,33,2026-08-16,2026-08-22,2025,2025-26,47,TRUE
Region 6,202634,4,202638,0.935466,Clinical % positive,202638,0.935466,0,2026,34,2026-08-23,2026-08-29,2025,2025-26,48,TRUE
National,202634,4,202638,1.01277,Clinical % positive,202638,1.01277,0,2026,34,2026-08-23,2026-08-29,2025,2025-26,48,TRUE
