region,epiweek,first_lag,first_issue,first_value,metric,latest_issue,latest,revision,year,week,week_start,week_end,season_start_year,season,season_week,comparable_baseline
National,202240,0,202240,3.29693,Clinical % positive,202439,2.66968,-0.6272500000000001,2022,40,2022-10-02,2022-10-08,2022,2022-23,1,TRUE
National,202241,0,202241,4.38743,Clinical % positive,202439,3.46261,-0.92482,2022,41,2022-10-09,2022-10-15,2022,2022-23,2,TRUE
National,202242,0,202242,6.16683,Clinical % positive,202439,5.43662,-0.7302100000000005,2022,42,2022-10-16,2022-10-22,2022,2022-23,3,TRUE
National,202243,0,202243,8.96086,Clinical % positive,202439,8.37742,-0.5834399999999995,2022,43,2022-10-23,2022-10-29,2022,2022-23,4,TRUE
National,202244,0,202244,12.7557,Clinical % positive,202439,12.7953,0.03960000000000008,2022,44,2022-10-30,2022-11-05,2022,2022-23,5,TRUE
National,202245,0,202245,14.7433,Clinical % positive,202439,14.9355,0.1921999999999997,2022,45,2022-11-06,2022-11-12,2022,2022-23,6,TRUE
National,202246,0,202246,18.221800000000002,Clinical % positive,202439,18.3419,0.12009999999999721,2022,46,2022-11-13,2022-11-19,2022,2022-23,7,TRUE
National,202247,0,202247,25.0666,Clinical % positive,202439,25.8135,0.7469000000000001,2022,47,2022-11-20,2022-11-26,2022,2022-23,8,TRUE
National,202248,0,202248,24.8075,Clinical % positive,202439,25.5531,0.7455999999999996,2022,48,2022-11-27,2022-12-03,2022,2022-23,9,TRUE
National,202249,0,202249,25.3591,Clinical % positive,202439,26.2658,0.9066999999999972,2022,49,2022-12-04,2022-12-10,2022,2022-23,10,TRUE
National,202250,0,202250,24.4406,Clinical % positive,202439,24.4693,0.028700000000000614,2022,50,2022-12-11,2022-12-17,2022,2022-23,11,TRUE
National,202251,0,202251,19.7523,Clinical % positive,202439,20.7763,1.0239999999999974,2022,51,2022-12-18,2022-12-24,2022,2022-23,12,TRUE
National,202252,0,202252,14.9879,Clinical % positive,202439,14.8994,-0.0884999999999998,2022,52,2022-12-25,2022-12-31,2022,2022-23,13,TRUE
National,202301,0,202301,8.615,Clinical % positive,202439,8.61225,-0.0027500000000006963,2023,1,2023-01-01,2023-01-07,2022,2022-23,14,TRUE
National,202302,0,202302,4.62466,Clinical % positive,202439,4.58566,-0.03900000000000059,2023,2,2023-01-08,2023-01-14,2022,2022-23,15,TRUE
National,202303,0,202303,2.99194,Clinical % positive,202439,2.94035,-0.051590000000000025,2023,3,2023-01-15,2023-01-21,2022,2022-23,16,TRUE
National,202304,0,202304,2.14235,Clinical % positive,202439,2.12014,-0.02220999999999984,2023,4,2023-01-22,2023-01-28,2022,2022-23,17,TRUE
National,202305,0,202305,1.68879,Clinical % positive,202439,1.67339,-0.01540000000000008,2023,5,2023-01-29,2023-02-04,2022,2022-23,18,TRUE
National,202306,0,202306,1.36866,Clinical % positive,202439,1.36967,0.0010099999999999554,2023,6,2023-02-05,2023-02-11,2022,2022-23,19,TRUE
National,202307,0,202307,1.03696,Clinical % positive,202439,1.08468,0.047719999999999985,2023,7,2023-02-12,2023-02-18,2022,2022-23,20,TRUE
National,202308,0,202308,0.96959,Clinical % positive,202439,1.01838,0.04879000000000011,2023,8,2023-02-19,2023-02-25,2022,2022-23,21,TRUE
National,202309,0,202309,0.881669,Clinical % positive,202439,0.92233,0.04066099999999995,2023,9,2023-02-26,2023-03-04,2022,2022-23,22,TRUE
National,202310,0,202310,1.00699,Clinical % positive,202439,1.04196,0.034969999999999946,2023,10,2023-03-05,2023-03-11,2022,2022-23,23,TRUE
National,202311,0,202311,0.827533,Clinical % positive,202439,0.89434,0.06680700000000006,2023,11,2023-03-12,2023-03-18,2022,2022-23,24,TRUE
National,202312,0,202312,0.940759,Clinical % positive,202439,0.949267,0.00850799999999996,2023,12,2023-03-19,2023-03-25,2022,2022-23,25,TRUE
National,202313,0,202313,0.93467,Clinical % positive,202439,0.959683,0.025012999999999952,2023,13,2023-03-26,2023-04-01,2022,2022-23,26,TRUE
National,202314,0,202314,0.976451,Clinical % positive,202439,1.05613,0.07967900000000006,2023,14,2023-04-02,2023-04-08,2022,2022-23,27,TRUE
National,202315,0,202315,1.01073,Clinical % positive,202439,1.01401,0.0032800000000001717,2023,15,2023-04-09,2023-04-15,2022,2022-23,28,TRUE
National,202316,0,202316,0.807533,Clinical % positive,202439,0.837728,0.030195000000000083,2023,16,2023-04-16,2023-04-22,2022,2022-23,29,TRUE
National,202317,0,202317,1.03524,Clinical % positive,202439,0.954306,-0.08093399999999995,2023,17,2023-04-23,2023-04-29,2022,2022-23,30,TRUE
National,202318,0,202318,0.929368,Clinical % positive,202439,0.943503,0.014135000000000009,2023,18,2023-04-30,2023-05-06,2022,2022-23,31,TRUE
National,202319,0,202319,0.975675,Clinical % positive,202439,1.01804,0.0423650000000001,2023,19,2023-05-07,2023-05-13,2022,2022-23,32,TRUE
National,202320,0,202320,1.11306,Clinical % positive,202439,1.17603,0.06296999999999997,2023,20,2023-05-14,2023-05-20,2022,2022-23,33,TRUE
National,202321,0,202321,1.21548,Clinical % positive,202439,1.19412,-0.021359999999999824,2023,21,2023-05-21,2023-05-27,2022,2022-23,34,TRUE
National,202322,0,202322,1.0676,Clinical % positive,202439,1.30539,0.23778999999999995,2023,22,2023-05-28,2023-06-03,2022,2022-23,35,TRUE
National,202323,0,202323,0.987224,Clinical % positive,202439,1.0945,0.10727600000000004,2023,23,2023-06-04,2023-06-10,2022,2022-23,36,TRUE
National,202324,0,202324,1.08569,Clinical % positive,202439,1.1074600000000001,0.021770000000000067,2023,24,2023-06-11,2023-06-17,2022,2022-23,37,TRUE
National,202325,0,202325,1.01142,Clinical % positive,202439,0.947234,-0.06418599999999997,2023,25,2023-06-18,2023-06-24,2022,2022-23,38,TRUE
National,202326,0,202326,1.18699,Clinical % positive,202439,1.10448,-0.08251000000000008,2023,26,2023-06-25,2023-07-01,2022,2022-23,39,TRUE
National,202327,0,202327,0.83652,Clinical % positive,202439,1.20836,0.37184000000000006,2023,27,2023-07-02,2023-07-08,2022,2022-23,40,TRUE
National,202328,0,202328,0.937757,Clinical % positive,202439,0.998011,0.06025400000000003,2023,28,2023-07-09,2023-07-15,2022,2022-23,41,TRUE
National,202329,0,202329,1.0059,Clinical % positive,202439,0.998153,-0.007747000000000059,2023,29,2023-07-16,2023-07-22,2022,2022-23,42,TRUE
National,202330,0,202330,0.991016,Clinical % positive,202439,0.994042,0.003025999999999973,2023,30,2023-07-23,2023-07-29,2022,2022-23,43,TRUE
National,202331,0,202331,1.04523,Clinical % positive,202439,1.06399,0.018759999999999888,2023,31,2023-07-30,2023-08-05,2022,2022-23,44,TRUE
National,202332,0,202332,0.816264,Clinical % positive,202439,0.855174,0.03891,2023,32,2023-08-06,2023-08-12,2022,2022-23,45,TRUE
National,202333,0,202333,0.874745,Clinical % positive,202439,0.897271,0.022526000000000046,2023,33,2023-08-13,2023-08-19,2022,2022-23,46,TRUE
National,202334,0,202334,0.799976,Clinical % positive,202439,0.769782,-0.030194000000000054,2023,34,2023-08-20,2023-08-26,2022,2022-23,47,TRUE
National,202335,0,202335,0.754851,Clinical % positive,202439,0.718069,-0.03678200000000009,2023,35,2023-08-27,2023-09-02,2022,2022-23,48,TRUE
National,202336,0,202336,0.691257,Clinical % positive,202439,0.701222,0.009965000000000002,2023,36,2023-09-03,2023-09-09,2022,2022-23,49,TRUE
National,202337,0,202337,0.807051,Clinical % positive,202439,0.792616,-0.014434999999999976,2023,37,2023-09-10,2023-09-16,2022,2022-23,50,TRUE
National,202338,0,202338,0.929983,Clinical % positive,202439,0.915555,-0.014427999999999996,2023,38,2023-09-17,2023-09-23,2022,2022-23,51,TRUE
National,202339,0,202339,0.956649,Clinical % positive,202439,0.933506,-0.023143000000000025,2023,39,2023-09-24,2023-09-30,2022,2022-23,52,TRUE
National,202340,0,202340,1.1206,Clinical % positive,202538,1.10103,-0.019570000000000087,2023,40,2023-10-01,2023-10-07,2023,2023-24,1,TRUE
National,202341,0,202341,1.34044,Clinical % positive,202538,1.34933,0.008889999999999842,2023,41,2023-10-08,2023-10-14,2023,2023-24,2,TRUE
National,202342,0,202342,1.69052,Clinical % positive,202538,1.51345,-0.17707000000000006,2023,42,2023-10-15,2023-10-21,2023,2023-24,3,TRUE
National,202343,0,202343,1.91046,Clinical % positive,202538,1.81282,-0.09763999999999995,2023,43,2023-10-22,2023-10-28,2023,2023-24,4,TRUE
National,202344,0,202344,2.98737,Clinical % positive,202538,2.61941,-0.36796000000000006,2023,44,2023-10-29,2023-11-04,2023,2023-24,5,TRUE
National,202345,0,202345,4.0449,Clinical % positive,202538,3.95879,-0.08611000000000013,2023,45,2023-11-05,2023-11-11,2023,2023-24,6,TRUE
National,202346,0,202346,4.9265,Clinical % positive,202538,4.86504,-0.06146000000000029,2023,46,2023-11-12,2023-11-18,2023,2023-24,7,TRUE
National,202347,0,202347,6.20457,Clinical % positive,202538,5.91987,-0.28469999999999995,2023,47,2023-11-19,2023-11-25,2023,2023-24,8,TRUE
National,202348,0,202348,6.82854,Clinical % positive,202538,6.96915,0.14060999999999968,2023,48,2023-11-26,2023-12-02,2023,2023-24,9,TRUE
National,202349,0,202349,10.1859,Clinical % positive,202538,9.79897,-0.38692999999999955,2023,49,2023-12-03,2023-12-09,2023,2023-24,10,TRUE
National,202350,0,202350,12.8349,Clinical % positive,202538,13.3872,0.5523000000000007,2023,50,2023-12-10,2023-12-16,2023,2023-24,11,TRUE
National,202351,0,202351,16.099,Clinical % positive,202538,17.3213,1.2223000000000006,2023,51,2023-12-17,2023-12-23,2023,2023-24,12,TRUE
National,202352,0,202352,17.523,Clinical % positive,202538,18.1605,0.6374999999999993,2023,52,2023-12-24,2023-12-30,2023,2023-24,13,TRUE
National,202401,0,202401,13.9918,Clinical % positive,202538,13.8031,-0.18869999999999898,2024,1,2023-12-31,2024-01-06,2023,2023-24,14,TRUE
National,202402,0,202402,13.7172,Clinical % positive,202538,13.867,0.14980000000000082,2024,2,2024-01-07,2024-01-13,2023,2023-24,15,TRUE
National,202403,0,202403,14.2347,Clinical % positive,202538,14.9059,0.6712000000000007,2024,3,2024-01-14,2024-01-20,2023,2023-24,16,TRUE
National,202404,0,202404,16.1615,Clinical % positive,202538,16.1303,-0.031200000000001893,2024,4,2024-01-21,2024-01-27,2023,2023-24,17,TRUE
National,202405,0,202405,15.7628,Clinical % positive,202538,16.3067,0.5438999999999989,2024,5,2024-01-28,2024-02-03,2023,2023-24,18,TRUE
National,202406,0,202406,15.7012,Clinical % positive,202538,15.8521,0.15090000000000003,2024,6,2024-02-04,2024-02-10,2023,2023-24,19,TRUE
National,202407,0,202407,14.7922,Clinical % positive,202538,15.5673,0.7751000000000001,2024,7,2024-02-11,2024-02-17,2023,2023-24,20,TRUE
National,202408,0,202408,14.1766,Clinical % positive,202538,15.5181,1.3415,2024,8,2024-02-18,2024-02-24,2023,2023-24,21,TRUE
National,202409,0,202409,13.9025,Clinical % positive,202538,14.9467,1.0442,2024,9,2024-02-25,2024-03-02,2023,2023-24,22,TRUE
National,202410,0,202410,15.4401,Clinical % positive,202538,14.2261,-1.2139999999999986,2024,10,2024-03-03,2024-03-09,2023,2023-24,23,TRUE
National,202411,0,202411,11.9973,Clinical % positive,202538,11.9214,-0.07589999999999897,2024,11,2024-03-10,2024-03-16,2023,2023-24,24,TRUE
National,202412,0,202412,10.479,Clinical % positive,202538,10.3628,-0.11619999999999919,2024,12,2024-03-17,2024-03-23,2023,2023-24,25,TRUE
National,202413,0,202413,9.12174,Clinical % positive,202538,9.15264,0.03089999999999904,2024,13,2024-03-24,2024-03-30,2023,2023-24,26,TRUE
National,202414,0,202414,7.72066,Clinical % positive,202538,7.53799,-0.1826699999999999,2024,14,2024-03-31,2024-04-06,2023,2023-24,27,TRUE
National,202415,0,202415,5.9414,Clinical % positive,202538,5.79303,-0.1483699999999999,2024,15,2024-04-07,2024-04-13,2023,2023-24,28,TRUE
National,202416,0,202416,4.83934,Clinical % positive,202538,4.7576,-0.08173999999999992,2024,16,2024-04-14,2024-04-20,2023,2023-24,29,TRUE
National,202417,0,202417,3.84576,Clinical % positive,202538,3.79997,-0.045789999999999775,2024,17,2024-04-21,2024-04-27,2023,2023-24,30,TRUE
National,202418,0,202418,3.08358,Clinical % positive,202538,3.1963,0.11271999999999993,2024,18,2024-04-28,2024-05-04,2023,2023-24,31,TRUE
National,202419,0,202419,2.37798,Clinical % positive,202538,2.3264,-0.05157999999999996,2024,19,2024-05-05,2024-05-11,2023,2023-24,32,TRUE
National,202420,0,202420,2.03361,Clinical % positive,202538,1.82353,-0.21007999999999982,2024,20,2024-05-12,2024-05-18,2023,2023-24,33,TRUE
National,202421,0,202421,1.72536,Clinical % positive,202538,1.64013,-0.08522999999999992,2024,21,2024-05-19,2024-05-25,2023,2023-24,34,TRUE
National,202422,0,202422,1.77937,Clinical % positive,202538,1.63898,-0.1403899999999998,2024,22,2024-05-26,2024-06-01,2023,2023-24,35,TRUE
National,202423,0,202423,1.59314,Clinical % positive,202538,1.47982,-0.11332000000000009,2024,23,2024-06-02,2024-06-08,2023,2023-24,36,TRUE
National,202424,0,202424,1.42764,Clinical % positive,202538,1.28263,-0.14501000000000008,2024,24,2024-06-09,2024-06-15,2023,2023-24,37,TRUE
National,202425,0,202425,1.10504,Clinical % positive,202538,1.04808,-0.05696000000000012,2024,25,2024-06-16,2024-06-22,2023,2023-24,38,TRUE
National,202426,0,202426,0.951183,Clinical % positive,202538,0.890646,-0.06053699999999995,2024,26,2024-06-23,2024-06-29,2023,2023-24,39,TRUE
National,202427,0,202427,0.907611,Clinical % positive,202538,0.986472,0.07886100000000007,2024,27,2024-06-30,2024-07-06,2023,2023-24,40,TRUE
National,202428,0,202428,0.790276,Clinical % positive,202538,0.830267,0.039991,2024,28,2024-07-07,2024-07-13,2023,2023-24,41,TRUE
National,202429,0,202429,0.667351,Clinical % positive,202538,0.692818,0.025467000000000017,2024,29,2024-07-14,2024-07-20,2023,2023-24,42,TRUE
National,202430,0,202430,0.680056,Clinical % positive,202538,0.602587,-0.07746900000000001,2024,30,2024-07-21,2024-07-27,2023,2023-24,43,TRUE
National,202431,0,202431,0.557211,Clinical % positive,202538,0.558449,0.0012379999999999614,2024,31,2024-07-28,2024-08-03,2023,2023-24,44,TRUE
National,202432,0,202432,0.424414,Clinical % positive,202538,0.485156,0.06074199999999996,2024,32,2024-08-04,2024-08-10,2023,2023-24,45,TRUE
National,202433,0,202433,0.391061,Clinical % positive,202538,0.451414,0.06035299999999999,2024,33,2024-08-11,2024-08-17,2023,2023-24,46,TRUE
National,202434,0,202434,0.354191,Clinical % positive,202538,0.436722,0.08253100000000002,2024,34,2024-08-18,2024-08-24,2023,2023-24,47,TRUE
National,202435,0,202435,0.4387,Clinical % positive,202538,0.415591,-0.02310899999999999,2024,35,2024-08-25,2024-08-31,2023,2023-24,48,TRUE
National,202436,0,202436,0.42537,Clinical % positive,202538,0.440743,0.01537299999999997,2024,36,2024-09-01,2024-09-07,2023,2023-24,49,TRUE
National,202437,0,202437,0.518914,Clinical % positive,202538,0.476351,-0.04256299999999996,2024,37,2024-09-08,2024-09-14,2023,2023-24,50,TRUE
National,202438,0,202438,0.569187,Clinical % positive,202538,0.531351,-0.03783599999999998,2024,38,2024-09-15,2024-09-21,2023,2023-24,51,TRUE
National,202439,0,202439,0.543147,Clinical % positive,202538,0.529423,-0.01372400000000007,2024,39,2024-09-22,2024-09-28,2023,2023-24,52,TRUE
National,202440,0,202440,0.707648,Clinical % positive,202638,0.674072,-0.03357600000000005,2024,40,2024-09-29,2024-10-05,2024,2024-25,1,TRUE
National,202441,0,202441,0.780011,Clinical % positive,202638,0.671305,-0.10870599999999997,2024,41,2024-10-06,2024-10-12,2024,2024-25,2,TRUE
National,202442,0,202442,0.694268,Clinical % positive,202638,0.725634,0.031366000000000005,2024,42,2024-10-13,2024-10-19,2024,2024-25,3,TRUE
National,202443,0,202443,0.982403,Clinical % positive,202638,0.964298,-0.018105000000000038,2024,43,2024-10-20,2024-10-26,2024,2024-25,4,TRUE
National,202444,0,202444,1.29148,Clinical % positive,202638,1.21851,-0.07296999999999998,2024,44,2024-10-27,2024-11-02,2024,2024-25,5,TRUE
National,202445,0,202445,1.59972,Clinical % positive,202638,1.52773,-0.07199,2024,45,2024-11-03,2024-11-09,2024,2024-25,6,TRUE
National,202446,0,202446,2.06682,Clinical % positive,202638,2.11081,0.043989999999999974,2024,46,2024-11-10,2024-11-16,2024,2024-25,7,TRUE
National,202447,0,202447,2.47175,Clinical % positive,202638,2.83398,0.36222999999999983,2024,47,2024-11-17,2024-11-23,2024,2024-25,8,TRUE
National,202448,0,202448,3.53689,Clinical % positive,202638,3.94831,0.4114200000000001,2024,48,2024-11-24,2024-11-30,2024,2024-25,9,TRUE
National,202449,0,202449,5.06269,Clinical % positive,202638,5.15168,0.0889899999999999,2024,49,2024-12-01,2024-12-07,2024,2024-25,10,TRUE
National,202450,0,202450,9.03375,Clinical % positive,202638,8.59373,-0.44001999999999875,2024,50,2024-12-08,2024-12-14,2024,2024-25,11,TRUE
National,202451,0,202451,12.0034,Clinical % positive,202638,14.1794,2.176,2024,51,2024-12-15,2024-12-21,2024,2024-25,12,TRUE
National,202452,0,202452,18.7054,Clinical % positive,202638,18.2344,-0.4710000000000001,2024,52,2024-12-22,2024-12-28,2024,2024-25,13,TRUE
National,202501,0,202501,18.6249,Clinical % positive,202638,18.2181,-0.4068000000000005,2025,1,2024-12-29,2025-01-04,2024,2024-25,14,TRUE
National,202502,0,202502,18.7868,Clinical % positive,202638,18.3976,-0.3891999999999989,2025,2,2025-01-05,2025-01-11,2024,2024-25,15,TRUE
National,202503,0,202503,24.9776,Clinical % positive,202638,23.8246,-1.1529999999999987,2025,3,2025-01-12,2025-01-18,2024,2024-25,16,TRUE
National,202504,0,202504,29.4038,Clinical % positive,202638,28.7465,-0.6572999999999993,2025,4,2025-01-19,2025-01-25,2024,2024-25,17,TRUE
National,202505,0,202505,31.6,Clinical % positive,202638,31.6481,0.04809999999999803,2025,5,2025-01-26,2025-02-01,2024,2024-25,18,TRUE
National,202506,0,202506,31.5507,Clinical % positive,202638,31.4103,-0.14039999999999964,2025,6,2025-02-02,2025-02-08,2024,2024-25,19,TRUE
National,202507,0,202507,26.8508,Clinical % positive,202638,27.8373,0.9864999999999995,2025,7,2025-02-09,2025-02-15,2024,2024-25,20,TRUE
National,202508,0,202508,24.5125,Clinical % positive,202638,23.9403,-0.5721999999999987,2025,8,2025-02-16,2025-02-22,2024,2024-25,21,TRUE
National,202509,0,202509,18.9422,Clinical % positive,202638,19.4796,0.5374000000000017,2025,9,2025-02-23,2025-03-01,2024,2024-25,22,TRUE
National,202510,0,202510,16.0859,Clinical % positive,202638,15.8557,-0.23019999999999818,2025,10,2025-03-02,2025-03-08,2024,2024-25,23,TRUE
National,202511,0,202511,13.2498,Clinical % positive,202638,13.3136,0.06379999999999875,2025,11,2025-03-09,2025-03-15,2024,2024-25,24,TRUE
National,202512,0,202512,10.7069,Clinical % positive,202638,10.7287,0.021800000000000708,2025,12,2025-03-16,2025-03-22,2024,2024-25,25,TRUE
National,202513,0,202513,9.70937,Clinical % positive,202638,9.2285,-0.48086999999999946,2025,13,2025-03-23,2025-03-29,2024,2024-25,26,TRUE
National,202514,0,202514,7.55772,Clinical % positive,202638,7.57976,0.022040000000000504,2025,14,2025-03-30,2025-04-05,2024,2024-25,27,TRUE
National,202515,0,202515,6.69167,Clinical % positive,202638,6.16646,-0.5252100000000004,2025,15,2025-04-06,2025-04-12,2024,2024-25,28,TRUE
National,202516,0,202516,5.55486,Clinical % positive,202638,5.2814,-0.27346000000000004,2025,16,2025-04-13,2025-04-19,2024,2024-25,29,TRUE
National,202517,0,202517,4.5801,Clinical % positive,202638,4.42023,-0.15986999999999973,2025,17,2025-04-20,2025-04-26,2024,2024-25,30,TRUE
National,202518,0,202518,3.62286,Clinical % positive,202638,3.34042,-0.28244000000000025,2025,18,2025-04-27,2025-05-03,2024,2024-25,31,TRUE
National,202519,0,202519,2.89925,Clinical % positive,202638,2.6225,-0.27674999999999983,2025,19,2025-05-04,2025-05-10,2024,2024-25,32,TRUE
National,202520,0,202520,2.37677,Clinical % positive,202638,2.14267,-0.2341000000000002,2025,20,2025-05-11,2025-05-17,2024,2024-25,33,TRUE
National,202521,0,202521,1.92069,Clinical % positive,202638,1.92089,1.9999999999997797e-4,2025,21,2025-05-18,2025-05-24,2024,2024-25,34,TRUE
National,202522,0,202522,2.03093,Clinical % positive,202638,1.8643,-0.16663000000000006,2025,22,2025-05-25,2025-05-31,2024,2024-25,35,TRUE
National,202523,0,202523,1.72203,Clinical % positive,202638,1.59902,-0.12300999999999984,2025,23,2025-06-01,2025-06-07,2024,2024-25,36,TRUE
National,202524,0,202524,1.20098,Clinical % positive,202638,1.20473,0.003750000000000142,2025,24,2025-06-08,2025-06-14,2024,2024-25,37,TRUE
National,202525,0,202525,1.21014,Clinical % positive,202638,1.03725,-0.17289,2025,25,2025-06-15,2025-06-21,2024,2024-25,38,TRUE
National,202526,0,202526,0.82052,Clinical % positive,202638,0.848557,0.02803699999999998,2025,26,2025-06-22,2025-06-28,2024,2024-25,39,TRUE
National,202527,0,202527,0.861744,Clinical % positive,202638,0.797926,-0.06381799999999993,2025,27,2025-06-29,2025-07-05,2024,2024-25,40,TRUE
National,202528,0,202528,0.818595,Clinical % positive,202638,0.780353,-0.038242,2025,28,2025-07-06,2025-07-12,2024,2024-25,41,TRUE
National,202529,0,202529,0.545692,Clinical % positive,202638,0.541867,-0.0038249999999999673,2025,29,2025-07-13,2025-07-19,2024,2024-25,42,TRUE
National,202530,0,202530,0.386458,Clinical % positive,202638,0.408367,0.021908999999999956,2025,30,2025-07-20,2025-07-26,2024,2024-25,43,TRUE
National,202531,0,202531,0.386275,Clinical % positive,202638,0.4421,0.055825000000000014,2025,31,2025-07-27,2025-08-02,2024,2024-25,44,TRUE
National,202532,0,202532,0.414153,Clinical % positive,202638,0.3833,-0.03085300000000002,2025,32,2025-08-03,2025-08-09,2024,2024-25,45,TRUE
National,202533,0,202533,0.314169,Clinical % positive,202638,0.34551,0.03134100000000001,2025,33,2025-08-10,2025-08-16,2024,2024-25,46,TRUE
National,202534,0,202534,0.375756,Clinical % positive,202638,0.388672,0.012916000000000039,2025,34,2025-08-17,2025-08-23,2024,2024-25,47,TRUE
National,202535,0,202535,0.412335,Clinical % positive,202638,0.397262,-0.015073000000000003,2025,35,2025-08-24,2025-08-30,2024,2024-25,48,TRUE
National,202536,0,202536,0.402542,Clinical % positive,202638,0.391413,-0.011129,2025,36,2025-08-31,2025-09-06,2024,2024-25,49,TRUE
National,202537,0,202537,0.351056,Clinical % positive,202638,0.451066,0.10001000000000004,2025,37,2025-09-07,2025-09-13,2024,2024-25,50,TRUE
National,202538,0,202538,0.354029,Clinical % positive,202638,0.463353,0.10932400000000003,2025,38,2025-09-14,2025-09-20,2024,2024-25,51,TRUE
National,202541,4,202545,0.534769,Clinical % positive,202638,0.527728,-0.007041000000000075,2025,41,2025-10-05,2025-10-11,2025,2025-26,2,TRUE
National,202542,3,202545,0.658583,Clinical % positive,202638,0.64458,-0.014002999999999988,2025,42,2025-10-12,2025-10-18,2025,2025-26,3,TRUE
National,202543,2,202545,0.824392,Clinical % positive,202638,0.78546,-0.03893199999999997,2025,43,2025-10-19,2025-10-25,2025,2025-26,4,TRUE
National,202544,1,202545,1.01465,Clinical % positive,202638,1.09444,0.07979000000000003,2025,44,2025-10-26,2025-11-01,2025,2025-26,5,TRUE
National,202545,0,202545,2.01966,Clinical % positive,202638,1.90515,-0.11451000000000011,2025,45,2025-11-02,2025-11-08,2025,2025-26,6,TRUE
National,202546,0,202546,2.90888,Clinical % positive,202638,3.26408,0.35519999999999996,2025,46,2025-11-09,2025-11-15,2025,2025-26,7,TRUE
National,202547,0,202547,4.99211,Clinical % positive,202638,5.47544,0.4833299999999996,2025,47,2025-11-16,2025-11-22,2025,2025-26,8,TRUE
National,202548,0,202548,7.12789,Clinical % positive,202638,8.02224,0.8943500000000002,2025,48,2025-11-23,2025-11-29,2025,2025-26,9,TRUE
National,202549,0,202549,8.06886,Clinical % positive,202638,8.98526,0.9163999999999994,2025,49,2025-11-30,2025-12-06,2025,2025-26,10,TRUE
National,202550,0,202550,14.7945,Clinical % positive,202638,15.4562,0.6617000000000015,2025,50,2025-12-07,2025-12-13,2025,2025-26,11,TRUE
National,202551,0,202551,25.6343,Clinical % positive,202638,25.5832,-0.05109999999999815,2025,51,2025-12-14,2025-12-20,2025,2025-26,12,TRUE
National,202552,0,202552,32.8886,Clinical % positive,202638,31.7039,-1.1846999999999959,2025,52,2025-12-21,2025-12-27,2025,2025-26,13,TRUE
National,202553,0,202553,24.7205,Clinical % positive,202638,24.6931,-0.02740000000000009,2025,53,2025-12-28,2026-01-03,2025,2025-26,14,TRUE
National,202601,0,202601,18.5675,Clinical % positive,202638,18.6029,0.03540000000000276,2026,1,2026-01-04,2026-01-10,2025,2025-26,15,TRUE
National,202602,0,202602,17.661,Clinical % positive,202638,17.0323,-0.628700000000002,2026,2,2026-01-11,2026-01-17,2025,2025-26,16,TRUE
National,202603,0,202603,18.0415,Clinical % positive,202638,17.5167,-0.524799999999999,2026,3,2026-01-18,2026-01-24,2025,2025-26,17,TRUE
National,202604,0,202604,17.9951,Clinical % positive,202638,17.4132,-0.581900000000001,2026,4,2026-01-25,2026-01-31,2025,2025-26,18,TRUE
National,202605,0,202605,18.5618,Clinical % positive,202638,18.0427,-0.5191000000000017,2026,5,2026-02-01,2026-02-07,2025,2025-26,19,TRUE
National,202606,0,202606,19.7613,Clinical % positive,202638,18.3248,-1.4364999999999988,2026,6,2026-02-08,2026-02-14,2025,2025-26,20,TRUE
National,202607,0,202607,17.9122,Clinical % positive,202638,18.0222,0.11000000000000298,2026,7,2026-02-15,2026-02-21,2025,2025-26,21,TRUE
National,202608,0,202608,15.791,Clinical % positive,202638,15.6738,-0.11720000000000041,2026,8,2026-02-22,2026-02-28,2025,2025-26,22,TRUE
National,202609,0,202609,15.3339,Clinical % positive,202638,15.3439,0.009999999999999787,2026,9,2026-03-01,2026-03-07,2025,2025-26,23,TRUE
National,202610,0,202610,12.673,Clinical % positive,202638,13.8166,1.1435999999999993,2026,10,2026-03-08,2026-03-14,2025,2025-26,24,TRUE
National,202611,0,202611,11.467,Clinical % positive,202638,11.2108,-0.25619999999999976,2026,11,2026-03-15,2026-03-21,2025,2025-26,25,TRUE
National,202612,0,202612,9.84064,Clinical % positive,202638,9.61931,-0.22133000000000003,2026,12,2026-03-22,2026-03-28,2025,2025-26,26,TRUE
National,202613,0,202613,8.23329,Clinical % positive,202638,7.77371,-0.4595799999999999,2026,13,2026-03-29,2026-04-04,2025,2025-26,27,TRUE
National,202614,0,202614,6.04297,Clinical % positive,202638,5.90799,-0.13498000000000054,2026,14,2026-04-05,2026-04-11,2025,2025-26,28,TRUE
National,202615,0,202615,4.68535,Clinical % positive,202638,4.52509,-0.16026000000000007,2026,15,2026-04-12,2026-04-18,2025,2025-26,29,TRUE
National,202616,0,202616,3.75689,Clinical % positive,202638,3.41479,-0.34209999999999985,2026,16,2026-04-19,2026-04-25,2025,2025-26,30,TRUE
National,202617,0,202617,3.05482,Clinical % positive,202638,2.96964,-0.08517999999999981,2026,17,2026-04-26,2026-05-02,2025,2025-26,31,TRUE
National,202618,0,202618,2.88266,Clinical % positive,202638,2.47606,-0.4066000000000001,2026,18,2026-05-03,2026-05-09,2025,2025-26,32,TRUE
National,202619,0,202619,1.912,Clinical % positive,202638,1.90845,-0.003549999999999942,2026,19,2026-05-10,2026-05-16,2025,2025-26,33,TRUE
National,202620,0,202620,1.6716,Clinical % positive,202638,1.5432,-0.12840000000000007,2026,20,2026-05-17,2026-05-23,2025,2025-26,34,TRUE
National,202621,0,202621,1.39661,Clinical % positive,202638,1.30898,-0.08762999999999987,2026,21,2026-05-24,2026-05-30,2025,2025-26,35,TRUE
National,202622,0,202622,0.878793,Clinical % positive,202638,0.913254,0.034460999999999964,2026,22,2026-05-31,2026-06-06,2025,2025-26,36,TRUE
National,202623,0,202623,0.798972,Clinical % positive,202638,0.789391,-0.009581000000000062,2026,23,2026-06-07,2026-06-13,2025,2025-26,37,TRUE
National,202624,0,202624,0.660803,Clinical % positive,202638,0.642405,-0.018398000000000025,2026,24,2026-06-14,2026-06-20,2025,2025-26,38,TRUE
National,202625,0,202625,0.474764,Clinical % positive,202638,0.47613,0.0013659999999999783,2026,25,2026-06-21,2026-06-27,2025,2025-26,39,TRUE
National,202626,0,202626,0.555324,Clinical % positive,202638,0.548678,-0.006646000000000041,2026,26,2026-06-28,2026-07-04,2025,2025-26,40,TRUE
National,202627,0,202627,0.60565,Clinical % positive,202638,0.759966,0.154316,2026,27,2026-07-05,2026-07-11,2025,2025-26,41,TRUE
National,202628,0,202628,0.579683,Clinical % positive,202638,0.544812,-0.034870999999999985,2026,28,2026-07-12,2026-07-18,2025,2025-26,42,TRUE
National,202629,0,202629,0.520674,Clinical % positive,202638,0.454794,-0.06588,2026,29,2026-07-19,2026-07-25,2025,2025-26,43,TRUE
National,202630,0,202630,0.429329,Clinical % positive,202638,0.429962,6.329999999999947e-4,2026,30,2026-07-26,2026-08-01,2025,2025-26,44,TRUE
National,202631,0,202631,0.454973,Clinical % positive,202638,0.486294,0.03132099999999999,2026,31,2026-08-02,2026-08-08,2025,2025-26,45,TRUE
National,202632,0,202632,0.723344,Clinical % positive,202638,0.669681,-0.053663000000000016,2026,32,2026-08-09,2026-08-15,2025,2025-26,46,TRUE
National,202633,0,202633,0.813935,Clinical % positive,202638,0.795584,-0.018351000000000006,2026,33,2026-08-16,2026-08-22,2025,2025-26,47,TRUE
National,202634,0,202634,1.09393,Clinical % positive,202638,1.01277,-0.08116000000000012,2026,34,2026-08-23,2026-08-29,2025,2025-26,48,TRUE
National,202635,0,202635,1.31222,Clinical % positive,202638,1.47536,0.16314000000000006,2026,35,2026-08-30,2026-09-05,2025,2025-26,49,TRUE
National,202636,0,202636,1.77247,Clinical % positive,202638,1.7552,-0.017269999999999897,2026,36,2026-09-06,2026-09-12,2025,2025-26,50,TRUE
National,202637,0,202637,2.72695,Clinical % positive,202638,2.59936,-0.1275900000000001,2026,37,2026-09-13,2026-09-19,2025,2025-26,51,TRUE
National,202638,0,202638,3.43101,Clinical % positive,202638,3.43101,0,2026,38,2026-09-20,2026-09-26,2025,2025-26,52,TRUE
National,202240,0,202240,2.56561,Weighted %ILI,202439,2.61257,0.04695999999999989,2022,40,2022-10-02,2022-10-08,2022,2022-23,1,TRUE
National,202241,0,202241,2.99402,Weighted %ILI,202439,3.00763,0.0136099999999999,2022,41,2022-10-09,2022-10-15,2022,2022-23,2,TRUE
National,202242,0,202242,3.28302,Weighted %ILI,202439,3.31975,0.03672999999999993,2022,42,2022-10-16,2022-10-22,2022,2022-23,3,TRUE
National,202243,0,202243,4.33432,Weighted %ILI,202439,4.3682,0.03387999999999991,2022,43,2022-10-23,2022-10-29,2022,2022-23,4,TRUE
National,202244,0,202244,5.46189,Weighted %ILI,202439,5.42144,-0.04045000000000076,2022,44,2022-10-30,2022-11-05,2022,2022-23,5,TRUE
National,202245,0,202245,5.75059,Weighted %ILI,202439,5.73522,-0.015369999999999884,2022,45,2022-11-06,2022-11-12,2022,2022-23,6,TRUE
National,202246,0,202246,6.04771,Weighted %ILI,202439,5.91793,-0.12978000000000023,2022,46,2022-11-13,2022-11-19,2022,2022-23,7,TRUE
National,202247,0,202247,7.50257,Weighted %ILI,202439,7.42531,-0.07726000000000077,2022,47,2022-11-20,2022-11-26,2022,2022-23,8,TRUE
National,202248,0,202248,7.24098,Weighted %ILI,202439,7.21822,-0.02276000000000078,2022,48,2022-11-27,2022-12-03,2022,2022-23,9,TRUE
National,202249,0,202249,6.85317,Weighted %ILI,202439,6.87034,0.01716999999999924,2022,49,2022-12-04,2022-12-10,2022,2022-23,10,TRUE
National,202250,0,202250,6.32968,Weighted %ILI,202439,6.29772,-0.031959999999999766,2022,50,2022-12-11,2022-12-17,2022,2022-23,11,TRUE
National,202251,0,202251,6.17261,Weighted %ILI,202439,6.00293,-0.1696799999999996,2022,51,2022-12-18,2022-12-24,2022,2022-23,12,TRUE
National,202252,0,202252,5.36126,Weighted %ILI,202439,5.33838,-0.02287999999999979,2022,52,2022-12-25,2022-12-31,2022,2022-23,13,TRUE
National,202301,0,202301,4.00199,Weighted %ILI,202439,3.93482,-0.06716999999999995,2023,1,2023-01-01,2023-01-07,2022,2022-23,14,TRUE
National,202302,0,202302,3.02934,Weighted %ILI,202439,2.94553,-0.08380999999999972,2023,2,2023-01-08,2023-01-14,2022,2022-23,15,TRUE
National,202303,0,202303,2.56089,Weighted %ILI,202439,2.63811,0.07722000000000007,2023,3,2023-01-15,2023-01-21,2022,2022-23,16,TRUE
National,202304,0,202304,2.63698,Weighted %ILI,202439,2.62522,-0.01175999999999977,2023,4,2023-01-22,2023-01-28,2022,2022-23,17,TRUE
National,202305,0,202305,2.59032,Weighted %ILI,202439,2.58477,-0.005550000000000388,2023,5,2023-01-29,2023-02-04,2022,2022-23,18,TRUE
National,202306,0,202306,2.63511,Weighted %ILI,202439,2.59148,-0.04363000000000028,2023,6,2023-02-05,2023-02-11,2022,2022-23,19,TRUE
National,202307,0,202307,2.63311,Weighted %ILI,202439,2.5701,-0.06300999999999979,2023,7,2023-02-12,2023-02-18,2022,2022-23,20,TRUE
National,202308,0,202308,2.55626,Weighted %ILI,202439,2.52707,-0.029189999999999827,2023,8,2023-02-19,2023-02-25,2022,2022-23,21,TRUE
National,202309,0,202309,2.43256,Weighted %ILI,202439,2.40469,-0.02787000000000006,2023,9,2023-02-26,2023-03-04,2022,2022-23,22,TRUE
National,202310,0,202310,2.35252,Weighted %ILI,202439,2.3571,0.0045799999999998064,2023,10,2023-03-05,2023-03-11,2022,2022-23,23,TRUE
National,202311,0,202311,2.35814,Weighted %ILI,202439,2.3545,-0.0036400000000003097,2023,11,2023-03-12,2023-03-18,2022,2022-23,24,TRUE
National,202312,0,202312,2.31955,Weighted %ILI,202439,2.31096,-0.008589999999999876,2023,12,2023-03-19,2023-03-25,2022,2022-23,25,TRUE
National,202313,0,202313,2.38525,Weighted %ILI,202439,2.25771,-0.1275400000000002,2023,13,2023-03-26,2023-04-01,2022,2022-23,26,TRUE
National,202314,0,202314,2.14881,Weighted %ILI,202439,2.12953,-0.019280000000000186,2023,14,2023-04-02,2023-04-08,2022,2022-23,27,TRUE
National,202315,0,202315,2.01702,Weighted %ILI,202439,2.01047,-0.006549999999999834,2023,15,2023-04-09,2023-04-15,2022,2022-23,28,TRUE
National,202316,0,202316,1.93736,Weighted %ILI,202439,1.90776,-0.02960000000000007,2023,16,2023-04-16,2023-04-22,2022,2022-23,29,TRUE
National,202317,0,202317,1.965,Weighted %ILI,202439,1.90393,-0.06107000000000018,2023,17,2023-04-23,2023-04-29,2022,2022-23,30,TRUE
National,202318,0,202318,1.99058,Weighted %ILI,202439,1.93608,-0.05449999999999999,2023,18,2023-04-30,2023-05-06,2022,2022-23,31,TRUE
National,202319,0,202319,1.93333,Weighted %ILI,202439,1.90846,-0.024869999999999948,2023,19,2023-05-07,2023-05-13,2022,2022-23,32,TRUE
National,202320,0,202320,1.95528,Weighted %ILI,202439,1.88236,-0.07291999999999987,2023,20,2023-05-14,2023-05-20,2022,2022-23,33,TRUE
National,202321,0,202321,1.92815,Weighted %ILI,202439,1.83328,-0.09487000000000001,2023,21,2023-05-21,2023-05-27,2022,2022-23,34,TRUE
National,202322,0,202322,1.8631,Weighted %ILI,202439,1.83857,-0.02452999999999994,2023,22,2023-05-28,2023-06-03,2022,2022-23,35,TRUE
National,202323,0,202323,1.64317,Weighted %ILI,202439,1.57748,-0.06569000000000003,2023,23,2023-06-04,2023-06-10,2022,2022-23,36,TRUE
National,202324,0,202324,1.52878,Weighted %ILI,202439,1.48614,-0.04264000000000001,2023,24,2023-06-11,2023-06-17,2022,2022-23,37,TRUE
National,202325,0,202325,1.3818,Weighted %ILI,202439,1.36472,-0.017079999999999984,2023,25,2023-06-18,2023-06-24,2022,2022-23,38,TRUE
National,202326,0,202326,1.35195,Weighted %ILI,202439,1.27095,-0.08099999999999996,2023,26,2023-06-25,2023-07-01,2022,2022-23,39,TRUE
National,202327,0,202327,1.27301,Weighted %ILI,202439,1.22553,-0.04747999999999997,2023,27,2023-07-02,2023-07-08,2022,2022-23,40,TRUE
National,202328,0,202328,1.18207,Weighted %ILI,202439,1.15793,-0.02414000000000005,2023,28,2023-07-09,2023-07-15,2022,2022-23,41,TRUE
National,202329,0,202329,1.12795,Weighted %ILI,202439,1.12685,-0.001100000000000101,2023,29,2023-07-16,2023-07-22,2022,2022-23,42,TRUE
National,202330,0,202330,1.15296,Weighted %ILI,202439,1.16805,0.015090000000000048,2023,30,2023-07-23,2023-07-29,2022,2022-23,43,TRUE
National,202331,0,202331,1.13961,Weighted %ILI,202439,1.20299,0.06337999999999999,2023,31,2023-07-30,2023-08-05,2022,2022-23,44,TRUE
National,202332,0,202332,1.27428,Weighted %ILI,202439,1.27357,-7.099999999999884e-4,2023,32,2023-08-06,2023-08-12,2022,2022-23,45,TRUE
National,202333,0,202333,1.39752,Weighted %ILI,202439,1.44821,0.0506899999999999,2023,33,2023-08-13,2023-08-19,2022,2022-23,46,TRUE
National,202334,0,202334,1.71084,Weighted %ILI,202439,1.70391,-0.006929999999999881,2023,34,2023-08-20,2023-08-26,2022,2022-23,47,TRUE
National,202335,0,202335,1.83995,Weighted %ILI,202439,1.93305,0.09309999999999996,2023,35,2023-08-27,2023-09-02,2022,2022-23,48,TRUE
National,202336,0,202336,2.02273,Weighted %ILI,202439,2.00204,-0.020690000000000097,2023,36,2023-09-03,2023-09-09,2022,2022-23,49,TRUE
National,202337,0,202337,1.95642,Weighted %ILI,202439,1.94047,-0.01595000000000013,2023,37,2023-09-10,2023-09-16,2022,2022-23,50,TRUE
National,202338,0,202338,2.03181,Weighted %ILI,202439,2.03761,0.005799999999999805,2023,38,2023-09-17,2023-09-23,2022,2022-23,51,TRUE
National,202339,0,202339,2.11755,Weighted %ILI,202439,2.0899200000000002,-0.02762999999999982,2023,39,2023-09-24,2023-09-30,2022,2022-23,52,TRUE
National,202340,0,202340,2.16478,Weighted %ILI,202538,2.27908,0.11430000000000007,2023,40,2023-10-01,2023-10-07,2023,2023-24,1,TRUE
National,202341,0,202341,2.2621000000000002,Weighted %ILI,202538,2.33755,0.07544999999999957,2023,41,2023-10-08,2023-10-14,2023,2023-24,2,TRUE
National,202342,0,202342,2.52469,Weighted %ILI,202538,2.52242,-0.0022700000000002163,2023,42,2023-10-15,2023-10-21,2023,2023-24,3,TRUE
National,202343,0,202343,2.66086,Weighted %ILI,202538,2.71275,0.051890000000000214,2023,43,2023-10-22,2023-10-28,2023,2023-24,4,TRUE
National,202344,0,202344,2.94974,Weighted %ILI,202538,2.94538,-0.0043599999999996975,2023,44,2023-10-29,2023-11-04,2023,2023-24,5,TRUE
National,202345,0,202345,3.456,Weighted %ILI,202538,3.40957,-0.04642999999999997,2023,45,2023-11-05,2023-11-11,2023,2023-24,6,TRUE
National,202346,0,202346,3.69646,Weighted %ILI,202538,3.6903,-0.006159999999999943,2023,46,2023-11-12,2023-11-18,2023,2023-24,7,TRUE
National,202347,0,202347,3.94409,Weighted %ILI,202538,3.92958,-0.014510000000000023,2023,47,2023-11-19,2023-11-25,2023,2023-24,8,TRUE
National,202348,0,202348,4.0457,Weighted %ILI,202538,4.03334,-0.012360000000000149,2023,48,2023-11-26,2023-12-02,2023,2023-24,9,TRUE
National,202349,0,202349,4.40253,Weighted %ILI,202538,4.38382,-0.01870999999999956,2023,49,2023-12-03,2023-12-09,2023,2023-24,10,TRUE
National,202350,0,202350,5.12168,Weighted %ILI,202538,5.18426,0.06258000000000052,2023,50,2023-12-10,2023-12-16,2023,2023-24,11,TRUE
National,202351,0,202351,6.08666,Weighted %ILI,202538,6.23157,0.14490999999999943,2023,51,2023-12-17,2023-12-23,2023,2023-24,12,TRUE
National,202352,0,202352,6.85159,Weighted %ILI,202538,6.7962,-0.05539000000000005,2023,52,2023-12-24,2023-12-30,2023,2023-24,13,TRUE
National,202401,0,202401,5.74927,Weighted %ILI,202538,5.71536,-0.03390999999999966,2024,1,2023-12-31,2024-01-06,2023,2023-24,14,TRUE
National,202402,0,202402,4.72921,Weighted %ILI,202538,4.66576,-0.06345000000000045,2024,2,2024-01-07,2024-01-13,2023,2023-24,15,TRUE
National,202403,0,202403,4.28596,Weighted %ILI,202538,4.32446,0.03849999999999998,2024,3,2024-01-14,2024-01-20,2023,2023-24,16,TRUE
National,202404,0,202404,4.25981,Weighted %ILI,202538,4.22972,-0.030089999999999506,2024,4,2024-01-21,2024-01-27,2023,2023-24,17,TRUE
National,202405,0,202405,4.39705,Weighted %ILI,202538,4.42065,0.023600000000000065,2024,5,2024-01-28,2024-02-03,2023,2023-24,18,TRUE
National,202406,0,202406,4.49532,Weighted %ILI,202538,4.45705,-0.03827000000000069,2024,6,2024-02-04,2024-02-10,2023,2023-24,19,TRUE
National,202407,0,202407,4.45839,Weighted %ILI,202538,4.35511,-0.10327999999999982,2024,7,2024-02-11,2024-02-17,2023,2023-24,20,TRUE
National,202408,0,202408,4.38206,Weighted %ILI,202538,4.33545,-0.04661000000000026,2024,8,2024-02-18,2024-02-24,2023,2023-24,21,TRUE
National,202409,0,202409,4.10736,Weighted %ILI,202538,4.0587,-0.048659999999999926,2024,9,2024-02-25,2024-03-02,2023,2023-24,22,TRUE
National,202410,0,202410,3.7406,Weighted %ILI,202538,3.72797,-0.012630000000000141,2024,10,2024-03-03,2024-03-09,2023,2023-24,23,TRUE
National,202411,0,202411,3.41941,Weighted %ILI,202538,3.39722,-0.022190000000000154,2024,11,2024-03-10,2024-03-16,2023,2023-24,24,TRUE
National,202412,0,202412,3.09302,Weighted %ILI,202538,3.08528,-0.00774000000000008,2024,12,2024-03-17,2024-03-23,2023,2023-24,25,TRUE
National,202413,0,202413,3.00297,Weighted %ILI,202538,2.97703,-0.025939999999999852,2024,13,2024-03-24,2024-03-30,2023,2023-24,26,TRUE
National,202414,0,202414,2.76464,Weighted %ILI,202538,2.76586,0.0012199999999999989,2024,14,2024-03-31,2024-04-06,2023,2023-24,27,TRUE
National,202415,0,202415,2.50692,Weighted %ILI,202538,2.53824,0.031320000000000014,2024,15,2024-04-07,2024-04-13,2023,2023-24,28,TRUE
National,202416,0,202416,2.25346,Weighted %ILI,202538,2.24747,-0.005990000000000162,2024,16,2024-04-14,2024-04-20,2023,2023-24,29,TRUE
National,202417,0,202417,2.19339,Weighted %ILI,202538,2.19144,-0.0019499999999998963,2024,17,2024-04-21,2024-04-27,2023,2023-24,30,TRUE
National,202418,0,202418,2.13128,Weighted %ILI,202538,2.09931,-0.03196999999999983,2024,18,2024-04-28,2024-05-04,2023,2023-24,31,TRUE
National,202419,0,202419,2.03031,Weighted %ILI,202538,2.00488,-0.025430000000000064,2024,19,2024-05-05,2024-05-11,2023,2023-24,32,TRUE
National,202420,0,202420,1.99238,Weighted %ILI,202538,1.97657,-0.015810000000000102,2024,20,2024-05-12,2024-05-18,2023,2023-24,33,TRUE
National,202421,0,202421,1.89731,Weighted %ILI,202538,1.90707,0.009759999999999991,2024,21,2024-05-19,2024-05-25,2023,2023-24,34,TRUE
National,202422,0,202422,1.85049,Weighted %ILI,202538,1.87651,0.026019999999999932,2024,22,2024-05-26,2024-06-01,2023,2023-24,35,TRUE
National,202423,0,202423,1.66961,Weighted %ILI,202538,1.66065,-0.008960000000000079,2024,23,2024-06-02,2024-06-08,2023,2023-24,36,TRUE
National,202424,0,202424,1.55939,Weighted %ILI,202538,1.58178,0.02238999999999991,2024,24,2024-06-09,2024-06-15,2023,2023-24,37,TRUE
National,202425,0,202425,1.45663,Weighted %ILI,202538,1.49244,0.0358099999999999,2024,25,2024-06-16,2024-06-22,2023,2023-24,38,TRUE
National,202426,0,202426,1.42892,Weighted %ILI,202538,1.4663,0.03737999999999997,2024,26,2024-06-23,2024-06-29,2023,2023-24,39,TRUE
National,202427,0,202427,1.3943,Weighted %ILI,202538,1.37639,-0.017910000000000093,2024,27,2024-06-30,2024-07-06,2023,2023-24,40,TRUE
National,202428,0,202428,1.39107,Weighted %ILI,202538,1.45548,0.06441000000000008,2024,28,2024-07-07,2024-07-13,2023,2023-24,41,TRUE
National,202429,0,202429,1.40864,Weighted %ILI,202538,1.45233,0.04369000000000001,2024,29,2024-07-14,2024-07-20,2023,2023-24,42,TRUE
National,202430,0,202430,1.50252,Weighted %ILI,202538,1.52211,0.019589999999999996,2024,30,2024-07-21,2024-07-27,2023,2023-24,43,TRUE
National,202431,0,202431,1.45939,Weighted %ILI,202538,1.53543,0.07604000000000011,2024,31,2024-07-28,2024-08-03,2023,2023-24,44,TRUE
National,202432,0,202432,1.50821,Weighted %ILI,202538,1.53984,0.03163000000000005,2024,32,2024-08-04,2024-08-10,2023,2023-24,45,TRUE
National,202433,0,202433,1.51967,Weighted %ILI,202538,1.56577,0.04610000000000003,2024,33,2024-08-11,2024-08-17,2023,2023-24,46,TRUE
National,202434,0,202434,1.76501,Weighted %ILI,202538,1.76988,0.00486999999999993,2024,34,2024-08-18,2024-08-24,2023,2023-24,47,TRUE
National,202435,0,202435,1.88503,Weighted %ILI,202538,1.93414,0.04910999999999999,2024,35,2024-08-25,2024-08-31,2023,2023-24,48,TRUE
National,202436,0,202436,1.87793,Weighted %ILI,202538,1.9202,0.04226999999999981,2024,36,2024-09-01,2024-09-07,2023,2023-24,49,TRUE
National,202437,0,202437,1.916,Weighted %ILI,202538,1.95528,0.03927999999999998,2024,37,2024-09-08,2024-09-14,2023,2023-24,50,TRUE
National,202438,0,202438,1.91151,Weighted %ILI,202538,1.95303,0.04152,2024,38,2024-09-15,2024-09-21,2023,2023-24,51,TRUE
National,202439,0,202439,1.85583,Weighted %ILI,202538,1.93495,0.07911999999999986,2024,39,2024-09-22,2024-09-28,2023,2023-24,52,TRUE
National,202440,0,202440,1.92456,Weighted %ILI,202638,1.90509,-0.0194700000000001,2024,40,2024-09-29,2024-10-05,2024,2024-25,1,TRUE
National,202441,0,202441,2.06301,Weighted %ILI,202638,2.02014,-0.04286999999999974,2024,41,2024-10-06,2024-10-12,2024,2024-25,2,TRUE
National,202442,0,202442,2.09617,Weighted %ILI,202638,2.07037,-0.025799999999999823,2024,42,2024-10-13,2024-10-19,2024,2024-25,3,TRUE
National,202443,0,202443,2.24606,Weighted %ILI,202638,2.22044,-0.025619999999999976,2024,43,2024-10-20,2024-10-26,2024,2024-25,4,TRUE
National,202444,0,202444,2.37225,Weighted %ILI,202638,2.31725,-0.05500000000000016,2024,44,2024-10-27,2024-11-02,2024,2024-25,5,TRUE
National,202445,0,202445,2.5067,Weighted %ILI,202638,2.4719,-0.03479999999999972,2024,45,2024-11-03,2024-11-09,2024,2024-25,6,TRUE
National,202446,0,202446,2.7333,Weighted %ILI,202638,2.6917,-0.04159999999999986,2024,46,2024-11-10,2024-11-16,2024,2024-25,7,TRUE
National,202447,0,202447,2.95584,Weighted %ILI,202638,2.88949,-0.06634999999999991,2024,47,2024-11-17,2024-11-23,2024,2024-25,8,TRUE
National,202448,0,202448,3.21659,Weighted %ILI,202638,3.18283,-0.03376000000000001,2024,48,2024-11-24,2024-11-30,2024,2024-25,9,TRUE
National,202449,0,202449,3.38505,Weighted %ILI,202638,3.318,-0.06705000000000005,2024,49,2024-12-01,2024-12-07,2024,2024-25,10,TRUE
National,202450,0,202450,3.7994,Weighted %ILI,202638,3.78793,-0.011470000000000091,2024,50,2024-12-08,2024-12-14,2024,2024-25,11,TRUE
National,202451,0,202451,4.92471,Weighted %ILI,202638,4.94489,0.020179999999999865,2024,51,2024-12-15,2024-12-21,2024,2024-25,12,TRUE
National,202452,0,202452,6.76785,Weighted %ILI,202638,6.74349,-0.024359999999999715,2024,52,2024-12-22,2024-12-28,2024,2024-25,13,TRUE
National,202501,0,202501,6.06477,Weighted %ILI,202638,6.25398,0.1892100000000001,2025,1,2024-12-29,2025-01-04,2024,2024-25,14,TRUE
National,202502,0,202502,5.37231,Weighted %ILI,202638,5.30512,-0.06719000000000008,2025,2,2025-01-05,2025-01-11,2024,2024-25,15,TRUE
National,202503,0,202503,5.65402,Weighted %ILI,202638,5.74558,0.09156000000000031,2025,3,2025-01-12,2025-01-18,2024,2024-25,16,TRUE
National,202504,0,202504,6.94969,Weighted %ILI,202638,6.98693,0.03723999999999972,2025,4,2025-01-19,2025-01-25,2024,2024-25,17,TRUE
National,202505,0,202505,7.75581,Weighted %ILI,202638,7.79898,0.04316999999999993,2025,5,2025-01-26,2025-02-01,2024,2024-25,18,TRUE
National,202506,0,202506,7.79326,Weighted %ILI,202638,7.84378,0.050519999999999676,2025,6,2025-02-02,2025-02-08,2024,2024-25,19,TRUE
National,202507,0,202507,6.82809,Weighted %ILI,202638,6.93692,0.10882999999999932,2025,7,2025-02-09,2025-02-15,2024,2024-25,20,TRUE
National,202508,0,202508,5.80963,Weighted %ILI,202638,5.90072,0.09108999999999945,2025,8,2025-02-16,2025-02-22,2024,2024-25,21,TRUE
National,202509,0,202509,4.90486,Weighted %ILI,202638,4.87406,-0.03080000000000016,2025,9,2025-02-23,2025-03-01,2024,2024-25,22,TRUE
National,202510,0,202510,4.30843,Weighted %ILI,202638,4.26679,-0.04164000000000012,2025,10,2025-03-02,2025-03-08,2024,2024-25,23,TRUE
National,202511,0,202511,3.85517,Weighted %ILI,202638,3.81006,-0.045110000000000205,2025,11,2025-03-09,2025-03-15,2024,2024-25,24,TRUE
National,202512,0,202512,3.29071,Weighted %ILI,202638,3.25232,-0.0383899999999997,2025,12,2025-03-16,2025-03-22,2024,2024-25,25,TRUE
National,202513,0,202513,3.18769,Weighted %ILI,202638,2.89999,-0.28770000000000007,2025,13,2025-03-23,2025-03-29,2024,2024-25,26,TRUE
National,202514,0,202514,2.5121000000000002,Weighted %ILI,202638,2.56142,0.04931999999999981,2025,14,2025-03-30,2025-04-05,2024,2024-25,27,TRUE
National,202515,0,202515,2.36892,Weighted %ILI,202638,2.41066,0.04173999999999989,2025,15,2025-04-06,2025-04-12,2024,2024-25,28,TRUE
National,202516,0,202516,2.2757,Weighted %ILI,202638,2.26966,-0.006040000000000045,2025,16,2025-04-13,2025-04-19,2024,2024-25,29,TRUE
National,202517,0,202517,2.23787,Weighted %ILI,202638,2.16654,-0.07133000000000012,2025,17,2025-04-20,2025-04-26,2024,2024-25,30,TRUE
National,202518,0,202518,2.05449,Weighted %ILI,202638,1.99958,-0.054910000000000014,2025,18,2025-04-27,2025-05-03,2024,2024-25,31,TRUE
National,202519,0,202519,1.93718,Weighted %ILI,202638,1.89657,-0.04060999999999981,2025,19,2025-05-04,2025-05-10,2024,2024-25,32,TRUE
National,202520,0,202520,1.92406,Weighted %ILI,202638,1.86402,-0.06004000000000009,2025,20,2025-05-11,2025-05-17,2024,2024-25,33,TRUE
National,202521,0,202521,1.78288,Weighted %ILI,202638,1.8161,0.03322000000000003,2025,21,2025-05-18,2025-05-24,2024,2024-25,34,TRUE
National,202522,0,202522,1.88669,Weighted %ILI,202638,1.82615,-0.06054000000000004,2025,22,2025-05-25,2025-05-31,2024,2024-25,35,TRUE
National,202523,0,202523,1.64855,Weighted %ILI,202638,1.6042,-0.04434999999999989,2025,23,2025-06-01,2025-06-07,2024,2024-25,36,TRUE
National,202524,0,202524,1.40884,Weighted %ILI,202638,1.4049,-0.003940000000000055,2025,24,2025-06-08,2025-06-14,2024,2024-25,37,TRUE
National,202525,0,202525,1.35378,Weighted %ILI,202638,1.31999,-0.03378999999999999,2025,25,2025-06-15,2025-06-21,2024,2024-25,38,TRUE
National,202526,0,202526,1.20719,Weighted %ILI,202638,1.17989,-0.02729999999999988,2025,26,2025-06-22,2025-06-28,2024,2024-25,39,TRUE
National,202527,0,202527,1.09309,Weighted %ILI,202638,1.108,0.014910000000000201,2025,27,2025-06-29,2025-07-05,2024,2024-25,40,TRUE
National,202528,0,202528,1.14366,Weighted %ILI,202638,1.15638,0.012720000000000065,2025,28,2025-07-06,2025-07-12,2024,2024-25,41,TRUE
National,202529,0,202529,1.03914,Weighted %ILI,202638,1.05736,0.018220000000000125,2025,29,2025-07-13,2025-07-19,2024,2024-25,42,TRUE
National,202530,0,202530,1.02918,Weighted %ILI,202638,1.03242,0.0032399999999999096,2025,30,2025-07-20,2025-07-26,2024,2024-25,43,TRUE
National,202531,0,202531,1.04958,Weighted %ILI,202638,1.05832,0.00873999999999997,2025,31,2025-07-27,2025-08-02,2024,2024-25,44,TRUE
National,202532,0,202532,1.1445,Weighted %ILI,202638,1.14965,0.005149999999999988,2025,32,2025-08-03,2025-08-09,2024,2024-25,45,TRUE
National,202533,0,202533,1.20477,Weighted %ILI,202638,1.21395,0.009180000000000188,2025,33,2025-08-10,2025-08-16,2024,2024-25,46,TRUE
National,202534,0,202534,1.43677,Weighted %ILI,202638,1.45765,0.020879999999999788,2025,34,2025-08-17,2025-08-23,2024,2024-25,47,TRUE
National,202535,0,202535,1.75167,Weighted %ILI,202638,1.7911300000000001,0.03946000000000005,2025,35,2025-08-24,2025-08-30,2024,2024-25,48,TRUE
National,202536,0,202536,1.7648,Weighted %ILI,202638,1.80315,0.038350000000000106,2025,36,2025-08-31,2025-09-06,2024,2024-25,49,TRUE
National,202537,0,202537,1.72881,Weighted %ILI,202638,1.75434,0.025530000000000053,2025,37,2025-09-07,2025-09-13,2024,2024-25,50,TRUE
National,202538,0,202538,1.67932,Weighted %ILI,202638,1.72128,0.04196,2025,38,2025-09-14,2025-09-20,2024,2024-25,51,TRUE
National,202541,4,202545,1.63564,Weighted %ILI,202638,1.63607,4.2999999999993044e-4,2025,41,2025-10-05,2025-10-11,2025,2025-26,2,TRUE
National,202542,3,202545,1.6955,Weighted %ILI,202638,1.6992,0.0037000000000000366,2025,42,2025-10-12,2025-10-18,2025,2025-26,3,TRUE
National,202543,2,202545,1.73761,Weighted %ILI,202638,1.74036,0.002749999999999808,2025,43,2025-10-19,2025-10-25,2025,2025-26,4,TRUE
National,202544,1,202545,1.81611,Weighted %ILI,202638,1.82557,0.009460000000000024,2025,44,2025-10-26,2025-11-01,2025,2025-26,5,TRUE
National,202545,0,202545,2.12052,Weighted %ILI,202638,2.12189,0.0013700000000000934,2025,45,2025-11-02,2025-11-08,2025,2025-26,6,TRUE
National,202546,0,202546,2.24636,Weighted %ILI,202638,2.26336,0.016999999999999904,2025,46,2025-11-09,2025-11-15,2025,2025-26,7,TRUE
National,202547,0,202547,2.49672,Weighted %ILI,202638,2.52529,0.028570000000000206,2025,47,2025-11-16,2025-11-22,2025,2025-26,8,TRUE
National,202548,0,202548,2.92979,Weighted %ILI,202638,2.96755,0.037760000000000016,2025,48,2025-11-23,2025-11-29,2025,2025-26,9,TRUE
National,202549,0,202549,3.23935,Weighted %ILI,202638,3.28462,0.04526999999999992,2025,49,2025-11-30,2025-12-06,2025,2025-26,10,TRUE
National,202550,0,202550,4.06182,Weighted %ILI,202638,4.11906,0.05724000000000018,2025,50,2025-12-07,2025-12-13,2025,2025-26,11,TRUE
National,202551,0,202551,6.01516,Weighted %ILI,202638,6.00523,-0.009929999999999772,2025,51,2025-12-14,2025-12-20,2025,2025-26,12,TRUE
National,202552,0,202552,8.24573,Weighted %ILI,202638,8.29853,0.052799999999999514,2025,52,2025-12-21,2025-12-27,2025,2025-26,13,TRUE
National,202553,0,202553,7.15494,Weighted %ILI,202638,7.16834,0.013399999999999856,2025,53,2025-12-28,2026-01-03,2025,2025-26,14,TRUE
National,202601,0,202601,5.27769,Weighted %ILI,202638,5.29497,0.017280000000000406,2026,1,2026-01-04,2026-01-10,2025,2025-26,15,TRUE
National,202602,0,202602,4.36798,Weighted %ILI,202638,4.38293,0.014949999999999797,2026,2,2026-01-11,2026-01-17,2025,2025-26,16,TRUE
National,202603,0,202603,4.7032,Weighted %ILI,202638,4.72432,0.021119999999999806,2026,3,2026-01-18,2026-01-24,2025,2025-26,17,TRUE
National,202604,0,202604,4.41332,Weighted %ILI,202638,4.4268,0.01348000000000038,2026,4,2026-01-25,2026-01-31,2025,2025-26,18,TRUE
National,202605,0,202605,4.59299,Weighted %ILI,202638,4.61316,0.020169999999999355,2026,5,2026-02-01,2026-02-07,2025,2025-26,19,TRUE
National,202606,0,202606,4.53938,Weighted %ILI,202638,4.57281,0.03342999999999918,2026,6,2026-02-08,2026-02-14,2025,2025-26,20,TRUE
National,202607,0,202607,4.37041,Weighted %ILI,202638,4.42213,0.05172000000000043,2026,7,2026-02-15,2026-02-21,2025,2025-26,21,TRUE
National,202608,0,202608,3.85742,Weighted %ILI,202638,3.87476,0.017340000000000355,2026,8,2026-02-22,2026-02-28,2025,2025-26,22,TRUE
National,202609,0,202609,3.68402,Weighted %ILI,202638,3.7067,0.022680000000000256,2026,9,2026-03-01,2026-03-07,2025,2025-26,23,TRUE
National,202610,0,202610,3.25084,Weighted %ILI,202638,3.26681,0.015969999999999818,2026,10,2026-03-08,2026-03-14,2025,2025-26,24,TRUE
National,202611,0,202611,2.89563,Weighted %ILI,202638,2.90075,0.005119999999999791,2026,11,2026-03-15,2026-03-21,2025,2025-26,25,TRUE
National,202612,0,202612,2.64849,Weighted %ILI,202638,2.65042,0.0019300000000002093,2026,12,2026-03-22,2026-03-28,2025,2025-26,26,TRUE
National,202613,0,202613,2.36316,Weighted %ILI,202638,2.37307,0.009909999999999641,2026,13,2026-03-29,2026-04-04,2025,2025-26,27,TRUE
National,202614,0,202614,2.0863,Weighted %ILI,202638,2.09566,0.009360000000000035,2026,14,2026-04-05,2026-04-11,2025,2025-26,28,TRUE
National,202615,0,202615,1.88242,Weighted %ILI,202638,1.88364,0.0012199999999999989,2026,15,2026-04-12,2026-04-18,2025,2025-26,29,TRUE
National,202616,0,202616,1.81594,Weighted %ILI,202638,1.82155,0.005609999999999893,2026,16,2026-04-19,2026-04-25,2025,2025-26,30,TRUE
National,202617,0,202617,1.75442,Weighted %ILI,202638,1.76016,0.005739999999999856,2026,17,2026-04-26,2026-05-02,2025,2025-26,31,TRUE
National,202618,0,202618,1.76343,Weighted %ILI,202638,1.76462,0.0011900000000000244,2026,18,2026-05-03,2026-05-09,2025,2025-26,32,TRUE
National,202619,0,202619,1.75464,Weighted %ILI,202638,1.74194,-0.012699999999999934,2026,19,2026-05-10,2026-05-16,2025,2025-26,33,TRUE
National,202620,0,202620,1.58894,Weighted %ILI,202638,1.5853,-0.0036400000000000876,2026,20,2026-05-17,2026-05-23,2025,2025-26,34,TRUE
National,202621,0,202621,1.56049,Weighted %ILI,202638,1.56833,0.00784000000000007,2026,21,2026-05-24,2026-05-30,2025,2025-26,35,TRUE
National,202622,0,202622,1.39229,Weighted %ILI,202638,1.39262,3.2999999999994145e-4,2026,22,2026-05-31,2026-06-06,2025,2025-26,36,TRUE
National,202623,0,202623,1.22736,Weighted %ILI,202638,1.23565,0.008289999999999909,2026,23,2026-06-07,2026-06-13,2025,2025-26,37,TRUE
National,202624,0,202624,1.11953,Weighted %ILI,202638,1.1263,0.006770000000000165,2026,24,2026-06-14,2026-06-20,2025,2025-26,38,TRUE
National,202625,0,202625,1.0386,Weighted %ILI,202638,1.04397,0.005370000000000097,2026,25,2026-06-21,2026-06-27,2025,2025-26,39,TRUE
National,202626,0,202626,0.99576,Weighted %ILI,202638,0.997989,0.0022290000000000365,2026,26,2026-06-28,2026-07-04,2025,2025-26,40,TRUE
National,202627,0,202627,0.929592,Weighted %ILI,202638,0.941175,0.01158300000000001,2026,27,2026-07-05,2026-07-11,2025,2025-26,41,TRUE
National,202628,0,202628,0.87159,Weighted %ILI,202638,0.902908,0.03131800000000007,2026,28,2026-07-12,2026-07-18,2025,2025-26,42,TRUE
National,202629,0,202629,0.857203,Weighted %ILI,202638,0.871407,0.014203999999999994,2026,29,2026-07-19,2026-07-25,2025,2025-26,43,TRUE
National,202630,0,202630,0.857647,Weighted %ILI,202638,0.866641,0.008993999999999946,2026,30,2026-07-26,2026-08-01,2025,2025-26,44,TRUE
National,202631,0,202631,0.869745,Weighted %ILI,202638,0.873289,0.0035439999999999916,2026,31,2026-08-02,2026-08-08,2025,2025-26,45,TRUE
National,202632,0,202632,0.940307,Weighted %ILI,202638,0.954391,0.014083999999999985,2026,32,2026-08-09,2026-08-15,2025,2025-26,46,TRUE
National,202633,0,202633,1.11448,Weighted %ILI,202638,1.13209,0.017610000000000126,2026,33,2026-08-16,2026-08-22,2025,2025-26,47,TRUE
National,202634,0,202634,1.3186,Weighted %ILI,202638,1.3561,0.03750000000000009,2026,34,2026-08-23,2026-08-29,2025,2025-26,48,TRUE
National,202635,0,202635,1.50944,Weighted %ILI,202638,1.53034,0.02090000000000014,2026,35,2026-08-30,2026-09-05,2025,2025-26,49,TRUE
National,202636,0,202636,1.58048,Weighted %ILI,202638,1.58855,0.0080699999999998,2026,36,2026-09-06,2026-09-12,2025,2025-26,50,TRUE
National,202637,0,202637,1.62778,Weighted %ILI,202638,1.64559,0.017810000000000104,2026,37,2026-09-13,2026-09-19,2025,2025-26,51,TRUE
National,202638,0,202638,1.74236,Weighted %ILI,202638,1.74236,0,2026,38,2026-09-20,2026-09-26,2025,2025-26,52,TRUE
Region 6,202240,0,202240,4.94972,Clinical % positive,202439,5.48738,0.5376599999999998,2022,40,2022-10-02,2022-10-08,2022,2022-23,1,TRUE
Region 6,202241,0,202241,11.8984,Clinical % positive,202439,6.63195,-5.266450000000001,2022,41,2022-10-09,2022-10-15,2022,2022-23,2,TRUE
Region 6,202242,0,202242,14.3124,Clinical % positive,202439,11.8599,-2.4525000000000006,2022,42,2022-10-16,2022-10-22,2022,2022-23,3,TRUE
Region 6,202243,0,202243,15.6617,Clinical % positive,202439,16.6848,1.0230999999999995,2022,43,2022-10-23,2022-10-29,2022,2022-23,4,TRUE
Region 6,202244,0,202244,27.8931,Clinical % positive,202439,21.2577,-6.635400000000001,2022,44,2022-10-30,2022-11-05,2022,2022-23,5,TRUE
Region 6,202245,0,202245,27.9281,Clinical % positive,202439,21.1235,-6.804600000000001,2022,45,2022-11-06,2022-11-12,2022,2022-23,6,TRUE
Region 6,202246,0,202246,21.057,Clinical % positive,202439,21.0509,-0.006099999999999994,2022,46,2022-11-13,2022-11-19,2022,2022-23,7,TRUE
Region 6,202247,0,202247,26.5475,Clinical % positive,202439,26.1068,-0.44069999999999965,2022,47,2022-11-20,2022-11-26,2022,2022-23,8,TRUE
Region 6,202248,0,202248,22.8535,Clinical % positive,202439,22.6683,-0.1852000000000018,2022,48,2022-11-27,2022-12-03,2022,2022-23,9,TRUE
Region 6,202249,0,202249,22.282,Clinical % positive,202439,25.8598,3.5778,2022,49,2022-12-04,2022-12-10,2022,2022-23,10,TRUE
Region 6,202250,0,202250,17.4729,Clinical % positive,202439,23.6264,6.153500000000001,2022,50,2022-12-11,2022-12-17,2022,2022-23,11,TRUE
Region 6,202251,0,202251,13.2807,Clinical % positive,202439,20.0823,6.8016000000000005,2022,51,2022-12-18,2022-12-24,2022,2022-23,12,TRUE
Region 6,202252,0,202252,10.2024,Clinical % positive,202439,14.4784,4.276,2022,52,2022-12-25,2022-12-31,2022,2022-23,13,TRUE
Region 6,202301,0,202301,7.20174,Clinical % positive,202439,8.5693,1.36756,2023,1,2023-01-01,2023-01-07,2022,2022-23,14,TRUE
Region 6,202302,0,202302,6.26068,Clinical % positive,202439,4.93901,-1.3216700000000001,2023,2,2023-01-08,2023-01-14,2022,2022-23,15,TRUE
Region 6,202303,0,202303,2.01029,Clinical % positive,202439,2.21382,0.2035300000000002,2023,3,2023-01-15,2023-01-21,2022,2022-23,16,TRUE
Region 6,202304,0,202304,2.01883,Clinical % positive,202439,2.40285,0.38402000000000003,2023,4,2023-01-22,2023-01-28,2022,2022-23,17,TRUE
Region 6,202305,0,202305,2.03599,Clinical % positive,202439,2.21685,0.18086000000000002,2023,5,2023-01-29,2023-02-04,2022,2022-23,18,TRUE
Region 6,202306,0,202306,1.40877,Clinical % positive,202439,1.58237,0.17359999999999998,2023,6,2023-02-05,2023-02-11,2022,2022-23,19,TRUE
Region 6,202307,0,202307,1.14275,Clinical % positive,202439,1.38502,0.24226999999999999,2023,7,2023-02-12,2023-02-18,2022,2022-23,20,TRUE
Region 6,202308,0,202308,1.30357,Clinical % positive,202439,1.37711,0.07354000000000016,2023,8,2023-02-19,2023-02-25,2022,2022-23,21,TRUE
Region 6,202309,0,202309,1.74613,Clinical % positive,202439,1.48511,-0.26102000000000003,2023,9,2023-02-26,2023-03-04,2022,2022-23,22,TRUE
Region 6,202310,0,202310,1.79235,Clinical % positive,202439,1.55547,-0.2368800000000002,2023,10,2023-03-05,2023-03-11,2022,2022-23,23,TRUE
Region 6,202311,0,202311,1.25139,Clinical % positive,202439,1.2959,0.04451000000000005,2023,11,2023-03-12,2023-03-18,2022,2022-23,24,TRUE
Region 6,202312,0,202312,1.24569,Clinical % positive,202439,1.20018,-0.04550999999999994,2023,12,2023-03-19,2023-03-25,2022,2022-23,25,TRUE
Region 6,202313,0,202313,1.10269,Clinical % positive,202439,1.00456,-0.09813000000000005,2023,13,2023-03-26,2023-04-01,2022,2022-23,26,TRUE
Region 6,202314,0,202314,0.939377,Clinical % positive,202439,0.9737,0.03432299999999999,2023,14,2023-04-02,2023-04-08,2022,2022-23,27,TRUE
Region 6,202315,0,202315,1.45043,Clinical % positive,202439,0.971966,-0.4784640000000001,2023,15,2023-04-09,2023-04-15,2022,2022-23,28,TRUE
Region 6,202316,0,202316,1.28842,Clinical % positive,202439,0.902545,-0.38587499999999986,2023,16,2023-04-16,2023-04-22,2022,2022-23,29,TRUE
Region 6,202317,0,202317,0.945455,Clinical % positive,202439,0.857856,-0.0875990000000001,2023,17,2023-04-23,2023-04-29,2022,2022-23,30,TRUE
Region 6,202318,0,202318,0.917665,Clinical % positive,202439,0.858513,-0.05915199999999998,2023,18,2023-04-30,2023-05-06,2022,2022-23,31,TRUE
Region 6,202319,0,202319,1.4861,Clinical % positive,202439,1.11613,-0.3699699999999999,2023,19,2023-05-07,2023-05-13,2022,2022-23,32,TRUE
Region 6,202320,0,202320,1.60914,Clinical % positive,202439,1.24535,-0.36379000000000006,2023,20,2023-05-14,2023-05-20,2022,2022-23,33,TRUE
Region 6,202321,0,202321,1.76991,Clinical % positive,202439,1.28456,-0.48535000000000017,2023,21,2023-05-21,2023-05-27,2022,2022-23,34,TRUE
Region 6,202322,0,202322,0.991677,Clinical % positive,202439,1.10841,0.11673299999999986,2023,22,2023-05-28,2023-06-03,2022,2022-23,35,TRUE
Region 6,202323,0,202323,1.12194,Clinical % positive,202439,0.881131,-0.24080899999999994,2023,23,2023-06-04,2023-06-10,2022,2022-23,36,TRUE
Region 6,202324,0,202324,1.01801,Clinical % positive,202439,1.01394,-0.004070000000000018,2023,24,2023-06-11,2023-06-17,2022,2022-23,37,TRUE
Region 6,202325,0,202325,1.37663,Clinical % positive,202439,1.14855,-0.22808000000000006,2023,25,2023-06-18,2023-06-24,2022,2022-23,38,TRUE
Region 6,202326,0,202326,1.29199,Clinical % positive,202439,0.825423,-0.46656699999999995,2023,26,2023-06-25,2023-07-01,2022,2022-23,39,TRUE
Region 6,202327,0,202327,1.24244,Clinical % positive,202439,0.89613,-0.34631,2023,27,2023-07-02,2023-07-08,2022,2022-23,40,TRUE
Region 6,202328,0,202328,1.44308,Clinical % positive,202439,1.18921,-0.2538699999999998,2023,28,2023-07-09,2023-07-15,2022,2022-23,41,TRUE
Region 6,202329,0,202329,1.68067,Clinical % positive,202439,1.25193,-0.4287400000000001,2023,29,2023-07-16,2023-07-22,2022,2022-23,42,TRUE
Region 6,202330,0,202330,1.23257,Clinical % positive,202439,0.967742,-0.26482799999999995,2023,30,2023-07-23,2023-07-29,2022,2022-23,43,TRUE
Region 6,202331,0,202331,1.5046,Clinical % positive,202439,1.40659,-0.09800999999999993,2023,31,2023-07-30,2023-08-05,2022,2022-23,44,TRUE
Region 6,202332,0,202332,0.846457,Clinical % positive,202439,0.802469,-0.04398800000000003,2023,32,2023-08-06,2023-08-12,2022,2022-23,45,TRUE
Region 6,202333,0,202333,1.06906,Clinical % positive,202439,0.992039,-0.0770209999999999,2023,33,2023-08-13,2023-08-19,2022,2022-23,46,TRUE
Region 6,202334,0,202334,0.99023,Clinical % positive,202439,0.805017,-0.18521300000000007,2023,34,2023-08-20,2023-08-26,2022,2022-23,47,TRUE
Region 6,202335,0,202335,0.854575,Clinical % positive,202439,0.763171,-0.09140399999999993,2023,35,2023-08-27,2023-09-02,2022,2022-23,48,TRUE
Region 6,202336,0,202336,0.788114,Clinical % positive,202439,0.818014,0.029900000000000038,2023,36,2023-09-03,2023-09-09,2022,2022-23,49,TRUE
Region 6,202337,0,202337,0.719964,Clinical % positive,202439,0.856698,0.1367339999999999,2023,37,2023-09-10,2023-09-16,2022,2022-23,50,TRUE
Region 6,202338,0,202338,0.837677,Clinical % positive,202439,0.942847,0.10516999999999999,2023,38,2023-09-17,2023-09-23,2022,2022-23,51,TRUE
Region 6,202339,0,202339,1.30882,Clinical % positive,202439,1.27805,-0.030770000000000186,2023,39,2023-09-24,2023-09-30,2022,2022-23,52,TRUE
Region 6,202340,0,202340,1.50171,Clinical % positive,202538,1.29144,-0.21027000000000018,2023,40,2023-10-01,2023-10-07,2023,2023-24,1,TRUE
Region 6,202341,0,202341,1.52557,Clinical % positive,202538,1.95099,0.4254199999999999,2023,41,2023-10-08,2023-10-14,2023,2023-24,2,TRUE
Region 6,202342,0,202342,2.3165,Clinical % positive,202538,2.05853,-0.2579699999999998,2023,42,2023-10-15,2023-10-21,2023,2023-24,3,TRUE
Region 6,202343,0,202343,3.35852,Clinical % positive,202538,2.69403,-0.6644899999999998,2023,43,2023-10-22,2023-10-28,2023,2023-24,4,TRUE
Region 6,202344,0,202344,4.81719,Clinical % positive,202538,3.78914,-1.02805,2023,44,2023-10-29,2023-11-04,2023,2023-24,5,TRUE
Region 6,202345,0,202345,6.53285,Clinical % positive,202538,5.96067,-0.5721799999999995,2023,45,2023-11-05,2023-11-11,2023,2023-24,6,TRUE
Region 6,202346,0,202346,7.58666,Clinical % positive,202538,7.27753,-0.30913000000000057,2023,46,2023-11-12,2023-11-18,2023,2023-24,7,TRUE
Region 6,202347,0,202347,7.73372,Clinical % positive,202538,7.76597,0.032250000000000334,2023,47,2023-11-19,2023-11-25,2023,2023-24,8,TRUE
Region 6,202348,0,202348,8.88178,Clinical % positive,202538,9.13956,0.25778000000000034,2023,48,2023-11-26,2023-12-02,2023,2023-24,9,TRUE
Region 6,202349,0,202349,13.0064,Clinical % positive,202538,13.5268,0.5204000000000004,2023,49,2023-12-03,2023-12-09,2023,2023-24,10,TRUE
Region 6,202350,0,202350,17.5178,Clinical % positive,202538,19.7717,2.253899999999998,2023,50,2023-12-10,2023-12-16,2023,2023-24,11,TRUE
Region 6,202351,0,202351,24.9778,Clinical % positive,202538,25.2,0.22220000000000084,2023,51,2023-12-17,2023-12-23,2023,2023-24,12,TRUE
Region 6,202352,0,202352,21.4165,Clinical % positive,202538,23.7015,2.285,2023,52,2023-12-24,2023-12-30,2023,2023-24,13,TRUE
Region 6,202401,0,202401,22.6796,Clinical % positive,202538,22.4498,-0.2298000000000009,2024,1,2023-12-31,2024-01-06,2023,2023-24,14,TRUE
Region 6,202402,0,202402,23.3963,Clinical % positive,202538,21.1487,-2.2475999999999985,2024,2,2024-01-07,2024-01-13,2023,2023-24,15,TRUE
Region 6,202403,0,202403,25.0695,Clinical % positive,202538,23.2504,-1.8191000000000024,2024,3,2024-01-14,2024-01-20,2023,2023-24,16,TRUE
Region 6,202404,0,202404,30.1466,Clinical % positive,202538,27.111,-3.0355999999999987,2024,4,2024-01-21,2024-01-27,2023,2023-24,17,TRUE
Region 6,202405,0,202405,29.4771,Clinical % positive,202538,26.6949,-2.7821999999999996,2024,5,2024-01-28,2024-02-03,2023,2023-24,18,TRUE
Region 6,202406,0,202406,21.5882,Clinical % positive,202538,21.4266,-0.16159999999999997,2024,6,2024-02-04,2024-02-10,2023,2023-24,19,TRUE
Region 6,202407,0,202407,19.6334,Clinical % positive,202538,19.0577,-0.5757000000000012,2024,7,2024-02-11,2024-02-17,2023,2023-24,20,TRUE
Region 6,202408,0,202408,18.2839,Clinical % positive,202538,16.915,-1.3689,2024,8,2024-02-18,2024-02-24,2023,2023-24,21,TRUE
Region 6,202409,0,202409,14.6805,Clinical % positive,202538,14.406,-0.27449999999999974,2024,9,2024-02-25,2024-03-02,2023,2023-24,22,TRUE
Region 6,202410,0,202410,13.3078,Clinical % positive,202538,14.1064,0.7986000000000004,2024,10,2024-03-03,2024-03-09,2023,2023-24,23,TRUE
Region 6,202411,0,202411,9.41057,Clinical % positive,202538,11.6856,2.275030000000001,2024,11,2024-03-10,2024-03-16,2023,2023-24,24,TRUE
Region 6,202412,0,202412,9.79411,Clinical % positive,202538,9.37571,-0.4184000000000001,2024,12,2024-03-17,2024-03-23,2023,2023-24,25,TRUE
Region 6,202413,0,202413,7.42062,Clinical % positive,202538,7.44995,0.029329999999999856,2024,13,2024-03-24,2024-03-30,2023,2023-24,26,TRUE
Region 6,202414,0,202414,3.77695,Clinical % positive,202538,5.16172,1.38477,2024,14,2024-03-31,2024-04-06,2023,2023-24,27,TRUE
Region 6,202415,0,202415,2.94289,Clinical % positive,202538,4.05463,1.1117400000000006,2024,15,2024-04-07,2024-04-13,2023,2023-24,28,TRUE
Region 6,202416,0,202416,2.40318,Clinical % positive,202538,3.5348,1.1316200000000003,2024,16,2024-04-14,2024-04-20,2023,2023-24,29,TRUE
Region 6,202417,0,202417,1.79891,Clinical % positive,202538,2.81981,1.0209,2024,17,2024-04-21,2024-04-27,2023,2023-24,30,TRUE
Region 6,202418,0,202418,1.7989,Clinical % positive,202538,2.42392,0.6250199999999999,2024,18,2024-04-28,2024-05-04,2023,2023-24,31,TRUE
Region 6,202419,0,202419,1.9063,Clinical % positive,202538,1.83885,-0.06745000000000001,2024,19,2024-05-05,2024-05-11,2023,2023-24,32,TRUE
Region 6,202420,0,202420,1.87108,Clinical % positive,202538,1.67685,-0.19423000000000012,2024,20,2024-05-12,2024-05-18,2023,2023-24,33,TRUE
Region 6,202421,0,202421,1.31043,Clinical % positive,202538,1.33873,0.028299999999999992,2024,21,2024-05-19,2024-05-25,2023,2023-24,34,TRUE
Region 6,202422,0,202422,1.17952,Clinical % positive,202538,1.33209,0.1525700000000001,2024,22,2024-05-26,2024-06-01,2023,2023-24,35,TRUE
Region 6,202423,0,202423,0.912817,Clinical % positive,202538,1.04612,0.13330299999999995,2024,23,2024-06-02,2024-06-08,2023,2023-24,36,TRUE
Region 6,202424,0,202424,0.939746,Clinical % positive,202538,0.987287,0.047541000000000055,2024,24,2024-06-09,2024-06-15,2023,2023-24,37,TRUE
Region 6,202425,0,202425,0.702282,Clinical % positive,202538,0.609587,-0.09269499999999997,2024,25,2024-06-16,2024-06-22,2023,2023-24,38,TRUE
Region 6,202426,0,202426,0.708645,Clinical % positive,202538,0.591716,-0.11692899999999995,2024,26,2024-06-23,2024-06-29,2023,2023-24,39,TRUE
Region 6,202427,0,202427,0.815883,Clinical % positive,202538,0.705659,-0.11022399999999999,2024,27,2024-06-30,2024-07-06,2023,2023-24,40,TRUE
Region 6,202428,0,202428,0.637255,Clinical % positive,202538,0.701846,0.06459099999999995,2024,28,2024-07-07,2024-07-13,2023,2023-24,41,TRUE
Region 6,202429,0,202429,0.574581,Clinical % positive,202538,0.556174,-0.018407000000000062,2024,29,2024-07-14,2024-07-20,2023,2023-24,42,TRUE
Region 6,202430,0,202430,0.524934,Clinical % positive,202538,0.5084,-0.01653400000000005,2024,30,2024-07-21,2024-07-27,2023,2023-24,43,TRUE
Region 6,202431,0,202431,0.519866,Clinical % positive,202538,0.435337,-0.08452900000000008,2024,31,2024-07-28,2024-08-03,2023,2023-24,44,TRUE
Region 6,202432,0,202432,0.315179,Clinical % positive,202538,0.342246,0.027067000000000008,2024,32,2024-08-04,2024-08-10,2023,2023-24,45,TRUE
Region 6,202433,0,202433,0.345026,Clinical % positive,202538,0.439209,0.09418300000000002,2024,33,2024-08-11,2024-08-17,2023,2023-24,46,TRUE
Region 6,202434,0,202434,0.480769,Clinical % positive,202538,0.500334,0.019564999999999944,2024,34,2024-08-18,2024-08-24,2023,2023-24,47,TRUE
Region 6,202435,0,202435,0.836383,Clinical % positive,202538,0.524257,-0.312126,2024,35,2024-08-25,2024-08-31,2023,2023-24,48,TRUE
Region 6,202436,0,202436,0.44935,Clinical % positive,202538,0.511402,0.062051999999999996,2024,36,2024-09-01,2024-09-07,2023,2023-24,49,TRUE
Region 6,202437,0,202437,0.585856,Clinical % positive,202538,0.563112,-0.022744000000000097,2024,37,2024-09-08,2024-09-14,2023,2023-24,50,TRUE
Region 6,202438,0,202438,0.849315,Clinical % positive,202538,0.738171,-0.11114400000000002,2024,38,2024-09-15,2024-09-21,2023,2023-24,51,TRUE
Region 6,202439,0,202439,0.516234,Clinical % positive,202538,0.68287,0.166636,2024,39,2024-09-22,2024-09-28,2023,2023-24,52,TRUE
Region 6,202440,0,202440,0.701713,Clinical % positive,202638,0.790936,0.08922299999999994,2024,40,2024-09-29,2024-10-05,2024,2024-25,1,TRUE
Region 6,202441,0,202441,1.14486,Clinical % positive,202638,0.975299,-0.16956099999999996,2024,41,2024-10-06,2024-10-12,2024,2024-25,2,TRUE
Region 6,202442,0,202442,0.962861,Clinical % positive,202638,1.13396,0.1710990000000001,2024,42,2024-10-13,2024-10-19,2024,2024-25,3,TRUE
Region 6,202443,0,202443,1.52655,Clinical % positive,202638,1.46709,-0.05946000000000007,2024,43,2024-10-20,2024-10-26,2024,2024-25,4,TRUE
Region 6,202444,0,202444,1.41834,Clinical % positive,202638,1.60176,0.18342000000000014,2024,44,2024-10-27,2024-11-02,2024,2024-25,5,TRUE
Region 6,202445,0,202445,2.36636,Clinical % positive,202638,2.27945,-0.0869099999999996,2024,45,2024-11-03,2024-11-09,2024,2024-25,6,TRUE
Region 6,202446,0,202446,3.27038,Clinical % positive,202638,2.96672,-0.3036599999999998,2024,46,2024-11-10,2024-11-16,2024,2024-25,7,TRUE
Region 6,202447,0,202447,3.35031,Clinical % positive,202638,3.8327,0.4823900000000001,2024,47,2024-11-17,2024-11-23,2024,2024-25,8,TRUE
Region 6,202448,0,202448,5.22356,Clinical % positive,202638,5.11294,-0.11061999999999994,2024,48,2024-11-24,2024-11-30,2024,2024-25,9,TRUE
Region 6,202449,0,202449,5.95258,Clinical % positive,202638,5.96812,0.015539999999999665,2024,49,2024-12-01,2024-12-07,2024,2024-25,10,TRUE
Region 6,202450,0,202450,11.3021,Clinical % positive,202638,11.5395,0.23740000000000094,2024,50,2024-12-08,2024-12-14,2024,2024-25,11,TRUE
Region 6,202451,0,202451,17.6929,Clinical % positive,202638,18.0388,0.34589999999999677,2024,51,2024-12-15,2024-12-21,2024,2024-25,12,TRUE
Region 6,202452,0,202452,24.8318,Clinical % positive,202638,21.9813,-2.8505000000000003,2024,52,2024-12-22,2024-12-28,2024,2024-25,13,TRUE
Region 6,202501,0,202501,23.6624,Clinical % positive,202638,23.7825,0.12009999999999721,2025,1,2024-12-29,2025-01-04,2024,2024-25,14,TRUE
Region 6,202502,0,202502,22.4476,Clinical % positive,202638,22.5333,0.08569999999999922,2025,2,2025-01-05,2025-01-11,2024,2024-25,15,TRUE
Region 6,202503,0,202503,32.1676,Clinical % positive,202638,28.1142,-4.0534,2025,3,2025-01-12,2025-01-18,2024,2024-25,16,TRUE
Region 6,202504,0,202504,38.192,Clinical % positive,202638,31.9788,-6.2132000000000005,2025,4,2025-01-19,2025-01-25,2024,2024-25,17,TRUE
Region 6,202505,0,202505,37.8178,Clinical % positive,202638,37.3103,-0.5075000000000003,2025,5,2025-01-26,2025-02-01,2024,2024-25,18,TRUE
Region 6,202506,0,202506,32.6529,Clinical % positive,202638,32.5379,-0.11500000000000199,2025,6,2025-02-02,2025-02-08,2024,2024-25,19,TRUE
Region 6,202507,0,202507,25.5617,Clinical % positive,202638,25.1233,-0.4383999999999979,2025,7,2025-02-09,2025-02-15,2024,2024-25,20,TRUE
Region 6,202508,0,202508,21.8855,Clinical % positive,202638,20.9165,-0.9690000000000012,2025,8,2025-02-16,2025-02-22,2024,2024-25,21,TRUE
Region 6,202509,0,202509,17.1807,Clinical % positive,202638,16.8265,-0.3542000000000023,2025,9,2025-02-23,2025-03-01,2024,2024-25,22,TRUE
Region 6,202510,0,202510,14.9167,Clinical % positive,202638,14.1384,-0.7782999999999998,2025,10,2025-03-02,2025-03-08,2024,2024-25,23,TRUE
Region 6,202511,0,202511,11.2818,Clinical % positive,202638,11.2368,-0.04499999999999993,2025,11,2025-03-09,2025-03-15,2024,2024-25,24,TRUE
Region 6,202512,0,202512,8.49477,Clinical % positive,202638,8.40546,-0.08931000000000111,2025,12,2025-03-16,2025-03-22,2024,2024-25,25,TRUE
Region 6,202513,0,202513,8.22424,Clinical % positive,202638,7.68265,-0.5415900000000002,2025,13,2025-03-23,2025-03-29,2024,2024-25,26,TRUE
Region 6,202514,0,202514,6.12225,Clinical % positive,202638,6.12485,0.0026000000000001577,2025,14,2025-03-30,2025-04-05,2024,2024-25,27,TRUE
Region 6,202515,0,202515,5.34835,Clinical % positive,202638,5.0139,-0.33445000000000036,2025,15,2025-04-06,2025-04-12,2024,2024-25,28,TRUE
Region 6,202516,0,202516,3.95848,Clinical % positive,202638,4.17591,0.2174299999999998,2025,16,2025-04-13,2025-04-19,2024,2024-25,29,TRUE
Region 6,202517,0,202517,3.74232,Clinical % positive,202638,3.49135,-0.2509699999999997,2025,17,2025-04-20,2025-04-26,2024,2024-25,30,TRUE
Region 6,202518,0,202518,2.87088,Clinical % positive,202638,3.29695,0.4260699999999997,2025,18,2025-04-27,2025-05-03,2024,2024-25,31,TRUE
Region 6,202519,0,202519,2.35976,Clinical % positive,202638,2.2345,-0.12525999999999993,2025,19,2025-05-04,2025-05-10,2024,2024-25,32,TRUE
Region 6,202520,0,202520,2.1208,Clinical % positive,202638,2.3567,0.2359,2025,20,2025-05-11,2025-05-17,2024,2024-25,33,TRUE
Region 6,202521,0,202521,2.13369,Clinical % positive,202638,2.56542,0.43172999999999995,2025,21,2025-05-18,2025-05-24,2024,2024-25,34,TRUE
Region 6,202522,0,202522,3.19484,Clinical % positive,202638,3.17291,-0.021930000000000227,2025,22,2025-05-25,2025-05-31,2024,2024-25,35,TRUE
Region 6,202523,0,202523,1.9004,Clinical % positive,202638,2.73159,0.8311900000000001,2025,23,2025-06-01,2025-06-07,2024,2024-25,36,TRUE
Region 6,202524,0,202524,0.883552,Clinical % positive,202638,1.52697,0.6434179999999999,2025,24,2025-06-08,2025-06-14,2024,2024-25,37,TRUE
Region 6,202525,0,202525,1.42091,Clinical % positive,202638,1.32425,-0.09665999999999997,2025,25,2025-06-15,2025-06-21,2024,2024-25,38,TRUE
Region 6,202526,0,202526,1.16604,Clinical % positive,202638,1.17624,0.010199999999999987,2025,26,2025-06-22,2025-06-28,2024,2024-25,39,TRUE
Region 6,202527,0,202527,1.30046,Clinical % positive,202638,1.26007,-0.040389999999999926,2025,27,2025-06-29,2025-07-05,2024,2024-25,40,TRUE
Region 6,202528,0,202528,0.707965,Clinical % positive,202638,0.882526,0.17456100000000008,2025,28,2025-07-06,2025-07-12,2024,2024-25,41,TRUE
Region 6,202529,0,202529,0.147406,Clinical % positive,202638,0.426439,0.279033,2025,29,2025-07-13,2025-07-19,2024,2024-25,42,TRUE
Region 6,202530,0,202530,0.366122,Clinical % positive,202638,0.336511,-0.029611,2025,30,2025-07-20,2025-07-26,2024,2024-25,43,TRUE
Region 6,202531,0,202531,0.37694,Clinical % positive,202638,0.568912,0.19197199999999998,2025,31,2025-07-27,2025-08-02,2024,2024-25,44,TRUE
Region 6,202532,0,202532,0.253632,Clinical % positive,202638,0.280751,0.02711899999999995,2025,32,2025-08-03,2025-08-09,2024,2024-25,45,TRUE
Region 6,202533,0,202533,0.324924,Clinical % positive,202638,0.492317,0.16739300000000001,2025,33,2025-08-10,2025-08-16,2024,2024-25,46,TRUE
Region 6,202534,0,202534,0.266864,Clinical % positive,202638,0.321027,0.05416300000000002,2025,34,2025-08-17,2025-08-23,2024,2024-25,47,TRUE
Region 6,202535,0,202535,0.40015,Clinical % positive,202638,0.364892,-0.03525800000000001,2025,35,2025-08-24,2025-08-30,2024,2024-25,48,TRUE
Region 6,202536,0,202536,0.358467,Clinical % positive,202638,0.354149,-0.0043179999999999885,2025,36,2025-08-31,2025-09-06,2024,2024-25,49,TRUE
Region 6,202537,0,202537,0.372689,Clinical % positive,202638,0.534262,0.16157300000000002,2025,37,2025-09-07,2025-09-13,2024,2024-25,50,TRUE
Region 6,202538,0,202538,0.253365,Clinical % positive,202638,0.473993,0.220628,2025,38,2025-09-14,2025-09-20,2024,2024-25,51,TRUE
Region 6,202541,4,202545,1.05592,Clinical % positive,202638,1.05592,0,2025,41,2025-10-05,2025-10-11,2025,2025-26,2,TRUE
Region 6,202542,3,202545,1.22202,Clinical % positive,202638,1.22202,0,2025,42,2025-10-12,2025-10-18,2025,2025-26,3,TRUE
Region 6,202543,2,202545,1.53408,Clinical % positive,202638,1.52785,-0.00623000000000018,2025,43,2025-10-19,2025-10-25,2025,2025-26,4,TRUE
Region 6,202544,1,202545,1.30807,Clinical % positive,202638,1.98693,0.67886,2025,44,2025-10-26,2025-11-01,2025,2025-26,5,TRUE
Region 6,202545,0,202545,2.61365,Clinical % positive,202638,3.36624,0.7525900000000001,2025,45,2025-11-02,2025-11-08,2025,2025-26,6,TRUE
Region 6,202546,0,202546,2.99625,Clinical % positive,202638,5.79026,2.79401,2025,46,2025-11-09,2025-11-15,2025,2025-26,7,TRUE
Region 6,202547,0,202547,6.4585,Clinical % positive,202638,9.63264,3.1741400000000004,2025,47,2025-11-16,2025-11-22,2025,2025-26,8,TRUE
Region 6,202548,0,202548,7.90713,Clinical % positive,202638,13.2166,5.309469999999999,2025,48,2025-11-23,2025-11-29,2025,2025-26,9,TRUE
Region 6,202549,0,202549,7.67604,Clinical % positive,202638,10.7703,3.0942600000000002,2025,49,2025-11-30,2025-12-06,2025,2025-26,10,TRUE
Region 6,202550,0,202550,16.4598,Clinical % positive,202638,19.414,2.9542,2025,50,2025-12-07,2025-12-13,2025,2025-26,11,TRUE
Region 6,202551,0,202551,30.9746,Clinical % positive,202638,30.783,-0.19159999999999755,2025,51,2025-12-14,2025-12-20,2025,2025-26,12,TRUE
Region 6,202552,0,202552,41.2596,Clinical % positive,202638,38.0531,-3.2064999999999984,2025,52,2025-12-21,2025-12-27,2025,2025-26,13,TRUE
Region 6,202553,0,202553,29.7074,Clinical % positive,202638,28.731,-0.9763999999999982,2025,53,2025-12-28,2026-01-03,2025,2025-26,14,TRUE
Region 6,202601,0,202601,19.6917,Clinical % positive,202638,21.047,1.3552999999999997,2026,1,2026-01-04,2026-01-10,2025,2025-26,15,TRUE
Region 6,202602,0,202602,18.6628,Clinical % positive,202638,19.3784,0.7155999999999985,2026,2,2026-01-11,2026-01-17,2025,2025-26,16,TRUE
Region 6,202603,0,202603,22.4121,Clinical % positive,202638,22.8706,0.4585000000000008,2026,3,2026-01-18,2026-01-24,2025,2025-26,17,TRUE
Region 6,202604,0,202604,23.6999,Clinical % positive,202638,22.1379,-1.5620000000000012,2026,4,2026-01-25,2026-01-31,2025,2025-26,18,TRUE
Region 6,202605,0,202605,24.5337,Clinical % positive,202638,22.7046,-1.8291000000000004,2026,5,2026-02-01,2026-02-07,2025,2025-26,19,TRUE
Region 6,202606,0,202606,25.1719,Clinical % positive,202638,23.6264,-1.5455000000000005,2026,6,2026-02-08,2026-02-14,2025,2025-26,20,TRUE
Region 6,202607,0,202607,22.2296,Clinical % positive,202638,21.9315,-0.2981000000000016,2026,7,2026-02-15,2026-02-21,2025,2025-26,21,TRUE
Region 6,202608,0,202608,19.0889,Clinical % positive,202638,18.5784,-0.5105000000000004,2026,8,2026-02-22,2026-02-28,2025,2025-26,22,TRUE
Region 6,202609,0,202609,17.3189,Clinical % positive,202638,17.0853,-0.23359999999999914,2026,9,2026-03-01,2026-03-07,2025,2025-26,23,TRUE
Region 6,202610,0,202610,16.1859,Clinical % positive,202638,15.3853,-0.8005999999999993,2026,10,2026-03-08,2026-03-14,2025,2025-26,24,TRUE
Region 6,202611,0,202611,13.2863,Clinical % positive,202638,13.0037,-0.2826000000000004,2026,11,2026-03-15,2026-03-21,2025,2025-26,25,TRUE
Region 6,202612,0,202612,11.027,Clinical % positive,202638,11.0546,0.0276000000000014,2026,12,2026-03-22,2026-03-28,2025,2025-26,26,TRUE
Region 6,202613,0,202613,8.0016,Clinical % positive,202638,7.62662,-0.37497999999999987,2026,13,2026-03-29,2026-04-04,2025,2025-26,27,TRUE
Region 6,202614,0,202614,6.05582,Clinical % positive,202638,6.05876,0.002940000000000609,2026,14,2026-04-05,2026-04-11,2025,2025-26,28,TRUE
Region 6,202615,0,202615,3.82899,Clinical % positive,202638,3.89367,0.06468000000000007,2026,15,2026-04-12,2026-04-18,2025,2025-26,29,TRUE
Region 6,202616,0,202616,3.37481,Clinical % positive,202638,3.35751,-0.017300000000000093,2026,16,2026-04-19,2026-04-25,2025,2025-26,30,TRUE
Region 6,202617,0,202617,2.91554,Clinical % positive,202638,2.90654,-0.008999999999999897,2026,17,2026-04-26,2026-05-02,2025,2025-26,31,TRUE
Region 6,202618,0,202618,2.03402,Clinical % positive,202638,1.90586,-0.12815999999999983,2026,18,2026-05-03,2026-05-09,2025,2025-26,32,TRUE
Region 6,202619,0,202619,1.45467,Clinical % positive,202638,1.33895,-0.11571999999999982,2026,19,2026-05-10,2026-05-16,2025,2025-26,33,TRUE
Region 6,202620,0,202620,1.19662,Clinical % positive,202638,1.19008,-0.00653999999999999,2026,20,2026-05-17,2026-05-23,2025,2025-26,34,TRUE
Region 6,202621,0,202621,1.37401,Clinical % positive,202638,1.19284,-0.18117000000000005,2026,21,2026-05-24,2026-05-30,2025,2025-26,35,TRUE
Region 6,202622,0,202622,0.631121,Clinical % positive,202638,0.774117,0.142996,2026,22,2026-05-31,2026-06-06,2025,2025-26,36,TRUE
Region 6,202623,0,202623,0.625903,Clinical % positive,202638,0.658454,0.032551,2026,23,2026-06-07,2026-06-13,2025,2025-26,37,TRUE
Region 6,202624,0,202624,0.317909,Clinical % positive,202638,0.400377,0.08246799999999999,2026,24,2026-06-14,2026-06-20,2025,2025-26,38,TRUE
Region 6,202625,0,202625,0.400916,Clinical % positive,202638,0.392157,-0.008759000000000017,2026,25,2026-06-21,2026-06-27,2025,2025-26,39,TRUE
Region 6,202626,0,202626,1.06521,Clinical % positive,202638,0.949367,-0.11584300000000003,2026,26,2026-06-28,2026-07-04,2025,2025-26,40,TRUE
Region 6,202627,0,202627,0.682261,Clinical % positive,202638,0.698035,0.015773999999999955,2026,27,2026-07-05,2026-07-11,2025,2025-26,41,TRUE
Region 6,202628,0,202628,1.0453,Clinical % positive,202638,0.985878,-0.059421999999999864,2026,28,2026-07-12,2026-07-18,2025,2025-26,42,TRUE
Region 6,202629,0,202629,0.43911,Clinical % positive,202638,0.419837,-0.019272999999999985,2026,29,2026-07-19,2026-07-25,2025,2025-26,43,TRUE
Region 6,202630,0,202630,0.425532,Clinical % positive,202638,0.382653,-0.042879,2026,30,2026-07-26,2026-08-01,2025,2025-26,44,TRUE
Region 6,202631,0,202631,0.524934,Clinical % positive,202638,0.531273,0.0063389999999999835,2026,31,2026-08-02,2026-08-08,2025,2025-26,45,TRUE
Region 6,202632,0,202632,0.59592,Clinical % positive,202638,0.608931,0.013010999999999995,2026,32,2026-08-09,2026-08-15,2025,2025-26,46,TRUE
Region 6,202633,0,202633,0.505319,Clinical % positive,202638,0.784379,0.2790600000000001,2026,33,2026-08-16,2026-08-22,2025,2025-26,47,TRUE
Region 6,202634,0,202634,0.967834,Clinical % positive,202638,0.935466,-0.03236799999999995,2026,34,2026-08-23,2026-08-29,2025,2025-26,48,TRUE
Region 6,202635,0,202635,1.31672,Clinical % positive,202638,0.901507,-0.41521299999999994,2026,35,2026-08-30,2026-09-05,2025,2025-26,49,TRUE
Region 6,202636,0,202636,1.0985,Clinical % positive,202638,1.15992,0.06142000000000003,2026,36,2026-09-06,2026-09-12,2025,2025-26,50,TRUE
Region 6,202637,0,202637,1.89619,Clinical % positive,202638,1.84539,-0.050799999999999956,2026,37,2026-09-13,2026-09-19,2025,2025-26,51,TRUE
Region 6,202638,0,202638,3.00038,Clinical % positive,202638,3.00038,0,2026,38,2026-09-20,2026-09-26,2025,2025-26,52,TRUE
Region 6,202240,0,202240,3.6576,Weighted %ILI,202439,3.92228,0.26468000000000025,2022,40,2022-10-02,2022-10-08,2022,2022-23,1,TRUE
Region 6,202241,0,202241,4.24352,Weighted %ILI,202439,4.52846,0.28493999999999975,2022,41,2022-10-09,2022-10-15,2022,2022-23,2,TRUE
Region 6,202242,0,202242,4.50969,Weighted %ILI,202439,5.04861,0.5389200000000001,2022,42,2022-10-16,2022-10-22,2022,2022-23,3,TRUE
Region 6,202243,0,202243,5.96179,Weighted %ILI,202439,6.57387,0.6120800000000006,2022,43,2022-10-23,2022-10-29,2022,2022-23,4,TRUE
Region 6,202244,0,202244,7.03689,Weighted %ILI,202439,7.46723,0.43034000000000017,2022,44,2022-10-30,2022-11-05,2022,2022-23,5,TRUE
Region 6,202245,0,202245,7.2935,Weighted %ILI,202439,8.3698,1.0762999999999998,2022,45,2022-11-06,2022-11-12,2022,2022-23,6,TRUE
Region 6,202246,0,202246,8.52396,Weighted %ILI,202439,8.65742,0.13345999999999947,2022,46,2022-11-13,2022-11-19,2022,2022-23,7,TRUE
Region 6,202247,0,202247,8.63055,Weighted %ILI,202439,8.72204,0.0914900000000003,2022,47,2022-11-20,2022-11-26,2022,2022-23,8,TRUE
Region 6,202248,0,202248,8.06216,Weighted %ILI,202439,8.03877,-0.02339000000000091,2022,48,2022-11-27,2022-12-03,2022,2022-23,9,TRUE
Region 6,202249,0,202249,7.8317,Weighted %ILI,202439,7.90492,0.07322000000000006,2022,49,2022-12-04,2022-12-10,2022,2022-23,10,TRUE
Region 6,202250,0,202250,7.19798,Weighted %ILI,202439,7.16369,-0.034290000000000376,2022,50,2022-12-11,2022-12-17,2022,2022-23,11,TRUE
Region 6,202251,0,202251,6.60034,Weighted %ILI,202439,6.67387,0.07352999999999987,2022,51,2022-12-18,2022-12-24,2022,2022-23,12,TRUE
Region 6,202252,0,202252,6.3058,Weighted %ILI,202439,6.33709,0.03129000000000026,2022,52,2022-12-25,2022-12-31,2022,2022-23,13,TRUE
Region 6,202301,0,202301,4.97381,Weighted %ILI,202439,4.96587,-0.007940000000000502,2023,1,2023-01-01,2023-01-07,2022,2022-23,14,TRUE
Region 6,202302,0,202302,3.77422,Weighted %ILI,202439,3.75259,-0.021630000000000038,2023,2,2023-01-08,2023-01-14,2022,2022-23,15,TRUE
Region 6,202303,0,202303,3.42359,Weighted %ILI,202439,3.42256,-0.0010300000000000864,2023,3,2023-01-15,2023-01-21,2022,2022-23,16,TRUE
Region 6,202304,0,202304,3.65324,Weighted %ILI,202439,3.70169,0.048450000000000326,2023,4,2023-01-22,2023-01-28,2022,2022-23,17,TRUE
Region 6,202305,0,202305,3.12768,Weighted %ILI,202439,3.16017,0.03249000000000013,2023,5,2023-01-29,2023-02-04,2022,2022-23,18,TRUE
Region 6,202306,0,202306,2.99498,Weighted %ILI,202439,3.04066,0.04567999999999994,2023,6,2023-02-05,2023-02-11,2022,2022-23,19,TRUE
Region 6,202307,0,202307,2.89798,Weighted %ILI,202439,2.92535,0.027369999999999894,2023,7,2023-02-12,2023-02-18,2022,2022-23,20,TRUE
Region 6,202308,0,202308,2.68581,Weighted %ILI,202439,2.71271,0.026899999999999924,2023,8,2023-02-19,2023-02-25,2022,2022-23,21,TRUE
Region 6,202309,0,202309,2.72718,Weighted %ILI,202439,2.75133,0.024149999999999672,2023,9,2023-02-26,2023-03-04,2022,2022-23,22,TRUE
Region 6,202310,0,202310,2.47161,Weighted %ILI,202439,2.68354,0.21192999999999973,2023,10,2023-03-05,2023-03-11,2022,2022-23,23,TRUE
Region 6,202311,0,202311,2.25298,Weighted %ILI,202439,2.3325,0.07952000000000004,2023,11,2023-03-12,2023-03-18,2022,2022-23,24,TRUE
Region 6,202312,0,202312,2.27902,Weighted %ILI,202439,2.21217,-0.06685000000000008,2023,12,2023-03-19,2023-03-25,2022,2022-23,25,TRUE
Region 6,202313,0,202313,3.08944,Weighted %ILI,202439,2.27809,-0.81135,2023,13,2023-03-26,2023-04-01,2022,2022-23,26,TRUE
Region 6,202314,0,202314,2.34363,Weighted %ILI,202439,2.33443,-0.009200000000000319,2023,14,2023-04-02,2023-04-08,2022,2022-23,27,TRUE
Region 6,202315,0,202315,2.14663,Weighted %ILI,202439,2.28709,0.14046000000000003,2023,15,2023-04-09,2023-04-15,2022,2022-23,28,TRUE
Region 6,202316,0,202316,2.20318,Weighted %ILI,202439,2.34276,0.13958000000000004,2023,16,2023-04-16,2023-04-22,2022,2022-23,29,TRUE
Region 6,202317,0,202317,2.27808,Weighted %ILI,202439,2.28899,0.010909999999999975,2023,17,2023-04-23,2023-04-29,2022,2022-23,30,TRUE
Region 6,202318,0,202318,2.43073,Weighted %ILI,202439,2.49856,0.06782999999999983,2023,18,2023-04-30,2023-05-06,2022,2022-23,31,TRUE
Region 6,202319,0,202319,2.18278,Weighted %ILI,202439,2.19318,0.010399999999999743,2023,19,2023-05-07,2023-05-13,2022,2022-23,32,TRUE
Region 6,202320,0,202320,2.23739,Weighted %ILI,202439,2.22375,-0.013640000000000096,2023,20,2023-05-14,2023-05-20,2022,2022-23,33,TRUE
Region 6,202321,0,202321,2.16383,Weighted %ILI,202439,2.14453,-0.019299999999999873,2023,21,2023-05-21,2023-05-27,2022,2022-23,34,TRUE
Region 6,202322,0,202322,1.53295,Weighted %ILI,202439,1.90977,0.37681999999999993,2023,22,2023-05-28,2023-06-03,2022,2022-23,35,TRUE
Region 6,202323,0,202323,1.25128,Weighted %ILI,202439,1.28743,0.036150000000000126,2023,23,2023-06-04,2023-06-10,2022,2022-23,36,TRUE
Region 6,202324,0,202324,1.3311,Weighted %ILI,202439,1.34261,0.011510000000000131,2023,24,2023-06-11,2023-06-17,2022,2022-23,37,TRUE
Region 6,202325,0,202325,1.14972,Weighted %ILI,202439,1.15562,0.005900000000000016,2023,25,2023-06-18,2023-06-24,2022,2022-23,38,TRUE
Region 6,202326,0,202326,1.33574,Weighted %ILI,202439,1.26393,-0.07180999999999993,2023,26,2023-06-25,2023-07-01,2022,2022-23,39,TRUE
Region 6,202327,0,202327,1.1982,Weighted %ILI,202439,1.19416,-0.0040399999999998215,2023,27,2023-07-02,2023-07-08,2022,2022-23,40,TRUE
Region 6,202328,0,202328,1.05233,Weighted %ILI,202439,1.23386,0.18152999999999997,2023,28,2023-07-09,2023-07-15,2022,2022-23,41,TRUE
Region 6,202329,0,202329,1.07998,Weighted %ILI,202439,1.09263,0.01265000000000005,2023,29,2023-07-16,2023-07-22,2022,2022-23,42,TRUE
Region 6,202330,0,202330,1.06863,Weighted %ILI,202439,1.19759,0.12895999999999996,2023,30,2023-07-23,2023-07-29,2022,2022-23,43,TRUE
Region 6,202331,0,202331,0.83513,Weighted %ILI,202439,1.35734,0.52221,2023,31,2023-07-30,2023-08-05,2022,2022-23,44,TRUE
Region 6,202332,0,202332,1.4659,Weighted %ILI,202439,1.46102,-0.0048799999999999955,2023,32,2023-08-06,2023-08-12,2022,2022-23,45,TRUE
Region 6,202333,0,202333,1.45517,Weighted %ILI,202439,1.7849,0.32972999999999986,2023,33,2023-08-13,2023-08-19,2022,2022-23,46,TRUE
Region 6,202334,0,202334,2.39211,Weighted %ILI,202439,2.26527,-0.12684000000000006,2023,34,2023-08-20,2023-08-26,2022,2022-23,47,TRUE
Region 6,202335,0,202335,2.59068,Weighted %ILI,202439,3.26193,0.6712500000000001,2023,35,2023-08-27,2023-09-02,2022,2022-23,48,TRUE
Region 6,202336,0,202336,3.25105,Weighted %ILI,202439,3.27047,0.01941999999999977,2023,36,2023-09-03,2023-09-09,2022,2022-23,49,TRUE
Region 6,202337,0,202337,2.72413,Weighted %ILI,202439,2.72582,0.0016899999999999693,2023,37,2023-09-10,2023-09-16,2022,2022-23,50,TRUE
Region 6,202338,0,202338,2.12277,Weighted %ILI,202439,2.1524,0.029630000000000045,2023,38,2023-09-17,2023-09-23,2022,2022-23,51,TRUE
Region 6,202339,0,202339,2.41496,Weighted %ILI,202439,2.43043,0.01546999999999965,2023,39,2023-09-24,2023-09-30,2022,2022-23,52,TRUE
Region 6,202340,0,202340,2.52757,Weighted %ILI,202538,2.96845,0.44087999999999994,2023,40,2023-10-01,2023-10-07,2023,2023-24,1,TRUE
Region 6,202341,0,202341,2.80643,Weighted %ILI,202538,3.01509,0.20865999999999962,2023,41,2023-10-08,2023-10-14,2023,2023-24,2,TRUE
Region 6,202342,0,202342,3.28308,Weighted %ILI,202538,3.50292,0.21984000000000004,2023,42,2023-10-15,2023-10-21,2023,2023-24,3,TRUE
Region 6,202343,0,202343,3.36926,Weighted %ILI,202538,3.75354,0.38427999999999995,2023,43,2023-10-22,2023-10-28,2023,2023-24,4,TRUE
Region 6,202344,0,202344,3.98144,Weighted %ILI,202538,4.16146,0.18001999999999985,2023,44,2023-10-29,2023-11-04,2023,2023-24,5,TRUE
Region 6,202345,0,202345,5.10633,Weighted %ILI,202538,5.12307,0.01674000000000042,2023,45,2023-11-05,2023-11-11,2023,2023-24,6,TRUE
Region 6,202346,0,202346,5.3616,Weighted %ILI,202538,5.68855,0.3269500000000001,2023,46,2023-11-12,2023-11-18,2023,2023-24,7,TRUE
Region 6,202347,0,202347,5.70685,Weighted %ILI,202538,5.9659,0.2590500000000002,2023,47,2023-11-19,2023-11-25,2023,2023-24,8,TRUE
Region 6,202348,0,202348,5.33514,Weighted %ILI,202538,5.63983,0.3046899999999999,2023,48,2023-11-26,2023-12-02,2023,2023-24,9,TRUE
Region 6,202349,0,202349,5.75129,Weighted %ILI,202538,6.07051,0.3192199999999996,2023,49,2023-12-03,2023-12-09,2023,2023-24,10,TRUE
Region 6,202350,0,202350,6.16082,Weighted %ILI,202538,7.11576,0.9549399999999997,2023,50,2023-12-10,2023-12-16,2023,2023-24,11,TRUE
Region 6,202351,0,202351,6.922,Weighted %ILI,202538,8.2941,1.3721000000000005,2023,51,2023-12-17,2023-12-23,2023,2023-24,12,TRUE
Region 6,202352,0,202352,7.77101,Weighted %ILI,202538,7.77249,0.0014799999999999258,2023,52,2023-12-24,2023-12-30,2023,2023-24,13,TRUE
Region 6,202401,0,202401,7.26903,Weighted %ILI,202538,7.36716,0.09813000000000027,2024,1,2023-12-31,2024-01-06,2023,2023-24,14,TRUE
Region 6,202402,0,202402,5.65875,Weighted %ILI,202538,5.67615,0.017399999999999416,2024,2,2024-01-07,2024-01-13,2023,2023-24,15,TRUE
Region 6,202403,0,202403,5.66227,Weighted %ILI,202538,5.99755,0.33528,2024,3,2024-01-14,2024-01-20,2023,2023-24,16,TRUE
Region 6,202404,0,202404,6.48589,Weighted %ILI,202538,6.78314,0.29725,2024,4,2024-01-21,2024-01-27,2023,2023-24,17,TRUE
Region 6,202405,0,202405,7.38178,Weighted %ILI,202538,7.75475,0.3729699999999996,2024,5,2024-01-28,2024-02-03,2023,2023-24,18,TRUE
Region 6,202406,0,202406,6.99029,Weighted %ILI,202538,7.03665,0.04635999999999996,2024,6,2024-02-04,2024-02-10,2023,2023-24,19,TRUE
Region 6,202407,0,202407,6.12703,Weighted %ILI,202538,6.18286,0.05582999999999938,2024,7,2024-02-11,2024-02-17,2023,2023-24,20,TRUE
Region 6,202408,0,202408,5.57829,Weighted %ILI,202538,5.62229,0.043999999999999595,2024,8,2024-02-18,2024-02-24,2023,2023-24,21,TRUE
Region 6,202409,0,202409,4.84448,Weighted %ILI,202538,4.8813,0.03682000000000052,2024,9,2024-02-25,2024-03-02,2023,2023-24,22,TRUE
Region 6,202410,0,202410,4.54522,Weighted %ILI,202538,4.59458,0.04936000000000007,2024,10,2024-03-03,2024-03-09,2023,2023-24,23,TRUE
Region 6,202411,0,202411,4.33799,Weighted %ILI,202538,4.30048,-0.037509999999999266,2024,11,2024-03-10,2024-03-16,2023,2023-24,24,TRUE
Region 6,202412,0,202412,3.23168,Weighted %ILI,202538,3.44709,0.21541000000000032,2024,12,2024-03-17,2024-03-23,2023,2023-24,25,TRUE
Region 6,202413,0,202413,3.3127,Weighted %ILI,202538,3.3403,0.02760000000000007,2024,13,2024-03-24,2024-03-30,2023,2023-24,26,TRUE
Region 6,202414,0,202414,2.94483,Weighted %ILI,202538,2.99283,0.04800000000000004,2024,14,2024-03-31,2024-04-06,2023,2023-24,27,TRUE
Region 6,202415,0,202415,2.70463,Weighted %ILI,202538,3.03666,0.33203000000000005,2024,15,2024-04-07,2024-04-13,2023,2023-24,28,TRUE
Region 6,202416,0,202416,2.6458,Weighted %ILI,202538,2.67669,0.030889999999999862,2024,16,2024-04-14,2024-04-20,2023,2023-24,29,TRUE
Region 6,202417,0,202417,2.55364,Weighted %ILI,202538,2.5943,0.04065999999999992,2024,17,2024-04-21,2024-04-27,2023,2023-24,30,TRUE
Region 6,202418,0,202418,2.54052,Weighted %ILI,202538,2.56249,0.021970000000000045,2024,18,2024-04-28,2024-05-04,2023,2023-24,31,TRUE
Region 6,202419,0,202419,2.50625,Weighted %ILI,202538,2.50847,0.0022199999999998887,2024,19,2024-05-05,2024-05-11,2023,2023-24,32,TRUE
Region 6,202420,0,202420,2.37533,Weighted %ILI,202538,2.36616,-0.009170000000000122,2024,20,2024-05-12,2024-05-18,2023,2023-24,33,TRUE
Region 6,202421,0,202421,2.23742,Weighted %ILI,202538,2.36158,0.12415999999999983,2024,21,2024-05-19,2024-05-25,2023,2023-24,34,TRUE
Region 6,202422,0,202422,1.87795,Weighted %ILI,202538,2.20221,0.32426,2024,22,2024-05-26,2024-06-01,2023,2023-24,35,TRUE
Region 6,202423,0,202423,1.84933,Weighted %ILI,202538,1.84052,-0.008809999999999985,2024,23,2024-06-02,2024-06-08,2023,2023-24,36,TRUE
Region 6,202424,0,202424,1.56418,Weighted %ILI,202538,1.91149,0.34731,2024,24,2024-06-09,2024-06-15,2023,2023-24,37,TRUE
Region 6,202425,0,202425,1.37573,Weighted %ILI,202538,1.72322,0.3474900000000001,2024,25,2024-06-16,2024-06-22,2023,2023-24,38,TRUE
Region 6,202426,0,202426,1.39887,Weighted %ILI,202538,1.71962,0.32074999999999987,2024,26,2024-06-23,2024-06-29,2023,2023-24,39,TRUE
Region 6,202427,0,202427,1.39571,Weighted %ILI,202538,1.38139,-0.01432000000000011,2024,27,2024-06-30,2024-07-06,2023,2023-24,40,TRUE
Region 6,202428,0,202428,1.54295,Weighted %ILI,202538,1.84804,0.30508999999999986,2024,28,2024-07-07,2024-07-13,2023,2023-24,41,TRUE
Region 6,202429,0,202429,1.63504,Weighted %ILI,202538,1.9343,0.29925999999999986,2024,29,2024-07-14,2024-07-20,2023,2023-24,42,TRUE
Region 6,202430,0,202430,2.13985,Weighted %ILI,202538,2.14847,0.008620000000000072,2024,30,2024-07-21,2024-07-27,2023,2023-24,43,TRUE
Region 6,202431,0,202431,1.77746,Weighted %ILI,202538,2.09273,0.31526999999999994,2024,31,2024-07-28,2024-08-03,2023,2023-24,44,TRUE
Region 6,202432,0,202432,2.09136,Weighted %ILI,202538,2.09452,0.0031600000000002737,2024,32,2024-08-04,2024-08-10,2023,2023-24,45,TRUE
Region 6,202433,0,202433,1.6658,Weighted %ILI,202538,1.95709,0.29129000000000005,2024,33,2024-08-11,2024-08-17,2023,2023-24,46,TRUE
Region 6,202434,0,202434,2.50697,Weighted %ILI,202538,2.5142,0.007230000000000292,2024,34,2024-08-18,2024-08-24,2023,2023-24,47,TRUE
Region 6,202435,0,202435,2.94078,Weighted %ILI,202538,3.21711,0.27632999999999974,2024,35,2024-08-25,2024-08-31,2023,2023-24,48,TRUE
Region 6,202436,0,202436,2.5016,Weighted %ILI,202538,2.69289,0.19128999999999996,2024,36,2024-09-01,2024-09-07,2023,2023-24,49,TRUE
Region 6,202437,0,202437,2.5563,Weighted %ILI,202538,2.62713,0.07083000000000039,2024,37,2024-09-08,2024-09-14,2023,2023-24,50,TRUE
Region 6,202438,0,202438,2.33529,Weighted %ILI,202538,2.35766,0.02237,2024,38,2024-09-15,2024-09-21,2023,2023-24,51,TRUE
Region 6,202439,0,202439,2.18218,Weighted %ILI,202538,2.19249,0.010310000000000041,2024,39,2024-09-22,2024-09-28,2023,2023-24,52,TRUE
Region 6,202440,0,202440,2.49109,Weighted %ILI,202638,2.17716,-0.3139299999999996,2024,40,2024-09-29,2024-10-05,2024,2024-25,1,TRUE
Region 6,202441,0,202441,2.55575,Weighted %ILI,202638,2.24314,-0.3126100000000003,2024,41,2024-10-06,2024-10-12,2024,2024-25,2,TRUE
Region 6,202442,0,202442,2.33196,Weighted %ILI,202638,2.14256,-0.1894,2024,42,2024-10-13,2024-10-19,2024,2024-25,3,TRUE
Region 6,202443,0,202443,2.48815,Weighted %ILI,202638,2.27193,-0.2162200000000003,2024,43,2024-10-20,2024-10-26,2024,2024-25,4,TRUE
Region 6,202444,0,202444,2.9913,Weighted %ILI,202638,2.45152,-0.5397799999999999,2024,44,2024-10-27,2024-11-02,2024,2024-25,5,TRUE
Region 6,202445,0,202445,2.91857,Weighted %ILI,202638,2.56867,-0.3498999999999999,2024,45,2024-11-03,2024-11-09,2024,2024-25,6,TRUE
Region 6,202446,0,202446,3.49549,Weighted %ILI,202638,3.17814,-0.31735000000000024,2024,46,2024-11-10,2024-11-16,2024,2024-25,7,TRUE
Region 6,202447,0,202447,3.91875,Weighted %ILI,202638,3.41741,-0.5013400000000003,2024,47,2024-11-17,2024-11-23,2024,2024-25,8,TRUE
Region 6,202448,0,202448,3.86444,Weighted %ILI,202638,3.69207,-0.1723699999999999,2024,48,2024-11-24,2024-11-30,2024,2024-25,9,TRUE
Region 6,202449,0,202449,3.92313,Weighted %ILI,202638,3.6056,-0.3175300000000001,2024,49,2024-12-01,2024-12-07,2024,2024-25,10,TRUE
Region 6,202450,0,202450,4.51764,Weighted %ILI,202638,4.38606,-0.13158000000000047,2024,50,2024-12-08,2024-12-14,2024,2024-25,11,TRUE
Region 6,202451,0,202451,5.84875,Weighted %ILI,202638,5.86942,0.020669999999999966,2024,51,2024-12-15,2024-12-21,2024,2024-25,12,TRUE
Region 6,202452,0,202452,7.64787,Weighted %ILI,202638,7.68463,0.036760000000000126,2024,52,2024-12-22,2024-12-28,2024,2024-25,13,TRUE
Region 6,202501,0,202501,6.29879,Weighted %ILI,202638,6.69361,0.3948199999999993,2025,1,2024-12-29,2025-01-04,2024,2024-25,14,TRUE
Region 6,202502,0,202502,6.08057,Weighted %ILI,202638,5.65787,-0.42269999999999985,2025,2,2025-01-05,2025-01-11,2024,2024-25,15,TRUE
Region 6,202503,0,202503,5.93273,Weighted %ILI,202638,6.04577,0.11303999999999981,2025,3,2025-01-12,2025-01-18,2024,2024-25,16,TRUE
Region 6,202504,0,202504,8.06806,Weighted %ILI,202638,8.16387,0.09581000000000017,2025,4,2025-01-19,2025-01-25,2024,2024-25,17,TRUE
Region 6,202505,0,202505,10.0753,Weighted %ILI,202638,10.2722,0.1968999999999994,2025,5,2025-01-26,2025-02-01,2024,2024-25,18,TRUE
Region 6,202506,0,202506,8.3889,Weighted %ILI,202638,8.66758,0.2786799999999996,2025,6,2025-02-02,2025-02-08,2024,2024-25,19,TRUE
Region 6,202507,0,202507,6.16666,Weighted %ILI,202638,6.23912,0.07245999999999952,2025,7,2025-02-09,2025-02-15,2024,2024-25,20,TRUE
Region 6,202508,0,202508,5.9183,Weighted %ILI,202638,5.43816,-0.48014000000000046,2025,8,2025-02-16,2025-02-22,2024,2024-25,21,TRUE
Region 6,202509,0,202509,5.32473,Weighted %ILI,202638,4.87639,-0.44833999999999996,2025,9,2025-02-23,2025-03-01,2024,2024-25,22,TRUE
Region 6,202510,0,202510,4.65825,Weighted %ILI,202638,4.33175,-0.32649999999999935,2025,10,2025-03-02,2025-03-08,2024,2024-25,23,TRUE
Region 6,202511,0,202511,4.12493,Weighted %ILI,202638,3.63752,-0.4874100000000001,2025,11,2025-03-09,2025-03-15,2024,2024-25,24,TRUE
Region 6,202512,0,202512,3.52363,Weighted %ILI,202638,3.16021,-0.36341999999999963,2025,12,2025-03-16,2025-03-22,2024,2024-25,25,TRUE
Region 6,202513,0,202513,5.07337,Weighted %ILI,202638,2.78595,-2.2874199999999996,2025,13,2025-03-23,2025-03-29,2024,2024-25,26,TRUE
Region 6,202514,0,202514,2.86595,Weighted %ILI,202638,2.47165,-0.3943000000000003,2025,14,2025-03-30,2025-04-05,2024,2024-25,27,TRUE
Region 6,202515,0,202515,2.80353,Weighted %ILI,202638,2.50516,-0.2983699999999998,2025,15,2025-04-06,2025-04-12,2024,2024-25,28,TRUE
Region 6,202516,0,202516,2.57976,Weighted %ILI,202638,2.47863,-0.10112999999999994,2025,16,2025-04-13,2025-04-19,2024,2024-25,29,TRUE
Region 6,202517,0,202517,2.9121,Weighted %ILI,202638,2.45027,-0.46182999999999996,2025,17,2025-04-20,2025-04-26,2024,2024-25,30,TRUE
Region 6,202518,0,202518,2.66735,Weighted %ILI,202638,2.19069,-0.47665999999999986,2025,18,2025-04-27,2025-05-03,2024,2024-25,31,TRUE
Region 6,202519,0,202519,2.50815,Weighted %ILI,202638,2.02462,-0.48353,2025,19,2025-05-04,2025-05-10,2024,2024-25,32,TRUE
Region 6,202520,0,202520,2.60432,Weighted %ILI,202638,2.10074,-0.5035799999999999,2025,20,2025-05-11,2025-05-17,2024,2024-25,33,TRUE
Region 6,202521,0,202521,1.95808,Weighted %ILI,202638,1.9397,-0.018380000000000063,2025,21,2025-05-18,2025-05-24,2024,2024-25,34,TRUE
Region 6,202522,0,202522,2.35056,Weighted %ILI,202638,1.87546,-0.4751000000000003,2025,22,2025-05-25,2025-05-31,2024,2024-25,35,TRUE
Region 6,202523,0,202523,1.92064,Weighted %ILI,202638,1.55942,-0.3612199999999999,2025,23,2025-06-01,2025-06-07,2024,2024-25,36,TRUE
Region 6,202524,0,202524,1.28216,Weighted %ILI,202638,1.29305,0.010890000000000066,2025,24,2025-06-08,2025-06-14,2024,2024-25,37,TRUE
Region 6,202525,0,202525,1.53222,Weighted %ILI,202638,1.23717,-0.2950499999999998,2025,25,2025-06-15,2025-06-21,2024,2024-25,38,TRUE
Region 6,202526,0,202526,1.30815,Weighted %ILI,202638,1.02931,-0.27884,2025,26,2025-06-22,2025-06-28,2024,2024-25,39,TRUE
Region 6,202527,0,202527,0.995116,Weighted %ILI,202638,1.00014,0.0050240000000000284,2025,27,2025-06-29,2025-07-05,2024,2024-25,40,TRUE
Region 6,202528,0,202528,1.3554,Weighted %ILI,202638,1.42247,0.06706999999999996,2025,28,2025-07-06,2025-07-12,2024,2024-25,41,TRUE
Region 6,202529,0,202529,0.999856,Weighted %ILI,202638,1.07181,0.07195399999999996,2025,29,2025-07-13,2025-07-19,2024,2024-25,42,TRUE
Region 6,202530,0,202530,0.941694,Weighted %ILI,202638,0.941368,-3.260000000000485e-4,2025,30,2025-07-20,2025-07-26,2024,2024-25,43,TRUE
Region 6,202531,0,202531,1.02609,Weighted %ILI,202638,1.03052,0.004430000000000156,2025,31,2025-07-27,2025-08-02,2024,2024-25,44,TRUE
Region 6,202532,0,202532,1.12531,Weighted %ILI,202638,1.13493,0.009619999999999962,2025,32,2025-08-03,2025-08-09,2024,2024-25,45,TRUE
Region 6,202533,0,202533,1.30527,Weighted %ILI,202638,1.32069,0.01541999999999999,2025,33,2025-08-10,2025-08-16,2024,2024-25,46,TRUE
Region 6,202534,0,202534,1.77143,Weighted %ILI,202638,1.83438,0.06294999999999984,2025,34,2025-08-17,2025-08-23,2024,2024-25,47,TRUE
Region 6,202535,0,202535,2.71719,Weighted %ILI,202638,2.79854,0.08135000000000003,2025,35,2025-08-24,2025-08-30,2024,2024-25,48,TRUE
Region 6,202536,0,202536,2.19963,Weighted %ILI,202638,2.32175,0.12212000000000023,2025,36,2025-08-31,2025-09-06,2024,2024-25,49,TRUE
Region 6,202537,0,202537,2.03473,Weighted %ILI,202638,2.15895,0.12421999999999978,2025,37,2025-09-07,2025-09-13,2024,2024-25,50,TRUE
Region 6,202538,0,202538,1.93681,Weighted %ILI,202638,1.93811,0.0013000000000000789,2025,38,2025-09-14,2025-09-20,2024,2024-25,51,TRUE
Region 6,202541,4,202545,1.86325,Weighted %ILI,202638,1.8621,-0.0011499999999999844,2025,41,2025-10-05,2025-10-11,2025,2025-26,2,TRUE
Region 6,202542,3,202545,1.87092,Weighted %ILI,202638,1.90439,0.03347000000000011,2025,42,2025-10-12,2025-10-18,2025,2025-26,3,TRUE
Region 6,202543,2,202545,1.71321,Weighted %ILI,202638,1.73807,0.024860000000000104,2025,43,2025-10-19,2025-10-25,2025,2025-26,4,TRUE
Region 6,202544,1,202545,1.73943,Weighted %ILI,202638,1.77765,0.03821999999999992,2025,44,2025-10-26,2025-11-01,2025,2025-26,5,TRUE
Region 6,202545,0,202545,2.21502,Weighted %ILI,202638,2.22711,0.012090000000000156,2025,45,2025-11-02,2025-11-08,2025,2025-26,6,TRUE
Region 6,202546,0,202546,2.71129,Weighted %ILI,202638,2.78106,0.06977000000000011,2025,46,2025-11-09,2025-11-15,2025,2025-26,7,TRUE
Region 6,202547,0,202547,2.94226,Weighted %ILI,202638,3.05734,0.11507999999999985,2025,47,2025-11-16,2025-11-22,2025,2025-26,8,TRUE
Region 6,202548,0,202548,3.13635,Weighted %ILI,202638,3.17568,0.03932999999999964,2025,48,2025-11-23,2025-11-29,2025,2025-26,9,TRUE
Region 6,202549,0,202549,3.59207,Weighted %ILI,202638,3.72191,0.12983999999999973,2025,49,2025-11-30,2025-12-06,2025,2025-26,10,TRUE
Region 6,202550,0,202550,4.22582,Weighted %ILI,202638,4.24602,0.020199999999999996,2025,50,2025-12-07,2025-12-13,2025,2025-26,11,TRUE
Region 6,202551,0,202551,6.44082,Weighted %ILI,202638,6.39428,-0.04654000000000025,2025,51,2025-12-14,2025-12-20,2025,2025-26,12,TRUE
Region 6,202552,0,202552,8.83658,Weighted %ILI,202638,8.87308,0.0365000000000002,2025,52,2025-12-21,2025-12-27,2025,2025-26,13,TRUE
Region 6,202553,0,202553,6.92123,Weighted %ILI,202638,6.94388,0.022649999999999615,2025,53,2025-12-28,2026-01-03,2025,2025-26,14,TRUE
Region 6,202601,0,202601,5.16046,Weighted %ILI,202638,5.17786,0.017400000000000304,2026,1,2026-01-04,2026-01-10,2025,2025-26,15,TRUE
Region 6,202602,0,202602,4.20928,Weighted %ILI,202638,4.2752,0.0659200000000002,2026,2,2026-01-11,2026-01-17,2025,2025-26,16,TRUE
Region 6,202603,0,202603,6.71907,Weighted %ILI,202638,6.66516,-0.053910000000000124,2026,3,2026-01-18,2026-01-24,2025,2025-26,17,TRUE
Region 6,202604,0,202604,5.17293,Weighted %ILI,202638,5.20187,0.02894000000000041,2026,4,2026-01-25,2026-01-31,2025,2025-26,18,TRUE
Region 6,202605,0,202605,6.74072,Weighted %ILI,202638,6.74977,0.009050000000000225,2026,5,2026-02-01,2026-02-07,2025,2025-26,19,TRUE
Region 6,202606,0,202606,5.13211,Weighted %ILI,202638,5.23502,0.10290999999999961,2026,6,2026-02-08,2026-02-14,2025,2025-26,20,TRUE
Region 6,202607,0,202607,4.29854,Weighted %ILI,202638,4.44715,0.1486099999999997,2026,7,2026-02-15,2026-02-21,2025,2025-26,21,TRUE
Region 6,202608,0,202608,3.78344,Weighted %ILI,202638,3.89653,0.11308999999999969,2026,8,2026-02-22,2026-02-28,2025,2025-26,22,TRUE
Region 6,202609,0,202609,3.59,Weighted %ILI,202638,3.7014,0.11140000000000017,2026,9,2026-03-01,2026-03-07,2025,2025-26,23,TRUE
Region 6,202610,0,202610,2.92952,Weighted %ILI,202638,2.95646,0.026939999999999742,2026,10,2026-03-08,2026-03-14,2025,2025-26,24,TRUE
Region 6,202611,0,202611,2.57292,Weighted %ILI,202638,2.62268,0.049760000000000026,2026,11,2026-03-15,2026-03-21,2025,2025-26,25,TRUE
Region 6,202612,0,202612,2.25198,Weighted %ILI,202638,2.27257,0.020589999999999886,2026,12,2026-03-22,2026-03-28,2025,2025-26,26,TRUE
Region 6,202613,0,202613,1.92348,Weighted %ILI,202638,1.92323,-2.500000000000835e-4,2026,13,2026-03-29,2026-04-04,2025,2025-26,27,TRUE
Region 6,202614,0,202614,1.88873,Weighted %ILI,202638,1.92675,0.03801999999999994,2026,14,2026-04-05,2026-04-11,2025,2025-26,28,TRUE
Region 6,202615,0,202615,1.7843,Weighted %ILI,202638,1.80674,0.022440000000000015,2026,15,2026-04-12,2026-04-18,2025,2025-26,29,TRUE
Region 6,202616,0,202616,1.84889,Weighted %ILI,202638,1.86886,0.019970000000000043,2026,16,2026-04-19,2026-04-25,2025,2025-26,30,TRUE
Region 6,202617,0,202617,1.75964,Weighted %ILI,202638,1.79936,0.03971999999999998,2026,17,2026-04-26,2026-05-02,2025,2025-26,31,TRUE
Region 6,202618,0,202618,2.01429,Weighted %ILI,202638,2.0254,0.011109999999999953,2026,18,2026-05-03,2026-05-09,2025,2025-26,32,TRUE
Region 6,202619,0,202619,1.83991,Weighted %ILI,202638,1.84094,0.0010300000000000864,2026,19,2026-05-10,2026-05-16,2025,2025-26,33,TRUE
Region 6,202620,0,202620,1.7095,Weighted %ILI,202638,1.71241,0.002909999999999968,2026,20,2026-05-17,2026-05-23,2025,2025-26,34,TRUE
Region 6,202621,0,202621,1.71329,Weighted %ILI,202638,1.71568,0.0023900000000001143,2026,21,2026-05-24,2026-05-30,2025,2025-26,35,TRUE
Region 6,202622,0,202622,1.38777,Weighted %ILI,202638,1.38403,-0.0037399999999998546,2026,22,2026-05-31,2026-06-06,2025,2025-26,36,TRUE
Region 6,202623,0,202623,1.23659,Weighted %ILI,202638,1.23659,0,2026,23,2026-06-07,2026-06-13,2025,2025-26,37,TRUE
Region 6,202624,0,202624,1.07704,Weighted %ILI,202638,1.07434,-0.0026999999999999247,2026,24,2026-06-14,2026-06-20,2025,2025-26,38,TRUE
Region 6,202625,0,202625,0.935769,Weighted %ILI,202638,0.934103,-0.0016659999999999453,2026,25,2026-06-21,2026-06-27,2025,2025-26,39,TRUE
Region 6,202626,0,202626,0.961706,Weighted %ILI,202638,0.958433,-0.0032729999999999704,2026,26,2026-06-28,2026-07-04,2025,2025-26,40,TRUE
Region 6,202627,0,202627,0.842612,Weighted %ILI,202638,0.843151,5.389999999999562e-4,2026,27,2026-07-05,2026-07-11,2025,2025-26,41,TRUE
Region 6,202628,0,202628,0.899742,Weighted %ILI,202638,0.885835,-0.013907000000000003,2026,28,2026-07-12,2026-07-18,2025,2025-26,42,TRUE
Region 6,202629,0,202629,0.864707,Weighted %ILI,202638,0.864707,0,2026,29,2026-07-19,2026-07-25,2025,2025-26,43,TRUE
Region 6,202630,0,202630,0.828448,Weighted %ILI,202638,0.831562,0.003114000000000061,2026,30,2026-07-26,2026-08-01,2025,2025-26,44,TRUE
Region 6,202631,0,202631,0.807498,Weighted %ILI,202638,0.805366,-0.0021320000000000228,2026,31,2026-08-02,2026-08-08,2025,2025-26,45,TRUE
Region 6,202632,0,202632,1.05376,Weighted %ILI,202638,1.05698,0.0032200000000000006,2026,32,2026-08-09,2026-08-15,2025,2025-26,46,TRUE
Region 6,202633,0,202633,1.39585,Weighted %ILI,202638,1.39363,-0.0022200000000001108,2026,33,2026-08-16,2026-08-22,2025,2025-26,47,TRUE
Region 6,202634,0,202634,1.84465,Weighted %ILI,202638,1.87713,0.032480000000000064,2026,34,2026-08-23,2026-08-29,2025,2025-26,48,TRUE
Region 6,202635,0,202635,2.04418,Weighted %ILI,202638,2.03848,-0.005700000000000038,2026,35,2026-08-30,2026-09-05,2025,2025-26,49,TRUE
Region 6,202636,0,202636,1.90058,Weighted %ILI,202638,1.89682,-0.0037599999999999856,2026,36,2026-09-06,2026-09-12,2025,2025-26,50,TRUE
Region 6,202637,0,202637,1.68465,Weighted %ILI,202638,1.79942,0.11477000000000004,2026,37,2026-09-13,2026-09-19,2025,2025-26,51,TRUE
Region 6,202638,0,202638,1.79537,Weighted %ILI,202638,1.79537,0,2026,38,2026-09-20,2026-09-26,2025,2025-26,52,TRUE
